product_id,product_name,gold_karat_purity,gold_weight_grams,design_volume_mm3,diamond_carat,local_image_paths
51m5c1faumaa002ea000001,Veil Arc Gold Ring,22K,2.529,144.5142857142857,0.0,output/tanishq_images/uncategorized/51m5c1faumaa002ea000001_1.jpg|output/tanishq_images/uncategorized/51m5c1faumaa002ea000001_2.jpg|output/tanishq_images/uncategorized/51m5c1faumaa002ea000001_3.jpg|output/tanishq_images/uncategorized/51m5c1faumaa002ea000001_4.jpg
51d5l2fenaa00,Knot Flow Gold Ring Gold Ring,22K,2.445,139.7142857142857,0.0,output/tanishq_images/uncategorized/51d5l2fenaa00_1.jpg|output/tanishq_images/uncategorized/51d5l2fenaa00_2.jpg|output/tanishq_images/uncategorized/51d5l2fenaa00_3.jpg|output/tanishq_images/uncategorized/51d5l2fenaa00_4.jpg
51d5l2ffclaa002ba000001,Sculpted Frame Gold Ring,22K,1.961,112.05714285714285,0.0,output/tanishq_images/uncategorized/51d5l2ffclaa002ba000001_1.jpg|output/tanishq_images/uncategorized/51d5l2ffclaa002ba000001_2.jpg|output/tanishq_images/uncategorized/51d5l2ffclaa002ba000001_3.jpg|output/tanishq_images/uncategorized/51d5l2ffclaa002ba000001_4.jpg
51D6M1FLZAA00,Leaf Rhythm Gold Ring,22K,1.906,108.9142857142857,0.0,output/tanishq_images/uncategorized/51D6M1FLZAA00_1.jpg|output/tanishq_images/uncategorized/51D6M1FLZAA00_2.jpg|output/tanishq_images/uncategorized/51D6M1FLZAA00_3.jpg|output/tanishq_images/uncategorized/51D6M1FLZAA00_4.jpg
51d5l2fgclaa002ba000001,Twin Wing Gold Ring,22K,2.125,121.42857142857142,0.0,output/tanishq_images/uncategorized/51d5l2fgclaa002ba000001_1.jpg|output/tanishq_images/uncategorized/51d5l2fgclaa002ba000001_2.jpg|output/tanishq_images/uncategorized/51d5l2fgclaa002ba000001_3.jpg|output/tanishq_images/uncategorized/51d5l2fgclaa002ba000001_4.jpg
51D5C1FOCAA00,Bloom Curve Gold Ring,22K,1.668,95.3142857142857,0.0,output/tanishq_images/uncategorized/51D5C1FOCAA00_1.jpg|output/tanishq_images/uncategorized/51D5C1FOCAA00_2.jpg|output/tanishq_images/uncategorized/51D5C1FOCAA00_3.jpg|output/tanishq_images/uncategorized/51D5C1FOCAA00_4.jpg
51d5l2ffplaa002ba000001,Sculpted Leaf Gold Ring,22K,2.654,151.65714285714284,0.0,output/tanishq_images/uncategorized/51d5l2ffplaa002ba000001_1.jpg|output/tanishq_images/uncategorized/51d5l2ffplaa002ba000001_2.jpg|output/tanishq_images/uncategorized/51d5l2ffplaa002ba000001_3.jpg|output/tanishq_images/uncategorized/51d5l2ffplaa002ba000001_4.jpg
51d5l2ffaaa00,Sculpted Grid Gold Ring,22K,2.783,159.0285714285714,0.0,output/tanishq_images/uncategorized/51d5l2ffaaa00_1.jpg|output/tanishq_images/uncategorized/51d5l2ffaaa00_2.jpg|output/tanishq_images/uncategorized/51d5l2ffaaa00_3.jpg|output/tanishq_images/uncategorized/51d5l2ffaaa00_4.jpg
51d4mpfcla600,Crest Curve Gold Ring,22K,1.688,96.45714285714284,0.0,output/tanishq_images/uncategorized/51d4mpfcla600_1.jpg|output/tanishq_images/uncategorized/51d4mpfcla600_2.jpg|output/tanishq_images/uncategorized/51d4mpfcla600_3.jpg
51d5l2ffbaa00,Whisper Wave Gold Ring,22K,1.794,102.5142857142857,0.0,output/tanishq_images/uncategorized/51d5l2ffbaa00_1.jpg|output/tanishq_images/uncategorized/51d5l2ffbaa00_2.jpg|output/tanishq_images/uncategorized/51d5l2ffbaa00_3.jpg|output/tanishq_images/uncategorized/51d5l2ffbaa00_4.jpg
51d5l2ffdaa00,Textured Wave Gold Ring,22K,2.614,149.37142857142854,0.0,output/tanishq_images/uncategorized/51d5l2ffdaa00_1.jpg|output/tanishq_images/uncategorized/51d5l2ffdaa00_2.jpg|output/tanishq_images/uncategorized/51d5l2ffdaa00_3.jpg|output/tanishq_images/uncategorized/51d5l2ffdaa00_4.jpg
51d5l2fekaa00,Endless Heart Gold Ring,22K,2.071,118.34285714285714,0.0,output/tanishq_images/uncategorized/51d5l2fekaa00_1.jpg|output/tanishq_images/uncategorized/51d5l2fekaa00_2.jpg|output/tanishq_images/uncategorized/51d5l2fekaa00_3.jpg|output/tanishq_images/uncategorized/51d5l2fekaa00_4.jpg
51d5l2ffsaa00,Linked Curve Gold Ring,22K,2.32,132.57142857142856,0.0,output/tanishq_images/uncategorized/51d5l2ffsaa00_1.jpg|output/tanishq_images/uncategorized/51d5l2ffsaa00_2.jpg|output/tanishq_images/uncategorized/51d5l2ffsaa00_3.jpg|output/tanishq_images/uncategorized/51d5l2ffsaa00_4.jpg
51d4mpfbzkpj002ja000001,Sculpt Ridge Gold Ring,22K,5.803,331.59999999999997,0.0,output/tanishq_images/uncategorized/51d4mpfbzkpj002ja000001_1.jpg|output/tanishq_images/uncategorized/51d4mpfbzkpj002ja000001_2.jpg|output/tanishq_images/uncategorized/51d4mpfbzkpj002ja000001_3.jpg|output/tanishq_images/uncategorized/51d4mpfbzkpj002ja000001_4.jpg
511719fqotav002ee000001,Ornate Weave Gold Ring,22K,5.15,294.2857142857143,0.0,output/tanishq_images/uncategorized/511719fqotav002ee000001_1.jpg|output/tanishq_images/uncategorized/511719fqotav002ee000001_2.jpg|output/tanishq_images/uncategorized/511719fqotav002ee000001_3.jpg|output/tanishq_images/uncategorized/511719fqotav002ee000001_4.jpg|output/tanishq_images/uncategorized/511719fqotav002ee000001_5.jpg
51d5l2ffnaa00,Signature Knot Gold Ring,22K,2.649,151.37142857142857,0.0,output/tanishq_images/uncategorized/51d5l2ffnaa00_1.jpg|output/tanishq_images/uncategorized/51d5l2ffnaa00_2.jpg|output/tanishq_images/uncategorized/51d5l2ffnaa00_3.jpg|output/tanishq_images/uncategorized/51d5l2ffnaa00_4.jpg
50m5b1fdgam00,Interlace Flow Gold Ring,18K,3.5,224.64698331193838,0.0,output/tanishq_images/uncategorized/50m5b1fdgam00_1.jpg|output/tanishq_images/uncategorized/50m5b1fdgam00_2.jpg|output/tanishq_images/uncategorized/50m5b1fdgam00_3.jpg
51d5c1foeaa00,Fluid Weave Gold Ring,22K,1.836,104.91428571428571,0.0,output/tanishq_images/uncategorized/51d5c1foeaa00_1.jpg|output/tanishq_images/uncategorized/51d5c1foeaa00_2.jpg|output/tanishq_images/uncategorized/51d5c1foeaa00_3.jpg|output/tanishq_images/uncategorized/51d5c1foeaa00_4.jpg
51d6m1fjmlaa002ja000004,Petal Whisper Gold Ring,22K,2.24,128.0,0.0,output/tanishq_images/uncategorized/51d6m1fjmlaa002ja000004_1.jpg|output/tanishq_images/uncategorized/51d6m1fjmlaa002ja000004_2.jpg|output/tanishq_images/uncategorized/51d6m1fjmlaa002ja000004_3.jpg|output/tanishq_images/uncategorized/51d6m1fjmlaa002ja000004_4.jpg
51m5c1fataa00,Twist Vine Gold Ring,22K,3.913,223.59999999999997,0.0,output/tanishq_images/uncategorized/51m5c1fataa00_1.jpg|output/tanishq_images/uncategorized/51m5c1fataa00_2.jpg|output/tanishq_images/uncategorized/51m5c1fataa00_3.jpg|output/tanishq_images/uncategorized/51m5c1fataa00_4.jpg
51d5l2feraa00,Blossom Frame Gold Ring,22K,2.757,157.54285714285714,0.0,output/tanishq_images/uncategorized/51d5l2feraa00_1.jpg|output/tanishq_images/uncategorized/51d5l2feraa00_2.jpg|output/tanishq_images/uncategorized/51d5l2feraa00_3.jpg|output/tanishq_images/uncategorized/51d5l2feraa00_4.jpg
51d6m1fmnaa00,Swirl Bloom Gold Ring,22K,1.773,101.3142857142857,0.0,output/tanishq_images/uncategorized/51d6m1fmnaa00_1.jpg|output/tanishq_images/uncategorized/51d6m1fmnaa00_2.jpg|output/tanishq_images/uncategorized/51d6m1fmnaa00_3.jpg
51d5c1foaaa00,Lattice Flow Gold Ring,22K,1.922,109.82857142857141,0.0,output/tanishq_images/uncategorized/51d5c1foaaa00_1.jpg|output/tanishq_images/uncategorized/51d5c1foaaa00_2.jpg|output/tanishq_images/uncategorized/51d5c1foaaa00_3.jpg|output/tanishq_images/uncategorized/51d5c1foaaa00_4.jpg
51d5l2fetlaa002ba000001,Layered Curve Gold Ring,22K,2.796,159.77142857142854,0.0,output/tanishq_images/uncategorized/51d5l2fetlaa002ba000001_1.jpg|output/tanishq_images/uncategorized/51d5l2fetlaa002ba000001_2.jpg|output/tanishq_images/uncategorized/51d5l2fetlaa002ba000001_3.jpg|output/tanishq_images/uncategorized/51d5l2fetlaa002ba000001_4.jpg
50d5ffdaaaba322bx000024,Pink Paradise Diamond Drop Earrings,18K,3.404,218.48523748395377,0.26,output/tanishq_images/uncategorized/50d5ffdaaaba322bx000024_1.jpg|output/tanishq_images/uncategorized/50d5ffdaaaba322bx000024_2.jpg|output/tanishq_images/uncategorized/50d5ffdaaaba322bx000024_3.jpg|output/tanishq_images/uncategorized/50d5ffdaaaba322bx000024_4.jpg|output/tanishq_images/uncategorized/50d5ffdaaaba322bx000024_5.jpg
50d5h3hqeafa02,Vine Curve Diamond Hoop Earrings,18K,1.552,99.61489088575097,0.049,output/tanishq_images/uncategorized/50d5h3hqeafa02_1.jpg|output/tanishq_images/uncategorized/50d5h3hqeafa02_2.jpg|output/tanishq_images/uncategorized/50d5h3hqeafa02_3.jpg
51f5jypcpaaa002ee000005,Sacred Swing Gold Pendant,22K,3.467,198.1142857142857,0.0,output/tanishq_images/uncategorized/51f5jypcpaaa002ee000005_1.jpg|output/tanishq_images/uncategorized/51f5jypcpaaa002ee000005_2.jpg
51m5c1faumaa002ea000001,Veil Arc Gold Ring,22K,2.529,144.5142857142857,0.0,output/tanishq_images/uncategorized/51m5c1faumaa002ea000001_1.jpg|output/tanishq_images/uncategorized/51m5c1faumaa002ea000001_2.jpg|output/tanishq_images/uncategorized/51m5c1faumaa002ea000001_3.jpg|output/tanishq_images/uncategorized/51m5c1faumaa002ea000001_4.jpg
51d5c1dirabacz2ea000001,Spiral Frame Gold Drop Earrings,22K,3.7,211.42857142857142,0.0,output/tanishq_images/uncategorized/51d5c1dirabacz2ea000001_1.jpg|output/tanishq_images/uncategorized/51d5c1dirabacz2ea000001_2.jpg
51d4mpdcxada00,Rhombus Flair Gold Drop Earrings,22K,3.78,215.99999999999997,0.0,output/tanishq_images/uncategorized/51d4mpdcxada00_1.jpg|output/tanishq_images/uncategorized/51d4mpdcxada00_2.jpg
50d5l1pssaaa022ba000001,Fluid Triangle Diamond Pendant,18K,1.325,85.04492939666238,0.035,output/tanishq_images/uncategorized/50d5l1pssaaa022ba000001_1.jpg|output/tanishq_images/uncategorized/50d5l1pssaaa022ba000001_2.jpg
51d6ptpcnaaa00,Blooming Grace Gold Pendant,22K,1.821,104.05714285714285,0.0,output/tanishq_images/uncategorized/51d6ptpcnaaa00_1.jpg|output/tanishq_images/uncategorized/51d6ptpcnaaa00_2.jpg
51d5b1dobaba00,Crescent Floral Gold Drop Earrings,22K,6.63,378.85714285714283,0.0,output/tanishq_images/uncategorized/51d5b1dobaba00_1.jpg|output/tanishq_images/uncategorized/51d5b1dobaba00_2.jpg
50d5jsdekaga29,Bloom Trail Diamond Drop Earrings,18K,3.629,232.9268292682927,0.185,output/tanishq_images/uncategorized/50d5jsdekaga29_1.jpg|output/tanishq_images/uncategorized/50d5jsdekaga29_2.jpg
50d5pihfoaaa00,Stellar Embrace Gold Hoop Earrings,18K,4.222,270.98844672657253,0.0,output/tanishq_images/uncategorized/50d5pihfoaaa00_1.jpg|output/tanishq_images/uncategorized/50d5pihfoaaa00_2.jpg|output/tanishq_images/uncategorized/50d5pihfoaaa00_3.jpg
51d4mpsfwada00,Swirl Knot Gold Stud Earrings,22K,5.572,318.4,0.0,output/tanishq_images/uncategorized/51d4mpsfwada00_1.jpg|output/tanishq_images/uncategorized/51d4mpsfwada00_2.jpg
51m4d11flaga002bd000014,Geometric Chevron Gold Pendant and Earrings Set,22K,5.07,289.7142857142857,0.0,output/tanishq_images/uncategorized/51m4d11flaga002bd000014_1.jpg|output/tanishq_images/uncategorized/51m4d11flaga002bd000014_2.jpg|output/tanishq_images/uncategorized/51m4d11flaga002bd000014_3.jpg|output/tanishq_images/uncategorized/51m4d11flaga002bd000014_4.jpg|output/tanishq_images/uncategorized/51m4d11flaga002bd000014_5.jpg
50d5vdsaaaga09,Infinity Heartbeat Diamond Stud Earrings,18K,1.717,110.20539152759949,0.15,output/tanishq_images/uncategorized/50d5vdsaaaga09_1.jpg|output/tanishq_images/uncategorized/50d5vdsaaaga09_2.jpg|output/tanishq_images/uncategorized/50d5vdsaaaga09_3.jpg
50d5flpagaaa02,Versatile Muse Diamond Pendant,18K,3.935,252.56739409499357,0.175,output/tanishq_images/uncategorized/50d5flpagaaa02_1.jpg|output/tanishq_images/uncategorized/50d5flpagaaa02_2.jpg|output/tanishq_images/uncategorized/50d5flpagaaa02_3.jpg|output/tanishq_images/uncategorized/50d5flpagaaa02_4.jpg
51d2d1dcxaba002ea002043,Modern Chic Drop Earrings,22K,5.298,302.74285714285713,0.0,output/tanishq_images/uncategorized/51d2d1dcxaba002ea002043_1.jpg|output/tanishq_images/uncategorized/51d2d1dcxaba002ea002043_2.jpg
50f5c1pboaaa022jd000077,Auspicious Ganesha Diamond Pendant,18K,2.203,141.39922978177148,0.078,output/tanishq_images/uncategorized/50f5c1pboaaa022jd000077_1.jpg|output/tanishq_images/uncategorized/50f5c1pboaaa022jd000077_2.jpg
51f5b1pbhaaa00,Serpent Ganesha Gold Pendant,22K,4.54,259.4285714285714,0.0,output/tanishq_images/uncategorized/51f5b1pbhaaa00_1.jpg|output/tanishq_images/uncategorized/51f5b1pbhaaa00_2.jpg
50d5s2fjonaa093ia000001,Whispering Leaf Diamond Ring,18K,1.571,100.83440308087292,0.064,output/tanishq_images/uncategorized/50d5s2fjonaa093ia000001_1.jpg|output/tanishq_images/uncategorized/50d5s2fjonaa093ia000001_2.jpg|output/tanishq_images/uncategorized/50d5s2fjonaa093ia000001_3.jpg
51d5mghbmada00,Lattice Curve Gold Hoop Earrings,22K,2.662,152.1142857142857,0.0,output/tanishq_images/uncategorized/51d5mghbmada00_1.jpg|output/tanishq_images/uncategorized/51d5mghbmada00_2.jpg|output/tanishq_images/uncategorized/51d5mghbmada00_3.jpg
513218dbaaba002ea000859,Glamorous Gold Drop Earrings,22K,3.886,222.05714285714285,0.0,output/tanishq_images/uncategorized/513218dbaaba002ea000859_1.jpg|output/tanishq_images/uncategorized/513218dbaaba002ea000859_2.jpg|output/tanishq_images/uncategorized/513218dbaaba002ea000859_3.jpg
515090jdnaga00,Enthralling Gold Jhumka Earrings,22K,3.455,197.42857142857142,0.0,output/tanishq_images/uncategorized/515090jdnaga00_1.jpg|output/tanishq_images/uncategorized/515090jdnaga00_2.jpg
50e5c1fbiaa02,Twisted Elegance Diamond Ring,18K,2.714,174.1976893453145,0.329,output/tanishq_images/uncategorized/50e5c1fbiaa02_1.jpg|output/tanishq_images/uncategorized/50e5c1fbiaa02_2.jpg|output/tanishq_images/uncategorized/50e5c1fbiaa02_3.jpg
511069polaaa00,Delicate Floral Gold Pendant,22K,0.735,41.99999999999999,0.0,output/tanishq_images/uncategorized/511069polaaa00_1.jpg|output/tanishq_images/uncategorized/511069polaaa00_2.jpg
50d5jsgemaa29,Petal Twist Diamond Pendant with Chain,18K,5.515,353.97946084724003,0.14,output/tanishq_images/uncategorized/50d5jsgemaa29_1.jpg|output/tanishq_images/uncategorized/50d5jsgemaa29_2.jpg|output/tanishq_images/uncategorized/50d5jsgemaa29_3.jpg
50d5l1fexaa29,Whisper Bloom Diamond Ring,18K,5.503,353.209242618742,0.105,output/tanishq_images/uncategorized/50d5l1fexaa29_1.jpg|output/tanishq_images/uncategorized/50d5l1fexaa29_2.jpg|output/tanishq_images/uncategorized/50d5l1fexaa29_3.jpg
511240pawaaa00,Serene Love Pendant,22K,0.828,47.31428571428571,0.0,output/tanishq_images/uncategorized/511240pawaaa00_1.jpg|output/tanishq_images/uncategorized/511240pawaaa00_2.jpg
50m5v2fadlaa002bd000018,Sculpted Square Gold Ring,18K,2.578,165.4685494223363,0.0,output/tanishq_images/uncategorized/50m5v2fadlaa002bd000018_1.jpg|output/tanishq_images/uncategorized/50m5v2fadlaa002bd000018_2.jpg|output/tanishq_images/uncategorized/50m5v2fadlaa002bd000018_3.jpg
51e5c1fdsaa00,Knotted Heart Gold Ring,22K,2.764,157.94285714285712,0.0,output/tanishq_images/uncategorized/51e5c1fdsaa00_1.jpg|output/tanishq_images/uncategorized/51e5c1fdsaa00_2.jpg|output/tanishq_images/uncategorized/51e5c1fdsaa00_3.jpg
50g5b1fcrraa02,Regal Crest Diamond Finger Ring for Men,18K,4.348,279.0757381258023,0.29,output/tanishq_images/uncategorized/50g5b1fcrraa02_1.jpg|output/tanishq_images/uncategorized/50g5b1fcrraa02_2.jpg|output/tanishq_images/uncategorized/50g5b1fcrraa02_3.jpg
510433shaaga00,Chic Rhombic Gold Stud Earrings for Kids,22K,1.132,64.68571428571427,0.0,output/tanishq_images/uncategorized/510433shaaga00_1.jpg|output/tanishq_images/uncategorized/510433shaaga00_2.jpg|output/tanishq_images/uncategorized/510433shaaga00_3.jpg
51e5c1fcjlaa002jd000045,Flowing Leaves Gold Ring,22K,3.053,174.45714285714283,0.0,output/tanishq_images/uncategorized/51e5c1fcjlaa002jd000045_1.jpg|output/tanishq_images/uncategorized/51e5c1fcjlaa002jd000045_2.jpg|output/tanishq_images/uncategorized/51e5c1fcjlaa002jd000045_3.jpg
50e5b1feqlaa022jd000031,Sleek Whisper Diamond Finger Ring,18K,1.579,101.34788189987162,0.144,output/tanishq_images/uncategorized/50e5b1feqlaa022jd000031_1.jpg|output/tanishq_images/uncategorized/50e5b1feqlaa022jd000031_2.jpg|output/tanishq_images/uncategorized/50e5b1feqlaa022jd000031_3.jpg
511099fimnaap12ea009706,Classy 22 Karat Yellow Gold Spiral Ring,22K,5.683,324.7428571428571,0.0,output/tanishq_images/uncategorized/511099fimnaap12ea009706_1.jpg|output/tanishq_images/uncategorized/511099fimnaap12ea009706_2.jpg|output/tanishq_images/uncategorized/511099fimnaap12ea009706_3.jpg
51d5l2ffjlaa002ba000001,Geometric Edge Gold Ring,22K,2.217,126.68571428571428,0.0,output/tanishq_images/uncategorized/51d5l2ffjlaa002ba000001_1.jpg|output/tanishq_images/uncategorized/51d5l2ffjlaa002ba000001_2.jpg|output/tanishq_images/uncategorized/51d5l2ffjlaa002ba000001_3.jpg|output/tanishq_images/uncategorized/51d5l2ffjlaa002ba000001_4.jpg
50d5l1ffelaa092bx000016,Luminous Drift Diamond Ring,18K,2.454,157.50962772785624,0.065,output/tanishq_images/uncategorized/50d5l1ffelaa092bx000016_1.jpg|output/tanishq_images/uncategorized/50d5l1ffelaa092bx000016_2.jpg|output/tanishq_images/uncategorized/50d5l1ffelaa092bx000016_3.jpg
505923fmiaa09,Stellar Link 18KT Gold & Diamond Ring,18K,1.411,90.56482670089859,0.075,output/tanishq_images/uncategorized/505923fmiaa09_1.jpg|output/tanishq_images/uncategorized/505923fmiaa09_2.jpg|output/tanishq_images/uncategorized/505923fmiaa09_3.jpg|output/tanishq_images/uncategorized/505923fmiaa09_4.jpg
50d5s2fjgaa09,Bloom Crest Diamond Ring,18K,2.031,130.35943517329912,0.033,output/tanishq_images/uncategorized/50d5s2fjgaa09_1.jpg|output/tanishq_images/uncategorized/50d5s2fjgaa09_2.jpg|output/tanishq_images/uncategorized/50d5s2fjgaa09_3.jpg
51m4c1fhil6acz2ea000081,Modern Muse Gold Ring,22K,4.5,257.1428571428571,0.0,output/tanishq_images/uncategorized/51m4c1fhil6acz2ea000081_1.jpg|output/tanishq_images/uncategorized/51m4c1fhil6acz2ea000081_2.jpg|output/tanishq_images/uncategorized/51m4c1fhil6acz2ea000081_3.jpg|output/tanishq_images/uncategorized/51m4c1fhil6acz2ea000081_4.jpg|output/tanishq_images/uncategorized/51m4c1fhil6acz2ea000081_5.jpg|output/tanishq_images/uncategorized/51m4c1fhil6acz2ea000081_6.jpg
50e4plfbgaa02,Overlapping Vanki Diamond Ring,18K,2.333,149.74326059050065,0.102,output/tanishq_images/uncategorized/50e4plfbgaa02_1.jpg|output/tanishq_images/uncategorized/50e4plfbgaa02_2.jpg|output/tanishq_images/uncategorized/50e4plfbgaa02_3.jpg
50e5c1favaa02,Interwoven Vows Diamond Ring,18K,2.981,191.33504492939664,0.311,output/tanishq_images/uncategorized/50e5c1favaa02_1.jpg|output/tanishq_images/uncategorized/50e5c1favaa02_2.jpg|output/tanishq_images/uncategorized/50e5c1favaa02_3.jpg
50d5b2fgvlaa022bd000137,Wave Whisper Diamond Ring,18K,2.063,132.41335044929397,0.19,output/tanishq_images/uncategorized/50d5b2fgvlaa022bd000137_1.jpg|output/tanishq_images/uncategorized/50d5b2fgvlaa022bd000137_2.jpg|output/tanishq_images/uncategorized/50d5b2fgvlaa022bd000137_3.jpg
51d3c3fihaa00,Visual Symphony Ring,22K,4.068,232.45714285714283,0.0,output/tanishq_images/uncategorized/51d3c3fihaa00_1.jpg|output/tanishq_images/uncategorized/51d3c3fihaa00_2.jpg|output/tanishq_images/uncategorized/51d3c3fihaa00_3.jpg|output/tanishq_images/uncategorized/51d3c3fihaa00_4.jpg
50e5c1facaa02,Woven Dreams Diamond Ring,18K,2.9,186.13607188703466,0.277,output/tanishq_images/uncategorized/50e5c1facaa02_1.jpg|output/tanishq_images/uncategorized/50e5c1facaa02_2.jpg|output/tanishq_images/uncategorized/50e5c1facaa02_3.jpg
501518fciaa00,Sublime Yellow Gold Conch Finger Ring,18K,2.872,184.33889602053915,0.0,output/tanishq_images/uncategorized/501518fciaa00_1.jpg|output/tanishq_images/uncategorized/501518fciaa00_2.jpg|output/tanishq_images/uncategorized/501518fciaa00_3.jpg|output/tanishq_images/uncategorized/501518fciaa00_4.jpg
50m4i1fhdnaa002ja000017,Linear Luxe Gold Finger Ring,18K,2.599,166.81643132220796,0.0,output/tanishq_images/uncategorized/50m4i1fhdnaa002ja000017_1.jpg|output/tanishq_images/uncategorized/50m4i1fhdnaa002ja000017_2.jpg|output/tanishq_images/uncategorized/50m4i1fhdnaa002ja000017_3.jpg
50d5b2fflaa02,Dreamy Halo Diamond Finger Ring,18K,2.606,167.26572528883182,0.335,output/tanishq_images/uncategorized/50d5b2fflaa02_1.jpg|output/tanishq_images/uncategorized/50d5b2fflaa02_2.jpg|output/tanishq_images/uncategorized/50d5b2fflaa02_3.jpg
50d4arfbfaa02,Mandala Petal Diamond Ring,18K,2.94,188.70346598202823,0.36,output/tanishq_images/uncategorized/50d4arfbfaa02_1.jpg|output/tanishq_images/uncategorized/50d4arfbfaa02_2.jpg|output/tanishq_images/uncategorized/50d4arfbfaa02_3.jpg
50d5b1fbbaa02,Cheeky Radiance Diamond Finger Ring,18K,2.44,156.61103979460847,0.36,output/tanishq_images/uncategorized/50d5b1fbbaa02_1.jpg|output/tanishq_images/uncategorized/50d5b1fbbaa02_2.jpg|output/tanishq_images/uncategorized/50d5b1fbbaa02_3.jpg
51d5mgfaemaa002ja000004,Sculpt Twist Gold Ring,22K,2.399,137.08571428571426,0.0,output/tanishq_images/uncategorized/51d5mgfaemaa002ja000004_1.jpg|output/tanishq_images/uncategorized/51d5mgfaemaa002ja000004_2.jpg|output/tanishq_images/uncategorized/51d5mgfaemaa002ja000004_3.jpg
51d2i1femaa00,Heart And Triangle Gold Finger Ring,22K,1.865,106.57142857142856,0.0,output/tanishq_images/uncategorized/51d2i1femaa00_1.jpg|output/tanishq_images/uncategorized/51d2i1femaa00_2.jpg|output/tanishq_images/uncategorized/51d2i1femaa00_3.jpg
51t815fcxaa00,Lustrous Minimalistic Gold Ring for Men,22K,4.435,253.4285714285714,0.0,output/tanishq_images/uncategorized/51t815fcxaa00_1.jpg|output/tanishq_images/uncategorized/51t815fcxaa00_2.jpg|output/tanishq_images/uncategorized/51t815fcxaa00_3.jpg|output/tanishq_images/uncategorized/51t815fcxaa00_4.jpg
51d3c3fillaa002eb000104,Vintage Splendor Ring,22K,4.63,264.57142857142856,0.0,output/tanishq_images/uncategorized/51d3c3fillaa002eb000104_1.jpg|output/tanishq_images/uncategorized/51d3c3fillaa002eb000104_2.jpg|output/tanishq_images/uncategorized/51d3c3fillaa002eb000104_3.jpg|output/tanishq_images/uncategorized/51d3c3fillaa002eb000104_4.jpg
51d5b1fuqaa00,Ornate Lattice Gold Ring,22K,4.2,240.0,0.0,output/tanishq_images/uncategorized/51d5b1fuqaa00_1.jpg|output/tanishq_images/uncategorized/51d5b1fuqaa00_2.jpg|output/tanishq_images/uncategorized/51d5b1fuqaa00_3.jpg
51e5c1fbylaa002jd000052,Bloom Fan Gold Ring,22K,3.682,210.39999999999998,0.0,output/tanishq_images/uncategorized/51e5c1fbylaa002jd000052_1.jpg|output/tanishq_images/uncategorized/51e5c1fbylaa002jd000052_2.jpg|output/tanishq_images/uncategorized/51e5c1fbylaa002jd000052_3.jpg
502112fcmmab453ih000001,Dazzling 18 Karat Yellow Gold Solitaire Finger Ring,18K,2.31,148.26700898587933,0.582,output/tanishq_images/uncategorized/502112fcmmab453ih000001_1.jpg|output/tanishq_images/uncategorized/502112fcmmab453ih000001_2.jpg
51d5c1foeaa00,Fluid Weave Gold Ring,22K,1.836,104.91428571428571,0.0,output/tanishq_images/uncategorized/51d5c1foeaa00_1.jpg|output/tanishq_images/uncategorized/51d5c1foeaa00_2.jpg|output/tanishq_images/uncategorized/51d5c1foeaa00_3.jpg|output/tanishq_images/uncategorized/51d5c1foeaa00_4.jpg
50d5d2fbnaa02,Interlaced Glow Diamond Ring,18K,2.26,145.05776636713733,0.133,output/tanishq_images/uncategorized/50d5d2fbnaa02_1.jpg|output/tanishq_images/uncategorized/50d5d2fbnaa02_2.jpg|output/tanishq_images/uncategorized/50d5d2fbnaa02_3.jpg
50dff1facaa02,Vertical Glow Diamond Ring,18K,2.324,149.16559691912707,0.07,output/tanishq_images/uncategorized/50dff1facaa02_1.jpg|output/tanishq_images/uncategorized/50dff1facaa02_2.jpg|output/tanishq_images/uncategorized/50dff1facaa02_3.jpg
50e5b1ffbaa02,Luxe Halo Diamond Finger Ring,18K,2.708,173.81258023106548,0.421,output/tanishq_images/uncategorized/50e5b1ffbaa02_1.jpg|output/tanishq_images/uncategorized/50e5b1ffbaa02_2.jpg|output/tanishq_images/uncategorized/50e5b1ffbaa02_3.jpg
50d5wxfbwl3b322bd000002,Stepping Stackable Diamond Ring,18K,6.414,411.68164313222076,0.065,output/tanishq_images/uncategorized/50d5wxfbwl3b322bd000002_1.jpg|output/tanishq_images/uncategorized/50d5wxfbwl3b322bd000002_2.jpg|output/tanishq_images/uncategorized/50d5wxfbwl3b322bd000002_3.jpg|output/tanishq_images/uncategorized/50d5wxfbwl3b322bd000002_4.jpg|output/tanishq_images/uncategorized/50d5wxfbwl3b322bd000002_5.jpg|output/tanishq_images/uncategorized/50d5wxfbwl3b322bd000002_6.jpg
50e5a1fammaa022jh000002,Chic Minimal Diamond Finger Ring,18K,2.674,171.63029525032093,0.162,output/tanishq_images/uncategorized/50e5a1fammaa022jh000002_1.jpg|output/tanishq_images/uncategorized/50e5a1fammaa022jh000002_2.jpg|output/tanishq_images/uncategorized/50e5a1fammaa022jh000002_3.jpg
51d5b1fuvaa00,Royal Legacy Gold Ring,22K,2.8,159.99999999999997,0.0,output/tanishq_images/uncategorized/51d5b1fuvaa00_1.jpg|output/tanishq_images/uncategorized/51d5b1fuvaa00_2.jpg|output/tanishq_images/uncategorized/51d5b1fuvaa00_3.jpg
50d5s2fafaa09,Eclipse Shine Diamond Ring,18K,3.034,194.73684210526315,0.191,output/tanishq_images/uncategorized/50d5s2fafaa09_1.jpg|output/tanishq_images/uncategorized/50d5s2fafaa09_2.jpg|output/tanishq_images/uncategorized/50d5s2fafaa09_3.jpg
50g5b1fjkraa022jd000005,Bold Chevron Diamond Finger Ring for Men,18K,4.727,303.40179717586653,0.332,output/tanishq_images/uncategorized/50g5b1fjkraa022jd000005_1.jpg|output/tanishq_images/uncategorized/50g5b1fjkraa022jd000005_2.jpg|output/tanishq_images/uncategorized/50g5b1fjkraa022jd000005_3.jpg
51d5p1fahaa00,Floral Swirl Gold Ring,22K,3.189,182.22857142857143,0.0,output/tanishq_images/uncategorized/51d5p1fahaa00_1.jpg|output/tanishq_images/uncategorized/51d5p1fahaa00_2.jpg|output/tanishq_images/uncategorized/51d5p1fahaa00_3.jpg
51e5c1fbuaa00,Petal Layer Gold Ring,22K,3.652,208.68571428571428,0.0,output/tanishq_images/uncategorized/51e5c1fbuaa00_1.jpg|output/tanishq_images/uncategorized/51e5c1fbuaa00_2.jpg|output/tanishq_images/uncategorized/51e5c1fbuaa00_3.jpg
50e5c1fanlaa022jd000002,Floral Chevron Diamond Ring,18K,1.74,111.6816431322208,0.238,output/tanishq_images/uncategorized/50e5c1fanlaa022jd000002_1.jpg|output/tanishq_images/uncategorized/50e5c1fanlaa022jd000002_2.jpg|output/tanishq_images/uncategorized/50e5c1fanlaa022jd000002_3.jpg
50d5s2fchaa09,Twist Lattice Diamond Ring,18K,2.043,131.12965340179719,0.142,output/tanishq_images/uncategorized/50d5s2fchaa09_1.jpg|output/tanishq_images/uncategorized/50d5s2fchaa09_2.jpg|output/tanishq_images/uncategorized/50d5s2fchaa09_3.jpg
50g5b1fcdaa02,Hexa Cluster Diamond Ring for Men,18K,4.938,316.94480102695763,0.274,output/tanishq_images/uncategorized/50g5b1fcdaa02_1.jpg|output/tanishq_images/uncategorized/50g5b1fcdaa02_2.jpg|output/tanishq_images/uncategorized/50g5b1fcdaa02_3.jpg
51f1kpfbgraa002ea001189,Unique Star Carved Gold Finger Ring For Men,22K,6.337,362.11428571428564,0.0,output/tanishq_images/uncategorized/51f1kpfbgraa002ea001189_1.jpg|output/tanishq_images/uncategorized/51f1kpfbgraa002ea001189_2.jpg|output/tanishq_images/uncategorized/51f1kpfbgraa002ea001189_3.jpg
51e5c1fdmlaa002jd000003,Enchanted Twig Gold Ring,22K,2.777,158.68571428571428,0.0,output/tanishq_images/uncategorized/51e5c1fdmlaa002jd000003_1.jpg|output/tanishq_images/uncategorized/51e5c1fdmlaa002jd000003_2.jpg|output/tanishq_images/uncategorized/51e5c1fdmlaa002jd000003_3.jpg
51d5b1fjklaa172ba000007,Vivid Whimsy Emerald Finger Ring,22K,2.378,135.88571428571427,0.0,output/tanishq_images/uncategorized/51d5b1fjklaa172ba000007_1.jpg|output/tanishq_images/uncategorized/51d5b1fjklaa172ba000007_2.jpg|output/tanishq_images/uncategorized/51d5b1fjklaa172ba000007_3.jpg
51g5c1fbdaa00,Hexagonal Grid Gold Ring for Men,22K,4.893,279.59999999999997,0.0,output/tanishq_images/uncategorized/51g5c1fbdaa00_1.jpg|output/tanishq_images/uncategorized/51g5c1fbdaa00_2.jpg|output/tanishq_images/uncategorized/51g5c1fbdaa00_3.jpg
503117fuyaa04,Bold Stylish Diamond Ring for Men,18K,5.449,349.74326059050065,0.058,output/tanishq_images/uncategorized/503117fuyaa04_1.jpg|output/tanishq_images/uncategorized/503117fuyaa04_2.jpg|output/tanishq_images/uncategorized/503117fuyaa04_3.jpg|output/tanishq_images/uncategorized/503117fuyaa04_4.jpg
50e5c1fayaa02,Elegant Sweep Diamond Ring,18K,2.432,156.09756097560975,0.381,output/tanishq_images/uncategorized/50e5c1fayaa02_1.jpg|output/tanishq_images/uncategorized/50e5c1fayaa02_2.jpg|output/tanishq_images/uncategorized/50e5c1fayaa02_3.jpg
50e5c1fdxaa02,Clover Bloom Diamond Ring,18K,1.611,103.40179717586649,0.141,output/tanishq_images/uncategorized/50e5c1fdxaa02_1.jpg|output/tanishq_images/uncategorized/50e5c1fdxaa02_2.jpg|output/tanishq_images/uncategorized/50e5c1fdxaa02_3.jpg
513017fbxab00,Opulent Floral Gold Finger Ring,22K,8.288,473.59999999999997,0.0,output/tanishq_images/uncategorized/513017fbxab00_1.jpg|output/tanishq_images/uncategorized/513017fbxab00_2.jpg|output/tanishq_images/uncategorized/513017fbxab00_3.jpg|output/tanishq_images/uncategorized/513017fbxab00_4.jpg
51d4mpfcjlaa002ja000190,Statement Gold Finger Ring,22K,3.804,217.37142857142854,0.0,output/tanishq_images/uncategorized/51d4mpfcjlaa002ja000190_1.jpg|output/tanishq_images/uncategorized/51d4mpfcjlaa002ja000190_2.jpg|output/tanishq_images/uncategorized/51d4mpfcjlaa002ja000190_3.jpg
51d5m2fubaa00,Floral Drift Gold Ring,22K,1.806,103.19999999999999,0.0,output/tanishq_images/uncategorized/51d5m2fubaa00_1.jpg|output/tanishq_images/uncategorized/51d5m2fubaa00_2.jpg|output/tanishq_images/uncategorized/51d5m2fubaa00_3.jpg
511138fxjab00,Broad Wave Pattern Finger Ring,22K,3.257,186.1142857142857,0.0,output/tanishq_images/uncategorized/511138fxjab00_1.jpg|output/tanishq_images/uncategorized/511138fxjab00_2.jpg|output/tanishq_images/uncategorized/511138fxjab00_3.jpg
50d5b2fhuaa02,Whimsical Bloom Diamond Finger Ring,18K,3.104,199.22978177150193,0.451,output/tanishq_images/uncategorized/50d5b2fhuaa02_1.jpg|output/tanishq_images/uncategorized/50d5b2fhuaa02_2.jpg|output/tanishq_images/uncategorized/50d5b2fhuaa02_3.jpg
51d3c3fhsaa00,Sophisticated Elegance Ring,22K,4.7,268.57142857142856,0.0,output/tanishq_images/uncategorized/51d3c3fhsaa00_1.jpg|output/tanishq_images/uncategorized/51d3c3fhsaa00_2.jpg|output/tanishq_images/uncategorized/51d3c3fhsaa00_3.jpg
51d5l2fgclaa002ba000001,Twin Wing Gold Ring,22K,2.125,121.42857142857142,0.0,output/tanishq_images/uncategorized/51d5l2fgclaa002ba000001_1.jpg|output/tanishq_images/uncategorized/51d5l2fgclaa002ba000001_2.jpg|output/tanishq_images/uncategorized/51d5l2fgclaa002ba000001_3.jpg|output/tanishq_images/uncategorized/51d5l2fgclaa002ba000001_4.jpg
51d5b2fdmaacz,Forever Love Gold Finger Ring,22K,2.24,128.0,0.0,output/tanishq_images/uncategorized/51d5b2fdmaacz_1.jpg|output/tanishq_images/uncategorized/51d5b2fdmaacz_2.jpg|output/tanishq_images/uncategorized/51d5b2fdmaacz_3.jpg
51m4i1ffiaa00,Lattice Luxe Gold Finger Ring,22K,3.542,202.39999999999998,0.0,output/tanishq_images/uncategorized/51m4i1ffiaa00_1.jpg|output/tanishq_images/uncategorized/51m4i1ffiaa00_2.jpg|output/tanishq_images/uncategorized/51m4i1ffiaa00_3.jpg|output/tanishq_images/uncategorized/51m4i1ffiaa00_4.jpg
50e5b1fbiaa02,Sleek Octet Diamond Ring for Men,18K,4.451,285.68677792041075,0.035,output/tanishq_images/uncategorized/50e5b1fbiaa02_1.jpg|output/tanishq_images/uncategorized/50e5b1fbiaa02_2.jpg|output/tanishq_images/uncategorized/50e5b1fbiaa02_3.jpg
51f1kpfndaa00,Stunning Guitar Carved Gold Finger Ring For Men,22K,7.6,434.2857142857142,0.0,output/tanishq_images/uncategorized/51f1kpfndaa00_1.jpg|output/tanishq_images/uncategorized/51f1kpfndaa00_2.jpg|output/tanishq_images/uncategorized/51f1kpfndaa00_3.jpg
50d5l1ffyaa09,Square Buckle Diamond Ring,18K,1.309,84.01797175866496,0.035,output/tanishq_images/uncategorized/50d5l1ffyaa09_1.jpg|output/tanishq_images/uncategorized/50d5l1ffyaa09_2.jpg|output/tanishq_images/uncategorized/50d5l1ffyaa09_3.jpg
50d5l2frmmaa022jd000006,Floral Embrace Diamond Ring,18K,3.733,239.602053915276,0.313,output/tanishq_images/uncategorized/50d5l2frmmaa022jd000006_1.jpg|output/tanishq_images/uncategorized/50d5l2frmmaa022jd000006_2.jpg|output/tanishq_images/uncategorized/50d5l2frmmaa022jd000006_3.jpg
50d5b2fyrlaa022jd000034,Chic Weave Diamond Finger Ring,18K,2.175,139.60205391527597,0.164,output/tanishq_images/uncategorized/50d5b2fyrlaa022jd000034_1.jpg|output/tanishq_images/uncategorized/50d5b2fyrlaa022jd000034_2.jpg|output/tanishq_images/uncategorized/50d5b2fyrlaa022jd000034_3.jpg
50d4arfefaa02,Layered Bloom Diamond Ring,18K,1.835,117.77920410783055,0.142,output/tanishq_images/uncategorized/50d4arfefaa02_1.jpg|output/tanishq_images/uncategorized/50d4arfefaa02_2.jpg|output/tanishq_images/uncategorized/50d4arfefaa02_3.jpg
501719fqraa00,Floral Filigree Finger Ring,18K,3.66,234.9165596919127,0.0,output/tanishq_images/uncategorized/501719fqraa00_1.jpg|output/tanishq_images/uncategorized/501719fqraa00_2.jpg|output/tanishq_images/uncategorized/501719fqraa00_3.jpg|output/tanishq_images/uncategorized/501719fqraa00_4.jpg
512822ftnaa00,22KT Yellow Gold Striking Abstract Ring,22KT,2.87,184.21052631578948,0.0,output/tanishq_images/uncategorized/512822ftnaa00_1.jpg|output/tanishq_images/uncategorized/512822ftnaa00_2.jpg|output/tanishq_images/uncategorized/512822ftnaa00_3.jpg|output/tanishq_images/uncategorized/512822ftnaa00_4.jpg
50g5v2fbpaa02,Octagonal Brilliance Diamond Ring For Men,18K,6.991,448.71630295250316,0.279,output/tanishq_images/uncategorized/50g5v2fbpaa02_1.jpg|output/tanishq_images/uncategorized/50g5v2fbpaa02_2.jpg|output/tanishq_images/uncategorized/50g5v2fbpaa02_3.jpg
51d5b2fdaaacz,Gleaming Aura Gold Finger Ring,22K,3.602,205.8285714285714,0.0,output/tanishq_images/uncategorized/51d5b2fdaaacz_1.jpg|output/tanishq_images/uncategorized/51d5b2fdaaacz_2.jpg|output/tanishq_images/uncategorized/51d5b2fdaaacz_3.jpg
510120faavaa002ja006664,Sublime 22 Karat Yellow Gold Oval Finger Ring,22K,5.332,304.68571428571425,0.0,output/tanishq_images/uncategorized/510120faavaa002ja006664_1.jpg|output/tanishq_images/uncategorized/510120faavaa002ja006664_2.jpg|output/tanishq_images/uncategorized/510120faavaa002ja006664_3.jpg
50d5l1ffgaa29,Classic Halo Diamond Ring,18K,2.4,154.04364569961487,0.045,output/tanishq_images/uncategorized/50d5l1ffgaa29_1.jpg|output/tanishq_images/uncategorized/50d5l1ffgaa29_2.jpg|output/tanishq_images/uncategorized/50d5l1ffgaa29_3.jpg
51d5l2ffiaa00,Angular Ridge Gold Ring,22K,2.8,159.99999999999997,0.0,output/tanishq_images/uncategorized/51d5l2ffiaa00_1.jpg|output/tanishq_images/uncategorized/51d5l2ffiaa00_2.jpg|output/tanishq_images/uncategorized/51d5l2ffiaa00_3.jpg|output/tanishq_images/uncategorized/51d5l2ffiaa00_4.jpg
50g5c1ffzaa02,Modern Geometry Diamond Ring For Men,18K,5.336,342.4903722721438,0.253,output/tanishq_images/uncategorized/50g5c1ffzaa02_1.jpg|output/tanishq_images/uncategorized/50g5c1ffzaa02_2.jpg|output/tanishq_images/uncategorized/50g5c1ffzaa02_3.jpg
50d5pafcrlaa002eb000017,Royal Crest Gold Ring,18K,5.172,331.96405648267006,0.0,output/tanishq_images/uncategorized/50d5pafcrlaa002eb000017_1.jpg|output/tanishq_images/uncategorized/50d5pafcrlaa002eb000017_2.jpg|output/tanishq_images/uncategorized/50d5pafcrlaa002eb000017_3.jpg
51f1d1fltaa00,Lovely Floral Gold Ring,22K,5.082,290.4,0.0,output/tanishq_images/uncategorized/51f1d1fltaa00_1.jpg|output/tanishq_images/uncategorized/51f1d1fltaa00_2.jpg
50d5l1fnelaa092jd000041,Intertwined Grace Diamond Ring,18K,1.745,112.002567394095,0.035,output/tanishq_images/uncategorized/50d5l1fnelaa092jd000041_1.jpg|output/tanishq_images/uncategorized/50d5l1fnelaa092jd000041_2.jpg|output/tanishq_images/uncategorized/50d5l1fnelaa092jd000041_3.jpg
50e5b1fbkraa022jd000003,Diagonal Dash Diamond Ring for Men,18K,4.841,310.71887034659824,0.076,output/tanishq_images/uncategorized/50e5b1fbkraa022jd000003_1.jpg|output/tanishq_images/uncategorized/50e5b1fbkraa022jd000003_2.jpg|output/tanishq_images/uncategorized/50e5b1fbkraa022jd000003_3.jpg
51d5c1focaa00,Bloom Curve Gold Ring,22K,1.668,95.3142857142857,0.0,output/tanishq_images/uncategorized/51d5c1focaa00_1.jpg|output/tanishq_images/uncategorized/51d5c1focaa00_2.jpg|output/tanishq_images/uncategorized/51d5c1focaa00_3.jpg|output/tanishq_images/uncategorized/51d5c1focaa00_4.jpg
51m5b1fdclaa002ed000006,Weave Flow Gold Ring,22K,4.359,249.08571428571426,0.0,output/tanishq_images/uncategorized/51m5b1fdclaa002ed000006_1.jpg|output/tanishq_images/uncategorized/51m5b1fdclaa002ed000006_2.jpg|output/tanishq_images/uncategorized/51m5b1fdclaa002ed000006_3.jpg
513218fmbbaa002ea000708,Fun Gold Kid's Finger Ring,22K,1.14,65.14285714285712,0.0,output/tanishq_images/uncategorized/513218fmbbaa002ea000708_1.jpg|output/tanishq_images/uncategorized/513218fmbbaa002ea000708_2.jpg
51d5m2ftrlaa002ja000009,Soft Structure Gold Ring,22K,2.578,147.3142857142857,0.0,output/tanishq_images/uncategorized/51d5m2ftrlaa002ja000009_1.jpg|output/tanishq_images/uncategorized/51d5m2ftrlaa002ja000009_2.jpg|output/tanishq_images/uncategorized/51d5m2ftrlaa002ja000009_3.jpg
510120fraaa00,Delicate 22 Karat Yellow Gold Finger Ring,22K,4.278,244.4571428571428,0.0,output/tanishq_images/uncategorized/510120fraaa00_1.jpg|output/tanishq_images/uncategorized/510120fraaa00_2.jpg|output/tanishq_images/uncategorized/510120fraaa00_3.jpg
512311fpwaa00,Slender Tiered Gold Ring,22K,2.022,115.54285714285712,0.0,output/tanishq_images/uncategorized/512311fpwaa00_1.jpg|output/tanishq_images/uncategorized/512311fpwaa00_2.jpg|output/tanishq_images/uncategorized/512311fpwaa00_3.jpg|output/tanishq_images/uncategorized/512311fpwaa00_4.jpg
50e5b1fcgaa02,Glimmer Rows Diamond Ring,18K,2.688,172.5288831835687,0.35,output/tanishq_images/uncategorized/50e5b1fcgaa02_1.jpg|output/tanishq_images/uncategorized/50e5b1fcgaa02_2.jpg|output/tanishq_images/uncategorized/50e5b1fcgaa02_3.jpg
50d5h2fitlaa022ja000021,Gleaming Horizon Diamond Ring,18K,2.816,180.74454428754814,0.1,output/tanishq_images/uncategorized/50d5h2fitlaa022ja000021_1.jpg|output/tanishq_images/uncategorized/50d5h2fitlaa022ja000021_2.jpg|output/tanishq_images/uncategorized/50d5h2fitlaa022ja000021_3.jpg
51m5d1fcaaa00,Regal Shield Gold Ring,22K,2.582,147.54285714285712,0.0,output/tanishq_images/uncategorized/51m5d1fcaaa00_1.jpg|output/tanishq_images/uncategorized/51m5d1fcaaa00_2.jpg|output/tanishq_images/uncategorized/51m5d1fcaaa00_3.jpg
51e5c1fcxaa00,Geometric Filigree Gold Ring,22K,3.102,177.25714285714284,0.0,output/tanishq_images/uncategorized/51e5c1fcxaa00_1.jpg|output/tanishq_images/uncategorized/51e5c1fcxaa00_2.jpg|output/tanishq_images/uncategorized/51e5c1fcxaa00_3.jpg
511137fzbaa00,Dapper 22 Karat Yellow Gold Concentric Patterned Finger Ring,22K,4.534,259.08571428571423,0.0,output/tanishq_images/uncategorized/511137fzbaa00_1.jpg|output/tanishq_images/uncategorized/511137fzbaa00_2.jpg|output/tanishq_images/uncategorized/511137fzbaa00_3.jpg
50d5h2fselaa322ja000022,Eternal Blossom Diamond Ring,18K,3.269,209.82028241335047,0.202,output/tanishq_images/uncategorized/50d5h2fselaa322ja000022_1.jpg|output/tanishq_images/uncategorized/50d5h2fselaa322ja000022_2.jpg|output/tanishq_images/uncategorized/50d5h2fselaa322ja000022_3.jpg|output/tanishq_images/uncategorized/50d5h2fselaa322ja000022_4.jpg
50e5b1fbmlaa022bd000014,Radiant Crest Diamond Ring,18K,3.357,215.46854942233634,0.31,output/tanishq_images/uncategorized/50e5b1fbmlaa022bd000014_1.jpg|output/tanishq_images/uncategorized/50e5b1fbmlaa022bd000014_2.jpg|output/tanishq_images/uncategorized/50e5b1fbmlaa022bd000014_3.jpg
50e5b1fcuraa02,Radiant Facets Diamond Finger Ring for Men,18K,3.321,213.1578947368421,0.29,output/tanishq_images/uncategorized/50e5b1fcuraa02_1.jpg|output/tanishq_images/uncategorized/50e5b1fcuraa02_2.jpg|output/tanishq_images/uncategorized/50e5b1fcuraa02_3.jpg
50e5c1feaaa02,Swirl Symphony Diamond Ring,18K,2.124,136.3286264441592,0.144,output/tanishq_images/uncategorized/50e5c1feaaa02_1.jpg|output/tanishq_images/uncategorized/50e5c1feaaa02_2.jpg|output/tanishq_images/uncategorized/50e5c1feaaa02_3.jpg
51m5i1favlaa002ja000052,Woven Elegance Gold Ring,22K,2.709,154.79999999999998,0.0,output/tanishq_images/uncategorized/51m5i1favlaa002ja000052_1.jpg|output/tanishq_images/uncategorized/51m5i1favlaa002ja000052_2.jpg|output/tanishq_images/uncategorized/51m5i1favlaa002ja000052_3.jpg|output/tanishq_images/uncategorized/51m5i1favlaa002ja000052_4.jpg
51g5c1fhtaa00,Floral Medallion Gold Ring For Men,22K,4.49,256.57142857142856,0.0,output/tanishq_images/uncategorized/51g5c1fhtaa00_1.jpg|output/tanishq_images/uncategorized/51g5c1fhtaa00_2.jpg|output/tanishq_images/uncategorized/51g5c1fhtaa00_3.jpg
510784fnalaa002ja013526,Entrancing Leaf Pattern Gold Finger Ring,22K,1.319,75.37142857142857,0.0,output/tanishq_images/uncategorized/510784fnalaa002ja013526_1.jpg|output/tanishq_images/uncategorized/510784fnalaa002ja013526_2.jpg|output/tanishq_images/uncategorized/510784fnalaa002ja013526_3.jpg|output/tanishq_images/uncategorized/510784fnalaa002ja013526_4.jpg|output/tanishq_images/uncategorized/510784fnalaa002ja013526_5.jpg
51f1kpfreaa00,Geometric Ring for Men,22K,3.679,210.2285714285714,0.0,output/tanishq_images/uncategorized/51f1kpfreaa00_1.jpg|output/tanishq_images/uncategorized/51f1kpfreaa00_2.jpg|output/tanishq_images/uncategorized/51f1kpfreaa00_3.jpg
50d5b2ffhlaa022bd000168,Hexa Halo Diamond Ring,18K,2.662,170.86007702182283,0.325,output/tanishq_images/uncategorized/50d5b2ffhlaa022bd000168_1.jpg|output/tanishq_images/uncategorized/50d5b2ffhlaa022bd000168_2.jpg|output/tanishq_images/uncategorized/50d5b2ffhlaa022bd000168_3.jpg
512311fihaa00,Leaf Pattern Sleek Gold Finger Ring,22K,2.808,160.45714285714283,0.0,output/tanishq_images/uncategorized/512311fihaa00_1.jpg|output/tanishq_images/uncategorized/512311fihaa00_2.jpg|output/tanishq_images/uncategorized/512311fihaa00_3.jpg
513018fmjaa00,Stunning Geometric Gold Ring for Men,22K,5.196,296.91428571428565,0.0,output/tanishq_images/uncategorized/513018fmjaa00_1.jpg|output/tanishq_images/uncategorized/513018fmjaa00_2.jpg|output/tanishq_images/uncategorized/513018fmjaa00_3.jpg|output/tanishq_images/uncategorized/513018fmjaa00_4.jpg
50d6vdfalaa09,Love Loop Diamond Ring,18K,1.631,104.68549422336329,0.08,output/tanishq_images/uncategorized/50d6vdfalaa09_1.jpg|output/tanishq_images/uncategorized/50d6vdfalaa09_2.jpg|output/tanishq_images/uncategorized/50d6vdfalaa09_3.jpg|output/tanishq_images/uncategorized/50d6vdfalaa09_4.jpg
511920fanaa00,Contemporary Floral Pattern Gold Finger Ring,22K,3.55,202.85714285714283,0.0,output/tanishq_images/uncategorized/511920fanaa00_1.jpg|output/tanishq_images/uncategorized/511920fanaa00_2.jpg|output/tanishq_images/uncategorized/511920fanaa00_3.jpg
50d5fdfvl2a09,Interlaced Wave Diamond Ring,18K,4.327,277.7278562259307,0.277,output/tanishq_images/uncategorized/50d5fdfvl2a09_1.jpg|output/tanishq_images/uncategorized/50d5fdfvl2a09_2.jpg|output/tanishq_images/uncategorized/50d5fdfvl2a09_3.jpg|output/tanishq_images/uncategorized/50d5fdfvl2a09_4.jpg|output/tanishq_images/uncategorized/50d5fdfvl2a09_5.jpg|output/tanishq_images/uncategorized/50d5fdfvl2a09_6.jpg
50d5wmfbyaa32,Layered Wings Diamond Ring,18K,2.609,167.45827984595635,0.29,output/tanishq_images/uncategorized/50d5wmfbyaa32_1.jpg|output/tanishq_images/uncategorized/50d5wmfbyaa32_2.jpg|output/tanishq_images/uncategorized/50d5wmfbyaa32_3.jpg|output/tanishq_images/uncategorized/50d5wmfbyaa32_4.jpg
51m5b1fjbaa00,Pulse Line Gold Ring,22K,1.303,74.45714285714284,0.0,output/tanishq_images/uncategorized/51m5b1fjbaa00_1.jpg|output/tanishq_images/uncategorized/51m5b1fjbaa00_2.jpg|output/tanishq_images/uncategorized/51m5b1fjbaa00_3.jpg|output/tanishq_images/uncategorized/51m5b1fjbaa00_4.jpg
50e5a1fakaa32,Stylish Curve Diamond Finger Ring,18K,3.178,203.97946084724003,0.368,output/tanishq_images/uncategorized/50e5a1fakaa32_1.jpg|output/tanishq_images/uncategorized/50e5a1fakaa32_2.jpg|output/tanishq_images/uncategorized/50e5a1fakaa32_3.jpg
50d5dtfatkaa022jd000003,Petite Bloom Diamond Ring,18K,1.354,86.90629011553274,0.085,output/tanishq_images/uncategorized/50d5dtfatkaa022jd000003_1.jpg|output/tanishq_images/uncategorized/50d5dtfatkaa022jd000003_2.jpg|output/tanishq_images/uncategorized/50d5dtfatkaa022jd000003_3.jpg
50d5pafhbmaa002ea000033,Petite Floral Gold Ring,18K,1.6,102.69576379974326,0.0,output/tanishq_images/uncategorized/50d5pafhbmaa002ea000033_1.jpg|output/tanishq_images/uncategorized/50d5pafhbmaa002ea000033_2.jpg|output/tanishq_images/uncategorized/50d5pafhbmaa002ea000033_3.jpg
51d5b1ffxaa40,Vibrant Regal Emerald Finger Ring,22K,2.608,149.0285714285714,0.0,output/tanishq_images/uncategorized/51d5b1ffxaa40_1.jpg|output/tanishq_images/uncategorized/51d5b1ffxaa40_2.jpg|output/tanishq_images/uncategorized/51d5b1ffxaa40_3.jpg
50e5c1famlaa022jd000004,Chevron Crown Diamond Ring,18K,2.336,149.93581514762516,0.247,output/tanishq_images/uncategorized/50e5c1famlaa022jd000004_1.jpg|output/tanishq_images/uncategorized/50e5c1famlaa022jd000004_2.jpg|output/tanishq_images/uncategorized/50e5c1famlaa022jd000004_3.jpg
51f1kpfpraa00,Bold Eagle Ring for Men,22K,4.572,261.2571428571428,0.0,output/tanishq_images/uncategorized/51f1kpfpraa00_1.jpg|output/tanishq_images/uncategorized/51f1kpfpraa00_2.jpg|output/tanishq_images/uncategorized/51f1kpfpraa00_3.jpg
50d4arfenlaa022jd000004,Aurora Spark Diamond Ring,18K,1.427,91.59178433889602,0.15,output/tanishq_images/uncategorized/50d4arfenlaa022jd000004_1.jpg|output/tanishq_images/uncategorized/50d4arfenlaa022jd000004_2.jpg|output/tanishq_images/uncategorized/50d4arfenlaa022jd000004_3.jpg
50d5v2fatlaa022jd000056,Regal Vanki Diamond Ring,18K,2.702,173.42747111681643,0.12,output/tanishq_images/uncategorized/50d5v2fatlaa022jd000056_1.jpg|output/tanishq_images/uncategorized/50d5v2fatlaa022jd000056_2.jpg|output/tanishq_images/uncategorized/50d5v2fatlaa022jd000056_3.jpg
51m5i1fhnlaa002ja000004,Sunburst Charm Gold Ring,22K,2.324,132.79999999999998,0.0,output/tanishq_images/uncategorized/51m5i1fhnlaa002ja000004_1.jpg|output/tanishq_images/uncategorized/51m5i1fhnlaa002ja000004_2.jpg|output/tanishq_images/uncategorized/51m5i1fhnlaa002ja000004_3.jpg
50e5c1faglaa022jd000025,Eternal Shine Diamond Ring,18K,1.895,121.63029525032093,0.222,output/tanishq_images/uncategorized/50e5c1faglaa022jd000025_1.jpg|output/tanishq_images/uncategorized/50e5c1faglaa022jd000025_2.jpg|output/tanishq_images/uncategorized/50e5c1faglaa022jd000025_3.jpg
50d5plfxylaa002ed000013,Blossom Aura Gold Ring,18K,3.553,228.04878048780486,0.0,output/tanishq_images/uncategorized/50d5plfxylaa002ed000013_1.jpg|output/tanishq_images/uncategorized/50d5plfxylaa002ed000013_2.jpg|output/tanishq_images/uncategorized/50d5plfxylaa002ed000013_3.jpg
51d5p1fldaa00,Eternal Leaf Gold Ring,22K,2.044,116.8,0.0,output/tanishq_images/uncategorized/51d5p1fldaa00_1.jpg|output/tanishq_images/uncategorized/51d5p1fldaa00_2.jpg|output/tanishq_images/uncategorized/51d5p1fldaa00_3.jpg
50d4arfeplaa022jd000004,Petal Poise Diamond Ring,18K,1.609,103.27342747111682,0.107,output/tanishq_images/uncategorized/50d4arfeplaa022jd000004_1.jpg|output/tanishq_images/uncategorized/50d4arfeplaa022jd000004_2.jpg|output/tanishq_images/uncategorized/50d4arfeplaa022jd000004_3.jpg
500816fqauab023ia000599,Charismatic Men's Square Matt Diamond Finger Ring,18K,5.973,383.3761232349166,0.359,output/tanishq_images/uncategorized/500816fqauab023ia000599_1.jpg|output/tanishq_images/uncategorized/500816fqauab023ia000599_2.jpg|output/tanishq_images/uncategorized/500816fqauab023ia000599_3.jpg
513218foyaa00,Timeless Textured Gold Challa Ring for Men,22K,5.631,321.77142857142854,0.0,output/tanishq_images/uncategorized/513218foyaa00_1.jpg|output/tanishq_images/uncategorized/513218foyaa00_2.jpg
503119fbnaa02,Glorious 18 Karat Rose Gold And Diamond Square Ring,18K,5.511,353.7227214377407,0.395,output/tanishq_images/uncategorized/503119fbnaa02_1.jpg|output/tanishq_images/uncategorized/503119fbnaa02_2.jpg
50d5jsfeeaa09,Minimal Bloom Diamond Ring,18K,1.158,74.32605905006417,0.095,output/tanishq_images/uncategorized/50d5jsfeeaa09_1.jpg|output/tanishq_images/uncategorized/50d5jsfeeaa09_2.jpg|output/tanishq_images/uncategorized/50d5jsfeeaa09_3.jpg|output/tanishq_images/uncategorized/50d5jsfeeaa09_4.jpg
50d5l1framaa092jd000002,Star Bloom Diamond Ring,18K,1.367,87.74069319640564,0.036,output/tanishq_images/uncategorized/50d5l1framaa092jd000002_1.jpg|output/tanishq_images/uncategorized/50d5l1framaa092jd000002_2.jpg|output/tanishq_images/uncategorized/50d5l1framaa092jd000002_3.jpg
50d5h3frdaa09,Geometric Bow Diamond Ring,18K,1.311,84.14634146341463,0.032,output/tanishq_images/uncategorized/50d5h3frdaa09_1.jpg|output/tanishq_images/uncategorized/50d5h3frdaa09_2.jpg|output/tanishq_images/uncategorized/50d5h3frdaa09_3.jpg
511017FEVAB00,Sculpted Gold Finger Ring for Men,22K,5.159,294.79999999999995,0.0,output/tanishq_images/uncategorized/511017FEVAB00_1.jpg|output/tanishq_images/uncategorized/511017FEVAB00_2.jpg|output/tanishq_images/uncategorized/511017FEVAB00_3.jpg
50d5s2fcmlaa092ja000049,Sparkle Tide Diamond Ring,18K,2.284,146.5982028241335,0.227,output/tanishq_images/uncategorized/50d5s2fcmlaa092ja000049_1.jpg|output/tanishq_images/uncategorized/50d5s2fcmlaa092ja000049_2.jpg|output/tanishq_images/uncategorized/50d5s2fcmlaa092ja000049_3.jpg
51e5c1fdgaa00,Royal Halo Gold Ring,22K,3.017,172.39999999999998,0.0,output/tanishq_images/uncategorized/51e5c1fdgaa00_1.jpg|output/tanishq_images/uncategorized/51e5c1fdgaa00_2.jpg|output/tanishq_images/uncategorized/51e5c1fdgaa00_3.jpg
50d5l1ffkaa29,Delicate Charm Diamond Ring,18K,2.695,172.97817715019255,0.025,output/tanishq_images/uncategorized/50d5l1ffkaa29_1.jpg|output/tanishq_images/uncategorized/50d5l1ffkaa29_2.jpg|output/tanishq_images/uncategorized/50d5l1ffkaa29_3.jpg
51d5l2feslaa002ba000001,Twin Leaf Gold Ring,22K,2.433,139.0285714285714,0.0,output/tanishq_images/uncategorized/51d5l2feslaa002ba000001_1.jpg|output/tanishq_images/uncategorized/51d5l2feslaa002ba000001_2.jpg|output/tanishq_images/uncategorized/51d5l2feslaa002ba000001_3.jpg|output/tanishq_images/uncategorized/51d5l2feslaa002ba000001_4.jpg
512619fgoaa00,Eternal Om Gold Finger Ring,22K,0.792,45.25714285714285,0.0,output/tanishq_images/uncategorized/512619fgoaa00_1.jpg|output/tanishq_images/uncategorized/512619fgoaa00_2.jpg|output/tanishq_images/uncategorized/512619fgoaa00_3.jpg
50d5b1fbdaa02,Chic Regal Diamond Finger Ring,18K,3.343,214.56996148908857,0.4,output/tanishq_images/uncategorized/50d5b1fbdaa02_1.jpg|output/tanishq_images/uncategorized/50d5b1fbdaa02_2.jpg|output/tanishq_images/uncategorized/50d5b1fbdaa02_3.jpg
50d5dtfarlaa022jd000022,Urban Edge Diamond Ring,18K,1.666,106.93196405648267,0.114,output/tanishq_images/uncategorized/50d5dtfarlaa022jd000022_1.jpg|output/tanishq_images/uncategorized/50d5dtfarlaa022jd000022_2.jpg|output/tanishq_images/uncategorized/50d5dtfarlaa022jd000022_3.jpg
50m5v2fhvaa00,Dual Curve Gold Ring,18K,3.391,217.65083440308086,0.0,output/tanishq_images/uncategorized/50m5v2fhvaa00_1.jpg|output/tanishq_images/uncategorized/50m5v2fhvaa00_2.jpg|output/tanishq_images/uncategorized/50m5v2fhvaa00_3.jpg
51d5l2ffclaa002ba000001,Sculpted Frame Gold Ring,22K,1.961,112.05714285714285,0.0,output/tanishq_images/uncategorized/51d5l2ffclaa002ba000001_1.jpg|output/tanishq_images/uncategorized/51d5l2ffclaa002ba000001_2.jpg|output/tanishq_images/uncategorized/51d5l2ffclaa002ba000001_3.jpg|output/tanishq_images/uncategorized/51d5l2ffclaa002ba000001_4.jpg
50d5b2febaa02,Parallel Sparkle Diamond Ring,18K,2.398,153.91527599486523,0.18,output/tanishq_images/uncategorized/50d5b2febaa02_1.jpg|output/tanishq_images/uncategorized/50d5b2febaa02_2.jpg|output/tanishq_images/uncategorized/50d5b2febaa02_3.jpg
50d3i1fhelaa093ia000055,Radiant Curve Diamond Finger Ring,18K,2.461,157.9589216944801,0.105,output/tanishq_images/uncategorized/50d3i1fhelaa093ia000055_1.jpg|output/tanishq_images/uncategorized/50d3i1fhelaa093ia000055_2.jpg|output/tanishq_images/uncategorized/50d3i1fhelaa093ia000055_3.jpg
50g5b1fjvaa02,Edgy Matrix Diamond Finger Ring for Men,18K,3.622,232.4775353016688,0.36,output/tanishq_images/uncategorized/50g5b1fjvaa02_1.jpg|output/tanishq_images/uncategorized/50g5b1fjvaa02_2.jpg|output/tanishq_images/uncategorized/50g5b1fjvaa02_3.jpg
51d6m1fmclaa002ja000003,Luminous Axis Gold Ring,22K,2.221,126.91428571428571,0.0,output/tanishq_images/uncategorized/51d6m1fmclaa002ja000003_1.jpg|output/tanishq_images/uncategorized/51d6m1fmclaa002ja000003_2.jpg|output/tanishq_images/uncategorized/51d6m1fmclaa002ja000003_3.jpg|output/tanishq_images/uncategorized/51d6m1fmclaa002ja000003_4.jpg
51g5c1fhuaacz,Modern Crest Gold Ring for Men,22K,3.253,185.88571428571427,0.0,output/tanishq_images/uncategorized/51g5c1fhuaacz_1.jpg|output/tanishq_images/uncategorized/51g5c1fhuaacz_2.jpg|output/tanishq_images/uncategorized/51g5c1fhuaacz_3.jpg
513518FCMAA00,Grand Filigree Finger Ring,22K,7.624,435.6571428571428,0.0,output/tanishq_images/uncategorized/513518FCMAA00_1.jpg|output/tanishq_images/uncategorized/513518FCMAA00_2.jpg|output/tanishq_images/uncategorized/513518FCMAA00_3.jpg
502011felab02,Traditional Pointer Single Stone Diamond Ring for Men,18K,5.436,348.9088575096277,0.095,output/tanishq_images/uncategorized/502011felab02_1.jpg|output/tanishq_images/uncategorized/502011felab02_2.jpg|output/tanishq_images/uncategorized/502011felab02_3.jpg
502998fzraa09,Royal White Gold and Diamond Ring,18K,,,0.468,output/tanishq_images/uncategorized/502998fzraa09_1.jpg|output/tanishq_images/uncategorized/502998fzraa09_2.jpg
50d4arfelaa02,Eternal Glow Diamond Ring,18K,1.937,124.32605905006419,0.15,output/tanishq_images/uncategorized/50d4arfelaa02_1.jpg|output/tanishq_images/uncategorized/50d4arfelaa02_2.jpg|output/tanishq_images/uncategorized/50d4arfelaa02_3.jpg
51d5b1flslaa182ba000002,Climber Spark Ring,22K,3.03,173.1428571428571,0.0,output/tanishq_images/uncategorized/51d5b1flslaa182ba000002_1.jpg|output/tanishq_images/uncategorized/51d5b1flslaa182ba000002_2.jpg|output/tanishq_images/uncategorized/51d5b1flslaa182ba000002_3.jpg
50d5v2fbglaa022bd000020,Eternal Petals Diamond Ring,18K,2.551,163.73555840821567,0.3,output/tanishq_images/uncategorized/50d5v2fbglaa022bd000020_1.jpg|output/tanishq_images/uncategorized/50d5v2fbglaa022bd000020_2.jpg|output/tanishq_images/uncategorized/50d5v2fbglaa022bd000020_3.jpg|output/tanishq_images/uncategorized/50d5v2fbglaa022bd000020_4.jpg
51d5b1floaa18,Cross Floral Ring,22K,2.9,165.7142857142857,0.0,output/tanishq_images/uncategorized/51d5b1floaa18_1.jpg|output/tanishq_images/uncategorized/51d5b1floaa18_2.jpg|output/tanishq_images/uncategorized/51d5b1floaa18_3.jpg
51e5c1fcaaa00,Ornate Arch Gold Ring,22K,3.34,190.85714285714283,0.0,output/tanishq_images/uncategorized/51e5c1fcaaa00_1.jpg|output/tanishq_images/uncategorized/51e5c1fcaaa00_2.jpg|output/tanishq_images/uncategorized/51e5c1fcaaa00_3.jpg
50d5d2fdfaa02,Sparkling Petal Diamond Ring,18K,3.441,220.86007702182283,0.198,output/tanishq_images/uncategorized/50d5d2fdfaa02_1.jpg|output/tanishq_images/uncategorized/50d5d2fdfaa02_2.jpg|output/tanishq_images/uncategorized/50d5d2fdfaa02_3.jpg
50d5fdfcelaa092bd000004,Blossom Halo Diamond Ring,18K,1.126,72.2721437740693,0.07,output/tanishq_images/uncategorized/50d5fdfcelaa092bd000004_1.jpg|output/tanishq_images/uncategorized/50d5fdfcelaa092bd000004_2.jpg|output/tanishq_images/uncategorized/50d5fdfcelaa092bd000004_3.jpg
50d5pafctaa00,Mandala Bloom Gold Ring,18K,5.427,348.33119383825414,0.0,output/tanishq_images/uncategorized/50d5pafctaa00_1.jpg|output/tanishq_images/uncategorized/50d5pafctaa00_2.jpg|output/tanishq_images/uncategorized/50d5pafctaa00_3.jpg
504015folaa02,Modern Charm Diamond Ring For Men,18K,5.501,353.0808729139923,0.2,output/tanishq_images/uncategorized/504015folaa02_1.jpg|output/tanishq_images/uncategorized/504015folaa02_2.jpg|output/tanishq_images/uncategorized/504015folaa02_3.jpg
51g5amfcctaa002ja000008,Wave Crest Gold Ring For Men,22K,7.389,422.2285714285714,0.0,output/tanishq_images/uncategorized/51g5amfcctaa002ja000008_1.jpg|output/tanishq_images/uncategorized/51g5amfcctaa002ja000008_2.jpg|output/tanishq_images/uncategorized/51g5amfcctaa002ja000008_3.jpg
50g5c1fgjraa022jd000017,Bold Lattice Diamond Ring For Men,18K,6.119,392.7471116816431,0.259,output/tanishq_images/uncategorized/50g5c1fgjraa022jd000017_1.jpg|output/tanishq_images/uncategorized/50g5c1fgjraa022jd000017_2.jpg|output/tanishq_images/uncategorized/50g5c1fgjraa022jd000017_3.jpg
512d18fbeaa00,Stylish Gold Mesh Ring for Men,22K,3.33,190.28571428571428,0.0,output/tanishq_images/uncategorized/512d18fbeaa00_1.jpg|output/tanishq_images/uncategorized/512d18fbeaa00_2.jpg|output/tanishq_images/uncategorized/512d18fbeaa00_3.jpg
51d1scfgtlaa002ja001211,Effortless Chic Ring,22K,2.306,131.77142857142857,0.0,output/tanishq_images/uncategorized/51d1scfgtlaa002ja001211_1.jpg|output/tanishq_images/uncategorized/51d1scfgtlaa002ja001211_2.jpg|output/tanishq_images/uncategorized/51d1scfgtlaa002ja001211_3.jpg
50d5l1ffbaa09,Luminous Orbit Diamond Ring,18K,3.97,254.81386392811297,0.08,output/tanishq_images/uncategorized/50d5l1ffbaa09_1.jpg|output/tanishq_images/uncategorized/50d5l1ffbaa09_2.jpg|output/tanishq_images/uncategorized/50d5l1ffbaa09_3.jpg
50d5jsfegaa29,Scarlet Petal Diamond Ring,18K,2.125,136.392811296534,0.11,output/tanishq_images/uncategorized/50d5jsfegaa29_1.jpg|output/tanishq_images/uncategorized/50d5jsfegaa29_2.jpg|output/tanishq_images/uncategorized/50d5jsfegaa29_3.jpg
50d5pafcjlaa002eb000012,Floral Crown Gold Ring,18K,5.912,379.46084724005135,0.0,output/tanishq_images/uncategorized/50d5pafcjlaa002eb000012_1.jpg|output/tanishq_images/uncategorized/50d5pafcjlaa002eb000012_2.jpg|output/tanishq_images/uncategorized/50d5pafcjlaa002eb000012_3.jpg
50d4arfeiaa02,Geometric Gleam Diamond Ring,18K,1.625,104.30038510911425,0.15,output/tanishq_images/uncategorized/50d4arfeiaa02_1.jpg|output/tanishq_images/uncategorized/50d4arfeiaa02_2.jpg|output/tanishq_images/uncategorized/50d4arfeiaa02_3.jpg
512313fjqaa00,Simple Gold Ring,22K,0.729,41.65714285714285,0.0,output/tanishq_images/uncategorized/512313fjqaa00_1.jpg|output/tanishq_images/uncategorized/512313fjqaa00_2.jpg|output/tanishq_images/uncategorized/512313fjqaa00_3.jpg
50d5b2feaaa02,Enchanted Bloom Diamond Ring,18K,2.291,147.04749679075738,0.337,output/tanishq_images/uncategorized/50d5b2feaaa02_1.jpg|output/tanishq_images/uncategorized/50d5b2feaaa02_2.jpg|output/tanishq_images/uncategorized/50d5b2feaaa02_3.jpg
50e5b1fefaa02,Luxe Knot Diamond Finger Ring,18K,2.915,187.09884467265726,0.209,output/tanishq_images/uncategorized/50e5b1fefaa02_1.jpg|output/tanishq_images/uncategorized/50e5b1fefaa02_2.jpg|output/tanishq_images/uncategorized/50e5b1fefaa02_3.jpg
51m4c1fffaa00,Grace Wrap Gold Ring,22K,1.522,86.97142857142856,0.0,output/tanishq_images/uncategorized/51m4c1fffaa00_1.jpg|output/tanishq_images/uncategorized/51m4c1fffaa00_2.jpg|output/tanishq_images/uncategorized/51m4c1fffaa00_3.jpg
500494fwapaa023ia708070,Ridged Single Stone Diamond Ring,18K,3.599,231.0012836970475,0.128,output/tanishq_images/uncategorized/500494fwapaa023ia708070_1.jpg|output/tanishq_images/uncategorized/500494fwapaa023ia708070_2.jpg|output/tanishq_images/uncategorized/500494fwapaa023ia708070_3.jpg
51e5c1fcsaa00,Rope Lattice Gold Ring,22K,3.574,204.2285714285714,0.0,output/tanishq_images/uncategorized/51e5c1fcsaa00_1.jpg|output/tanishq_images/uncategorized/51e5c1fcsaa00_2.jpg|output/tanishq_images/uncategorized/51e5c1fcsaa00_3.jpg
512619fhfaa00,Leaf Gold Finger Ring,22K,1.29,73.71428571428571,0.0,output/tanishq_images/uncategorized/512619fhfaa00_1.jpg|output/tanishq_images/uncategorized/512619fhfaa00_2.jpg|output/tanishq_images/uncategorized/512619fhfaa00_3.jpg
50d5fdfvk3a09,Sculpted Beadwork Diamond Ring,18K,4.3,275.99486521181,0.268,output/tanishq_images/uncategorized/50d5fdfvk3a09_1.jpg|output/tanishq_images/uncategorized/50d5fdfvk3a09_2.jpg|output/tanishq_images/uncategorized/50d5fdfvk3a09_3.jpg|output/tanishq_images/uncategorized/50d5fdfvk3a09_4.jpg|output/tanishq_images/uncategorized/50d5fdfvk3a09_5.jpg|output/tanishq_images/uncategorized/50d5fdfvk3a09_6.jpg
512218fdhaa00,Regal 22 Karat Gold Ganesha Ring,22K,6.909,394.79999999999995,0.0,output/tanishq_images/uncategorized/512218fdhaa00_1.jpg|output/tanishq_images/uncategorized/512218fdhaa00_2.jpg|output/tanishq_images/uncategorized/512218fdhaa00_3.jpg
516061FGNAA00,Sophisticated Chic Ring,22K,2.351,134.34285714285713,0.0,output/tanishq_images/uncategorized/516061FGNAA00_1.jpg|output/tanishq_images/uncategorized/516061FGNAA00_2.jpg|output/tanishq_images/uncategorized/516061FGNAA00_3.jpg|output/tanishq_images/uncategorized/516061FGNAA00_4.jpg
50d5b2fhvaa02,Chic Prism Diamond Finger Ring,18K,2.605,167.20154043645698,0.33,output/tanishq_images/uncategorized/50d5b2fhvaa02_1.jpg|output/tanishq_images/uncategorized/50d5b2fhvaa02_2.jpg|output/tanishq_images/uncategorized/50d5b2fhvaa02_3.jpg
50d5h2fqllaa022ja000018,Serene Wave Diamond Ring,18K,4.312,276.7650834403081,0.14,output/tanishq_images/uncategorized/50d5h2fqllaa022ja000018_1.jpg|output/tanishq_images/uncategorized/50d5h2fqllaa022ja000018_2.jpg|output/tanishq_images/uncategorized/50d5h2fqllaa022ja000018_3.jpg|output/tanishq_images/uncategorized/50d5h2fqllaa022ja000018_4.jpg
50e5a1faanaa322jh000002,Gleaming Twin Diamond Finger Ring,18K,2.959,189.92297817715018,0.156,output/tanishq_images/uncategorized/50e5a1faanaa322jh000002_1.jpg|output/tanishq_images/uncategorized/50e5a1faanaa322jh000002_2.jpg|output/tanishq_images/uncategorized/50e5a1faanaa322jh000002_3.jpg
51d5l2feaaa00,Eternal Curve Gold Ring,22K,2.142,122.39999999999998,0.0,output/tanishq_images/uncategorized/51d5l2feaaa00_1.jpg|output/tanishq_images/uncategorized/51d5l2feaaa00_2.jpg|output/tanishq_images/uncategorized/51d5l2feaaa00_3.jpg|output/tanishq_images/uncategorized/51d5l2feaaa00_4.jpg
50d5v2fcclaa022jd000032,Radiant Leaves Diamond Ring,18K,3.092,198.45956354300387,0.242,output/tanishq_images/uncategorized/50d5v2fcclaa022jd000032_1.jpg|output/tanishq_images/uncategorized/50d5v2fcclaa022jd000032_2.jpg|output/tanishq_images/uncategorized/50d5v2fcclaa022jd000032_3.jpg
51m4c1ffilaa002bd000084,Spiral Edge Gold Ring,18K,3.264,209.49935815147623,0.0,output/tanishq_images/uncategorized/51m4c1ffilaa002bd000084_1.jpg|output/tanishq_images/uncategorized/51m4c1ffilaa002bd000084_2.jpg|output/tanishq_images/uncategorized/51m4c1ffilaa002bd000084_3.jpg|output/tanishq_images/uncategorized/51m4c1ffilaa002bd000084_4.jpg
50d5l1flgaa09,Flow Crest Diamond Ring,18K,1.584,101.66880616174583,0.032,output/tanishq_images/uncategorized/50d5l1flgaa09_1.jpg|output/tanishq_images/uncategorized/50d5l1flgaa09_2.jpg|output/tanishq_images/uncategorized/50d5l1flgaa09_3.jpg
51e5c1fdeaa00,Divine Blossom Gold Ring,22K,3.556,203.2,0.0,output/tanishq_images/uncategorized/51e5c1fdeaa00_1.jpg|output/tanishq_images/uncategorized/51e5c1fdeaa00_2.jpg|output/tanishq_images/uncategorized/51e5c1fdeaa00_3.jpg
51e5c1fbxaa00,Floral Vine Gold Ring,22K,3.279,187.37142857142854,0.0,output/tanishq_images/uncategorized/51e5c1fbxaa00_1.jpg|output/tanishq_images/uncategorized/51e5c1fbxaa00_2.jpg|output/tanishq_images/uncategorized/51e5c1fbxaa00_3.jpg
50m5v2fegaa00,Sculpted Layer Gold Ring,18K,2.097,134.5956354300385,0.0,output/tanishq_images/uncategorized/50m5v2fegaa00_1.jpg|output/tanishq_images/uncategorized/50m5v2fegaa00_2.jpg|output/tanishq_images/uncategorized/50m5v2fegaa00_3.jpg
50g5c1fgcaa02,Bold Double Diamond Ring For Men,18K,3.873,248.58793324775354,0.268,output/tanishq_images/uncategorized/50g5c1fgcaa02_1.jpg|output/tanishq_images/uncategorized/50g5c1fgcaa02_2.jpg|output/tanishq_images/uncategorized/50g5c1fgcaa02_3.jpg
51d3c3fiuaa00,Royal Gold Finger Ring,22K,6.056,346.0571428571428,0.0,output/tanishq_images/uncategorized/51d3c3fiuaa00_1.jpg|output/tanishq_images/uncategorized/51d3c3fiuaa00_2.jpg|output/tanishq_images/uncategorized/51d3c3fiuaa00_3.jpg|output/tanishq_images/uncategorized/51d3c3fiuaa00_4.jpg
50e5b1fchaa02,Circle Pop Diamond Ring,18K,3.592,230.55198973042363,0.357,output/tanishq_images/uncategorized/50e5b1fchaa02_1.jpg|output/tanishq_images/uncategorized/50e5b1fchaa02_2.jpg|output/tanishq_images/uncategorized/50e5b1fchaa02_3.jpg
50e5b1fciaa02,Marquise Muse Diamond Ring,18K,3.838,246.34146341463415,0.33,output/tanishq_images/uncategorized/50e5b1fciaa02_1.jpg|output/tanishq_images/uncategorized/50e5b1fciaa02_2.jpg|output/tanishq_images/uncategorized/50e5b1fciaa02_3.jpg
50d5c1fqmlaa092ba000003,Interwoven Sparkle Diamond Ring,18K,2.126,136.45699614890884,0.235,output/tanishq_images/uncategorized/50d5c1fqmlaa092ba000003_1.jpg|output/tanishq_images/uncategorized/50d5c1fqmlaa092ba000003_2.jpg|output/tanishq_images/uncategorized/50d5c1fqmlaa092ba000003_3.jpg
51e5c1fdaaa00,Regal Lattice Gold Ring,22K,3.591,205.2,0.0,output/tanishq_images/uncategorized/51e5c1fdaaa00_1.jpg|output/tanishq_images/uncategorized/51e5c1fdaaa00_2.jpg|output/tanishq_images/uncategorized/51e5c1fdaaa00_3.jpg
512c17fddaa00,Breathtaking Scarlet Meenakari 22 Karat Gold Ring,22K,7.876,450.0571428571428,0.0,output/tanishq_images/uncategorized/512c17fddaa00_1.jpg|output/tanishq_images/uncategorized/512c17fddaa00_2.jpg|output/tanishq_images/uncategorized/512c17fddaa00_3.jpg|output/tanishq_images/uncategorized/512c17fddaa00_4.jpg
50d2i1fdlaa02,Subtle Infinity Diamond Finger Ring,18K,1.828,117.32991014120668,0.044,output/tanishq_images/uncategorized/50d2i1fdlaa02_1.jpg|output/tanishq_images/uncategorized/50d2i1fdlaa02_2.jpg|output/tanishq_images/uncategorized/50d2i1fdlaa02_3.jpg
50d5pafhcoaa002ea000026,Maple Muse Gold Ring,18K,1.746,112.06675224646983,0.0,output/tanishq_images/uncategorized/50d5pafhcoaa002ea000026_1.jpg|output/tanishq_images/uncategorized/50d5pafhcoaa002ea000026_2.jpg|output/tanishq_images/uncategorized/50d5pafhcoaa002ea000026_3.jpg
50g3i1fhwaa02,Eternal Spark Diamond Finger Ring,18K,5.899,378.62644415917845,0.309,output/tanishq_images/uncategorized/50g3i1fhwaa02_1.jpg|output/tanishq_images/uncategorized/50g3i1fhwaa02_2.jpg|output/tanishq_images/uncategorized/50g3i1fhwaa02_3.jpg
51d2i2fakaa00,Infinity Embrace Gold Ring,22K,2.005,114.57142857142856,0.0,output/tanishq_images/uncategorized/51d2i2fakaa00_1.jpg|output/tanishq_images/uncategorized/51d2i2fakaa00_2.jpg|output/tanishq_images/uncategorized/51d2i2fakaa00_3.jpg
50e5b1feuaa02,Infinite Vanki Diamond Ring,18K,1.675,107.50962772785623,0.143,output/tanishq_images/uncategorized/50e5b1feuaa02_1.jpg|output/tanishq_images/uncategorized/50e5b1feuaa02_2.jpg|output/tanishq_images/uncategorized/50e5b1feuaa02_3.jpg
50g3i1figraa023ia000107,Lustrous Cluster Diamond Finger Ring,18K,5.339,342.6829268292683,0.337,output/tanishq_images/uncategorized/50g3i1figraa023ia000107_1.jpg|output/tanishq_images/uncategorized/50g3i1figraa023ia000107_2.jpg|output/tanishq_images/uncategorized/50g3i1figraa023ia000107_3.jpg
50d4arfbqaa02,Imperial Gleam Diamond Finger Ring,18K,2.718,174.45442875481385,0.462,output/tanishq_images/uncategorized/50d4arfbqaa02_1.jpg|output/tanishq_images/uncategorized/50d4arfbqaa02_2.jpg|output/tanishq_images/uncategorized/50d4arfbqaa02_3.jpg
51f5h2fazaa32,Navaratna Vanki Diamond Ring,22K,4.649,265.65714285714284,0.036,output/tanishq_images/uncategorized/51f5h2fazaa32_1.jpg|output/tanishq_images/uncategorized/51f5h2fazaa32_2.jpg|output/tanishq_images/uncategorized/51f5h2fazaa32_3.jpg|output/tanishq_images/uncategorized/51f5h2fazaa32_4.jpg
51d1scffhlaa002ja002028,Essence Of Eternal Love Ring,22K,2.586,147.77142857142854,0.0,output/tanishq_images/uncategorized/51d1scffhlaa002ja002028_1.jpg|output/tanishq_images/uncategorized/51d1scffhlaa002ja002028_2.jpg|output/tanishq_images/uncategorized/51d1scffhlaa002ja002028_3.jpg
51d5b1fynaacz,Dual Leaf Gold Ring,22K,2.862,163.54285714285714,0.0,output/tanishq_images/uncategorized/51d5b1fynaacz_1.jpg|output/tanishq_images/uncategorized/51d5b1fynaacz_2.jpg|output/tanishq_images/uncategorized/51d5b1fynaacz_3.jpg
50d5pafcelaa002eb000021,Imperial Petals Gold Ring,18K,5.168,331.7073170731707,0.0,output/tanishq_images/uncategorized/50d5pafcelaa002eb000021_1.jpg|output/tanishq_images/uncategorized/50d5pafcelaa002eb000021_2.jpg|output/tanishq_images/uncategorized/50d5pafcelaa002eb000021_3.jpg
50e5c1fbgaa02,Sunburst Glow Diamond Ring,18K,3.083,197.8818998716303,0.383,output/tanishq_images/uncategorized/50e5c1fbgaa02_1.jpg|output/tanishq_images/uncategorized/50e5c1fbgaa02_2.jpg|output/tanishq_images/uncategorized/50e5c1fbgaa02_3.jpg
51d5b1fjraa18,Swirling Bold Ruby Finger Ring,22K,2.588,147.88571428571427,0.0,output/tanishq_images/uncategorized/51d5b1fjraa18_1.jpg|output/tanishq_images/uncategorized/51d5b1fjraa18_2.jpg|output/tanishq_images/uncategorized/51d5b1fjraa18_3.jpg
51d3b1fxaaa00,Two Hearts Ring,22K,2.336,133.48571428571427,0.0,output/tanishq_images/uncategorized/51d3b1fxaaa00_1.jpg|output/tanishq_images/uncategorized/51d3b1fxaaa00_2.jpg|output/tanishq_images/uncategorized/51d3b1fxaaa00_3.jpg
51d5l2ffsaa00,Linked Curve Gold Ring,22K,2.32,132.57142857142856,0.0,output/tanishq_images/uncategorized/51d5l2ffsaa00_1.jpg|output/tanishq_images/uncategorized/51d5l2ffsaa00_2.jpg|output/tanishq_images/uncategorized/51d5l2ffsaa00_3.jpg|output/tanishq_images/uncategorized/51d5l2ffsaa00_4.jpg
50d5b2flraa02,Curved Glow Diamond Ring,18K,2.223,142.6829268292683,0.228,output/tanishq_images/uncategorized/50d5b2flraa02_1.jpg|output/tanishq_images/uncategorized/50d5b2flraa02_2.jpg|output/tanishq_images/uncategorized/50d5b2flraa02_3.jpg
50e5b1fbjraa022jd000003,Twin Trail Diamond Ring for Men,18K,5.041,323.5558408215661,0.061,output/tanishq_images/uncategorized/50e5b1fbjraa022jd000003_1.jpg|output/tanishq_images/uncategorized/50e5b1fbjraa022jd000003_2.jpg|output/tanishq_images/uncategorized/50e5b1fbjraa022jd000003_3.jpg
50d4arfdjlaa092bd000004,Chic Petal Diamond Finger Ring,18K,1.429,91.7201540436457,0.115,output/tanishq_images/uncategorized/50d4arfdjlaa092bd000004_1.jpg|output/tanishq_images/uncategorized/50d4arfdjlaa092bd000004_2.jpg|output/tanishq_images/uncategorized/50d4arfdjlaa092bd000004_3.jpg
50d5l1ffimaa292bx000009,Aura Floral Diamond Ring,18K,3.422,219.6405648267009,0.05,output/tanishq_images/uncategorized/50d5l1ffimaa292bx000009_1.jpg|output/tanishq_images/uncategorized/50d5l1ffimaa292bx000009_2.jpg|output/tanishq_images/uncategorized/50d5l1ffimaa292bx000009_3.jpg
50d5h2fojaa02,Twinning Flora Diamond Ring,18K,2.001,128.4338896020539,0.163,output/tanishq_images/uncategorized/50d5h2fojaa02_1.jpg|output/tanishq_images/uncategorized/50d5h2fojaa02_2.jpg|output/tanishq_images/uncategorized/50d5h2fojaa02_3.jpg|output/tanishq_images/uncategorized/50d5h2fojaa02_4.jpg
50d5pifgtaa00,Floral Grandeur Gold Ring,18K,5.439,349.10141206675223,0.0,output/tanishq_images/uncategorized/50d5pifgtaa00_1.jpg|output/tanishq_images/uncategorized/50d5pifgtaa00_2.jpg|output/tanishq_images/uncategorized/50d5pifgtaa00_3.jpg
50g5c1fcwaa02,Modern Minimalist Diamond Ring For Men,18K,4.593,294.801026957638,0.185,output/tanishq_images/uncategorized/50g5c1fcwaa02_1.jpg|output/tanishq_images/uncategorized/50g5c1fcwaa02_2.jpg|output/tanishq_images/uncategorized/50g5c1fcwaa02_3.jpg
50d5pifhdaa00,Twin Triad Gold Ring,18K,1.712,109.88446726572529,0.0,output/tanishq_images/uncategorized/50d5pifhdaa00_1.jpg|output/tanishq_images/uncategorized/50d5pifhdaa00_2.jpg|output/tanishq_images/uncategorized/50d5pifhdaa00_3.jpg
511518fbuoaa002ea000191,Eclectic 22 Karat Yellow Gold Leaf Finger Ring,22K,4.167,238.11428571428567,0.0,output/tanishq_images/uncategorized/511518fbuoaa002ea000191_1.jpg|output/tanishq_images/uncategorized/511518fbuoaa002ea000191_2.jpg|output/tanishq_images/uncategorized/511518fbuoaa002ea000191_3.jpg
50e5c1fazlaa022jd000039,Classic Dual Diamond Ring,18K,2.586,165.98202824133503,0.196,output/tanishq_images/uncategorized/50e5c1fazlaa022jd000039_1.jpg|output/tanishq_images/uncategorized/50e5c1fazlaa022jd000039_2.jpg|output/tanishq_images/uncategorized/50e5c1fazlaa022jd000039_3.jpg
50dxwmfccnaa022bd000009,Celestial Wing Diamond Ring,18K,2.975,190.94993581514763,0.215,output/tanishq_images/uncategorized/50dxwmfccnaa022bd000009_1.jpg|output/tanishq_images/uncategorized/50dxwmfccnaa022bd000009_2.jpg|output/tanishq_images/uncategorized/50dxwmfccnaa022bd000009_3.jpg|output/tanishq_images/uncategorized/50dxwmfccnaa022bd000009_4.jpg
51e5c1fdoaa00,Oval Frame Gold Ring,22K,3.94,225.1428571428571,0.0,output/tanishq_images/uncategorized/51e5c1fdoaa00_1.jpg|output/tanishq_images/uncategorized/51e5c1fdoaa00_2.jpg|output/tanishq_images/uncategorized/51e5c1fdoaa00_3.jpg
50d5b2fnmlaa022bb000273,Dainty Curve Diamond Finger Ring,18K,2.265,145.37869062901157,0.235,output/tanishq_images/uncategorized/50d5b2fnmlaa022bb000273_1.jpg|output/tanishq_images/uncategorized/50d5b2fnmlaa022bb000273_2.jpg|output/tanishq_images/uncategorized/50d5b2fnmlaa022bb000273_3.jpg
511418frenab002eb004540,Heavenly Floral Gold Finger Ring,22K,3.94,225.1428571428571,0.0,output/tanishq_images/uncategorized/511418frenab002eb004540_1.jpg|output/tanishq_images/uncategorized/511418frenab002eb004540_2.jpg|output/tanishq_images/uncategorized/511418frenab002eb004540_3.jpg
50e5a1fajlaa323ih000002,Tanzanite Muse Diamond Ring,18K,2.6,166.8806161745828,0.248,output/tanishq_images/uncategorized/50e5a1fajlaa323ih000002_1.jpg|output/tanishq_images/uncategorized/50e5a1fajlaa323ih000002_2.jpg|output/tanishq_images/uncategorized/50e5a1fajlaa323ih000002_3.jpg
50d5flfagaa02,Petal Play Diamond Ring,18K,4.164,267.2657252888318,0.165,output/tanishq_images/uncategorized/50d5flfagaa02_1.jpg|output/tanishq_images/uncategorized/50d5flfagaa02_2.jpg|output/tanishq_images/uncategorized/50d5flfagaa02_3.jpg|output/tanishq_images/uncategorized/50d5flfagaa02_4.jpg|output/tanishq_images/uncategorized/50d5flfagaa02_5.jpg|output/tanishq_images/uncategorized/50d5flfagaa02_6.jpg
50e5a1fatlaa022jh000002,Elegant Radiance Diamond Finger Ring,18K,2.989,191.84852374839537,0.317,output/tanishq_images/uncategorized/50e5a1fatlaa022jh000002_1.jpg|output/tanishq_images/uncategorized/50e5a1fatlaa022jh000002_2.jpg|output/tanishq_images/uncategorized/50e5a1fatlaa022jh000002_3.jpg
50d5h3ftiaa09,Interlaced Bloom Diamond Ring,18K,1.559,100.06418485237484,0.035,output/tanishq_images/uncategorized/50d5h3ftiaa09_1.jpg|output/tanishq_images/uncategorized/50d5h3ftiaa09_2.jpg|output/tanishq_images/uncategorized/50d5h3ftiaa09_3.jpg
50g5b1fcnaa02,Urban Armour Diamond Ring for Men,18K,4.485,287.86906290115536,0.14,output/tanishq_images/uncategorized/50g5b1fcnaa02_1.jpg|output/tanishq_images/uncategorized/50g5b1fcnaa02_2.jpg|output/tanishq_images/uncategorized/50g5b1fcnaa02_3.jpg
50e5c1fecaa02,Twin Orbit Diamond Ring,18K,2.064,132.4775353016688,0.174,output/tanishq_images/uncategorized/50e5c1fecaa02_1.jpg|output/tanishq_images/uncategorized/50e5c1fecaa02_2.jpg|output/tanishq_images/uncategorized/50e5c1fecaa02_3.jpg
501719fqvaa00,Sunlit Dome Gold Ring,18K,2.8,179.7175866495507,0.0,output/tanishq_images/uncategorized/501719fqvaa00_1.jpg|output/tanishq_images/uncategorized/501719fqvaa00_2.jpg|output/tanishq_images/uncategorized/501719fqvaa00_3.jpg|output/tanishq_images/uncategorized/501719fqvaa00_4.jpg
50d5flfabaa02,Petal Pop Diamond Ring,18K,5.105,327.66367137355587,0.159,output/tanishq_images/uncategorized/50d5flfabaa02_1.jpg|output/tanishq_images/uncategorized/50d5flfabaa02_2.jpg|output/tanishq_images/uncategorized/50d5flfabaa02_3.jpg|output/tanishq_images/uncategorized/50d5flfabaa02_4.jpg|output/tanishq_images/uncategorized/50d5flfabaa02_5.jpg|output/tanishq_images/uncategorized/50d5flfabaa02_6.jpg
510783fhaaa00,Elegant 22 Karat Matte Yellow Gold Ring,22K,2.185,124.85714285714285,0.0,output/tanishq_images/uncategorized/510783fhaaa00_1.jpg|output/tanishq_images/uncategorized/510783fhaaa00_2.jpg|output/tanishq_images/uncategorized/510783fhaaa00_3.jpg
50e5c1fahaa02,Forever Linked Diamond Ring,18K,2.134,136.97047496790756,0.188,output/tanishq_images/uncategorized/50e5c1fahaa02_1.jpg|output/tanishq_images/uncategorized/50e5c1fahaa02_2.jpg|output/tanishq_images/uncategorized/50e5c1fahaa02_3.jpg
50g5b1fcqaa02,Textured Majesty Diamond Finger Ring for Men,18K,4.27,274.0693196405648,0.388,output/tanishq_images/uncategorized/50g5b1fcqaa02_1.jpg|output/tanishq_images/uncategorized/50g5b1fcqaa02_2.jpg|output/tanishq_images/uncategorized/50g5b1fcqaa02_3.jpg
50d5h2fkslaa022ja000023,Timeless Halo Diamond Ring,18K,3.423,219.70474967907575,0.208,output/tanishq_images/uncategorized/50d5h2fkslaa022ja000023_1.jpg|output/tanishq_images/uncategorized/50d5h2fkslaa022ja000023_2.jpg|output/tanishq_images/uncategorized/50d5h2fkslaa022ja000023_3.jpg
51d3d2fvuaacz,Symphony of Colour Finger Ring,22K,2.863,163.6,0.0,output/tanishq_images/uncategorized/51d3d2fvuaacz_1.jpg|output/tanishq_images/uncategorized/51d3d2fvuaacz_2.jpg|output/tanishq_images/uncategorized/51d3d2fvuaacz_3.jpg
51d4mpfbqaa00,Versatile Bypass Ring,22K,8.179,467.37142857142857,0.0,output/tanishq_images/uncategorized/51d4mpfbqaa00_1.jpg|output/tanishq_images/uncategorized/51d4mpfbqaa00_2.jpg|output/tanishq_images/uncategorized/51d4mpfbqaa00_3.jpg|output/tanishq_images/uncategorized/51d4mpfbqaa00_4.jpg
50d5v2fcblaa022jd000033,Celestial Vine Diamond Ring,18K,2.4,154.04364569961487,0.234,output/tanishq_images/uncategorized/50d5v2fcblaa022jd000033_1.jpg|output/tanishq_images/uncategorized/50d5v2fcblaa022jd000033_2.jpg|output/tanishq_images/uncategorized/50d5v2fcblaa022jd000033_3.jpg
51e5c1fddaa00,Lotus Crown Gold Ring,22K,2.703,154.45714285714283,0.0,output/tanishq_images/uncategorized/51e5c1fddaa00_1.jpg|output/tanishq_images/uncategorized/51e5c1fddaa00_2.jpg|output/tanishq_images/uncategorized/51e5c1fddaa00_3.jpg
50g5b1fbzaa02,Diagonal Power Diamond Ring for Men,18K,5.647,362.4518613607189,0.293,output/tanishq_images/uncategorized/50g5b1fbzaa02_1.jpg|output/tanishq_images/uncategorized/50g5b1fbzaa02_2.jpg|output/tanishq_images/uncategorized/50g5b1fbzaa02_3.jpg
50g5b1fjlaa02,Sleek Hexagon Diamond Finger Ring for Men,18K,3.267,209.69191270860077,0.29,output/tanishq_images/uncategorized/50g5b1fjlaa02_1.jpg|output/tanishq_images/uncategorized/50g5b1fjlaa02_2.jpg|output/tanishq_images/uncategorized/50g5b1fjlaa02_3.jpg
510187fgaab00,Majestic Yellow Gold Roped Square Finger Ring,22K,3.928,224.45714285714283,0.0,output/tanishq_images/uncategorized/510187fgaab00_1.jpg|output/tanishq_images/uncategorized/510187fgaab00_2.jpg|output/tanishq_images/uncategorized/510187fgaab00_3.jpg
50e5b1fcpaa02,Bold Precision Diamond Finger Ring for Men,18K,4.401,282.4775353016688,0.41,output/tanishq_images/uncategorized/50e5b1fcpaa02_1.jpg|output/tanishq_images/uncategorized/50e5b1fcpaa02_2.jpg|output/tanishq_images/uncategorized/50e5b1fcpaa02_3.jpg
50f5gcfedaa02,Spiritual Radiance Diamond Ring,18K,4.513,289.66623876765084,0.053,output/tanishq_images/uncategorized/50f5gcfedaa02_1.jpg|output/tanishq_images/uncategorized/50f5gcfedaa02_2.jpg|output/tanishq_images/uncategorized/50f5gcfedaa02_3.jpg
50d4arfazaa02,Entwine Illusion Diamond Ring,18K,2.186,140.30808729139923,0.38,output/tanishq_images/uncategorized/50d4arfazaa02_1.jpg|output/tanishq_images/uncategorized/50d4arfazaa02_2.jpg|output/tanishq_images/uncategorized/50d4arfazaa02_3.jpg
51m4c1falmaa002ed000014,Angled Form Gold Ring,22K,6.123,349.88571428571424,0.0,output/tanishq_images/uncategorized/51m4c1falmaa002ed000014_1.jpg|output/tanishq_images/uncategorized/51m4c1falmaa002ed000014_2.jpg|output/tanishq_images/uncategorized/51m4c1falmaa002ed000014_3.jpg|output/tanishq_images/uncategorized/51m4c1falmaa002ed000014_4.jpg
50d5s2fcplaa093ia000042,Sparkle Twist Diamond Ring,18K,2.439,156.54685494223364,0.13,output/tanishq_images/uncategorized/50d5s2fcplaa093ia000042_1.jpg|output/tanishq_images/uncategorized/50d5s2fcplaa093ia000042_2.jpg|output/tanishq_images/uncategorized/50d5s2fcplaa093ia000042_3.jpg
50e5b1fdyaa02,Radiant Lattice Diamond Finger Ring,18K,2.141,137.41976893453145,0.31,output/tanishq_images/uncategorized/50e5b1fdyaa02_1.jpg|output/tanishq_images/uncategorized/50e5b1fdyaa02_2.jpg|output/tanishq_images/uncategorized/50e5b1fdyaa02_3.jpg
50d5l1ftgaa09,Drift Curve Diamond Ring,18K,1.312,84.21052631578948,0.04,output/tanishq_images/uncategorized/50d5l1ftgaa09_1.jpg|output/tanishq_images/uncategorized/50d5l1ftgaa09_2.jpg|output/tanishq_images/uncategorized/50d5l1ftgaa09_3.jpg
511719fqotav002ee000001,Ornate Weave Gold Ring,22K,5.15,294.2857142857143,0.0,output/tanishq_images/uncategorized/511719fqotav002ee000001_1.jpg|output/tanishq_images/uncategorized/511719fqotav002ee000001_2.jpg|output/tanishq_images/uncategorized/511719fqotav002ee000001_3.jpg|output/tanishq_images/uncategorized/511719fqotav002ee000001_4.jpg|output/tanishq_images/uncategorized/511719fqotav002ee000001_5.jpg
50d5dtfbakaa022jd000009,Whisper Arc Diamond Ring,18K,1.362,87.41976893453146,0.089,output/tanishq_images/uncategorized/50d5dtfbakaa022jd000009_1.jpg|output/tanishq_images/uncategorized/50d5dtfbakaa022jd000009_2.jpg|output/tanishq_images/uncategorized/50d5dtfbakaa022jd000009_3.jpg
51d3d2fqaaa00,Encircling Dreams Finger Ring,22K,1.745,99.71428571428571,0.0,output/tanishq_images/uncategorized/51d3d2fqaaa00_1.jpg|output/tanishq_images/uncategorized/51d3d2fqaaa00_2.jpg|output/tanishq_images/uncategorized/51d3d2fqaaa00_3.jpg
51m5b1fdblaa002ed000010,Twisted Wire Gold Ring,22K,4.807,274.68571428571425,0.0,output/tanishq_images/uncategorized/51m5b1fdblaa002ed000010_1.jpg|output/tanishq_images/uncategorized/51m5b1fdblaa002ed000010_2.jpg|output/tanishq_images/uncategorized/51m5b1fdblaa002ed000010_3.jpg
50d5ptfhsaa09,Mirage Curve Diamond Ring,18K,2.488,159.69191270860077,0.147,output/tanishq_images/uncategorized/50d5ptfhsaa09_1.jpg|output/tanishq_images/uncategorized/50d5ptfhsaa09_2.jpg|output/tanishq_images/uncategorized/50d5ptfhsaa09_3.jpg
50m4i1fhlmaa002ja000024,Spiral Charm Gold Finger Ring,18K,3.892,249.80744544287546,0.0,output/tanishq_images/uncategorized/50m4i1fhlmaa002ja000024_1.jpg|output/tanishq_images/uncategorized/50m4i1fhlmaa002ja000024_2.jpg|output/tanishq_images/uncategorized/50m4i1fhlmaa002ja000024_3.jpg
50e5b1fbhraa022jd000002,Bold Band Diamond Ring for Men,18K,4.542,291.5275994865212,0.053,output/tanishq_images/uncategorized/50e5b1fbhraa022jd000002_1.jpg|output/tanishq_images/uncategorized/50e5b1fbhraa022jd000002_2.jpg|output/tanishq_images/uncategorized/50e5b1fbhraa022jd000002_3.jpg
51d5p1flqaa00,Dotted Gleam Gold Ring,22K,1.921,109.77142857142856,0.0,output/tanishq_images/uncategorized/51d5p1flqaa00_1.jpg|output/tanishq_images/uncategorized/51d5p1flqaa00_2.jpg|output/tanishq_images/uncategorized/51d5p1flqaa00_3.jpg
50d3c3foyaa02,Twirl Spark Diamond Ring,18K,,,0.22,output/tanishq_images/uncategorized/50d3c3foyaa02_1.jpg|output/tanishq_images/uncategorized/50d3c3foyaa02_2.jpg|output/tanishq_images/uncategorized/50d3c3foyaa02_3.jpg
51d5l2fekaa00,Endless Heart Gold Ring,22K,2.071,118.34285714285714,0.0,output/tanishq_images/uncategorized/51d5l2fekaa00_1.jpg|output/tanishq_images/uncategorized/51d5l2fekaa00_2.jpg|output/tanishq_images/uncategorized/51d5l2fekaa00_3.jpg|output/tanishq_images/uncategorized/51d5l2fekaa00_4.jpg
50d5fdfvj2a09,Serene Tiara Diamond Ring,18K,3.535,226.89345314505778,0.304,output/tanishq_images/uncategorized/50d5fdfvj2a09_1.jpg|output/tanishq_images/uncategorized/50d5fdfvj2a09_2.jpg|output/tanishq_images/uncategorized/50d5fdfvj2a09_3.jpg|output/tanishq_images/uncategorized/50d5fdfvj2a09_4.jpg|output/tanishq_images/uncategorized/50d5fdfvj2a09_5.jpg|output/tanishq_images/uncategorized/50d5fdfvj2a09_6.jpg|output/tanishq_images/uncategorized/50d5fdfvj2a09_7.jpg
51d5b2foqaa00,Sunlit Heritage Gold Ring,22K,2.664,152.22857142857143,0.0,output/tanishq_images/uncategorized/51d5b2foqaa00_1.jpg|output/tanishq_images/uncategorized/51d5b2foqaa00_2.jpg|output/tanishq_images/uncategorized/51d5b2foqaa00_3.jpg
51d5p1faekaa002ja000012,Tranquillity Twist Gold Ring,22K,2.092,119.54285714285713,0.0,output/tanishq_images/uncategorized/51d5p1faekaa002ja000012_1.jpg|output/tanishq_images/uncategorized/51d5p1faekaa002ja000012_2.jpg|output/tanishq_images/uncategorized/51d5p1faekaa002ja000012_3.jpg
51m5i1fayaa00,Beaded Bliss Gold Ring,22K,1.321,75.48571428571428,0.0,output/tanishq_images/uncategorized/51m5i1fayaa00_1.jpg|output/tanishq_images/uncategorized/51m5i1fayaa00_2.jpg|output/tanishq_images/uncategorized/51m5i1fayaa00_3.jpg
50d3fffcoaa09,Center of Attraction Finger Ring,18K,2.611,167.58664955070606,0.118,output/tanishq_images/uncategorized/50d3fffcoaa09_1.jpg|output/tanishq_images/uncategorized/50d3fffcoaa09_2.jpg|output/tanishq_images/uncategorized/50d3fffcoaa09_3.jpg
51d5l2fedlaa002ba000001,Vine Loop Gold Ring,22K,2.643,151.0285714285714,0.0,output/tanishq_images/uncategorized/51d5l2fedlaa002ba000001_1.jpg|output/tanishq_images/uncategorized/51d5l2fedlaa002ba000001_2.jpg|output/tanishq_images/uncategorized/51d5l2fedlaa002ba000001_3.jpg|output/tanishq_images/uncategorized/51d5l2fedlaa002ba000001_4.jpg
50g5b1fjhaa02,Classy Regal Diamond Finger Ring for Men,18K,4.663,299.29396662387677,0.363,output/tanishq_images/uncategorized/50g5b1fjhaa02_1.jpg|output/tanishq_images/uncategorized/50g5b1fjhaa02_2.jpg|output/tanishq_images/uncategorized/50g5b1fjhaa02_3.jpg
50e5b1felaa02,Eternal Hearts Diamond Finger Ring,18K,3.217,206.4826700898588,0.291,output/tanishq_images/uncategorized/50e5b1felaa02_1.jpg|output/tanishq_images/uncategorized/50e5b1felaa02_2.jpg|output/tanishq_images/uncategorized/50e5b1felaa02_3.jpg
50e5b1fffaa02,Regal Glint Diamond Finger Ring,18K,2.163,138.8318356867779,0.345,output/tanishq_images/uncategorized/50e5b1fffaa02_1.jpg|output/tanishq_images/uncategorized/50e5b1fffaa02_2.jpg|output/tanishq_images/uncategorized/50e5b1fffaa02_3.jpg
50d2ptfiuaa02,Twisted Glint Diamond Ring,18K,2.646,169.83311938382542,0.149,output/tanishq_images/uncategorized/50d2ptfiuaa02_1.jpg|output/tanishq_images/uncategorized/50d2ptfiuaa02_2.jpg|output/tanishq_images/uncategorized/50d2ptfiuaa02_3.jpg
51e5c1fbqaa00,Bold Loop Gold Ring,22K,3.423,195.6,0.0,output/tanishq_images/uncategorized/51e5c1fbqaa00_1.jpg|output/tanishq_images/uncategorized/51e5c1fbqaa00_2.jpg|output/tanishq_images/uncategorized/51e5c1fbqaa00_3.jpg
51g5c1fbeaa00,Statement Ripple Gold Ring for Men,22K,5.934,339.0857142857143,0.0,output/tanishq_images/uncategorized/51g5c1fbeaa00_1.jpg|output/tanishq_images/uncategorized/51g5c1fbeaa00_2.jpg|output/tanishq_images/uncategorized/51g5c1fbeaa00_3.jpg
50g5b1fcuaa022jd000003,Bold Regal Diamond Finger Ring for Men,18K,4.439,284.9165596919127,0.334,output/tanishq_images/uncategorized/50g5b1fcuaa022jd000003_1.jpg|output/tanishq_images/uncategorized/50g5b1fcuaa022jd000003_2.jpg|output/tanishq_images/uncategorized/50g5b1fcuaa022jd000003_3.jpg
50e5b1feilaa022jd000002,Radiant Weave Diamond Finger Ring,18K,3.265,209.5635430038511,0.4,output/tanishq_images/uncategorized/50e5b1feilaa022jd000002_1.jpg|output/tanishq_images/uncategorized/50e5b1feilaa022jd000002_2.jpg|output/tanishq_images/uncategorized/50e5b1feilaa022jd000002_3.jpg
50g5c1fgtaa02,Vertical Groove Diamond Ring For Men,18K,4.048,259.82028241335047,0.13,output/tanishq_images/uncategorized/50g5c1fgtaa02_1.jpg|output/tanishq_images/uncategorized/50g5c1fgtaa02_2.jpg|output/tanishq_images/uncategorized/50g5c1fgtaa02_3.jpg
50e5c1faolaa022jd000057,Radiant Oval Diamond Ring,18K,2.602,167.00898587933247,0.215,output/tanishq_images/uncategorized/50e5c1faolaa022jd000057_1.jpg|output/tanishq_images/uncategorized/50e5c1faolaa022jd000057_2.jpg|output/tanishq_images/uncategorized/50e5c1faolaa022jd000057_3.jpg
51d5l2ffhlaa002ba000001,Angular Crest Gold Ring,22K,2.613,149.3142857142857,0.0,output/tanishq_images/uncategorized/51d5l2ffhlaa002ba000001_1.jpg|output/tanishq_images/uncategorized/51d5l2ffhlaa002ba000001_2.jpg|output/tanishq_images/uncategorized/51d5l2ffhlaa002ba000001_3.jpg|output/tanishq_images/uncategorized/51d5l2ffhlaa002ba000001_4.jpg
51m4b1fkqaa00,Twin Arc Gold Ring,22K,3.401,194.3428571428571,0.0,output/tanishq_images/uncategorized/51m4b1fkqaa00_1.jpg|output/tanishq_images/uncategorized/51m4b1fkqaa00_2.jpg|output/tanishq_images/uncategorized/51m4b1fkqaa00_3.jpg
50e5b1fedaa02,Infinite Spark Diamond Finger Ring,18K,3.619,232.2849807445443,0.419,output/tanishq_images/uncategorized/50e5b1fedaa02_1.jpg|output/tanishq_images/uncategorized/50e5b1fedaa02_2.jpg|output/tanishq_images/uncategorized/50e5b1fedaa02_3.jpg
50g3i1ficraa023ih000101,Royal Majesty Diamond Finger Ring,18K,6.397,410.59050064184856,0.313,output/tanishq_images/uncategorized/50g3i1ficraa023ih000101_1.jpg|output/tanishq_images/uncategorized/50g3i1ficraa023ih000101_2.jpg|output/tanishq_images/uncategorized/50g3i1ficraa023ih000101_3.jpg
50e5c1fallaa022jd000006,Graceful Crown Diamond Ring,18K,2.018,129.5250320924262,0.13,output/tanishq_images/uncategorized/50e5c1fallaa022jd000006_1.jpg|output/tanishq_images/uncategorized/50e5c1fallaa022jd000006_2.jpg|output/tanishq_images/uncategorized/50e5c1fallaa022jd000006_3.jpg
51m5i1faulaa002ja000030,Ripple Twist Gold Ring,22K,3.444,196.79999999999998,0.0,output/tanishq_images/uncategorized/51m5i1faulaa002ja000030_1.jpg|output/tanishq_images/uncategorized/51m5i1faulaa002ja000030_2.jpg|output/tanishq_images/uncategorized/51m5i1faulaa002ja000030_3.jpg
50d5b2fmclaa022jd000002,Marquise Majesty Diamond Ring,18K,2.229,143.06803594351734,0.183,output/tanishq_images/uncategorized/50d5b2fmclaa022jd000002_1.jpg|output/tanishq_images/uncategorized/50d5b2fmclaa022jd000002_2.jpg|output/tanishq_images/uncategorized/50d5b2fmclaa022jd000002_3.jpg
51g5c1fbcaa00,Bold Square Gold Ring for Men,22K,4.876,278.62857142857143,0.0,output/tanishq_images/uncategorized/51g5c1fbcaa00_1.jpg|output/tanishq_images/uncategorized/51g5c1fbcaa00_2.jpg|output/tanishq_images/uncategorized/51g5c1fbcaa00_3.jpg
50d5b1fbalaa022bd000022,Radiant Sunburst Diamond Finger Ring,18K,2.955,189.66623876765084,0.33,output/tanishq_images/uncategorized/50d5b1fbalaa022bd000022_1.jpg|output/tanishq_images/uncategorized/50d5b1fbalaa022bd000022_2.jpg|output/tanishq_images/uncategorized/50d5b1fbalaa022bd000022_3.jpg
50d5b2flnaa02,Flow Lines Diamond Ring,18K,2.691,172.72143774069318,0.235,output/tanishq_images/uncategorized/50d5b2flnaa02_1.jpg|output/tanishq_images/uncategorized/50d5b2flnaa02_2.jpg|output/tanishq_images/uncategorized/50d5b2flnaa02_3.jpg
51d5b1fjgaa18,Graceful Arch Ruby Finger Ring,22K,2.271,129.77142857142854,0.0,output/tanishq_images/uncategorized/51d5b1fjgaa18_1.jpg|output/tanishq_images/uncategorized/51d5b1fjgaa18_2.jpg|output/tanishq_images/uncategorized/51d5b1fjgaa18_3.jpg
51e5c1fdhlaa002jd000003,Majestic Crown Gold Ring,22K,2.417,138.1142857142857,0.0,output/tanishq_images/uncategorized/51e5c1fdhlaa002jd000003_1.jpg|output/tanishq_images/uncategorized/51e5c1fdhlaa002jd000003_2.jpg|output/tanishq_images/uncategorized/51e5c1fdhlaa002jd000003_3.jpg
50d5b2fhzlaa022jd000003,Trendy Mesh Diamond Finger Ring,18K,2.951,189.4094993581515,0.29,output/tanishq_images/uncategorized/50d5b2fhzlaa022jd000003_1.jpg|output/tanishq_images/uncategorized/50d5b2fhzlaa022jd000003_2.jpg|output/tanishq_images/uncategorized/50d5b2fhzlaa022jd000003_3.jpg
50g5b1fcaaa02,Hexa Bold Diamond Ring for men,18K,4.198,269.4480102695764,0.262,output/tanishq_images/uncategorized/50g5b1fcaaa02_1.jpg|output/tanishq_images/uncategorized/50g5b1fcaaa02_2.jpg|output/tanishq_images/uncategorized/50g5b1fcaaa02_3.jpg
50d5flfafaa32,Starburst Spin Diamond Ring,18K,5.858,375.99486521181,0.215,output/tanishq_images/uncategorized/50d5flfafaa32_1.jpg|output/tanishq_images/uncategorized/50d5flfafaa32_2.jpg|output/tanishq_images/uncategorized/50d5flfafaa32_3.jpg|output/tanishq_images/uncategorized/50d5flfafaa32_4.jpg|output/tanishq_images/uncategorized/50d5flfafaa32_5.jpg|output/tanishq_images/uncategorized/50d5flfafaa32_6.jpg
51m4c1fhjl4acz2ea000052,Spark Sequence Gold Ring,22K,5.347,305.54285714285714,0.0,output/tanishq_images/uncategorized/51m4c1fhjl4acz2ea000052_1.jpg|output/tanishq_images/uncategorized/51m4c1fhjl4acz2ea000052_2.jpg|output/tanishq_images/uncategorized/51m4c1fhjl4acz2ea000052_3.jpg|output/tanishq_images/uncategorized/51m4c1fhjl4acz2ea000052_4.jpg|output/tanishq_images/uncategorized/51m4c1fhjl4acz2ea000052_5.jpg|output/tanishq_images/uncategorized/51m4c1fhjl4acz2ea000052_6.jpg
512822funaa00,Sleek Textured Gold Ring,22K,1.8,102.85714285714285,0.0,output/tanishq_images/uncategorized/512822funaa00_1.jpg|output/tanishq_images/uncategorized/512822funaa00_2.jpg|output/tanishq_images/uncategorized/512822funaa00_3.jpg|output/tanishq_images/uncategorized/512822funaa00_4.jpg
50f5gcfeclaa022jd000013,Divine Glow Diamond Ring,18K,5.388,345.8279845956354,0.092,output/tanishq_images/uncategorized/50f5gcfeclaa022jd000013_1.jpg|output/tanishq_images/uncategorized/50f5gcfeclaa022jd000013_2.jpg|output/tanishq_images/uncategorized/50f5gcfeclaa022jd000013_3.jpg
50d5b2fmgaa02,Twisted Floral Diamond Ring,18K,2.63,168.80616174582798,0.224,output/tanishq_images/uncategorized/50d5b2fmgaa02_1.jpg|output/tanishq_images/uncategorized/50d5b2fmgaa02_2.jpg|output/tanishq_images/uncategorized/50d5b2fmgaa02_3.jpg
500784fkafaa002ja001270,Contemporary Wavy Gold Ring,18K,0.843,54.10783055198973,0.0,output/tanishq_images/uncategorized/500784fkafaa002ja001270_1.jpg|output/tanishq_images/uncategorized/500784fkafaa002ja001270_2.jpg|output/tanishq_images/uncategorized/500784fkafaa002ja001270_3.jpg|output/tanishq_images/uncategorized/500784fkafaa002ja001270_4.jpg
50d5v2ffyaa29,Brilliance Burst Diamond Ring,18K,2.78,178.4338896020539,0.315,output/tanishq_images/uncategorized/50d5v2ffyaa29_1.jpg|output/tanishq_images/uncategorized/50d5v2ffyaa29_2.jpg|output/tanishq_images/uncategorized/50d5v2ffyaa29_3.jpg|output/tanishq_images/uncategorized/50d5v2ffyaa29_4.jpg
50d5wmfamlaa322bd000010,Aerial Poise Diamond Ring,18K,2.088,134.01797175866497,0.245,output/tanishq_images/uncategorized/50d5wmfamlaa322bd000010_1.jpg|output/tanishq_images/uncategorized/50d5wmfamlaa322bd000010_2.jpg|output/tanishq_images/uncategorized/50d5wmfamlaa322bd000010_3.jpg|output/tanishq_images/uncategorized/50d5wmfamlaa322bd000010_4.jpg
51e5c1fcmlaa002jd000047,Delicate Flower Gold Ring,22K,3.949,225.65714285714282,0.0,output/tanishq_images/uncategorized/51e5c1fcmlaa002jd000047_1.jpg|output/tanishq_images/uncategorized/51e5c1fcmlaa002jd000047_2.jpg|output/tanishq_images/uncategorized/51e5c1fcmlaa002jd000047_3.jpg
51m3ptfieaa002ee000227,Entwined Elegance Finger Ring,22K,5.456,311.77142857142854,0.0,output/tanishq_images/uncategorized/51m3ptfieaa002ee000227_1.jpg|output/tanishq_images/uncategorized/51m3ptfieaa002ee000227_2.jpg|output/tanishq_images/uncategorized/51m3ptfieaa002ee000227_3.jpg
50d5pafhinaa002ea000005,Breezy Bloom Gold Ring,18K,1.484,95.25032092426187,0.0,output/tanishq_images/uncategorized/50d5pafhinaa002ea000005_1.jpg|output/tanishq_images/uncategorized/50d5pafhinaa002ea000005_2.jpg|output/tanishq_images/uncategorized/50d5pafhinaa002ea000005_3.jpg
51g5amfcraa00,Nautical Glory Gold Ring For Men,22K,6.913,395.0285714285714,0.0,output/tanishq_images/uncategorized/51g5amfcraa00_1.jpg|output/tanishq_images/uncategorized/51g5amfcraa00_2.jpg|output/tanishq_images/uncategorized/51g5amfcraa00_3.jpg
50d5h2fqdaa02,Sparkling Radiance Diamond Ring,18K,2.664,170.98844672657253,0.117,output/tanishq_images/uncategorized/50d5h2fqdaa02_1.jpg|output/tanishq_images/uncategorized/50d5h2fqdaa02_2.jpg|output/tanishq_images/uncategorized/50d5h2fqdaa02_3.jpg
51e5c1fcdaa00,Chevron Vanki Gold Ring,22K,2.797,159.82857142857142,0.0,output/tanishq_images/uncategorized/51e5c1fcdaa00_1.jpg|output/tanishq_images/uncategorized/51e5c1fcdaa00_2.jpg|output/tanishq_images/uncategorized/51e5c1fcdaa00_3.jpg
503024fhfaa09,Spiral Triangular Gold & Diamond Ring,18K,3.125,200.57766367137356,0.409,output/tanishq_images/uncategorized/503024fhfaa09_1.jpg|output/tanishq_images/uncategorized/503024fhfaa09_2.jpg|output/tanishq_images/uncategorized/503024fhfaa09_3.jpg
50d5dtfaumaa022jd000017,Celestial Bloom Diamond Ring,18K,2.041,131.00128369704748,0.15,output/tanishq_images/uncategorized/50d5dtfaumaa022jd000017_1.jpg|output/tanishq_images/uncategorized/50d5dtfaumaa022jd000017_2.jpg|output/tanishq_images/uncategorized/50d5dtfaumaa022jd000017_3.jpg
51d6m1flzaa00,Leaf Rhythm Gold Ring,22K,1.906,108.9142857142857,0.0,output/tanishq_images/uncategorized/51d6m1flzaa00_1.jpg|output/tanishq_images/uncategorized/51d6m1flzaa00_2.jpg|output/tanishq_images/uncategorized/51d6m1flzaa00_3.jpg|output/tanishq_images/uncategorized/51d6m1flzaa00_4.jpg
50d5v2fxilaa022jd000024,Lattice Luxe Diamond Ring,18K,2.06,132.22079589216946,0.247,output/tanishq_images/uncategorized/50d5v2fxilaa022jd000024_1.jpg|output/tanishq_images/uncategorized/50d5v2fxilaa022jd000024_2.jpg|output/tanishq_images/uncategorized/50d5v2fxilaa022jd000024_3.jpg
sls3a1fapan74,Sparkling Swirl Solitaire Finger Ring,18K,3.309,212.38767650834404,0.51,output/tanishq_images/uncategorized/sls3a1fapan74_1.jpg|output/tanishq_images/uncategorized/sls3a1fapan74_2.jpg|output/tanishq_images/uncategorized/sls3a1fapan74_3.jpg|output/tanishq_images/uncategorized/sls3a1fapan74_4.jpg
50d3plfujlaa022jd000012,Marvel Vanki Diamond Finger Ring,18K,2.88,184.85237483953787,0.053,output/tanishq_images/uncategorized/50d3plfujlaa022jd000012_1.jpg|output/tanishq_images/uncategorized/50d3plfujlaa022jd000012_2.jpg|output/tanishq_images/uncategorized/50d3plfujlaa022jd000012_3.jpg|output/tanishq_images/uncategorized/50d3plfujlaa022jd000012_4.jpg
50d5b2fylaa02,Chic Entwine Diamond Finger Ring,18K,1.686,108.21566110397946,0.085,output/tanishq_images/uncategorized/50d5b2fylaa02_1.jpg|output/tanishq_images/uncategorized/50d5b2fylaa02_2.jpg|output/tanishq_images/uncategorized/50d5b2fylaa02_3.jpg
512d18fbkaa00,Auspicious 22 Karat Gold Finger Ring,22K,5.151,294.3428571428571,0.0,output/tanishq_images/uncategorized/512d18fbkaa00_1.jpg|output/tanishq_images/uncategorized/512d18fbkaa00_2.jpg|output/tanishq_images/uncategorized/512d18fbkaa00_3.jpg
50e5b1fccaa02,Radiant Aura Diamond Ring,18K,2.87,184.21052631578948,0.291,output/tanishq_images/uncategorized/50e5b1fccaa02_1.jpg|output/tanishq_images/uncategorized/50e5b1fccaa02_2.jpg|output/tanishq_images/uncategorized/50e5b1fccaa02_3.jpg
51d4mpfccaa00,Artistic Layered Ring,22K,5.554,317.37142857142857,0.0,output/tanishq_images/uncategorized/51d4mpfccaa00_1.jpg|output/tanishq_images/uncategorized/51d4mpfccaa00_2.jpg|output/tanishq_images/uncategorized/51d4mpfccaa00_3.jpg
51f1kpfpqaa00,Swasthik Engraved Gold Finger Ring For Men,22K,4.606,263.2,0.0,output/tanishq_images/uncategorized/51f1kpfpqaa00_1.jpg|output/tanishq_images/uncategorized/51f1kpfpqaa00_2.jpg|output/tanishq_images/uncategorized/51f1kpfpqaa00_3.jpg
50m5b1fdgam00,Interlace Flow Gold Ring,18K,3.5,224.64698331193838,0.0,output/tanishq_images/uncategorized/50m5b1fdgam00_1.jpg|output/tanishq_images/uncategorized/50m5b1fdgam00_2.jpg|output/tanishq_images/uncategorized/50m5b1fdgam00_3.jpg
50e5plffiaa02,Romantic Swirl Diamond Ring,18K,2.079,133.4403080872914,0.265,output/tanishq_images/uncategorized/50e5plffiaa02_1.jpg|output/tanishq_images/uncategorized/50e5plffiaa02_2.jpg|output/tanishq_images/uncategorized/50e5plffiaa02_3.jpg
50d2ptfxblaa092jd001289,Triangle Lattice Diamond Ring,18K,1.459,93.64569961489089,0.07,output/tanishq_images/uncategorized/50d2ptfxblaa092jd001289_1.jpg|output/tanishq_images/uncategorized/50d2ptfxblaa092jd001289_2.jpg|output/tanishq_images/uncategorized/50d2ptfxblaa092jd001289_3.jpg
50g5amfdsaa04,Contemporary Etched Diamond Ring For Men,18K,7.086,454.813863928113,0.06,output/tanishq_images/uncategorized/50g5amfdsaa04_1.jpg|output/tanishq_images/uncategorized/50g5amfdsaa04_2.jpg|output/tanishq_images/uncategorized/50g5amfdsaa04_3.jpg
50d5v2fbhaa02,Whispering Leaves Diamond Ring,18K,2.582,165.72528883183568,0.26,output/tanishq_images/uncategorized/50d5v2fbhaa02_1.jpg|output/tanishq_images/uncategorized/50d5v2fbhaa02_2.jpg|output/tanishq_images/uncategorized/50d5v2fbhaa02_3.jpg
50g5c1ffjraa022jd000045,Cluster Statement Diamond Ring For Men,18K,5.109,327.9204107830552,0.197,output/tanishq_images/uncategorized/50g5c1ffjraa022jd000045_1.jpg|output/tanishq_images/uncategorized/50g5c1ffjraa022jd000045_2.jpg|output/tanishq_images/uncategorized/50g5c1ffjraa022jd000045_3.jpg
50g5c1ffgaa02,Regal Rectangular Diamond Ring For Men,18K,6.417,411.8741976893453,0.205,output/tanishq_images/uncategorized/50g5c1ffgaa02_1.jpg|output/tanishq_images/uncategorized/50g5c1ffgaa02_2.jpg|output/tanishq_images/uncategorized/50g5c1ffgaa02_3.jpg
50e5c1fawlaa022jd000005,Twin Leaf Diamond Ring,18K,2.584,165.85365853658536,0.325,output/tanishq_images/uncategorized/50e5c1fawlaa022jd000005_1.jpg|output/tanishq_images/uncategorized/50e5c1fawlaa022jd000005_2.jpg|output/tanishq_images/uncategorized/50e5c1fawlaa022jd000005_3.jpg
51d2i1fevaa00,Heart Shaped Leaves Gold Finger Ring,22K,2.004,114.5142857142857,0.0,output/tanishq_images/uncategorized/51d2i1fevaa00_1.jpg|output/tanishq_images/uncategorized/51d2i1fevaa00_2.jpg|output/tanishq_images/uncategorized/51d2i1fevaa00_3.jpg
51e3i1fbaaa00,Grooved Men's Gold Finger Ring,22K,5.213,297.88571428571424,0.0,output/tanishq_images/uncategorized/51e3i1fbaaa00_1.jpg|output/tanishq_images/uncategorized/51e3i1fbaaa00_2.jpg|output/tanishq_images/uncategorized/51e3i1fbaaa00_3.jpg|output/tanishq_images/uncategorized/51e3i1fbaaa00_4.jpg|output/tanishq_images/uncategorized/51e3i1fbaaa00_5.jpg|output/tanishq_images/uncategorized/51e3i1fbaaa00_6.jpg
50d5b3faeaa02,Floral Layers Diamond Ring,18K,4.27,274.0693196405648,0.24,output/tanishq_images/uncategorized/50d5b3faeaa02_1.jpg|output/tanishq_images/uncategorized/50d5b3faeaa02_2.jpg|output/tanishq_images/uncategorized/50d5b3faeaa02_3.jpg
51d5b1flplaa182ba000002,Full Bloom Ring,22K,3.359,191.94285714285712,0.0,output/tanishq_images/uncategorized/51d5b1flplaa182ba000002_1.jpg|output/tanishq_images/uncategorized/51d5b1flplaa182ba000002_2.jpg|output/tanishq_images/uncategorized/51d5b1flplaa182ba000002_3.jpg
50d5h3fulaa09,Fluid Whisper Diamond Ring,18K,1.547,99.29396662387676,0.046,output/tanishq_images/uncategorized/50d5h3fulaa09_1.jpg|output/tanishq_images/uncategorized/50d5h3fulaa09_2.jpg|output/tanishq_images/uncategorized/50d5h3fulaa09_3.jpg
50m4c1fixaa00,Modern Bead Gold Ring,18K,2.105,135.10911424903722,0.0,output/tanishq_images/uncategorized/50m4c1fixaa00_1.jpg|output/tanishq_images/uncategorized/50m4c1fixaa00_2.jpg|output/tanishq_images/uncategorized/50m4c1fixaa00_3.jpg
51e5c1fbvaa00,Delicate Petal Gold Ring,22K,3.578,204.45714285714283,0.0,output/tanishq_images/uncategorized/51e5c1fbvaa00_1.jpg|output/tanishq_images/uncategorized/51e5c1fbvaa00_2.jpg|output/tanishq_images/uncategorized/51e5c1fbvaa00_3.jpg
503120fetaa09,Dainty Diamond Finger Ring,18K,1.614,103.59435173299102,0.067,output/tanishq_images/uncategorized/503120fetaa09_1.jpg|output/tanishq_images/uncategorized/503120fetaa09_2.jpg|output/tanishq_images/uncategorized/503120fetaa09_3.jpg
51f1kpfnpaa00,Hollow Line Carved Gold Finger Ring For Men,22K,5.634,321.9428571428571,0.0,output/tanishq_images/uncategorized/51f1kpfnpaa00_1.jpg|output/tanishq_images/uncategorized/51f1kpfnpaa00_2.jpg|output/tanishq_images/uncategorized/51f1kpfnpaa00_3.jpg
51d5b2fsvaa00,Curved Petal Gold Ring,22K,1.45,82.85714285714285,0.0,output/tanishq_images/uncategorized/51d5b2fsvaa00_1.jpg|output/tanishq_images/uncategorized/51d5b2fsvaa00_2.jpg|output/tanishq_images/uncategorized/51d5b2fsvaa00_3.jpg
51d5m2fsliaa002ja000004,Flowing Leaf Gold Ring,22K,1.865,106.57142857142856,0.0,output/tanishq_images/uncategorized/51d5m2fsliaa002ja000004_1.jpg|output/tanishq_images/uncategorized/51d5m2fsliaa002ja000004_2.jpg|output/tanishq_images/uncategorized/51d5m2fsliaa002ja000004_3.jpg
50e5b1fekaa02,Romantic Charm Diamond Finger Ring,18K,3.224,206.93196405648268,0.299,output/tanishq_images/uncategorized/50e5b1fekaa02_1.jpg|output/tanishq_images/uncategorized/50e5b1fekaa02_2.jpg|output/tanishq_images/uncategorized/50e5b1fekaa02_3.jpg
504922fnaaa09,Whispering Elegance Diamond 18KT Rose Gold Ring,18KT,1.481,95.05776636713736,0.062,output/tanishq_images/uncategorized/504922fnaaa09_1.jpg|output/tanishq_images/uncategorized/504922fnaaa09_2.jpg|output/tanishq_images/uncategorized/504922fnaaa09_3.jpg
51d3c3fiwaa00,Regal Tradition Ring,22K,4.3,245.7142857142857,0.0,output/tanishq_images/uncategorized/51d3c3fiwaa00_1.jpg|output/tanishq_images/uncategorized/51d3c3fiwaa00_2.jpg|output/tanishq_images/uncategorized/51d3c3fiwaa00_3.jpg|output/tanishq_images/uncategorized/51d3c3fiwaa00_4.jpg
50d5jsffuaa09,Floral Tail Diamond Ring,18K,1.783,114.4415917843389,0.105,output/tanishq_images/uncategorized/50d5jsffuaa09_1.jpg|output/tanishq_images/uncategorized/50d5jsffuaa09_2.jpg|output/tanishq_images/uncategorized/50d5jsffuaa09_3.jpg|output/tanishq_images/uncategorized/50d5jsffuaa09_4.jpg
50e5b1ffjlaa022jd000016,Playful Charm Diamond Finger Ring,18K,2.311,148.33119383825417,0.148,output/tanishq_images/uncategorized/50e5b1ffjlaa022jd000016_1.jpg|output/tanishq_images/uncategorized/50e5b1ffjlaa022jd000016_2.jpg|output/tanishq_images/uncategorized/50e5b1ffjlaa022jd000016_3.jpg
50e5b1fepaa02,Chic Embrace Diamond Finger Ring,18K,1.756,112.70860077021823,0.123,output/tanishq_images/uncategorized/50e5b1fepaa02_1.jpg|output/tanishq_images/uncategorized/50e5b1fepaa02_2.jpg|output/tanishq_images/uncategorized/50e5b1fepaa02_3.jpg
50f5gcfbraa02,Shree Ganeshaya Diamond Ring For Men,18K,3.142,201.66880616174583,0.045,output/tanishq_images/uncategorized/50f5gcfbraa02_1.jpg|output/tanishq_images/uncategorized/50f5gcfbraa02_2.jpg|output/tanishq_images/uncategorized/50f5gcfbraa02_3.jpg
51d5b1fmfaa00,Lattice Glow Gold Ring,22K,2.326,132.9142857142857,0.0,output/tanishq_images/uncategorized/51d5b1fmfaa00_1.jpg|output/tanishq_images/uncategorized/51d5b1fmfaa00_2.jpg|output/tanishq_images/uncategorized/51d5b1fmfaa00_3.jpg
5019lhfalaw00,Matte Gold Finger Ring,18K,3.882,249.1655969191271,0.0,output/tanishq_images/uncategorized/5019lhfalaw00_1.jpg|output/tanishq_images/uncategorized/5019lhfalaw00_2.jpg|output/tanishq_images/uncategorized/5019lhfalaw00_3.jpg
50d5c1fqolaa092ba000005,Regal Rows Diamond Ring,18K,3.682,236.32862644415917,0.205,output/tanishq_images/uncategorized/50d5c1fqolaa092ba000005_1.jpg|output/tanishq_images/uncategorized/50d5c1fqolaa092ba000005_2.jpg|output/tanishq_images/uncategorized/50d5c1fqolaa092ba000005_3.jpg
51d5b1fyynaacz2ea000014,Sculpted Floral Gold Ring,22K,3.224,184.22857142857143,0.0,output/tanishq_images/uncategorized/51d5b1fyynaacz2ea000014_1.jpg|output/tanishq_images/uncategorized/51d5b1fyynaacz2ea000014_2.jpg|output/tanishq_images/uncategorized/51d5b1fyynaacz2ea000014_3.jpg
50d5b2fhxaa02,Leafy Glow Diamond Finger Ring,18K,2.063,132.41335044929397,0.168,output/tanishq_images/uncategorized/50d5b2fhxaa02_1.jpg|output/tanishq_images/uncategorized/50d5b2fhxaa02_2.jpg|output/tanishq_images/uncategorized/50d5b2fhxaa02_3.jpg
50d5l1fteaa02,Beaded Band Diamond Ring,18K,1.275,81.8356867779204,0.032,output/tanishq_images/uncategorized/50d5l1fteaa02_1.jpg|output/tanishq_images/uncategorized/50d5l1fteaa02_2.jpg|output/tanishq_images/uncategorized/50d5l1fteaa02_3.jpg
50d5b2fdzaa02,Zigzag Shine Diamond Ring,18K,2.57,164.9550706033376,0.357,output/tanishq_images/uncategorized/50d5b2fdzaa02_1.jpg|output/tanishq_images/uncategorized/50d5b2fdzaa02_2.jpg|output/tanishq_images/uncategorized/50d5b2fdzaa02_3.jpg
50d5l1ffdaa09,Sunburst Twist Diamond Ring,18K,3.048,195.63543003851092,0.09,output/tanishq_images/uncategorized/50d5l1ffdaa09_1.jpg|output/tanishq_images/uncategorized/50d5l1ffdaa09_2.jpg|output/tanishq_images/uncategorized/50d5l1ffdaa09_3.jpg
505923fmkaa09,Sparkling Connections 18KT Gold & Diamond Ring,18KT,1.839,118.03594351732991,0.081,output/tanishq_images/uncategorized/505923fmkaa09_1.jpg|output/tanishq_images/uncategorized/505923fmkaa09_2.jpg|output/tanishq_images/uncategorized/505923fmkaa09_3.jpg|output/tanishq_images/uncategorized/505923fmkaa09_4.jpg
51d5b1flnaa18,Floral Twist Ring,22K,3.506,200.3428571428571,0.0,output/tanishq_images/uncategorized/51d5b1flnaa18_1.jpg|output/tanishq_images/uncategorized/51d5b1flnaa18_2.jpg|output/tanishq_images/uncategorized/51d5b1flnaa18_3.jpg
50d6vrfcjnaa372ba000108,Orchard Cluster Gold Ring,18K,4.239,272.0795892169448,0.0,output/tanishq_images/uncategorized/50d6vrfcjnaa372ba000108_1.jpg|output/tanishq_images/uncategorized/50d6vrfcjnaa372ba000108_2.jpg|output/tanishq_images/uncategorized/50d6vrfcjnaa372ba000108_3.jpg|output/tanishq_images/uncategorized/50d6vrfcjnaa372ba000108_4.jpg
50d5wmfcimaa022bd000035,Winged Arc Diamond Ring,18K,4.933,316.6238767650834,0.195,output/tanishq_images/uncategorized/50d5wmfcimaa022bd000035_1.jpg|output/tanishq_images/uncategorized/50d5wmfcimaa022bd000035_2.jpg|output/tanishq_images/uncategorized/50d5wmfcimaa022bd000035_3.jpg|output/tanishq_images/uncategorized/50d5wmfcimaa022bd000035_4.jpg
50d5s2fakaa29,Scarlet Sway Diamond Ring,18K,2.345,150.51347881899872,0.154,output/tanishq_images/uncategorized/50d5s2fakaa29_1.jpg|output/tanishq_images/uncategorized/50d5s2fakaa29_2.jpg|output/tanishq_images/uncategorized/50d5s2fakaa29_3.jpg
51d4mpfbtaa00,Geometric Gleam Gold Ring,22K,3.692,210.97142857142856,0.0,output/tanishq_images/uncategorized/51d4mpfbtaa00_1.jpg|output/tanishq_images/uncategorized/51d4mpfbtaa00_2.jpg|output/tanishq_images/uncategorized/51d4mpfbtaa00_3.jpg
51m5i1fbaaa00,Interlace Flow Gold Ring,22K,2.202,125.82857142857141,0.0,output/tanishq_images/uncategorized/51m5i1fbaaa00_1.jpg|output/tanishq_images/uncategorized/51m5i1fbaaa00_2.jpg|output/tanishq_images/uncategorized/51m5i1fbaaa00_3.jpg
50d5pafcvlaa002eb000011,Ornate Square Gold Ring,18K,5.508,353.53016688061615,0.0,output/tanishq_images/uncategorized/50d5pafcvlaa002eb000011_1.jpg|output/tanishq_images/uncategorized/50d5pafcvlaa002eb000011_2.jpg|output/tanishq_images/uncategorized/50d5pafcvlaa002eb000011_3.jpg
513218fmaaa00,Minimalist 22 Karat Yellow Gold Finger Ring,22K,1.106,63.2,0.0,output/tanishq_images/uncategorized/513218fmaaa00_1.jpg
sls3i1fkhlaj793ih000001,Forever Shine Celeste Solitaire Ring,18K,2.857,183.37612323491658,0.4,output/tanishq_images/uncategorized/sls3i1fkhlaj793ih000001_1.jpg|output/tanishq_images/uncategorized/sls3i1fkhlaj793ih000001_2.jpg|output/tanishq_images/uncategorized/sls3i1fkhlaj793ih000001_3.jpg|output/tanishq_images/uncategorized/sls3i1fkhlaj793ih000001_4.jpg
51d5l2fewaa00,Twisted Rope Gold Ring,22K,2.747,156.97142857142856,0.0,output/tanishq_images/uncategorized/51d5l2fewaa00_1.jpg|output/tanishq_images/uncategorized/51d5l2fewaa00_2.jpg|output/tanishq_images/uncategorized/51d5l2fewaa00_3.jpg|output/tanishq_images/uncategorized/51d5l2fewaa00_4.jpg
50d5l1flfaa09,Petal Crest Diamond Ring,18K,1.52,97.5609756097561,0.04,output/tanishq_images/uncategorized/50d5l1flfaa09_1.jpg|output/tanishq_images/uncategorized/50d5l1flfaa09_2.jpg|output/tanishq_images/uncategorized/50d5l1flfaa09_3.jpg
50m5v2fhwaa00,Abstract Twist Gold Ring,18K,2.878,184.7240051347882,0.0,output/tanishq_images/uncategorized/50m5v2fhwaa00_1.jpg|output/tanishq_images/uncategorized/50m5v2fhwaa00_2.jpg|output/tanishq_images/uncategorized/50m5v2fhwaa00_3.jpg
51e5c1fboaa00,Cross Knot Gold Ring,22K,3.56,203.42857142857142,0.0,output/tanishq_images/uncategorized/51e5c1fboaa00_1.jpg|output/tanishq_images/uncategorized/51e5c1fboaa00_2.jpg|output/tanishq_images/uncategorized/51e5c1fboaa00_3.jpg
50d5b2fffaa02,Playful Petal Diamond Finger Ring,18K,3.504,224.90372272143773,0.335,output/tanishq_images/uncategorized/50d5b2fffaa02_1.jpg|output/tanishq_images/uncategorized/50d5b2fffaa02_2.jpg|output/tanishq_images/uncategorized/50d5b2fffaa02_3.jpg
502920faxae00,Ribbed Horizon Gold Ring,18K,2.593,166.4313222079589,0.0,output/tanishq_images/uncategorized/502920faxae00_1.jpg|output/tanishq_images/uncategorized/502920faxae00_2.jpg|output/tanishq_images/uncategorized/502920faxae00_3.jpg
51f1kpfgkaa00,Majestic Trunk Gold Ring,18K,1.52,97.5609756097561,0.0,output/tanishq_images/uncategorized/51f1kpfgkaa00_1.jpg|output/tanishq_images/uncategorized/51f1kpfgkaa00_2.jpg|output/tanishq_images/uncategorized/51f1kpfgkaa00_3.jpg
50g5v2fabaa02,Iconic Cluster Diamond Ring For Men,18K,3.512,225.41720154043645,0.2,output/tanishq_images/uncategorized/50g5v2fabaa02_1.jpg|output/tanishq_images/uncategorized/50g5v2fabaa02_2.jpg|output/tanishq_images/uncategorized/50g5v2fabaa02_3.jpg
51d5b2fbtaacz,Forever Loop Gold Ring,22K,4.535,259.1428571428571,0.0,output/tanishq_images/uncategorized/51d5b2fbtaacz_1.jpg|output/tanishq_images/uncategorized/51d5b2fbtaacz_2.jpg|output/tanishq_images/uncategorized/51d5b2fbtaacz_3.jpg
50d5b2fgyaa02,Sleek Glint Diamond Finger Ring,18K,1.43,91.78433889602053,0.13,output/tanishq_images/uncategorized/50d5b2fgyaa02_1.jpg|output/tanishq_images/uncategorized/50d5b2fgyaa02_2.jpg|output/tanishq_images/uncategorized/50d5b2fgyaa02_3.jpg
50d5fdfvh2a09,Infinity Embrace Diamond Ring,18K,3.144,201.7971758664955,0.273,output/tanishq_images/uncategorized/50d5fdfvh2a09_1.jpg|output/tanishq_images/uncategorized/50d5fdfvh2a09_2.jpg|output/tanishq_images/uncategorized/50d5fdfvh2a09_3.jpg|output/tanishq_images/uncategorized/50d5fdfvh2a09_4.jpg|output/tanishq_images/uncategorized/50d5fdfvh2a09_5.jpg|output/tanishq_images/uncategorized/50d5fdfvh2a09_6.jpg|output/tanishq_images/uncategorized/50d5fdfvh2a09_7.jpg
50e5c1feeaa02,Whirling Grace Diamond Ring,18K,2.072,132.99101412066753,0.181,output/tanishq_images/uncategorized/50e5c1feeaa02_1.jpg|output/tanishq_images/uncategorized/50e5c1feeaa02_2.jpg|output/tanishq_images/uncategorized/50e5c1feeaa02_3.jpg
50d5h3fwymaa093ia000031,Linear Spark Diamond Ring,18K,1.816,116.5596919127086,0.028,output/tanishq_images/uncategorized/50d5h3fwymaa093ia000031_1.jpg|output/tanishq_images/uncategorized/50d5h3fwymaa093ia000031_2.jpg|output/tanishq_images/uncategorized/50d5h3fwymaa093ia000031_3.jpg
51d4b2fulaacz,Charm Gold Finger Ring,22K,4.149,237.08571428571426,0.0,output/tanishq_images/uncategorized/51d4b2fulaacz_1.jpg|output/tanishq_images/uncategorized/51d4b2fulaacz_2.jpg|output/tanishq_images/uncategorized/51d4b2fulaacz_3.jpg
51m5i1fexaa00,Ripple Line Gold Ring,22K,2.868,163.88571428571427,0.0,output/tanishq_images/uncategorized/51m5i1fexaa00_1.jpg|output/tanishq_images/uncategorized/51m5i1fexaa00_2.jpg|output/tanishq_images/uncategorized/51m5i1fexaa00_3.jpg|output/tanishq_images/uncategorized/51m5i1fexaa00_4.jpg
50d5dtfbcaa02,Fluid Spark Diamond Ring,18K,1.844,118.35686777920411,0.092,output/tanishq_images/uncategorized/50d5dtfbcaa02_1.jpg|output/tanishq_images/uncategorized/50d5dtfbcaa02_2.jpg|output/tanishq_images/uncategorized/50d5dtfbcaa02_3.jpg
50d5h2fixlaa022ja000024,Starlit Bloom Diamond Ring,18K,2.852,183.05519897304237,0.249,output/tanishq_images/uncategorized/50d5h2fixlaa022ja000024_1.jpg|output/tanishq_images/uncategorized/50d5h2fixlaa022ja000024_2.jpg|output/tanishq_images/uncategorized/50d5h2fixlaa022ja000024_3.jpg
50e5b1fbd2a022jd000002,Oval Affair Diamond Ring,18K,4.076,261.61745827984595,0.51,output/tanishq_images/uncategorized/50e5b1fbd2a022jd000002_1.jpg|output/tanishq_images/uncategorized/50e5b1fbd2a022jd000002_2.jpg|output/tanishq_images/uncategorized/50e5b1fbd2a022jd000002_3.jpg|output/tanishq_images/uncategorized/50e5b1fbd2a022jd000002_4.jpg|output/tanishq_images/uncategorized/50e5b1fbd2a022jd000002_5.jpg|output/tanishq_images/uncategorized/50e5b1fbd2a022jd000002_6.jpg|output/tanishq_images/uncategorized/50e5b1fbd2a022jd000002_7.jpg
50d5b2ffraa10,Marquise Charm Diamond Ring,18K,2.0,128.36970474967907,0.121,output/tanishq_images/uncategorized/50d5b2ffraa10_1.jpg|output/tanishq_images/uncategorized/50d5b2ffraa10_2.jpg|output/tanishq_images/uncategorized/50d5b2ffraa10_3.jpg
500005fganaa023ia005295,Infinity Wave Diamond Ring,18K,2.346,150.57766367137356,0.031,output/tanishq_images/uncategorized/500005fganaa023ia005295_1.jpg|output/tanishq_images/uncategorized/500005fganaa023ia005295_2.jpg
510120FLAAA00,Gleaming Textured Gold Ring for Men,22K,4.291,245.2,0.0,output/tanishq_images/uncategorized/510120FLAAA00_1.jpg|output/tanishq_images/uncategorized/510120FLAAA00_2.jpg|output/tanishq_images/uncategorized/510120FLAAA00_3.jpg
50m5b1fiknaa002jd000002,Wave Whirl Gold Ring,18K,2.348,150.70603337612323,0.0,output/tanishq_images/uncategorized/50m5b1fiknaa002jd000002_1.jpg|output/tanishq_images/uncategorized/50m5b1fiknaa002jd000002_2.jpg|output/tanishq_images/uncategorized/50m5b1fiknaa002jd000002_3.jpg
51g5b1fggaa00,Flow Edge Gold Ring for Men,22K,5.796,331.2,0.0,output/tanishq_images/uncategorized/51g5b1fggaa00_1.jpg|output/tanishq_images/uncategorized/51g5b1fggaa00_2.jpg|output/tanishq_images/uncategorized/51g5b1fggaa00_3.jpg
51e5c1fcoaa00,Open Loop Gold Ring,22K,3.745,213.99999999999997,0.0,output/tanishq_images/uncategorized/51e5c1fcoaa00_1.jpg|output/tanishq_images/uncategorized/51e5c1fcoaa00_2.jpg|output/tanishq_images/uncategorized/51e5c1fcoaa00_3.jpg
50e5b1fewaa02,Stylish Bloom Diamond Finger Ring,18K,2.946,189.08857509627728,0.219,output/tanishq_images/uncategorized/50e5b1fewaa02_1.jpg|output/tanishq_images/uncategorized/50e5b1fewaa02_2.jpg|output/tanishq_images/uncategorized/50e5b1fewaa02_3.jpg
51d2a3fhfpaa002ea000100,Traditional Gold Finger Band,22K,6.783,387.59999999999997,0.0,output/tanishq_images/uncategorized/51d2a3fhfpaa002ea000100_1.jpg|output/tanishq_images/uncategorized/51d2a3fhfpaa002ea000100_2.jpg|output/tanishq_images/uncategorized/51d2a3fhfpaa002ea000100_3.jpg
50d4pifkvaa32,Twisted Shine Diamond Ring,18K,2.308,148.13863928112963,0.193,output/tanishq_images/uncategorized/50d4pifkvaa32_1.jpg|output/tanishq_images/uncategorized/50d4pifkvaa32_2.jpg|output/tanishq_images/uncategorized/50d4pifkvaa32_3.jpg
50d5s2fkdaa29,Petal Muse Diamond Ring,18K,1.876,120.41078305519896,0.039,output/tanishq_images/uncategorized/50d5s2fkdaa29_1.jpg|output/tanishq_images/uncategorized/50d5s2fkdaa29_2.jpg|output/tanishq_images/uncategorized/50d5s2fkdaa29_3.jpg|output/tanishq_images/uncategorized/50d5s2fkdaa29_4.jpg
51g5amfceraa002ea000036,Regal Chevron Gold Ring For Men,22K,3.725,212.85714285714283,0.0,output/tanishq_images/uncategorized/51g5amfceraa002ea000036_1.jpg|output/tanishq_images/uncategorized/51g5amfceraa002ea000036_2.jpg|output/tanishq_images/uncategorized/51g5amfceraa002ea000036_3.jpg
50m4c1fismaa002jd000022,Infinity Loop Gold Ring,18K,2.712,174.06931964056483,0.0,output/tanishq_images/uncategorized/50m4c1fismaa002jd000022_1.jpg|output/tanishq_images/uncategorized/50m4c1fismaa002jd000022_2.jpg|output/tanishq_images/uncategorized/50m4c1fismaa002jd000022_3.jpg
50d5s2fgkaa29,Flowing Heart Diamond Ring,18K,1.514,97.17586649550707,0.068,output/tanishq_images/uncategorized/50d5s2fgkaa29_1.jpg|output/tanishq_images/uncategorized/50d5s2fgkaa29_2.jpg|output/tanishq_images/uncategorized/50d5s2fgkaa29_3.jpg
503220fwcaa00,Modern Minimalistic Ring,18K,2.159,138.57509627727856,0.0,output/tanishq_images/uncategorized/503220fwcaa00_1.jpg|output/tanishq_images/uncategorized/503220fwcaa00_2.jpg|output/tanishq_images/uncategorized/503220fwcaa00_3.jpg
50d3c2fkfaa02,Delightful Diamond Finger Ring,18K,2.353,151.02695763799744,0.29,output/tanishq_images/uncategorized/50d3c2fkfaa02_1.jpg|output/tanishq_images/uncategorized/50d3c2fkfaa02_2.jpg|output/tanishq_images/uncategorized/50d3c2fkfaa02_3.jpg
50e5b1faz3a02,Glam Stack Diamond Ring,18K,4.326,277.6636713735558,0.416,output/tanishq_images/uncategorized/50e5b1faz3a02_1.jpg|output/tanishq_images/uncategorized/50e5b1faz3a02_2.jpg|output/tanishq_images/uncategorized/50e5b1faz3a02_3.jpg|output/tanishq_images/uncategorized/50e5b1faz3a02_4.jpg|output/tanishq_images/uncategorized/50e5b1faz3a02_5.jpg|output/tanishq_images/uncategorized/50e5b1faz3a02_6.jpg
512219firaa00,Two Toned Rhodium Finish Gold FInger Ring,22K,3.577,204.39999999999998,0.0,output/tanishq_images/uncategorized/512219firaa00_1.jpg|output/tanishq_images/uncategorized/512219firaa00_2.jpg|output/tanishq_images/uncategorized/512219firaa00_3.jpg
513515fleaa00,Handsome 22 Karat Gold Geometric Band Ring,22K,3.948,225.59999999999997,0.0,output/tanishq_images/uncategorized/513515fleaa00_1.jpg|output/tanishq_images/uncategorized/513515fleaa00_2.jpg|output/tanishq_images/uncategorized/513515fleaa00_3.jpg|output/tanishq_images/uncategorized/513515fleaa00_4.jpg
50g5v2fbnaa02,Bold Rectangular Diamond Ring For Men,18K,4.539,291.33504492939664,0.265,output/tanishq_images/uncategorized/50g5v2fbnaa02_1.jpg|output/tanishq_images/uncategorized/50g5v2fbnaa02_2.jpg|output/tanishq_images/uncategorized/50g5v2fbnaa02_3.jpg
51d4mpfbraa00,Wave Crest Gold Ring,22K,5.718,326.74285714285713,0.0,output/tanishq_images/uncategorized/51d4mpfbraa00_1.jpg|output/tanishq_images/uncategorized/51d4mpfbraa00_2.jpg|output/tanishq_images/uncategorized/51d4mpfbraa00_3.jpg
50d5h3fuuaa09,Petal Orbit Diamond Ring,18K,1.829,117.39409499358152,0.05,output/tanishq_images/uncategorized/50d5h3fuuaa09_1.jpg|output/tanishq_images/uncategorized/50d5h3fuuaa09_2.jpg|output/tanishq_images/uncategorized/50d5h3fuuaa09_3.jpg
51d5b1flqaa18,Floral Vine Ring,22K,3.895,222.57142857142856,0.0,output/tanishq_images/uncategorized/51d5b1flqaa18_1.jpg|output/tanishq_images/uncategorized/51d5b1flqaa18_2.jpg|output/tanishq_images/uncategorized/51d5b1flqaa18_3.jpg
50d4arfeaaa02,Floral Spark Diamond Ring,18K,2.157,138.4467265725289,0.123,output/tanishq_images/uncategorized/50d4arfeaaa02_1.jpg|output/tanishq_images/uncategorized/50d4arfeaaa02_2.jpg|output/tanishq_images/uncategorized/50d4arfeaaa02_3.jpg
50d5l1fkpaa09,Floral Burst Diamond Ring,18K,1.407,90.30808729139923,0.048,output/tanishq_images/uncategorized/50d5l1fkpaa09_1.jpg|output/tanishq_images/uncategorized/50d5l1fkpaa09_2.jpg|output/tanishq_images/uncategorized/50d5l1fkpaa09_3.jpg
50e5b1fdraa02,Radiant Rhombus Diamond Ring,18K,3.455,221.7586649550706,0.449,output/tanishq_images/uncategorized/50e5b1fdraa02_1.jpg|output/tanishq_images/uncategorized/50e5b1fdraa02_2.jpg|output/tanishq_images/uncategorized/50e5b1fdraa02_3.jpg
50e5c1fdylaa022jd000003,Radiant Medallion Diamond Ring,18K,1.663,106.73940949935815,0.149,output/tanishq_images/uncategorized/50e5c1fdylaa022jd000003_1.jpg|output/tanishq_images/uncategorized/50e5c1fdylaa022jd000003_2.jpg|output/tanishq_images/uncategorized/50e5c1fdylaa022jd000003_3.jpg
50g5amfdhraa022jd000010,Bold Symmetry Diamond Ring For Men,18K,5.904,378.9473684210526,0.236,output/tanishq_images/uncategorized/50g5amfdhraa022jd000010_1.jpg|output/tanishq_images/uncategorized/50g5amfdhraa022jd000010_2.jpg|output/tanishq_images/uncategorized/50g5amfdhraa022jd000010_3.jpg
51ac41facab00,Floral Gold Finger Ring with Jali Work,22K,5.718,326.74285714285713,0.0,output/tanishq_images/uncategorized/51ac41facab00_1.jpg|output/tanishq_images/uncategorized/51ac41facab00_2.jpg|output/tanishq_images/uncategorized/51ac41facab00_3.jpg|output/tanishq_images/uncategorized/51ac41facab00_4.jpg
511418frgab00,Quintessential Floral Pattern Gold Finger Ring,22K,3.112,177.82857142857142,0.0,output/tanishq_images/uncategorized/511418frgab00_1.jpg|output/tanishq_images/uncategorized/511418frgab00_2.jpg|output/tanishq_images/uncategorized/511418frgab00_3.jpg
511036frvaa00,Sublime Swirling Gold Ring,22K,4.127,235.8285714285714,0.0,output/tanishq_images/uncategorized/511036frvaa00_1.jpg|output/tanishq_images/uncategorized/511036frvaa00_2.jpg|output/tanishq_images/uncategorized/511036frvaa00_3.jpg
50d5l1fldaa09,Flowing Vine Diamond Ring,18K,1.39,89.21694480102695,0.039,output/tanishq_images/uncategorized/50d5l1fldaa09_1.jpg|output/tanishq_images/uncategorized/50d5l1fldaa09_2.jpg|output/tanishq_images/uncategorized/50d5l1fldaa09_3.jpg
50f5gcfbsaa02,Lord Ganesha Diamond Ring,18K,3.082,197.81771501925544,0.071,output/tanishq_images/uncategorized/50f5gcfbsaa02_1.jpg|output/tanishq_images/uncategorized/50f5gcfbsaa02_2.jpg|output/tanishq_images/uncategorized/50f5gcfbsaa02_3.jpg|output/tanishq_images/uncategorized/50f5gcfbsaa02_4.jpg
51g5c1fhwaacz,Bold Ornate Gold Ring For Men,22K,6.54,373.71428571428567,0.0,output/tanishq_images/uncategorized/51g5c1fhwaacz_1.jpg|output/tanishq_images/uncategorized/51g5c1fhwaacz_2.jpg|output/tanishq_images/uncategorized/51g5c1fhwaacz_3.jpg
51e5c1fdklaa002jd000049,Radiant Bloom Gold Ring,22K,3.355,191.7142857142857,0.0,output/tanishq_images/uncategorized/51e5c1fdklaa002jd000049_1.jpg|output/tanishq_images/uncategorized/51e5c1fdklaa002jd000049_2.jpg|output/tanishq_images/uncategorized/51e5c1fdklaa002jd000049_3.jpg
51d5l2fffaa00,Fluid Interplay Gold Ring,22K,2.403,137.31428571428572,0.0,output/tanishq_images/uncategorized/51d5l2fffaa00_1.jpg|output/tanishq_images/uncategorized/51d5l2fffaa00_2.jpg|output/tanishq_images/uncategorized/51d5l2fffaa00_3.jpg|output/tanishq_images/uncategorized/51d5l2fffaa00_4.jpg
50g5b1fctaa022jd000006,Sharp Regal Diamond Finger Ring for Men,18K,3.894,249.93581514762516,0.266,output/tanishq_images/uncategorized/50g5b1fctaa022jd000006_1.jpg|output/tanishq_images/uncategorized/50g5b1fctaa022jd000006_2.jpg|output/tanishq_images/uncategorized/50g5b1fctaa022jd000006_3.jpg
511003fekaa00,Charming Twisted Motif Gold Ring for Men,22K,3.582,204.68571428571425,0.0,output/tanishq_images/uncategorized/511003fekaa00_1.jpg|output/tanishq_images/uncategorized/511003fekaa00_2.jpg|output/tanishq_images/uncategorized/511003fekaa00_3.jpg
512411fceaa00,Enthralling Geometric Gold Ring for Men,22K,6.443,368.1714285714285,0.0,output/tanishq_images/uncategorized/512411fceaa00_1.jpg|output/tanishq_images/uncategorized/512411fceaa00_2.jpg|output/tanishq_images/uncategorized/512411fceaa00_3.jpg
511107ffaaa00,Elegant 22 Karat Yellow Gold Interlinked Waves Finger Ring,22K,2.477,141.54285714285712,0.0,output/tanishq_images/uncategorized/511107ffaaa00_1.jpg|output/tanishq_images/uncategorized/511107ffaaa00_2.jpg|output/tanishq_images/uncategorized/511107ffaaa00_3.jpg
50d5h3fweaa09,Aura Flow Diamond Ring,18K,1.799,115.46854942233632,0.039,output/tanishq_images/uncategorized/50d5h3fweaa09_1.jpg|output/tanishq_images/uncategorized/50d5h3fweaa09_2.jpg|output/tanishq_images/uncategorized/50d5h3fweaa09_3.jpg
50m5v2fefaa00,Sculpted Knot Gold Ring,18K,2.206,141.59178433889602,0.0,output/tanishq_images/uncategorized/50m5v2fefaa00_1.jpg|output/tanishq_images/uncategorized/50m5v2fefaa00_2.jpg|output/tanishq_images/uncategorized/50m5v2fefaa00_3.jpg
50d5b3fdjaa02,Breezy Charm Diamond Finger Ring,18K,2.724,174.83953786906292,0.175,output/tanishq_images/uncategorized/50d5b3fdjaa02_1.jpg|output/tanishq_images/uncategorized/50d5b3fdjaa02_2.jpg|output/tanishq_images/uncategorized/50d5b3fdjaa02_3.jpg
50e5c1farlaa022jd000048,Leaf Whispers Diamond Ring,18K,2.639,169.38382541720154,0.262,output/tanishq_images/uncategorized/50e5c1farlaa022jd000048_1.jpg|output/tanishq_images/uncategorized/50e5c1farlaa022jd000048_2.jpg|output/tanishq_images/uncategorized/50e5c1farlaa022jd000048_3.jpg
50m5v2fejlaa002jd000006,Sculpted Leaf Gold Ring,18K,2.324,149.16559691912707,0.0,output/tanishq_images/uncategorized/50m5v2fejlaa002jd000006_1.jpg|output/tanishq_images/uncategorized/50m5v2fejlaa002jd000006_2.jpg|output/tanishq_images/uncategorized/50m5v2fejlaa002jd000006_3.jpg
51d5b2fstaa00,Star Whisper Gold Ring,22K,1.421,81.19999999999999,0.0,output/tanishq_images/uncategorized/51d5b2fstaa00_1.jpg|output/tanishq_images/uncategorized/51d5b2fstaa00_2.jpg|output/tanishq_images/uncategorized/51d5b2fstaa00_3.jpg
50d5l1fksaa09,Endless Curve Diamond Ring,18K,1.343,86.2002567394095,0.041,output/tanishq_images/uncategorized/50d5l1fksaa09_1.jpg|output/tanishq_images/uncategorized/50d5l1fksaa09_2.jpg|output/tanishq_images/uncategorized/50d5l1fksaa09_3.jpg
50d5ptfsglaa092bd000224,Sparkle Encircled Diamond Ring,18K,1.702,109.24261874197688,0.105,output/tanishq_images/uncategorized/50d5ptfsglaa092bd000224_1.jpg|output/tanishq_images/uncategorized/50d5ptfsglaa092bd000224_2.jpg|output/tanishq_images/uncategorized/50d5ptfsglaa092bd000224_3.jpg
51d5l2ffnaa00,Signature Knot Gold Ring,22K,2.649,151.37142857142857,0.0,output/tanishq_images/uncategorized/51d5l2ffnaa00_1.jpg|output/tanishq_images/uncategorized/51d5l2ffnaa00_2.jpg|output/tanishq_images/uncategorized/51d5l2ffnaa00_3.jpg|output/tanishq_images/uncategorized/51d5l2ffnaa00_4.jpg
50d6vrfcmlaa372ba000031,Orchard Bloom Gold Ring,18K,4.395,282.09242618741973,0.0,output/tanishq_images/uncategorized/50d6vrfcmlaa372ba000031_1.jpg|output/tanishq_images/uncategorized/50d6vrfcmlaa372ba000031_2.jpg|output/tanishq_images/uncategorized/50d6vrfcmlaa372ba000031_3.jpg|output/tanishq_images/uncategorized/50d6vrfcmlaa372ba000031_4.jpg
50e5c1faslaa022jd000061,Eternal Knot Diamond Ring,18K,2.843,182.4775353016688,0.375,output/tanishq_images/uncategorized/50e5c1faslaa022jd000061_1.jpg|output/tanishq_images/uncategorized/50e5c1faslaa022jd000061_2.jpg|output/tanishq_images/uncategorized/50e5c1faslaa022jd000061_3.jpg
51d4mpfckaa00,Curve Muse Gold Ring,22K,2.991,170.9142857142857,0.0,output/tanishq_images/uncategorized/51d4mpfckaa00_1.jpg|output/tanishq_images/uncategorized/51d4mpfckaa00_2.jpg|output/tanishq_images/uncategorized/51d4mpfckaa00_3.jpg
50g5b1fcgaa02,Regal Grid Diamond Ring for Men,18K,5.518,354.1720154043646,0.29,output/tanishq_images/uncategorized/50g5b1fcgaa02_1.jpg|output/tanishq_images/uncategorized/50g5b1fcgaa02_2.jpg|output/tanishq_images/uncategorized/50g5b1fcgaa02_3.jpg
50d5s2fjbaa09,Floral Poise Diamond Ring,18K,2.078,133.37612323491655,0.034,output/tanishq_images/uncategorized/50d5s2fjbaa09_1.jpg|output/tanishq_images/uncategorized/50d5s2fjbaa09_2.jpg|output/tanishq_images/uncategorized/50d5s2fjbaa09_3.jpg
50d5l1flelaa092jd000032,Fluid Curve Diamond Ring,18K,1.373,88.12580231065469,0.029,output/tanishq_images/uncategorized/50d5l1flelaa092jd000032_1.jpg|output/tanishq_images/uncategorized/50d5l1flelaa092jd000032_2.jpg|output/tanishq_images/uncategorized/50d5l1flelaa092jd000032_3.jpg
50d5pifgwoaa002ea000018,Stellar Twist Gold Ring,18K,1.902,122.0795892169448,0.0,output/tanishq_images/uncategorized/50d5pifgwoaa002ea000018_1.jpg|output/tanishq_images/uncategorized/50d5pifgwoaa002ea000018_2.jpg|output/tanishq_images/uncategorized/50d5pifgwoaa002ea000018_3.jpg
50d5b2fkplaa022ba000024,Split Shank Diamond Ring,18K,2.169,139.21694480102695,0.15,output/tanishq_images/uncategorized/50d5b2fkplaa022ba000024_1.jpg|output/tanishq_images/uncategorized/50d5b2fkplaa022ba000024_2.jpg|output/tanishq_images/uncategorized/50d5b2fkplaa022ba000024_3.jpg
50m5v2ffkaa00,Smooth Shine Gold Ring,18K,2.414,154.94223363286264,0.0,output/tanishq_images/uncategorized/50m5v2ffkaa00_1.jpg|output/tanishq_images/uncategorized/50m5v2ffkaa00_2.jpg|output/tanishq_images/uncategorized/50m5v2ffkaa00_3.jpg
50d5b3fdilaa022bb000005,Daisy Duet Diamond Ring,18K,2.182,140.05134788189986,0.225,output/tanishq_images/uncategorized/50d5b3fdilaa022bb000005_1.jpg|output/tanishq_images/uncategorized/50d5b3fdilaa022bb000005_2.jpg|output/tanishq_images/uncategorized/50d5b3fdilaa022bb000005_3.jpg
50m4c1fkhlaa002ed000067,Sphere Chic Gold Finger Ring,18K,4.28,274.7111681643132,0.0,output/tanishq_images/uncategorized/50m4c1fkhlaa002ed000067_1.jpg|output/tanishq_images/uncategorized/50m4c1fkhlaa002ed000067_2.jpg|output/tanishq_images/uncategorized/50m4c1fkhlaa002ed000067_3.jpg|output/tanishq_images/uncategorized/50m4c1fkhlaa002ed000067_4.jpg
510187fpaaa00,Traditional Gold Beaded Ring,22K,4.311,246.34285714285713,0.0,output/tanishq_images/uncategorized/510187fpaaa00_1.jpg|output/tanishq_images/uncategorized/510187fpaaa00_2.jpg|output/tanishq_images/uncategorized/510187fpaaa00_3.jpg
50d5b2fhqlaa022jd000003,Radiant Burst Diamond Finger Ring,18K,3.354,215.27599486521183,0.335,output/tanishq_images/uncategorized/50d5b2fhqlaa022jd000003_1.jpg|output/tanishq_images/uncategorized/50d5b2fhqlaa022jd000003_2.jpg|output/tanishq_images/uncategorized/50d5b2fhqlaa022jd000003_3.jpg
50d5v2funlaa022jd000033,Sunlit Petals Diamond Ring,18K,2.821,181.06546854942235,0.195,output/tanishq_images/uncategorized/50d5v2funlaa022jd000033_1.jpg|output/tanishq_images/uncategorized/50d5v2funlaa022jd000033_2.jpg|output/tanishq_images/uncategorized/50d5v2funlaa022jd000033_3.jpg
50g5v2fadraa022bd000004,Contemporary Square Diamond Ring For Men,18K,4.619,296.4698331193838,0.195,output/tanishq_images/uncategorized/50g5v2fadraa022bd000004_1.jpg|output/tanishq_images/uncategorized/50g5v2fadraa022bd000004_2.jpg|output/tanishq_images/uncategorized/50g5v2fadraa022bd000004_3.jpg
50d5b2fljaa10,Blossom Cluster Diamond Ring,18K,2.336,149.93581514762516,0.16,output/tanishq_images/uncategorized/50d5b2fljaa10_1.jpg|output/tanishq_images/uncategorized/50d5b2fljaa10_2.jpg|output/tanishq_images/uncategorized/50d5b2fljaa10_3.jpg
50d6vrfbhlaa372bd000003,Tropical Orchard Gold Ring,18K,4.943,317.2657252888318,0.0,output/tanishq_images/uncategorized/50d6vrfbhlaa372bd000003_1.jpg|output/tanishq_images/uncategorized/50d6vrfbhlaa372bd000003_2.jpg|output/tanishq_images/uncategorized/50d6vrfbhlaa372bd000003_3.jpg|output/tanishq_images/uncategorized/50d6vrfbhlaa372bd000003_4.jpg
51d4b2fuoaacz,Minimalist Gold Finger Ring,22K,11.671,666.9142857142856,0.0,output/tanishq_images/uncategorized/51d4b2fuoaacz_1.jpg|output/tanishq_images/uncategorized/51d4b2fuoaacz_2.jpg|output/tanishq_images/uncategorized/51d4b2fuoaacz_3.jpg|output/tanishq_images/uncategorized/51d4b2fuoaacz_4.jpg|output/tanishq_images/uncategorized/51d4b2fuoaacz_5.jpg|output/tanishq_images/uncategorized/51d4b2fuoaacz_6.jpg
50d5l2fohlaa022jd000002,Cross Line Diamond Ring,18K,2.022,129.78177150192553,0.074,output/tanishq_images/uncategorized/50d5l2fohlaa022jd000002_1.jpg|output/tanishq_images/uncategorized/50d5l2fohlaa022jd000002_2.jpg|output/tanishq_images/uncategorized/50d5l2fohlaa022jd000002_3.jpg
50e5b1ffdaa02,Graceful Twist Diamond Finger Ring,18K,1.949,125.09627727856227,0.278,output/tanishq_images/uncategorized/50e5b1ffdaa02_1.jpg|output/tanishq_images/uncategorized/50e5b1ffdaa02_2.jpg|output/tanishq_images/uncategorized/50e5b1ffdaa02_3.jpg
51g5c1fhxaa00,Radiant Cross Gold Ring For Men,22K,8.73,498.85714285714283,0.0,output/tanishq_images/uncategorized/51g5c1fhxaa00_1.jpg|output/tanishq_images/uncategorized/51g5c1fhxaa00_2.jpg|output/tanishq_images/uncategorized/51g5c1fhxaa00_3.jpg
504922fmxaa09,Rose Brilliance 18KT Ring,18KT,1.482,95.1219512195122,0.036,output/tanishq_images/uncategorized/504922fmxaa09_1.jpg|output/tanishq_images/uncategorized/504922fmxaa09_2.jpg|output/tanishq_images/uncategorized/504922fmxaa09_3.jpg
503822foraa09,Twisted Beauty Gold & Diamond Ring,18K,3.13,200.89858793324774,0.058,output/tanishq_images/uncategorized/503822foraa09_1.jpg|output/tanishq_images/uncategorized/503822foraa09_2.jpg|output/tanishq_images/uncategorized/503822foraa09_3.jpg
51d5p1flcaa00,Whisper Leaf Gold Ring,22K,2.212,126.4,0.0,output/tanishq_images/uncategorized/51d5p1flcaa00_1.jpg|output/tanishq_images/uncategorized/51d5p1flcaa00_2.jpg|output/tanishq_images/uncategorized/51d5p1flcaa00_3.jpg
50d5b2fyplaa022jd000002,Dreamy Orbit Diamond Finger Ring,18K,1.851,118.80616174582798,0.115,output/tanishq_images/uncategorized/50d5b2fyplaa022jd000002_1.jpg|output/tanishq_images/uncategorized/50d5b2fyplaa022jd000002_2.jpg|output/tanishq_images/uncategorized/50d5b2fyplaa022jd000002_3.jpg
50e5c1feslaa022jd000012,Twined Marquise Diamond Ring,18K,2.616,167.90757381258024,0.24,output/tanishq_images/uncategorized/50e5c1feslaa022jd000012_1.jpg|output/tanishq_images/uncategorized/50e5c1feslaa022jd000012_2.jpg|output/tanishq_images/uncategorized/50e5c1feslaa022jd000012_3.jpg
51d5b1fmeaa00,Ornate Bloom Gold Ring,22K,2.474,141.37142857142857,0.0,output/tanishq_images/uncategorized/51d5b1fmeaa00_1.jpg|output/tanishq_images/uncategorized/51d5b1fmeaa00_2.jpg|output/tanishq_images/uncategorized/51d5b1fmeaa00_3.jpg
51m4b1fkylaa002ee000104,Luxe Overlap Gold Ring,22K,4.763,272.1714285714285,0.0,output/tanishq_images/uncategorized/51m4b1fkylaa002ee000104_1.jpg|output/tanishq_images/uncategorized/51m4b1fkylaa002ee000104_2.jpg|output/tanishq_images/uncategorized/51m4b1fkylaa002ee000104_3.jpg
51d5l2fejlaa002ba000001,Sculpted Split Gold Ring,22K,1.924,109.94285714285712,0.0,output/tanishq_images/uncategorized/51d5l2fejlaa002ba000001_1.jpg|output/tanishq_images/uncategorized/51d5l2fejlaa002ba000001_2.jpg|output/tanishq_images/uncategorized/51d5l2fejlaa002ba000001_3.jpg|output/tanishq_images/uncategorized/51d5l2fejlaa002ba000001_4.jpg
516061FGGAA00,Feminine Grace Ring,22K,1.724,98.5142857142857,0.0,output/tanishq_images/uncategorized/516061FGGAA00_1.jpg|output/tanishq_images/uncategorized/516061FGGAA00_2.jpg|output/tanishq_images/uncategorized/516061FGGAA00_3.jpg|output/tanishq_images/uncategorized/516061FGGAA00_4.jpg
50o5rvfclaa32,Spiral Serenade Diamond Ring,18K,7.509,481.9640564826701,0.545,output/tanishq_images/uncategorized/50o5rvfclaa32_1.jpg|output/tanishq_images/uncategorized/50o5rvfclaa32_2.jpg|output/tanishq_images/uncategorized/50o5rvfclaa32_3.jpg|output/tanishq_images/uncategorized/50o5rvfclaa32_4.jpg
513218fphaa00,Stylish Layered Gold Ring for Men,22K,6.217,355.2571428571428,0.0,output/tanishq_images/uncategorized/513218fphaa00_1.jpg
51d5b1flaaa40,Vine Frame Ring,22K,2.824,161.37142857142854,0.0,output/tanishq_images/uncategorized/51d5b1flaaa40_1.jpg|output/tanishq_images/uncategorized/51d5b1flaaa40_2.jpg|output/tanishq_images/uncategorized/51d5b1flaaa40_3.jpg
51e5c1fcfaa00,Royal Arch Gold Ring,22K,2.689,153.65714285714284,0.0,output/tanishq_images/uncategorized/51e5c1fcfaa00_1.jpg|output/tanishq_images/uncategorized/51e5c1fcfaa00_2.jpg|output/tanishq_images/uncategorized/51e5c1fcfaa00_3.jpg
50d5jsferlaa092bd000011,Paisley Grace Diamond Ring,18K,1.533,98.395378690629,0.105,output/tanishq_images/uncategorized/50d5jsferlaa092bd000011_1.jpg|output/tanishq_images/uncategorized/50d5jsferlaa092bd000011_2.jpg|output/tanishq_images/uncategorized/50d5jsferlaa092bd000011_3.jpg
51d5b1futaa00,Golden Bloom Gold Ring,22K,3.19,182.28571428571428,0.0,output/tanishq_images/uncategorized/51d5b1futaa00_1.jpg|output/tanishq_images/uncategorized/51d5b1futaa00_2.jpg|output/tanishq_images/uncategorized/51d5b1futaa00_3.jpg
50d3i3faqkab022ja000050,Dream Flight Diamond Ring,18K,1.412,90.62901155327341,0.076,output/tanishq_images/uncategorized/50d3i3faqkab022ja000050_1.jpg|output/tanishq_images/uncategorized/50d3i3faqkab022ja000050_2.jpg|output/tanishq_images/uncategorized/50d3i3faqkab022ja000050_3.jpg
51g5c1facaa00,Bold Geometric Gold Ring For Men,22K,6.255,357.4285714285714,0.0,output/tanishq_images/uncategorized/51g5c1facaa00_1.jpg|output/tanishq_images/uncategorized/51g5c1facaa00_2.jpg|output/tanishq_images/uncategorized/51g5c1facaa00_3.jpg
50d4arfaylaa022bd000014,Crest Vanki Diamond Ring,18K,1.755,112.64441591784338,0.19,output/tanishq_images/uncategorized/50d4arfaylaa022bd000014_1.jpg|output/tanishq_images/uncategorized/50d4arfaylaa022bd000014_2.jpg|output/tanishq_images/uncategorized/50d4arfaylaa022bd000014_3.jpg
50e5b1fcfaa02,Blush Circle Diamond Ring,18K,2.432,156.09756097560975,0.177,output/tanishq_images/uncategorized/50e5b1fcfaa02_1.jpg|output/tanishq_images/uncategorized/50e5b1fcfaa02_2.jpg|output/tanishq_images/uncategorized/50e5b1fcfaa02_3.jpg
