gold_weight_grams,gold_karat_purity,metal_color,total_price_inr,diamond_weight_carats,stone_type,product_name,product_id,image_urls,url,weight_found,suspicious_weight,local_image_paths
2.529,22K,yellow,44402,0.0,none,Veil Arc Gold Ring,51m5c1faumaa002ea000001,"['https://www.tanishq.co.in/dw/image/v2/BKCK_PRD/on/demandware.static/-/Sites-Tanishq-product-catalog/default/dw7f7fe842/images/hi-res/51M5C1FAUAA00_1.jpg', 'https://www.tanishq.co.in/dw/image/v2/BKCK_PRD/on/demandware.static/-/Sites-Tanishq-product-catalog/default/dw71422d96/images/hi-res/51M5C1FAUAA00_2.jpg', 'https://www.tanishq.co.in/dw/image/v2/BKCK_PRD/on/demandware.static/-/Sites-Tanishq-product-catalog/default/dwd22e5491/images/hi-res/51M5C1FAUAA00_3.jpg', 'https://www.tanishq.co.in/dw/image/v2/BKCK_PRD/on/demandware.static/-/Sites-Tanishq-product-catalog/default/dw6170b773/images/hi-res/51M5C1FAUAA00_4.jpg']",https://www.tanishq.co.in/product/veil-arc-gold-ring-51m5c1fauaa00.html?lang=en_IN,True,False,output/tanishq_images/uncategorized/51m5c1faumaa002ea000001_1.jpg|output/tanishq_images/uncategorized/51m5c1faumaa002ea000001_2.jpg|output/tanishq_images/uncategorized/51m5c1faumaa002ea000001_3.jpg|output/tanishq_images/uncategorized/51m5c1faumaa002ea000001_4.jpg
2.445,22K,yellow,42927,0.0,none,Knot Flow Gold Ring Gold Ring,51d5l2fenaa00,"['https://www.tanishq.co.in/dw/image/v2/BKCK_PRD/on/demandware.static/-/Sites-Tanishq-product-catalog/default/dw793440f6/images/hi-res/51D5L2FENAA00_1.jpg', 'https://www.tanishq.co.in/dw/image/v2/BKCK_PRD/on/demandware.static/-/Sites-Tanishq-product-catalog/default/dw5b6815d5/images/hi-res/51D5L2FENAA00_2.jpg', 'https://www.tanishq.co.in/dw/image/v2/BKCK_PRD/on/demandware.static/-/Sites-Tanishq-product-catalog/default/dwae5517c8/images/hi-res/51D5L2FENAA00_3.jpg', 'https://www.tanishq.co.in/dw/image/v2/BKCK_PRD/on/demandware.static/-/Sites-Tanishq-product-catalog/default/dwb65e1de4/images/hi-res/51D5L2FENAA00_4.jpg']",https://www.tanishq.co.in/product/knot-flow-gold-ring-gold-ring-51d5l2fenaa00.html?lang=en_IN,True,False,output/tanishq_images/uncategorized/51d5l2fenaa00_1.jpg|output/tanishq_images/uncategorized/51d5l2fenaa00_2.jpg|output/tanishq_images/uncategorized/51d5l2fenaa00_3.jpg|output/tanishq_images/uncategorized/51d5l2fenaa00_4.jpg
1.961,22K,yellow,34430,0.0,none,Sculpted Frame Gold Ring,51d5l2ffclaa002ba000001,"['https://www.tanishq.co.in/dw/image/v2/BKCK_PRD/on/demandware.static/-/Sites-Tanishq-product-catalog/default/dw6b4e625f/images/hi-res/51D5L2FFCAA00_1.jpg', 'https://www.tanishq.co.in/dw/image/v2/BKCK_PRD/on/demandware.static/-/Sites-Tanishq-product-catalog/default/dw8732f55e/images/hi-res/51D5L2FFCAA00_2.jpg', 'https://www.tanishq.co.in/dw/image/v2/BKCK_PRD/on/demandware.static/-/Sites-Tanishq-product-catalog/default/dwffa9182d/images/hi-res/51D5L2FFCAA00_3.jpg', 'https://www.tanishq.co.in/dw/image/v2/BKCK_PRD/on/demandware.static/-/Sites-Tanishq-product-catalog/default/dw1def1495/images/hi-res/51D5L2FFCAA00_4.jpg']",https://www.tanishq.co.in/product/sculpted-frame-gold-ring-51d5l2ffcaa00.html?lang=en_IN,True,False,output/tanishq_images/uncategorized/51d5l2ffclaa002ba000001_1.jpg|output/tanishq_images/uncategorized/51d5l2ffclaa002ba000001_2.jpg|output/tanishq_images/uncategorized/51d5l2ffclaa002ba000001_3.jpg|output/tanishq_images/uncategorized/51d5l2ffclaa002ba000001_4.jpg
1.906,22K,yellow,31006,0.0,none,Leaf Rhythm Gold Ring,51D6M1FLZAA00,"['https://www.tanishq.co.in/dw/image/v2/BKCK_PRD/on/demandware.static/-/Sites-Tanishq-product-catalog/default/dw1dd10b2a/images/hi-res/51D6M1FLZAA00_1.jpg', 'https://www.tanishq.co.in/dw/image/v2/BKCK_PRD/on/demandware.static/-/Sites-Tanishq-product-catalog/default/dw3ad22521/images/hi-res/51D6M1FLZAA00_2.jpg', 'https://www.tanishq.co.in/dw/image/v2/BKCK_PRD/on/demandware.static/-/Sites-Tanishq-product-catalog/default/dwf35316a8/images/hi-res/51D6M1FLZAA00_3.jpg', 'https://www.tanishq.co.in/dw/image/v2/BKCK_PRD/on/demandware.static/-/Sites-Tanishq-product-catalog/default/dwa7f40f33/images/hi-res/51D6M1FMNAA00_4.jpg']",https://www.tanishq.co.in/product/leaf-rhythm-gold-ring-51d6m1flzaa00.html?lang=en_IN,True,False,output/tanishq_images/uncategorized/51D6M1FLZAA00_1.jpg|output/tanishq_images/uncategorized/51D6M1FLZAA00_2.jpg|output/tanishq_images/uncategorized/51D6M1FLZAA00_3.jpg|output/tanishq_images/uncategorized/51D6M1FLZAA00_4.jpg
2.125,22K,yellow,37309,0.0,none,Twin Wing Gold Ring,51d5l2fgclaa002ba000001,"['https://www.tanishq.co.in/dw/image/v2/BKCK_PRD/on/demandware.static/-/Sites-Tanishq-product-catalog/default/dw92e40c09/images/hi-res/51D5L2FGCAA00_1.jpg', 'https://www.tanishq.co.in/dw/image/v2/BKCK_PRD/on/demandware.static/-/Sites-Tanishq-product-catalog/default/dw6cb0d0c1/images/hi-res/51D5L2FGCAA00_2.jpg', 'https://www.tanishq.co.in/dw/image/v2/BKCK_PRD/on/demandware.static/-/Sites-Tanishq-product-catalog/default/dw6f665012/images/hi-res/51D5L2FGCAA00_3.jpg', 'https://www.tanishq.co.in/dw/image/v2/BKCK_PRD/on/demandware.static/-/Sites-Tanishq-product-catalog/default/dw88ec0317/images/hi-res/51D5L2FGCAA00_4.jpg']",https://www.tanishq.co.in/product/twin-wing-gold-ring-51d5l2fgcaa00.html?lang=en_IN,True,False,output/tanishq_images/uncategorized/51d5l2fgclaa002ba000001_1.jpg|output/tanishq_images/uncategorized/51d5l2fgclaa002ba000001_2.jpg|output/tanishq_images/uncategorized/51d5l2fgclaa002ba000001_3.jpg|output/tanishq_images/uncategorized/51d5l2fgclaa002ba000001_4.jpg
1.668,22K,yellow,30003,0.0,none,Bloom Curve Gold Ring,51D5C1FOCAA00,"['https://www.tanishq.co.in/dw/image/v2/BKCK_PRD/on/demandware.static/-/Sites-Tanishq-product-catalog/default/dw48d15c6e/images/hi-res/51D5C1FOCAA00_1.jpg', 'https://www.tanishq.co.in/dw/image/v2/BKCK_PRD/on/demandware.static/-/Sites-Tanishq-product-catalog/default/dw7e9603e8/images/hi-res/51D5C1FOCAA00_2.jpg', 'https://www.tanishq.co.in/dw/image/v2/BKCK_PRD/on/demandware.static/-/Sites-Tanishq-product-catalog/default/dw52a96661/images/hi-res/51D5C1FOCAA00_3.jpg', 'https://www.tanishq.co.in/dw/image/v2/BKCK_PRD/on/demandware.static/-/Sites-Tanishq-product-catalog/default/dwfbe2532e/images/hi-res/51D5C1FOCAA00_4.jpg']",https://www.tanishq.co.in/product/bloom-curve-gold-ring-51d5c1focaa00.html?lang=en_IN,True,False,output/tanishq_images/uncategorized/51D5C1FOCAA00_1.jpg|output/tanishq_images/uncategorized/51D5C1FOCAA00_2.jpg|output/tanishq_images/uncategorized/51D5C1FOCAA00_3.jpg|output/tanishq_images/uncategorized/51D5C1FOCAA00_4.jpg
2.654,22K,yellow,46597,0.0,none,Sculpted Leaf Gold Ring,51d5l2ffplaa002ba000001,"['https://www.tanishq.co.in/dw/image/v2/BKCK_PRD/on/demandware.static/-/Sites-Tanishq-product-catalog/default/dw205bd5d4/images/hi-res/51D5L2FFPAA00_1.jpg', 'https://www.tanishq.co.in/dw/image/v2/BKCK_PRD/on/demandware.static/-/Sites-Tanishq-product-catalog/default/dw9a7cba96/images/hi-res/51D5L2FFPAA00_2.jpg', 'https://www.tanishq.co.in/dw/image/v2/BKCK_PRD/on/demandware.static/-/Sites-Tanishq-product-catalog/default/dwf3e79796/images/hi-res/51D5L2FFPAA00_3.jpg', 'https://www.tanishq.co.in/dw/image/v2/BKCK_PRD/on/demandware.static/-/Sites-Tanishq-product-catalog/default/dwd9c540a5/images/hi-res/51D5L2FFPAA00_4.jpg']",https://www.tanishq.co.in/product/sculpted-leaf-gold-ring-51d5l2ffpaa00.html?lang=en_IN,True,False,output/tanishq_images/uncategorized/51d5l2ffplaa002ba000001_1.jpg|output/tanishq_images/uncategorized/51d5l2ffplaa002ba000001_2.jpg|output/tanishq_images/uncategorized/51d5l2ffplaa002ba000001_3.jpg|output/tanishq_images/uncategorized/51d5l2ffplaa002ba000001_4.jpg
2.783,22K,yellow,48862,0.0,none,Sculpted Grid Gold Ring,51d5l2ffaaa00,"['https://www.tanishq.co.in/dw/image/v2/BKCK_PRD/on/demandware.static/-/Sites-Tanishq-product-catalog/default/dwd0a48482/images/hi-res/51D5L2FFAAA00_1.jpg', 'https://www.tanishq.co.in/dw/image/v2/BKCK_PRD/on/demandware.static/-/Sites-Tanishq-product-catalog/default/dw1c51541a/images/hi-res/51D5L2FFAAA00_2.jpg', 'https://www.tanishq.co.in/dw/image/v2/BKCK_PRD/on/demandware.static/-/Sites-Tanishq-product-catalog/default/dwc1a7ac25/images/hi-res/51D5L2FFAAA00_3.jpg', 'https://www.tanishq.co.in/dw/image/v2/BKCK_PRD/on/demandware.static/-/Sites-Tanishq-product-catalog/default/dw88f8fd77/images/hi-res/51D5L2FFAAA00_4.jpg']",https://www.tanishq.co.in/product/sculpted-grid-gold-ring-51d5l2ffaaa00.html?lang=en_IN,True,False,output/tanishq_images/uncategorized/51d5l2ffaaa00_1.jpg|output/tanishq_images/uncategorized/51d5l2ffaaa00_2.jpg|output/tanishq_images/uncategorized/51d5l2ffaaa00_3.jpg|output/tanishq_images/uncategorized/51d5l2ffaaa00_4.jpg
1.688,22K,yellow,29637,0.0,none,Crest Curve Gold Ring,51d4mpfcla600,"['https://www.tanishq.co.in/dw/image/v2/BKCK_PRD/on/demandware.static/-/Sites-Tanishq-product-catalog/default/dw9c35766e/images/hi-res/51D4MPFCLA600_1.jpg', 'https://www.tanishq.co.in/dw/image/v2/BKCK_PRD/on/demandware.static/-/Sites-Tanishq-product-catalog/default/dw8b2850ef/images/hi-res/51D4MPFCLA600_2.jpg', 'https://www.tanishq.co.in/dw/image/v2/BKCK_PRD/on/demandware.static/-/Sites-Tanishq-product-catalog/default/dw2910941a/images/hi-res/51D4MPFCLA600_3.jpg']",https://www.tanishq.co.in/product/crest-curve-gold-ring-51d4mpfcla600.html?lang=en_IN,True,False,output/tanishq_images/uncategorized/51d4mpfcla600_1.jpg|output/tanishq_images/uncategorized/51d4mpfcla600_2.jpg|output/tanishq_images/uncategorized/51d4mpfcla600_3.jpg
1.794,22K,yellow,31498,0.0,none,Whisper Wave Gold Ring,51d5l2ffbaa00,"['https://www.tanishq.co.in/dw/image/v2/BKCK_PRD/on/demandware.static/-/Sites-Tanishq-product-catalog/default/dwc89415d7/images/hi-res/51D5L2FFBAA00_1.jpg', 'https://www.tanishq.co.in/dw/image/v2/BKCK_PRD/on/demandware.static/-/Sites-Tanishq-product-catalog/default/dwbb42dc69/images/hi-res/51D5L2FFBAA00_2.jpg', 'https://www.tanishq.co.in/dw/image/v2/BKCK_PRD/on/demandware.static/-/Sites-Tanishq-product-catalog/default/dw7a0cf9ea/images/hi-res/51D5L2FFBAA00_3.jpg', 'https://www.tanishq.co.in/dw/image/v2/BKCK_PRD/on/demandware.static/-/Sites-Tanishq-product-catalog/default/dw006c3f06/images/hi-res/51D5L2FFBAA00_4.jpg']",https://www.tanishq.co.in/product/whisper-wave-gold-ring-51d5l2ffbaa00.html?lang=en_IN,True,False,output/tanishq_images/uncategorized/51d5l2ffbaa00_1.jpg|output/tanishq_images/uncategorized/51d5l2ffbaa00_2.jpg|output/tanishq_images/uncategorized/51d5l2ffbaa00_3.jpg|output/tanishq_images/uncategorized/51d5l2ffbaa00_4.jpg
2.614,22K,yellow,45895,0.0,none,Textured Wave Gold Ring,51d5l2ffdaa00,"['https://www.tanishq.co.in/dw/image/v2/BKCK_PRD/on/demandware.static/-/Sites-Tanishq-product-catalog/default/dw63ecf347/images/hi-res/51D5L2FFDAA00_1.jpg', 'https://www.tanishq.co.in/dw/image/v2/BKCK_PRD/on/demandware.static/-/Sites-Tanishq-product-catalog/default/dwdb6e9f95/images/hi-res/51D5L2FFDAA00_2.jpg', 'https://www.tanishq.co.in/dw/image/v2/BKCK_PRD/on/demandware.static/-/Sites-Tanishq-product-catalog/default/dwa4f59493/images/hi-res/51D5L2FFDAA00_3.jpg', 'https://www.tanishq.co.in/dw/image/v2/BKCK_PRD/on/demandware.static/-/Sites-Tanishq-product-catalog/default/dwe3e9d559/images/hi-res/51D5L2FFDAA00_4.jpg']",https://www.tanishq.co.in/product/textured-wave-gold-ring-51d5l2ffdaa00.html?lang=en_IN,True,False,output/tanishq_images/uncategorized/51d5l2ffdaa00_1.jpg|output/tanishq_images/uncategorized/51d5l2ffdaa00_2.jpg|output/tanishq_images/uncategorized/51d5l2ffdaa00_3.jpg|output/tanishq_images/uncategorized/51d5l2ffdaa00_4.jpg
2.071,22K,yellow,36361,0.0,none,Endless Heart Gold Ring,51d5l2fekaa00,"['https://www.tanishq.co.in/dw/image/v2/BKCK_PRD/on/demandware.static/-/Sites-Tanishq-product-catalog/default/dwf5222403/images/hi-res/51D5L2FEKAA00_1.jpg', 'https://www.tanishq.co.in/dw/image/v2/BKCK_PRD/on/demandware.static/-/Sites-Tanishq-product-catalog/default/dw11e15980/images/hi-res/51D5L2FEKAA00_2.jpg', 'https://www.tanishq.co.in/dw/image/v2/BKCK_PRD/on/demandware.static/-/Sites-Tanishq-product-catalog/default/dw08ef6336/images/hi-res/51D5L2FEKAA00_3.jpg', 'https://www.tanishq.co.in/dw/image/v2/BKCK_PRD/on/demandware.static/-/Sites-Tanishq-product-catalog/default/dwfe83ae6f/images/hi-res/51D5L2FEKAA00_4.jpg']",https://www.tanishq.co.in/product/endless-heart-gold-ring-51d5l2fekaa00.html?lang=en_IN,True,False,output/tanishq_images/uncategorized/51d5l2fekaa00_1.jpg|output/tanishq_images/uncategorized/51d5l2fekaa00_2.jpg|output/tanishq_images/uncategorized/51d5l2fekaa00_3.jpg|output/tanishq_images/uncategorized/51d5l2fekaa00_4.jpg
2.32,22K,yellow,40733,0.0,none,Linked Curve Gold Ring,51d5l2ffsaa00,"['https://www.tanishq.co.in/dw/image/v2/BKCK_PRD/on/demandware.static/-/Sites-Tanishq-product-catalog/default/dweded5219/images/hi-res/51D5L2FFSAA00_1.jpg', 'https://www.tanishq.co.in/dw/image/v2/BKCK_PRD/on/demandware.static/-/Sites-Tanishq-product-catalog/default/dw9f791f07/images/hi-res/51D5L2FFSAA00_2.jpg', 'https://www.tanishq.co.in/dw/image/v2/BKCK_PRD/on/demandware.static/-/Sites-Tanishq-product-catalog/default/dwce8c4d8f/images/hi-res/51D5L2FFSAA00_3.jpg', 'https://www.tanishq.co.in/dw/image/v2/BKCK_PRD/on/demandware.static/-/Sites-Tanishq-product-catalog/default/dw9abc1219/images/hi-res/51D5L2FFSAA00_4.jpg']",https://www.tanishq.co.in/product/linked-curve-gold-ring-51d5l2ffsaa00.html?lang=en_IN,True,False,output/tanishq_images/uncategorized/51d5l2ffsaa00_1.jpg|output/tanishq_images/uncategorized/51d5l2ffsaa00_2.jpg|output/tanishq_images/uncategorized/51d5l2ffsaa00_3.jpg|output/tanishq_images/uncategorized/51d5l2ffsaa00_4.jpg
5.803,22K,yellow,103964,0.0,none,Sculpt Ridge Gold Ring,51d4mpfbzkpj002ja000001,"['https://www.tanishq.co.in/dw/image/v2/BKCK_PRD/on/demandware.static/-/Sites-Tanishq-product-catalog/default/dw4361e969/images/hi-res/51D4MPFBZPJ00_1.jpg', 'https://www.tanishq.co.in/dw/image/v2/BKCK_PRD/on/demandware.static/-/Sites-Tanishq-product-catalog/default/dw30abb5a3/images/hi-res/51D4MPFBZPJ00_2.jpg', 'https://www.tanishq.co.in/dw/image/v2/BKCK_PRD/on/demandware.static/-/Sites-Tanishq-product-catalog/default/dwf8a8689e/images/hi-res/51D4MPFBZPJ00_3.jpg', 'https://www.tanishq.co.in/dw/image/v2/BKCK_PRD/on/demandware.static/-/Sites-Tanishq-product-catalog/default/dwf2167333/images/hi-res/51D4MPFBZPJ00_4.jpg']",https://www.tanishq.co.in/product/sculpt-ridge-gold-ring-51d4mpfbzpj00.html?lang=en_IN,True,False,output/tanishq_images/uncategorized/51d4mpfbzkpj002ja000001_1.jpg|output/tanishq_images/uncategorized/51d4mpfbzkpj002ja000001_2.jpg|output/tanishq_images/uncategorized/51d4mpfbzkpj002ja000001_3.jpg|output/tanishq_images/uncategorized/51d4mpfbzkpj002ja000001_4.jpg
5.15,22K,yellow,90420,0.0,none,Ornate Weave Gold Ring,511719fqotav002ee000001,"['https://www.tanishq.co.in/dw/image/v2/BKCK_PRD/on/demandware.static/-/Sites-Tanishq-product-catalog/default/dw4c984281/images/hi-res/511719FQOAV00_1.jpg', 'https://www.tanishq.co.in/dw/image/v2/BKCK_PRD/on/demandware.static/-/Sites-Tanishq-product-catalog/default/dw2cb4af07/images/hi-res/511719FQOAV00_2.jpg', 'https://www.tanishq.co.in/dw/image/v2/BKCK_PRD/on/demandware.static/-/Sites-Tanishq-product-catalog/default/dw475b16a9/images/hi-res/511719FQOAV00_3.jpg', 'https://www.tanishq.co.in/dw/image/v2/BKCK_PRD/on/demandware.static/-/Sites-Tanishq-product-catalog/default/dw03bff0ee/images/hi-res/511719FQOAV00_4.jpg', 'https://www.tanishq.co.in/dw/image/v2/BKCK_PRD/on/demandware.static/-/Sites-Tanishq-product-catalog/default/dwe9464139/images/hi-res/511719FQOAV00_5.jpg']",https://www.tanishq.co.in/product/ornate-weave-gold-ring-511719fqoav00.html?lang=en_IN,True,False,output/tanishq_images/uncategorized/511719fqotav002ee000001_1.jpg|output/tanishq_images/uncategorized/511719fqotav002ee000001_2.jpg|output/tanishq_images/uncategorized/511719fqotav002ee000001_3.jpg|output/tanishq_images/uncategorized/511719fqotav002ee000001_4.jpg|output/tanishq_images/uncategorized/511719fqotav002ee000001_5.jpg
2.649,22K,yellow,46509,0.0,none,Signature Knot Gold Ring,51d5l2ffnaa00,"['https://www.tanishq.co.in/dw/image/v2/BKCK_PRD/on/demandware.static/-/Sites-Tanishq-product-catalog/default/dw77f3fadb/images/hi-res/51D5L2FFNAA00_1.jpg', 'https://www.tanishq.co.in/dw/image/v2/BKCK_PRD/on/demandware.static/-/Sites-Tanishq-product-catalog/default/dw91037659/images/hi-res/51D5L2FFNAA00_2.jpg', 'https://www.tanishq.co.in/dw/image/v2/BKCK_PRD/on/demandware.static/-/Sites-Tanishq-product-catalog/default/dw031fb431/images/hi-res/51D5L2FFNAA00_3.jpg', 'https://www.tanishq.co.in/dw/image/v2/BKCK_PRD/on/demandware.static/-/Sites-Tanishq-product-catalog/default/dw86cb37a4/images/hi-res/51D5L2FFNAA00_4.jpg']",https://www.tanishq.co.in/product/signature-knot-gold-ring-51d5l2ffnaa00.html?lang=en_IN,True,False,output/tanishq_images/uncategorized/51d5l2ffnaa00_1.jpg|output/tanishq_images/uncategorized/51d5l2ffnaa00_2.jpg|output/tanishq_images/uncategorized/51d5l2ffnaa00_3.jpg|output/tanishq_images/uncategorized/51d5l2ffnaa00_4.jpg
3.5,18K,yellow,50647,0.0,none,Interlace Flow Gold Ring,50m5b1fdgam00,"['https://www.tanishq.co.in/dw/image/v2/BKCK_PRD/on/demandware.static/-/Sites-Tanishq-product-catalog/default/dw105f8241/images/hi-res/50M5B1FDGAM00_1.jpg', 'https://www.tanishq.co.in/dw/image/v2/BKCK_PRD/on/demandware.static/-/Sites-Tanishq-product-catalog/default/dweb680b57/images/hi-res/50M5B1FDGAM00_2.jpg', 'https://www.tanishq.co.in/dw/image/v2/BKCK_PRD/on/demandware.static/-/Sites-Tanishq-product-catalog/default/dwe4ae9bf0/images/hi-res/50M5B1FDGAM00_3.jpg']",https://www.tanishq.co.in/product/interlace-flow-gold-ring-50m5b1fdgam00.html?lang=en_IN,True,False,output/tanishq_images/uncategorized/50m5b1fdgam00_1.jpg|output/tanishq_images/uncategorized/50m5b1fdgam00_2.jpg|output/tanishq_images/uncategorized/50m5b1fdgam00_3.jpg
1.836,22K,yellow,33025,0.0,none,Fluid Weave Gold Ring,51d5c1foeaa00,"['https://www.tanishq.co.in/dw/image/v2/BKCK_PRD/on/demandware.static/-/Sites-Tanishq-product-catalog/default/dw50082b33/images/hi-res/51D5C1FOEAA00_1.jpg', 'https://www.tanishq.co.in/dw/image/v2/BKCK_PRD/on/demandware.static/-/Sites-Tanishq-product-catalog/default/dwe6e1a34d/images/hi-res/51D5C1FOEAA00_2.jpg', 'https://www.tanishq.co.in/dw/image/v2/BKCK_PRD/on/demandware.static/-/Sites-Tanishq-product-catalog/default/dw489895bb/images/hi-res/51D5C1FOEAA00_3.jpg', 'https://www.tanishq.co.in/dw/image/v2/BKCK_PRD/on/demandware.static/-/Sites-Tanishq-product-catalog/default/dwcfa05398/images/hi-res/51D5C1FOEAA00_4.jpg']",https://www.tanishq.co.in/product/fluid-weave-gold-ring-51d5c1foeaa00.html?lang=en_IN,True,False,output/tanishq_images/uncategorized/51d5c1foeaa00_1.jpg|output/tanishq_images/uncategorized/51d5c1foeaa00_2.jpg|output/tanishq_images/uncategorized/51d5c1foeaa00_3.jpg|output/tanishq_images/uncategorized/51d5c1foeaa00_4.jpg
2.24,22K,yellow,36439,0.0,none,Petal Whisper Gold Ring,51d6m1fjmlaa002ja000004,"['https://www.tanishq.co.in/dw/image/v2/BKCK_PRD/on/demandware.static/-/Sites-Tanishq-product-catalog/default/dw78920e9e/images/hi-res/51D6M1FJMAA00_1.jpg', 'https://www.tanishq.co.in/dw/image/v2/BKCK_PRD/on/demandware.static/-/Sites-Tanishq-product-catalog/default/dw37304541/images/hi-res/51D6M1FJMAA00_2.jpg', 'https://www.tanishq.co.in/dw/image/v2/BKCK_PRD/on/demandware.static/-/Sites-Tanishq-product-catalog/default/dw14ddc2ad/images/hi-res/51D6M1FJMAA00_3.jpg', 'https://www.tanishq.co.in/dw/image/v2/BKCK_PRD/on/demandware.static/-/Sites-Tanishq-product-catalog/default/dw2ee35921/images/hi-res/51D6M1FLZAA00_4.jpg']",https://www.tanishq.co.in/product/petal-whisper-gold-ring-51d6m1fjmaa00.html?lang=en_IN,True,False,output/tanishq_images/uncategorized/51d6m1fjmlaa002ja000004_1.jpg|output/tanishq_images/uncategorized/51d6m1fjmlaa002ja000004_2.jpg|output/tanishq_images/uncategorized/51d6m1fjmlaa002ja000004_3.jpg|output/tanishq_images/uncategorized/51d6m1fjmlaa002ja000004_4.jpg
3.913,22K,yellow,68702,0.0,none,Twist Vine Gold Ring,51m5c1fataa00,"['https://www.tanishq.co.in/dw/image/v2/BKCK_PRD/on/demandware.static/-/Sites-Tanishq-product-catalog/default/dwb83a3ceb/images/hi-res/51M5C1FATAA00_1.jpg', 'https://www.tanishq.co.in/dw/image/v2/BKCK_PRD/on/demandware.static/-/Sites-Tanishq-product-catalog/default/dw4d204906/images/hi-res/51M5C1FATAA00_2.jpg', 'https://www.tanishq.co.in/dw/image/v2/BKCK_PRD/on/demandware.static/-/Sites-Tanishq-product-catalog/default/dwad63882e/images/hi-res/51M5C1FATAA00_3.jpg', 'https://www.tanishq.co.in/dw/image/v2/BKCK_PRD/on/demandware.static/-/Sites-Tanishq-product-catalog/default/dwc43ea235/images/hi-res/51M5C1FATAA00_4.jpg']",https://www.tanishq.co.in/product/twist-vine-gold-ring-51m5c1fataa00.html?lang=en_IN,True,False,output/tanishq_images/uncategorized/51m5c1fataa00_1.jpg|output/tanishq_images/uncategorized/51m5c1fataa00_2.jpg|output/tanishq_images/uncategorized/51m5c1fataa00_3.jpg|output/tanishq_images/uncategorized/51m5c1fataa00_4.jpg
2.757,22K,yellow,48405,0.0,none,Blossom Frame Gold Ring,51d5l2feraa00,"['https://www.tanishq.co.in/dw/image/v2/BKCK_PRD/on/demandware.static/-/Sites-Tanishq-product-catalog/default/dw5dd75d7f/images/hi-res/51D5L2FERAA00_1.jpg', 'https://www.tanishq.co.in/dw/image/v2/BKCK_PRD/on/demandware.static/-/Sites-Tanishq-product-catalog/default/dw29868210/images/hi-res/51D5L2FERAA00_2.jpg', 'https://www.tanishq.co.in/dw/image/v2/BKCK_PRD/on/demandware.static/-/Sites-Tanishq-product-catalog/default/dwd276a10c/images/hi-res/51D5L2FERAA00_3.jpg', 'https://www.tanishq.co.in/dw/image/v2/BKCK_PRD/on/demandware.static/-/Sites-Tanishq-product-catalog/default/dw51d1d126/images/hi-res/51D5L2FERAA00_4.jpg']",https://www.tanishq.co.in/product/blossom-frame-gold-ring-51d5l2feraa00.html?lang=en_IN,True,False,output/tanishq_images/uncategorized/51d5l2feraa00_1.jpg|output/tanishq_images/uncategorized/51d5l2feraa00_2.jpg|output/tanishq_images/uncategorized/51d5l2feraa00_3.jpg|output/tanishq_images/uncategorized/51d5l2feraa00_4.jpg
1.773,22K,yellow,28842,0.0,none,Swirl Bloom Gold Ring,51d6m1fmnaa00,"['https://www.tanishq.co.in/dw/image/v2/BKCK_PRD/on/demandware.static/-/Sites-Tanishq-product-catalog/default/dwc9219451/images/hi-res/51D6M1FMNAA00_1.jpg', 'https://www.tanishq.co.in/dw/image/v2/BKCK_PRD/on/demandware.static/-/Sites-Tanishq-product-catalog/default/dw4c360bfd/images/hi-res/51D6M1FMNAA00_2.jpg', 'https://www.tanishq.co.in/dw/image/v2/BKCK_PRD/on/demandware.static/-/Sites-Tanishq-product-catalog/default/dw7df32ed0/images/hi-res/51D6M1FMNAA00_3.jpg']",https://www.tanishq.co.in/product/swirl-bloom-gold-ring-51d6m1fmnaa00.html?lang=en_IN,True,False,output/tanishq_images/uncategorized/51d6m1fmnaa00_1.jpg|output/tanishq_images/uncategorized/51d6m1fmnaa00_2.jpg|output/tanishq_images/uncategorized/51d6m1fmnaa00_3.jpg
1.922,22K,yellow,34571,0.0,none,Lattice Flow Gold Ring,51d5c1foaaa00,"['https://www.tanishq.co.in/dw/image/v2/BKCK_PRD/on/demandware.static/-/Sites-Tanishq-product-catalog/default/dw21104c1d/images/hi-res/51D5C1FOAAA00_1.jpg', 'https://www.tanishq.co.in/dw/image/v2/BKCK_PRD/on/demandware.static/-/Sites-Tanishq-product-catalog/default/dw3520d4b9/images/hi-res/51D5C1FOAAA00_2.jpg', 'https://www.tanishq.co.in/dw/image/v2/BKCK_PRD/on/demandware.static/-/Sites-Tanishq-product-catalog/default/dwefe7aa8f/images/hi-res/51D5C1FOAAA00_3.jpg', 'https://www.tanishq.co.in/dw/image/v2/BKCK_PRD/on/demandware.static/-/Sites-Tanishq-product-catalog/default/dwef740622/images/hi-res/51D5C1FOAAA00_4.jpg']",https://www.tanishq.co.in/product/lattice-flow-gold-ring-51d5c1foaaa00.html?lang=en_IN,True,False,output/tanishq_images/uncategorized/51d5c1foaaa00_1.jpg|output/tanishq_images/uncategorized/51d5c1foaaa00_2.jpg|output/tanishq_images/uncategorized/51d5c1foaaa00_3.jpg|output/tanishq_images/uncategorized/51d5c1foaaa00_4.jpg
2.796,22K,yellow,49090,0.0,none,Layered Curve Gold Ring,51d5l2fetlaa002ba000001,"['https://www.tanishq.co.in/dw/image/v2/BKCK_PRD/on/demandware.static/-/Sites-Tanishq-product-catalog/default/dwb1c3d6aa/images/hi-res/51D5L2FETAA00_1.jpg', 'https://www.tanishq.co.in/dw/image/v2/BKCK_PRD/on/demandware.static/-/Sites-Tanishq-product-catalog/default/dw5198bd25/images/hi-res/51D5L2FETAA00_2.jpg', 'https://www.tanishq.co.in/dw/image/v2/BKCK_PRD/on/demandware.static/-/Sites-Tanishq-product-catalog/default/dw979d333f/images/hi-res/51D5L2FETAA00_3.jpg', 'https://www.tanishq.co.in/dw/image/v2/BKCK_PRD/on/demandware.static/-/Sites-Tanishq-product-catalog/default/dw17bfac0a/images/hi-res/51D5L2FETAA00_4.jpg']",https://www.tanishq.co.in/product/layered-curve-gold-ring-51d5l2fetaa00.html?lang=en_IN,True,False,output/tanishq_images/uncategorized/51d5l2fetlaa002ba000001_1.jpg|output/tanishq_images/uncategorized/51d5l2fetlaa002ba000001_2.jpg|output/tanishq_images/uncategorized/51d5l2fetlaa002ba000001_3.jpg|output/tanishq_images/uncategorized/51d5l2fetlaa002ba000001_4.jpg
3.404,18K,rose,116214,0.26,none,Pink Paradise Diamond Drop Earrings,50d5ffdaaaba322bx000024,"['https://www.tanishq.co.in/dw/image/v2/BKCK_PRD/on/demandware.static/-/Sites-Tanishq-product-catalog/default/dwa5fdd6f7/images/hi-res/50D5FFDAAABA32_1.jpg', 'https://www.tanishq.co.in/dw/image/v2/BKCK_PRD/on/demandware.static/-/Sites-Tanishq-product-catalog/default/dw52511457/images/hi-res/50D5FFDAAABA32_2.jpg', 'https://www.tanishq.co.in/dw/image/v2/BKCK_PRD/on/demandware.static/-/Sites-Tanishq-product-catalog/default/dw5354f172/images/hi-res/50D5FFDAAABA32_3.jpg', 'https://www.tanishq.co.in/dw/image/v2/BKCK_PRD/on/demandware.static/-/Sites-Tanishq-product-catalog/default/dw65cbe8d1/images/hi-res/50D5FFDAAABA32_4.jpg', 'https://www.tanishq.co.in/dw/image/v2/BKCK_PRD/on/demandware.static/-/Sites-Tanishq-product-catalog/default/dwc11b17b2/images/hi-res/50D5FFDAAABA32_5.jpg']",https://www.tanishq.co.in/product/pink-paradise-diamond-drop-earrings-50d5ffdaaaba32.html,True,False,output/tanishq_images/uncategorized/50d5ffdaaaba322bx000024_1.jpg|output/tanishq_images/uncategorized/50d5ffdaaaba322bx000024_2.jpg|output/tanishq_images/uncategorized/50d5ffdaaaba322bx000024_3.jpg|output/tanishq_images/uncategorized/50d5ffdaaaba322bx000024_4.jpg|output/tanishq_images/uncategorized/50d5ffdaaaba322bx000024_5.jpg
1.552,18K,Yellow and White,27009,0.049,diamond,Vine Curve Diamond Hoop Earrings,50d5h3hqeafa02,"['https://www.tanishq.co.in/dw/image/v2/BKCK_PRD/on/demandware.static/-/Sites-Tanishq-product-catalog/default/dw9977782f/images/hi-res/50D5H3HQEAFA02_1.jpg', 'https://www.tanishq.co.in/dw/image/v2/BKCK_PRD/on/demandware.static/-/Sites-Tanishq-product-catalog/default/dwcf018c68/images/hi-res/50D5H3HQEAFA02_2.jpg', 'https://www.tanishq.co.in/dw/image/v2/BKCK_PRD/on/demandware.static/-/Sites-Tanishq-product-catalog/default/dweb5e456b/images/hi-res/50D5H3HQEAFA02_3.jpg']",https://www.tanishq.co.in/product/vine-curve-diamond-hoop-earrings-50d5h3hqeafa02.html,True,False,output/tanishq_images/uncategorized/50d5h3hqeafa02_1.jpg|output/tanishq_images/uncategorized/50d5h3hqeafa02_2.jpg|output/tanishq_images/uncategorized/50d5h3hqeafa02_3.jpg
3.467,22K,yellow,61119,0.0,none,Sacred Swing Gold Pendant,51f5jypcpaaa002ee000005,"['https://www.tanishq.co.in/on/demandware.static/-/Sites-Tanishq-product-catalog/default/dw7086810f/images/hi-res/51F5JYPCPAAA00_1.jpg', 'https://www.tanishq.co.in/dw/image/v2/BKCK_PRD/on/demandware.static/-/Sites-Tanishq-product-catalog/default/dwdb11dcea/images/hi-res/51F5JYPCPAAA00_2.jpg']",https://www.tanishq.co.in/product/sacred-swing-gold-pendant-51f5jypcpaaa00.html,True,False,output/tanishq_images/uncategorized/51f5jypcpaaa002ee000005_1.jpg|output/tanishq_images/uncategorized/51f5jypcpaaa002ee000005_2.jpg
2.529,22K,yellow,44402,0.0,none,Veil Arc Gold Ring,51m5c1faumaa002ea000001,"['https://www.tanishq.co.in/dw/image/v2/BKCK_PRD/on/demandware.static/-/Sites-Tanishq-product-catalog/default/dw7f7fe842/images/hi-res/51M5C1FAUAA00_1.jpg', 'https://www.tanishq.co.in/dw/image/v2/BKCK_PRD/on/demandware.static/-/Sites-Tanishq-product-catalog/default/dw71422d96/images/hi-res/51M5C1FAUAA00_2.jpg', 'https://www.tanishq.co.in/dw/image/v2/BKCK_PRD/on/demandware.static/-/Sites-Tanishq-product-catalog/default/dwd22e5491/images/hi-res/51M5C1FAUAA00_3.jpg', 'https://www.tanishq.co.in/dw/image/v2/BKCK_PRD/on/demandware.static/-/Sites-Tanishq-product-catalog/default/dw6170b773/images/hi-res/51M5C1FAUAA00_4.jpg']",https://www.tanishq.co.in/product/veil-arc-gold-ring-51m5c1fauaa00.html,True,False,output/tanishq_images/uncategorized/51m5c1faumaa002ea000001_1.jpg|output/tanishq_images/uncategorized/51m5c1faumaa002ea000001_2.jpg|output/tanishq_images/uncategorized/51m5c1faumaa002ea000001_3.jpg|output/tanishq_images/uncategorized/51m5c1faumaa002ea000001_4.jpg
3.7,22K,yellow,65873,0.0,none,Spiral Frame Gold Drop Earrings,51d5c1dirabacz2ea000001,"['https://www.tanishq.co.in/dw/image/v2/BKCK_PRD/on/demandware.static/-/Sites-Tanishq-product-catalog/default/dwad039ffd/images/hi-res/51D5C1DIRABACZ_1.jpg', 'https://www.tanishq.co.in/dw/image/v2/BKCK_PRD/on/demandware.static/-/Sites-Tanishq-product-catalog/default/dwba2ee758/images/hi-res/51D5C1DIRABACZ_2.jpg']",https://www.tanishq.co.in/product/spiral-frame-gold-drop-earrings-51d5c1dirabacz.html,True,False,output/tanishq_images/uncategorized/51d5c1dirabacz2ea000001_1.jpg|output/tanishq_images/uncategorized/51d5c1dirabacz2ea000001_2.jpg
3.78,22K,yellow,67585,0.0,none,Rhombus Flair Gold Drop Earrings,51d4mpdcxada00,"['https://www.tanishq.co.in/on/demandware.static/-/Sites-Tanishq-product-catalog/default/dwd1dd0886/images/hi-res/51D4MPDCXADA00_1.jpg', 'https://www.tanishq.co.in/on/demandware.static/-/Sites-Tanishq-product-catalog/default/dw4e402547/images/hi-res/51D4MPDCXADA00_2.jpg']",https://www.tanishq.co.in/product/rhombus-flair-gold-drop-earrings-51d4mpdcxada00.html,True,False,output/tanishq_images/uncategorized/51d4mpdcxada00_1.jpg|output/tanishq_images/uncategorized/51d4mpdcxada00_2.jpg
1.325,18K,yellow,25300,0.035,diamond,Fluid Triangle Diamond Pendant,50d5l1pssaaa022ba000001,"['https://www.tanishq.co.in/on/demandware.static/-/Sites-Tanishq-product-catalog/default/dw97a70673/images/hi-res/50D5L1PSSAAA02_1.jpg', 'https://www.tanishq.co.in/dw/image/v2/BKCK_PRD/on/demandware.static/-/Sites-Tanishq-product-catalog/default/dw177b5e0d/images/hi-res/50D5L1PSSAAA02_2.jpg']",https://www.tanishq.co.in/product/fluid-triangle-diamond-pendant-50d5l1pssaaa02.html,True,False,output/tanishq_images/uncategorized/50d5l1pssaaa022ba000001_1.jpg|output/tanishq_images/uncategorized/50d5l1pssaaa022ba000001_2.jpg
1.821,22K,yellow,32755,0.0,none,Blooming Grace Gold Pendant,51d6ptpcnaaa00,"['https://www.tanishq.co.in/on/demandware.static/-/Sites-Tanishq-product-catalog/default/dwe6a9f4a5/images/hi-res/51D6PTPCNAAA00_1.jpg', 'https://www.tanishq.co.in/dw/image/v2/BKCK_PRD/on/demandware.static/-/Sites-Tanishq-product-catalog/default/dw950d6f08/images/hi-res/51D6PTPCNAAA00_2.jpg']",https://www.tanishq.co.in/product/blooming-grace-gold-pendant-51d6ptpcnaaa00.html,True,False,output/tanishq_images/uncategorized/51d6ptpcnaaa00_1.jpg|output/tanishq_images/uncategorized/51d6ptpcnaaa00_2.jpg
6.63,22K,yellow,116405,0.0,none,Crescent Floral Gold Drop Earrings,51d5b1dobaba00,"['https://www.tanishq.co.in/on/demandware.static/-/Sites-Tanishq-product-catalog/default/dw5e022a58/images/hi-res/51D5B1DOBABA00_1.jpg', 'https://www.tanishq.co.in/dw/image/v2/BKCK_PRD/on/demandware.static/-/Sites-Tanishq-product-catalog/default/dwd29b396f/images/hi-res/51D5B1DOBABA00_2.jpg']",https://www.tanishq.co.in/product/crescent-floral-gold-drop-earrings-51d5b1dobaba00.html,True,False,output/tanishq_images/uncategorized/51d5b1dobaba00_1.jpg|output/tanishq_images/uncategorized/51d5b1dobaba00_2.jpg
3.629,18K,yellow,75121,0.185,diamond,Bloom Trail Diamond Drop Earrings,50d5jsdekaga29,"['https://www.tanishq.co.in/on/demandware.static/-/Sites-Tanishq-product-catalog/default/dwb9e12ea9/images/hi-res/50D5JSDEKAGA29_1.jpg', 'https://www.tanishq.co.in/dw/image/v2/BKCK_PRD/on/demandware.static/-/Sites-Tanishq-product-catalog/default/dwdec142c6/images/hi-res/50D5JSDEKAGA29_2.jpg']",https://www.tanishq.co.in/product/bloom-trail-diamond-drop-earrings-50d5jsdekaga29.html,True,False,output/tanishq_images/uncategorized/50d5jsdekaga29_1.jpg|output/tanishq_images/uncategorized/50d5jsdekaga29_2.jpg
4.222,18K,yellow,61392,0.0,none,Stellar Embrace Gold Hoop Earrings,50d5pihfoaaa00,"['https://www.tanishq.co.in/on/demandware.static/-/Sites-Tanishq-product-catalog/default/dwf2e484d4/images/hi-res/50D5PIHFOAAA00_1.jpg', 'https://www.tanishq.co.in/on/demandware.static/-/Sites-Tanishq-product-catalog/default/dw6e054a6f/images/hi-res/50D5PIHFOAAA00_2.jpg', 'https://www.tanishq.co.in/on/demandware.static/-/Sites-Tanishq-product-catalog/default/dw315f9286/images/hi-res/50D5PIHFOAAA00_3.jpg']",https://www.tanishq.co.in/product/stellar-embrace-gold-hoop-earrings-50d5pihfoaaa00.html,True,False,output/tanishq_images/uncategorized/50d5pihfoaaa00_1.jpg|output/tanishq_images/uncategorized/50d5pihfoaaa00_2.jpg|output/tanishq_images/uncategorized/50d5pihfoaaa00_3.jpg
5.572,22K,yellow,99826,0.0,none,Swirl Knot Gold Stud Earrings,51d4mpsfwada00,"['https://www.tanishq.co.in/dw/image/v2/BKCK_PRD/on/demandware.static/-/Sites-Tanishq-product-catalog/default/dwd7168de3/images/hi-res/51D4MPSFWADA00_1.jpg', 'https://www.tanishq.co.in/dw/image/v2/BKCK_PRD/on/demandware.static/-/Sites-Tanishq-product-catalog/default/dw7da0b349/images/hi-res/51D4MPSFWADA00_2.jpg']",https://www.tanishq.co.in/product/swirl-knot-gold-stud-earrings-51d4mpsfwada00.html,True,False,output/tanishq_images/uncategorized/51d4mpsfwada00_1.jpg|output/tanishq_images/uncategorized/51d4mpsfwada00_2.jpg
5.07,22K,yellow,89015,0.0,none,Geometric Chevron Gold Pendant and Earrings Set,51m4d11flaga002bd000014,"['https://www.tanishq.co.in/on/demandware.static/-/Sites-Tanishq-product-catalog/default/dwd0ecefc8/images/hi-res/51M4D11FLAGA00_1.jpg', 'https://www.tanishq.co.in/on/demandware.static/-/Sites-Tanishq-product-catalog/default/dw1316dfb8/images/hi-res/51M4D11FLAGA00_2.jpg', 'https://www.tanishq.co.in/on/demandware.static/-/Sites-Tanishq-product-catalog/default/dw4b4009f5/images/hi-res/51M4D11FLAGA00_3.jpg', 'https://www.tanishq.co.in/on/demandware.static/-/Sites-Tanishq-product-catalog/default/dw728bba7b/images/hi-res/51M4D11FLAGA00_4.jpg', 'https://www.tanishq.co.in/on/demandware.static/-/Sites-Tanishq-product-catalog/default/dwe701a21c/images/hi-res/51M4D11FLAGA00_5.jpg']",https://www.tanishq.co.in/product/geometric-chevron-gold-pendant-and-earrings-set-51m4d11flaga00.html,True,False,output/tanishq_images/uncategorized/51m4d11flaga002bd000014_1.jpg|output/tanishq_images/uncategorized/51m4d11flaga002bd000014_2.jpg|output/tanishq_images/uncategorized/51m4d11flaga002bd000014_3.jpg|output/tanishq_images/uncategorized/51m4d11flaga002bd000014_4.jpg|output/tanishq_images/uncategorized/51m4d11flaga002bd000014_5.jpg
1.717,18K,yellow,46574,0.15,diamond,Infinity Heartbeat Diamond Stud Earrings,50d5vdsaaaga09,"['https://www.tanishq.co.in/dw/image/v2/BKCK_PRD/on/demandware.static/-/Sites-Tanishq-product-catalog/default/dw861776d8/images/hi-res/50D5VDSAAAGA09_1.jpg', 'https://www.tanishq.co.in/dw/image/v2/BKCK_PRD/on/demandware.static/-/Sites-Tanishq-product-catalog/default/dw9f0e604f/images/hi-res/50D5VDSAAAGA09_2.jpg', 'https://www.tanishq.co.in/dw/image/v2/BKCK_PRD/on/demandware.static/-/Sites-Tanishq-product-catalog/default/dw311ab3e5/images/hi-res/50D5VDSAAAGA09_3.jpg']",https://www.tanishq.co.in/product/infinity-heartbeat-diamond-stud-earrings-50d5vdsaaaga09.html,True,False,output/tanishq_images/uncategorized/50d5vdsaaaga09_1.jpg|output/tanishq_images/uncategorized/50d5vdsaaaga09_2.jpg|output/tanishq_images/uncategorized/50d5vdsaaaga09_3.jpg
3.935,18K,yellow,89811,0.175,diamond,Versatile Muse Diamond Pendant,50d5flpagaaa02,"['https://www.tanishq.co.in/dw/image/v2/BKCK_PRD/on/demandware.static/-/Sites-Tanishq-product-catalog/default/dw9d372131/images/hi-res/50D5FLPAGAAA02_1.jpg?sw=640&sh=640', 'https://www.tanishq.co.in/dw/image/v2/BKCK_PRD/on/demandware.static/-/Sites-Tanishq-product-catalog/default/dwf1fcaec7/images/hi-res/50D5FLPAGAAA02_2.jpg?sw=640&sh=640', 'https://www.tanishq.co.in/dw/image/v2/BKCK_PRD/on/demandware.static/-/Sites-Tanishq-product-catalog/default/dw11a270b4/images/hi-res/50D5FLPAGAAA02_3.jpg?sw=640&sh=640', 'https://www.tanishq.co.in/dw/image/v2/BKCK_PRD/on/demandware.static/-/Sites-Tanishq-product-catalog/default/dw93326081/images/hi-res/50D5FLPAGAAA02_4.jpg?sw=640&sh=640']",https://www.tanishq.co.in/product/versatile-muse-diamond-pendant-50d5flpagaaa02.html,True,False,output/tanishq_images/uncategorized/50d5flpagaaa02_1.jpg|output/tanishq_images/uncategorized/50d5flpagaaa02_2.jpg|output/tanishq_images/uncategorized/50d5flpagaaa02_3.jpg|output/tanishq_images/uncategorized/50d5flpagaaa02_4.jpg
5.298,22K,yellow,94917,0.0,none,Modern Chic Drop Earrings,51d2d1dcxaba002ea002043,"['https://www.tanishq.co.in/on/demandware.static/-/Sites-Tanishq-product-catalog/default/dw6bc57398/images/hi-res/51D2D1DCXABA00_1.jpg', 'https://www.tanishq.co.in/on/demandware.static/-/Sites-Tanishq-product-catalog/default/dw28c0ae65/images/hi-res/51D2D1DCXABA00_2.jpg']",https://www.tanishq.co.in/product/modern-chic-drop-earrings-51d2d1dcxaba00.html,True,False,output/tanishq_images/uncategorized/51d2d1dcxaba002ea002043_1.jpg|output/tanishq_images/uncategorized/51d2d1dcxaba002ea002043_2.jpg
2.203,18K,yellow,45479,0.078,diamond,Auspicious Ganesha Diamond Pendant,50f5c1pboaaa022jd000077,"['https://www.tanishq.co.in/on/demandware.static/-/Sites-Tanishq-product-catalog/default/dwddede9f8/images/hi-res/50F5C1PBOAAA02_1.jpg', 'https://www.tanishq.co.in/dw/image/v2/BKCK_PRD/on/demandware.static/-/Sites-Tanishq-product-catalog/default/dw67a7098d/images/hi-res/50F5C1PBOAAA02_2.jpg']",https://www.tanishq.co.in/product/auspicious-ganesha-diamond-pendant-50f5c1pboaaa02.html,True,False,output/tanishq_images/uncategorized/50f5c1pboaaa022jd000077_1.jpg|output/tanishq_images/uncategorized/50f5c1pboaaa022jd000077_2.jpg
4.54,22K,yellow,80035,0.0,none,Serpent Ganesha Gold Pendant,51f5b1pbhaaa00,"['https://www.tanishq.co.in/on/demandware.static/-/Sites-Tanishq-product-catalog/default/dw5e962858/images/hi-res/51F5B1PBHAAA00_1.jpg', 'https://www.tanishq.co.in/on/demandware.static/-/Sites-Tanishq-product-catalog/default/dw2be456f0/images/hi-res/51F5B1PBHAAA00_2.jpg']",https://www.tanishq.co.in/product/serpent-ganesha-gold-pendant-51f5b1pbhaaa00.html,True,False,output/tanishq_images/uncategorized/51f5b1pbhaaa00_1.jpg|output/tanishq_images/uncategorized/51f5b1pbhaaa00_2.jpg
1.571,18K,yellow,31821,0.064,diamond,Whispering Leaf Diamond Ring,50d5s2fjonaa093ia000001,"['https://www.tanishq.co.in/dw/image/v2/BKCK_PRD/on/demandware.static/-/Sites-Tanishq-product-catalog/default/dw5c396420/images/hi-res/50D5S2FJOAA09_1.jpg', 'https://www.tanishq.co.in/dw/image/v2/BKCK_PRD/on/demandware.static/-/Sites-Tanishq-product-catalog/default/dw99c32125/images/hi-res/50D5S2FJOAA09_2.jpg', 'https://www.tanishq.co.in/dw/image/v2/BKCK_PRD/on/demandware.static/-/Sites-Tanishq-product-catalog/default/dw2e89f318/images/hi-res/50D5S2FJOAA09_3.jpg']",https://www.tanishq.co.in/product/whispering-leaf-diamond-ring-50d5s2fjoaa09.html,True,False,output/tanishq_images/uncategorized/50d5s2fjonaa093ia000001_1.jpg|output/tanishq_images/uncategorized/50d5s2fjonaa093ia000001_2.jpg|output/tanishq_images/uncategorized/50d5s2fjonaa093ia000001_3.jpg
2.662,22K,yellow,47691,0.0,none,Lattice Curve Gold Hoop Earrings,51d5mghbmada00,"['https://www.tanishq.co.in/dw/image/v2/BKCK_PRD/on/demandware.static/-/Sites-Tanishq-product-catalog/default/dw2a3f84e2/images/hi-res/51D5MGHBMADA00_1.jpg', 'https://www.tanishq.co.in/dw/image/v2/BKCK_PRD/on/demandware.static/-/Sites-Tanishq-product-catalog/default/dwefc9bea4/images/hi-res/51D5MGHBMADA00_2.jpg', 'https://www.tanishq.co.in/dw/image/v2/BKCK_PRD/on/demandware.static/-/Sites-Tanishq-product-catalog/default/dw98a7d01c/images/hi-res/51D5MGHBMADA00_3.jpg']",https://www.tanishq.co.in/product/lattice-curve-gold-hoop-earrings-51d5mghbmada00.html,True,False,output/tanishq_images/uncategorized/51d5mghbmada00_1.jpg|output/tanishq_images/uncategorized/51d5mghbmada00_2.jpg|output/tanishq_images/uncategorized/51d5mghbmada00_3.jpg
3.886,22K,yellow,29064,0.0,none,Glamorous Gold Drop Earrings,513218dbaaba002ea000859,"['https://www.tanishq.co.in/on/demandware.static/-/Sites-Tanishq-product-catalog/default/dw839c250b/images/hi-res/513218DBAABA00_1.jpg', 'https://www.tanishq.co.in/dw/image/v2/BKCK_PRD/on/demandware.static/-/Sites-Tanishq-product-catalog/default/dw839c250b/images/hi-res/513218DBAABA00_1.jpg?sw=640&sh=640', 'https://www.tanishq.co.in/dw/image/v2/BKCK_PRD/on/demandware.static/-/Sites-Tanishq-product-catalog/en_IN/v1777452264146/images/hi-res/513218DBAABA00_2.jpg?sw=640&sh=640']",https://www.tanishq.co.in/product/glamorous-gold-drop-earrings-513218dbaaba00.html,True,False,output/tanishq_images/uncategorized/513218dbaaba002ea000859_1.jpg|output/tanishq_images/uncategorized/513218dbaaba002ea000859_2.jpg|output/tanishq_images/uncategorized/513218dbaaba002ea000859_3.jpg
3.455,22K,yellow,62146,0.0,none,Enthralling Gold Jhumka Earrings,515090jdnaga00,"['https://www.tanishq.co.in/dw/image/v2/BKCK_PRD/on/demandware.static/-/Sites-Tanishq-product-catalog/default/dw153f0c5e/images/hi-res/515090JDNAGA00_1.jpg', 'https://www.tanishq.co.in/dw/image/v2/BKCK_PRD/on/demandware.static/-/Sites-Tanishq-product-catalog/default/dwb6f07cb4/images/hi-res/515090JDNAGA00_2.jpg']",https://www.tanishq.co.in/product/enthralling-gold-jhumka-earrings-515090jdnaga00.html,True,False,output/tanishq_images/uncategorized/515090jdnaga00_1.jpg|output/tanishq_images/uncategorized/515090jdnaga00_2.jpg
2.714,18K,rose,98151,0.329,diamond,Twisted Elegance Diamond Ring,50e5c1fbiaa02,"['https://www.tanishq.co.in/on/demandware.static/-/Sites-Tanishq-product-catalog/default/dw10b84975/images/hi-res/50E5C1FBIAA02_1.jpg', 'https://www.tanishq.co.in/dw/image/v2/BKCK_PRD/on/demandware.static/-/Sites-Tanishq-product-catalog/default/dwa39250cf/images/hi-res/50E5C1FBIAA02_2.jpg', 'https://www.tanishq.co.in/dw/image/v2/BKCK_PRD/on/demandware.static/-/Sites-Tanishq-product-catalog/default/dw2a5d24ad/images/hi-res/50E5C1FBIAA02_3.jpg']",https://www.tanishq.co.in/product/twisted-elegance-diamond-ring-50e5c1fbiaa02.html,True,False,output/tanishq_images/uncategorized/50e5c1fbiaa02_1.jpg|output/tanishq_images/uncategorized/50e5c1fbiaa02_2.jpg|output/tanishq_images/uncategorized/50e5c1fbiaa02_3.jpg
0.735,22K,yellow,12589,0.0,none,Delicate Floral Gold Pendant,511069polaaa00,"['https://www.tanishq.co.in/on/demandware.static/-/Sites-Tanishq-product-catalog/default/dw55fc08fa/images/hi-res/511069POLAAA00_1.jpg', 'https://www.tanishq.co.in/on/demandware.static/-/Sites-Tanishq-product-catalog/default/dwc833bba2/images/hi-res/511069POLAAA00_2.jpg']",https://www.tanishq.co.in/product/delicate-floral-gold-pendant-511069polaaa00.html,True,False,output/tanishq_images/uncategorized/511069polaaa00_1.jpg|output/tanishq_images/uncategorized/511069polaaa00_2.jpg
5.515,18K,yellow,98422,0.14,diamond,Petal Twist Diamond Pendant with Chain,50d5jsgemaa29,"['https://www.tanishq.co.in/dw/image/v2/BKCK_PRD/on/demandware.static/-/Sites-Tanishq-product-catalog/default/dw21101d5b/images/hi-res/50D5JSGEMAA29_1.jpg', 'https://www.tanishq.co.in/dw/image/v2/BKCK_PRD/on/demandware.static/-/Sites-Tanishq-product-catalog/default/dwa149849d/images/hi-res/50D5JSGEMAA29_2.jpg', 'https://www.tanishq.co.in/dw/image/v2/BKCK_PRD/on/demandware.static/-/Sites-Tanishq-product-catalog/default/dw63d7f0d1/images/hi-res/50D5JSGEMAA29_3.jpg']",https://www.tanishq.co.in/product/petal-twist-diamond-pendant-with-chain-50d5jsgemaa29.html,True,False,output/tanishq_images/uncategorized/50d5jsgemaa29_1.jpg|output/tanishq_images/uncategorized/50d5jsgemaa29_2.jpg|output/tanishq_images/uncategorized/50d5jsgemaa29_3.jpg
5.503,18K,rose,94160,0.105,diamond,Whisper Bloom Diamond Ring,50d5l1fexaa29,"['https://www.tanishq.co.in/dw/image/v2/BKCK_PRD/on/demandware.static/-/Sites-Tanishq-product-catalog/default/dw04f7592c/images/hi-res/50D5L1FEXAA29_1.jpg', 'https://www.tanishq.co.in/dw/image/v2/BKCK_PRD/on/demandware.static/-/Sites-Tanishq-product-catalog/default/dw604ef92e/images/hi-res/50D5L1FEXAA29_2.jpg', 'https://www.tanishq.co.in/dw/image/v2/BKCK_PRD/on/demandware.static/-/Sites-Tanishq-product-catalog/default/dw84dd15f7/images/hi-res/50D5L1FEXAA29_3.jpg']",https://www.tanishq.co.in/product/whisper-bloom-diamond-ring-50d5l1fexaa29.html,True,False,output/tanishq_images/uncategorized/50d5l1fexaa29_1.jpg|output/tanishq_images/uncategorized/50d5l1fexaa29_2.jpg|output/tanishq_images/uncategorized/50d5l1fexaa29_3.jpg
0.828,22K,yellow,14181,0.0,none,Serene Love Pendant,511240pawaaa00,"['https://www.tanishq.co.in/on/demandware.static/-/Sites-Tanishq-product-catalog/default/dwda969d1e/images/hi-res/511240PAWAAA00_1.jpg', 'https://www.tanishq.co.in/on/demandware.static/-/Sites-Tanishq-product-catalog/default/dw72056233/images/hi-res/511240PAWAAA00_2.jpg']",https://www.tanishq.co.in/product/serene-love-pendant-511240pawaaa00.html,True,False,output/tanishq_images/uncategorized/511240pawaaa00_1.jpg|output/tanishq_images/uncategorized/511240pawaaa00_2.jpg
2.578,18K,rose,37789,0.0,none,Sculpted Square Gold Ring,50m5v2fadlaa002bd000018,"['https://www.tanishq.co.in/on/demandware.static/-/Sites-Tanishq-product-catalog/default/dw18c60a61/images/hi-res/50M5V2FADAA00_1.jpg', 'https://www.tanishq.co.in/dw/image/v2/BKCK_PRD/on/demandware.static/-/Sites-Tanishq-product-catalog/default/dwa41dcee6/images/hi-res/50M5V2FADAA00_2.jpg', 'https://www.tanishq.co.in/dw/image/v2/BKCK_PRD/on/demandware.static/-/Sites-Tanishq-product-catalog/default/dw42fbbfd5/images/hi-res/50M5V2FADAA00_3.jpg']",https://www.tanishq.co.in/product/sculpted-square-gold-ring-50m5v2fadaa00.html,True,False,output/tanishq_images/uncategorized/50m5v2fadlaa002bd000018_1.jpg|output/tanishq_images/uncategorized/50m5v2fadlaa002bd000018_2.jpg|output/tanishq_images/uncategorized/50m5v2fadlaa002bd000018_3.jpg
2.764,22K,yellow,48726,0.0,none,Knotted Heart Gold Ring,51e5c1fdsaa00,"['https://www.tanishq.co.in/on/demandware.static/-/Sites-Tanishq-product-catalog/default/dw9f1ef0fd/images/hi-res/51E5C1FDSAA00_1.jpg', 'https://www.tanishq.co.in/dw/image/v2/BKCK_PRD/on/demandware.static/-/Sites-Tanishq-product-catalog/default/dwcce44917/images/hi-res/51E5C1FDSAA00_2.jpg', 'https://www.tanishq.co.in/dw/image/v2/BKCK_PRD/on/demandware.static/-/Sites-Tanishq-product-catalog/default/dw612b8193/images/hi-res/51E5C1FDSAA00_3.jpg']",https://www.tanishq.co.in/product/knotted-heart-gold-ring-51e5c1fdsaa00.html,True,False,output/tanishq_images/uncategorized/51e5c1fdsaa00_1.jpg|output/tanishq_images/uncategorized/51e5c1fdsaa00_2.jpg|output/tanishq_images/uncategorized/51e5c1fdsaa00_3.jpg
4.348,18K,yellow,120080,0.29,diamond,Regal Crest Diamond Finger Ring for Men,50g5b1fcrraa02,"['https://www.tanishq.co.in/dw/image/v2/BKCK_PRD/on/demandware.static/-/Sites-Tanishq-product-catalog/default/dw0001e1e8/images/hi-res/50G5B1FCRAA02_1.jpg', 'https://www.tanishq.co.in/dw/image/v2/BKCK_PRD/on/demandware.static/-/Sites-Tanishq-product-catalog/default/dwb47648ba/images/hi-res/50G5B1FCRAA02_2.jpg', 'https://www.tanishq.co.in/dw/image/v2/BKCK_PRD/on/demandware.static/-/Sites-Tanishq-product-catalog/default/dw868758d1/images/hi-res/50G5B1FCRAA02_3.jpg']",https://www.tanishq.co.in/product/regal-crest-diamond-finger-ring-for-men-50g5b1fcraa02.html,True,False,output/tanishq_images/uncategorized/50g5b1fcrraa02_1.jpg|output/tanishq_images/uncategorized/50g5b1fcrraa02_2.jpg|output/tanishq_images/uncategorized/50g5b1fcrraa02_3.jpg
1.132,22K,yellow,19794,0.0,none,Chic Rhombic Gold Stud Earrings for Kids,510433shaaga00,"['https://www.tanishq.co.in/on/demandware.static/-/Sites-Tanishq-product-catalog/default/dwadfcfd81/images/hi-res/510433SHAAGA00_1.jpg', 'https://www.tanishq.co.in/dw/image/v2/BKCK_PRD/on/demandware.static/-/Sites-Tanishq-product-catalog/default/dw304c70ae/images/hi-res/510433SHAAGA00_2.jpg', 'https://www.tanishq.co.in/dw/image/v2/BKCK_PRD/on/demandware.static/-/Sites-Tanishq-product-catalog/default/dw9aa89507/images/hi-res/510433SHAAGA00_3.jpg']",https://www.tanishq.co.in/product/chic-rhombic-gold-stud-earrings-for-kids-510433shaaga00.html,True,False,output/tanishq_images/uncategorized/510433shaaga00_1.jpg|output/tanishq_images/uncategorized/510433shaaga00_2.jpg|output/tanishq_images/uncategorized/510433shaaga00_3.jpg
3.053,22K,yellow,53357,0.0,none,Flowing Leaves Gold Ring,51e5c1fcjlaa002jd000045,"['https://www.tanishq.co.in/on/demandware.static/-/Sites-Tanishq-product-catalog/default/dw99d6cab4/images/hi-res/51E5C1FCJAA00_1.jpg', 'https://www.tanishq.co.in/dw/image/v2/BKCK_PRD/on/demandware.static/-/Sites-Tanishq-product-catalog/default/dwdec6784a/images/hi-res/51E5C1FCJAA00_2.jpg', 'https://www.tanishq.co.in/dw/image/v2/BKCK_PRD/on/demandware.static/-/Sites-Tanishq-product-catalog/default/dwb75d2063/images/hi-res/51E5C1FCJAA00_3.jpg']",https://www.tanishq.co.in/product/flowing-leaves-gold-ring-51e5c1fcjaa00.html,True,False,output/tanishq_images/uncategorized/51e5c1fcjlaa002jd000045_1.jpg|output/tanishq_images/uncategorized/51e5c1fcjlaa002jd000045_2.jpg|output/tanishq_images/uncategorized/51e5c1fcjlaa002jd000045_3.jpg
1.579,18K,yellow,48351,0.144,diamond,Sleek Whisper Diamond Finger Ring,50e5b1feqlaa022jd000031,"['https://www.tanishq.co.in/on/demandware.static/-/Sites-Tanishq-product-catalog/default/dwec88f61e/images/hi-res/50E5B1FEQAA02_1.jpg', 'https://www.tanishq.co.in/dw/image/v2/BKCK_PRD/on/demandware.static/-/Sites-Tanishq-product-catalog/default/dwf4ebb7f4/images/hi-res/50E5B1FEQAA02_2.jpg', 'https://www.tanishq.co.in/dw/image/v2/BKCK_PRD/on/demandware.static/-/Sites-Tanishq-product-catalog/default/dw94f0d628/images/hi-res/50E5B1FEQAA02_3.jpg']",https://www.tanishq.co.in/product/sleek-whisper-diamond-finger-ring-50e5b1feqaa02.html,True,False,output/tanishq_images/uncategorized/50e5b1feqlaa022jd000031_1.jpg|output/tanishq_images/uncategorized/50e5b1feqlaa022jd000031_2.jpg|output/tanishq_images/uncategorized/50e5b1feqlaa022jd000031_3.jpg
5.683,22K,yellow,103848,0.0,none,Classy 22 Karat Yellow Gold Spiral Ring,511099fimnaap12ea009706,"['https://www.tanishq.co.in/dw/image/v2/BKCK_PRD/on/demandware.static/-/Sites-Tanishq-product-catalog/default/dw95c983f4/images/hi-res/511099FIMAAP1_1.jpg', 'https://www.tanishq.co.in/dw/image/v2/BKCK_PRD/on/demandware.static/-/Sites-Tanishq-product-catalog/default/dwa5d8dbab/images/hi-res/511099FIMAAP1_2.jpg', 'https://www.tanishq.co.in/dw/image/v2/BKCK_PRD/on/demandware.static/-/Sites-Tanishq-product-catalog/default/dwad438f5f/images/hi-res/511099FIMAAP1_3.jpg']",https://www.tanishq.co.in/product/classy-22-karat-yellow-gold-spiral-ring-511099fimaap1.html,True,False,output/tanishq_images/uncategorized/511099fimnaap12ea009706_1.jpg|output/tanishq_images/uncategorized/511099fimnaap12ea009706_2.jpg|output/tanishq_images/uncategorized/511099fimnaap12ea009706_3.jpg
2.217,22K,yellow,38589,0.0,none,Geometric Edge Gold Ring,51d5l2ffjlaa002ba000001,"['https://www.tanishq.co.in/dw/image/v2/BKCK_PRD/on/demandware.static/-/Sites-Tanishq-product-catalog/default/dwd9a41faf/images/hi-res/51D5L2FFJAA00_1.jpg', 'https://www.tanishq.co.in/dw/image/v2/BKCK_PRD/on/demandware.static/-/Sites-Tanishq-product-catalog/default/dweda02d46/images/hi-res/51D5L2FFJAA00_2.jpg', 'https://www.tanishq.co.in/dw/image/v2/BKCK_PRD/on/demandware.static/-/Sites-Tanishq-product-catalog/default/dw5ac12d65/images/hi-res/51D5L2FFJAA00_3.jpg', 'https://www.tanishq.co.in/dw/image/v2/BKCK_PRD/on/demandware.static/-/Sites-Tanishq-product-catalog/default/dw15b04b29/images/hi-res/51D5L2FFJAA00_4.jpg']",https://www.tanishq.co.in/product/geometric-edge-gold-ring-51d5l2ffjaa00.html,True,False,output/tanishq_images/uncategorized/51d5l2ffjlaa002ba000001_1.jpg|output/tanishq_images/uncategorized/51d5l2ffjlaa002ba000001_2.jpg|output/tanishq_images/uncategorized/51d5l2ffjlaa002ba000001_3.jpg|output/tanishq_images/uncategorized/51d5l2ffjlaa002ba000001_4.jpg
2.454,18K,yellow,44754,0.065,diamond,Luminous Drift Diamond Ring,50d5l1ffelaa092bx000016,"['https://www.tanishq.co.in/dw/image/v2/BKCK_PRD/on/demandware.static/-/Sites-Tanishq-product-catalog/default/dw8c0ec9e6/images/hi-res/50D5L1FFEAA09_1.jpg', 'https://www.tanishq.co.in/dw/image/v2/BKCK_PRD/on/demandware.static/-/Sites-Tanishq-product-catalog/default/dwfc287de2/images/hi-res/50D5L1FFEAA09_2.jpg', 'https://www.tanishq.co.in/dw/image/v2/BKCK_PRD/on/demandware.static/-/Sites-Tanishq-product-catalog/default/dw8e38577d/images/hi-res/50D5L1FFEAA09_3.jpg']",https://www.tanishq.co.in/product/luminous-drift-diamond-ring-50d5l1ffeaa09.html,True,,output/tanishq_images/uncategorized/50d5l1ffelaa092bx000016_1.jpg|output/tanishq_images/uncategorized/50d5l1ffelaa092bx000016_2.jpg|output/tanishq_images/uncategorized/50d5l1ffelaa092bx000016_3.jpg
1.411,18K,yellow,33793,0.075,diamond,Stellar Link 18KT Gold & Diamond Ring,505923fmiaa09,"['https://www.tanishq.co.in/on/demandware.static/-/Sites-Tanishq-product-catalog/default/dw647f5a38/images/hi-res/5923FMI.jpg', 'https://www.tanishq.co.in/dw/image/v2/BKCK_PRD/on/demandware.static/-/Sites-Tanishq-product-catalog/default/dw5f734b4d/images/hi-res/5923FMI_1.jpg', 'https://www.tanishq.co.in/dw/image/v2/BKCK_PRD/on/demandware.static/-/Sites-Tanishq-product-catalog/default/dwcef0e502/images/hi-res/5923FMI_2.jpg', 'https://www.tanishq.co.in/dw/image/v2/BKCK_PRD/on/demandware.static/-/Sites-Tanishq-product-catalog/default/dw7a409c9c/images/hi-res/5923FMI_3.jpg']",https://www.tanishq.co.in/product/stellar-link-18kt-gold-and-diamond-ring-505923fmiaa09.html,True,,output/tanishq_images/uncategorized/505923fmiaa09_1.jpg|output/tanishq_images/uncategorized/505923fmiaa09_2.jpg|output/tanishq_images/uncategorized/505923fmiaa09_3.jpg|output/tanishq_images/uncategorized/505923fmiaa09_4.jpg
2.031,18K,yellow,33667,0.033,diamond,Bloom Crest Diamond Ring,50d5s2fjgaa09,"['https://www.tanishq.co.in/dw/image/v2/BKCK_PRD/on/demandware.static/-/Sites-Tanishq-product-catalog/default/dwb3237e42/images/hi-res/50D5S2FJGAA09_1.jpg', 'https://www.tanishq.co.in/dw/image/v2/BKCK_PRD/on/demandware.static/-/Sites-Tanishq-product-catalog/default/dw24ec1a1e/images/hi-res/50D5S2FJGAA09_2.jpg', 'https://www.tanishq.co.in/dw/image/v2/BKCK_PRD/on/demandware.static/-/Sites-Tanishq-product-catalog/default/dwd3cb81fd/images/hi-res/50D5S2FJGAA09_3.jpg']",https://www.tanishq.co.in/product/bloom-crest-diamond-ring-50d5s2fjgaa09.html,True,,output/tanishq_images/uncategorized/50d5s2fjgaa09_1.jpg|output/tanishq_images/uncategorized/50d5s2fjgaa09_2.jpg|output/tanishq_images/uncategorized/50d5s2fjgaa09_3.jpg
4.5,22K,yellow,80140,,none,Modern Muse Gold Ring,51m4c1fhil6acz2ea000081,"['https://www.tanishq.co.in/dw/image/v2/BKCK_PRD/on/demandware.static/-/Sites-Tanishq-product-catalog/default/dw0ea4aab5/images/hi-res/51M4C1FHI6ACZ_1.jpg', 'https://www.tanishq.co.in/dw/image/v2/BKCK_PRD/on/demandware.static/-/Sites-Tanishq-product-catalog/default/dw3c51901a/images/hi-res/51M4C1FHI6ACZ_2.jpg', 'https://www.tanishq.co.in/dw/image/v2/BKCK_PRD/on/demandware.static/-/Sites-Tanishq-product-catalog/default/dwb37a0f8d/images/hi-res/51M4C1FHI6ACZ_3.jpg', 'https://www.tanishq.co.in/dw/image/v2/BKCK_PRD/on/demandware.static/-/Sites-Tanishq-product-catalog/default/dw2407b0ba/images/hi-res/51M4C1FHI6ACZ_4.jpg', 'https://www.tanishq.co.in/dw/image/v2/BKCK_PRD/on/demandware.static/-/Sites-Tanishq-product-catalog/default/dw703cf125/images/hi-res/51M4C1FHI6ACZ_5.jpg', 'https://www.tanishq.co.in/dw/image/v2/BKCK_PRD/on/demandware.static/-/Sites-Tanishq-product-catalog/default/dw568c205e/images/hi-res/51M4C1FHI6ACZ_6.jpg']",https://www.tanishq.co.in/product/modern-muse-gold-ring-51m4c1fhi6acz.html,True,,output/tanishq_images/uncategorized/51m4c1fhil6acz2ea000081_1.jpg|output/tanishq_images/uncategorized/51m4c1fhil6acz2ea000081_2.jpg|output/tanishq_images/uncategorized/51m4c1fhil6acz2ea000081_3.jpg|output/tanishq_images/uncategorized/51m4c1fhil6acz2ea000081_4.jpg|output/tanishq_images/uncategorized/51m4c1fhil6acz2ea000081_5.jpg|output/tanishq_images/uncategorized/51m4c1fhil6acz2ea000081_6.jpg
2.333,18K,Yellow,51774,0.102,diamond,Overlapping Vanki Diamond Ring,50e4plfbgaa02,"['https://www.tanishq.co.in/dw/image/v2/BKCK_PRD/on/demandware.static/-/Sites-Tanishq-product-catalog/default/dwcd0fb6d5/images/hi-res/50E4PLFBGAA02_1.jpg', 'https://www.tanishq.co.in/dw/image/v2/BKCK_PRD/on/demandware.static/-/Sites-Tanishq-product-catalog/default/dw5fc54b12/images/hi-res/50E4PLFBGAA02_2.jpg', 'https://www.tanishq.co.in/dw/image/v2/BKCK_PRD/on/demandware.static/-/Sites-Tanishq-product-catalog/default/dwe2cd15da/images/hi-res/50E4PLFBGAA02_3.jpg']",https://www.tanishq.co.in/product/overlapping-vanki-diamond--ring-50e4plfbgaa02.html,True,,output/tanishq_images/uncategorized/50e4plfbgaa02_1.jpg|output/tanishq_images/uncategorized/50e4plfbgaa02_2.jpg|output/tanishq_images/uncategorized/50e4plfbgaa02_3.jpg
2.981,18K,yellow,99008,0.311,diamond,Interwoven Vows Diamond Ring,50e5c1favaa02,"['https://www.tanishq.co.in/on/demandware.static/-/Sites-Tanishq-product-catalog/default/dw9e1ba9bd/images/hi-res/50E5C1FAVAA02_1.jpg', 'https://www.tanishq.co.in/dw/image/v2/BKCK_PRD/on/demandware.static/-/Sites-Tanishq-product-catalog/default/dw3b120e95/images/hi-res/50E5C1FAVAA02_2.jpg', 'https://www.tanishq.co.in/dw/image/v2/BKCK_PRD/on/demandware.static/-/Sites-Tanishq-product-catalog/default/dw915a7a4a/images/hi-res/50E5C1FAVAA02_3.jpg']",https://www.tanishq.co.in/product/interwoven-vows-diamond-ring-50e5c1favaa02.html,True,,output/tanishq_images/uncategorized/50e5c1favaa02_1.jpg|output/tanishq_images/uncategorized/50e5c1favaa02_2.jpg|output/tanishq_images/uncategorized/50e5c1favaa02_3.jpg
2.063,18K,rose,65905,0.19,diamond,Wave Whisper Diamond Ring,50d5b2fgvlaa022bd000137,"['https://www.tanishq.co.in/on/demandware.static/-/Sites-Tanishq-product-catalog/default/dw3b9aed49/images/hi-res/50D5B2FGVAA02_1.jpg', 'https://www.tanishq.co.in/dw/image/v2/BKCK_PRD/on/demandware.static/-/Sites-Tanishq-product-catalog/default/dw89455608/images/hi-res/50D5B2FGVAA02_2.jpg', 'https://www.tanishq.co.in/dw/image/v2/BKCK_PRD/on/demandware.static/-/Sites-Tanishq-product-catalog/default/dw5bc91e3e/images/hi-res/50D5B2FGVAA02_3.jpg']",https://www.tanishq.co.in/product/wave-whisper-diamond-ring-50d5b2fgvaa02.html,True,,output/tanishq_images/uncategorized/50d5b2fgvlaa022bd000137_1.jpg|output/tanishq_images/uncategorized/50d5b2fgvlaa022bd000137_2.jpg|output/tanishq_images/uncategorized/50d5b2fgvlaa022bd000137_3.jpg
4.068,22K,yellow,69651,,none,Visual Symphony Ring,51d3c3fihaa00,"['https://www.tanishq.co.in/on/demandware.static/-/Sites-Tanishq-product-catalog/default/dwdda37437/images/hi-res/51D3C3FIHAA00_1.jpg', 'https://www.tanishq.co.in/dw/image/v2/BKCK_PRD/on/demandware.static/-/Sites-Tanishq-product-catalog/default/dw3b923b25/images/hi-res/51D3C3FIHAA00_2.jpg', 'https://www.tanishq.co.in/dw/image/v2/BKCK_PRD/on/demandware.static/-/Sites-Tanishq-product-catalog/default/dwd6902707/images/hi-res/51D3C3FIHAA00_3.jpg', 'https://www.tanishq.co.in/dw/image/v2/BKCK_PRD/on/demandware.static/-/Sites-Tanishq-product-catalog/default/dwd4831977/images/hi-res/51D3C3FIHAA00_4.jpg']",https://www.tanishq.co.in/product/visual-symphony-ring-51d3c3fihaa00.html,True,,output/tanishq_images/uncategorized/51d3c3fihaa00_1.jpg|output/tanishq_images/uncategorized/51d3c3fihaa00_2.jpg|output/tanishq_images/uncategorized/51d3c3fihaa00_3.jpg|output/tanishq_images/uncategorized/51d3c3fihaa00_4.jpg
2.9,18K,yellow,90900,0.277,diamond,Woven Dreams Diamond Ring,50e5c1facaa02,"['https://www.tanishq.co.in/on/demandware.static/-/Sites-Tanishq-product-catalog/default/dw001aeec5/images/hi-res/50E5C1FACAA02_1.jpg', 'https://www.tanishq.co.in/dw/image/v2/BKCK_PRD/on/demandware.static/-/Sites-Tanishq-product-catalog/default/dwe066cfc0/images/hi-res/50E5C1FACAA02_2.jpg', 'https://www.tanishq.co.in/dw/image/v2/BKCK_PRD/on/demandware.static/-/Sites-Tanishq-product-catalog/default/dw8ef84366/images/hi-res/50E5C1FACAA02_3.jpg']",https://www.tanishq.co.in/product/woven-dreams-diamond-ring-50e5c1facaa02.html,True,,output/tanishq_images/uncategorized/50e5c1facaa02_1.jpg|output/tanishq_images/uncategorized/50e5c1facaa02_2.jpg|output/tanishq_images/uncategorized/50e5c1facaa02_3.jpg
2.872,18K,yellow,40901,,none,Sublime Yellow Gold Conch Finger Ring,501518fciaa00,"['https://www.tanishq.co.in/on/demandware.static/-/Sites-Tanishq-product-catalog/default/dw384d7457/images/hi-res/501518FCIAA00_1.jpg', 'https://www.tanishq.co.in/on/demandware.static/-/Sites-Tanishq-product-catalog/default/dw8e7dc573/images/hi-res/501518FCIAA00_2.jpg', 'https://www.tanishq.co.in/on/demandware.static/-/Sites-Tanishq-product-catalog/default/dwf2b57dc5/images/hi-res/501518FCIAA00_3.jpg', 'https://www.tanishq.co.in/on/demandware.static/-/Sites-Tanishq-product-catalog/default/dweee3e45f/images/hi-res/501518FCIAA00_4.jpg']",https://www.tanishq.co.in/product/sublime-yellow-gold-conch-finger-ring-501518fciaa00.html,True,,output/tanishq_images/uncategorized/501518fciaa00_1.jpg|output/tanishq_images/uncategorized/501518fciaa00_2.jpg|output/tanishq_images/uncategorized/501518fciaa00_3.jpg|output/tanishq_images/uncategorized/501518fciaa00_4.jpg
2.599,18K,yellow,37519,,none,Linear Luxe Gold Finger Ring,50m4i1fhdnaa002ja000017,"['https://www.tanishq.co.in/on/demandware.static/-/Sites-Tanishq-product-catalog/default/dw5855a669/images/hi-res/50M4I1FHDAA00_1.jpg', 'https://www.tanishq.co.in/on/demandware.static/-/Sites-Tanishq-product-catalog/default/dwf9b6d853/images/hi-res/50M4I1FHDAA00_2.jpg', 'https://www.tanishq.co.in/on/demandware.static/-/Sites-Tanishq-product-catalog/default/dwc0d868d7/images/hi-res/50M4I1FHDAA00_3.jpg']",https://www.tanishq.co.in/product/linear-luxe-gold-finger-ring-50m4i1fhdaa00.html,True,,output/tanishq_images/uncategorized/50m4i1fhdnaa002ja000017_1.jpg|output/tanishq_images/uncategorized/50m4i1fhdnaa002ja000017_2.jpg|output/tanishq_images/uncategorized/50m4i1fhdnaa002ja000017_3.jpg
2.606,18K,rose,105341,0.335,diamond,Dreamy Halo Diamond Finger Ring,50d5b2fflaa02,"['https://www.tanishq.co.in/dw/image/v2/BKCK_PRD/on/demandware.static/-/Sites-Tanishq-product-catalog/default/dw5ba8282d/images/hi-res/50D5B2FFLAA02_1.jpg?sw=640&sh=640', 'https://www.tanishq.co.in/dw/image/v2/BKCK_PRD/on/demandware.static/-/Sites-Tanishq-product-catalog/default/dw55162924/images/hi-res/50D5B2FFLAA02_2.jpg?sw=640&sh=640', 'https://www.tanishq.co.in/dw/image/v2/BKCK_PRD/on/demandware.static/-/Sites-Tanishq-product-catalog/default/dw0f9a67de/images/hi-res/50D5B2FFLAA02_3.jpg?sw=640&sh=640']",https://www.tanishq.co.in/product/dreamy-halo-diamond-finger-ring-50d5b2fflaa02.html,True,,output/tanishq_images/uncategorized/50d5b2fflaa02_1.jpg|output/tanishq_images/uncategorized/50d5b2fflaa02_2.jpg|output/tanishq_images/uncategorized/50d5b2fflaa02_3.jpg
2.94,18K,rose,107297,0.36,diamond,Mandala Petal Diamond Ring,50d4arfbfaa02,"['https://www.tanishq.co.in/on/demandware.static/-/Sites-Tanishq-product-catalog/default/dw8ae833a0/images/hi-res/50D4ARFBFAA02_1.jpg', 'https://www.tanishq.co.in/dw/image/v2/BKCK_PRD/on/demandware.static/-/Sites-Tanishq-product-catalog/default/dw05fa0529/images/hi-res/50D4ARFBFAA02_2.jpg', 'https://www.tanishq.co.in/dw/image/v2/BKCK_PRD/on/demandware.static/-/Sites-Tanishq-product-catalog/default/dw386a896a/images/hi-res/50D4ARFBFAA02_3.jpg']",https://www.tanishq.co.in/product/mandala-petal-diamond-ring-50d4arfbfaa02.html,True,,output/tanishq_images/uncategorized/50d4arfbfaa02_1.jpg|output/tanishq_images/uncategorized/50d4arfbfaa02_2.jpg|output/tanishq_images/uncategorized/50d4arfbfaa02_3.jpg
2.44,18K,rose,100749,0.36,diamond,Cheeky Radiance Diamond Finger Ring,50d5b1fbbaa02,"['https://www.tanishq.co.in/on/demandware.static/-/Sites-Tanishq-product-catalog/default/dw9c49f134/images/hi-res/50D5B1FBBAA02_1.jpg', 'https://www.tanishq.co.in/dw/image/v2/BKCK_PRD/on/demandware.static/-/Sites-Tanishq-product-catalog/default/dwe277a1d3/images/hi-res/50D5B1FBBAA02_2.jpg', 'https://www.tanishq.co.in/dw/image/v2/BKCK_PRD/on/demandware.static/-/Sites-Tanishq-product-catalog/default/dw5f969d79/images/hi-res/50D5B1FBBAA02_3.jpg']",https://www.tanishq.co.in/product/cheeky-radiance-diamond-finger-ring-50d5b1fbbaa02.html,True,,output/tanishq_images/uncategorized/50d5b1fbbaa02_1.jpg|output/tanishq_images/uncategorized/50d5b1fbbaa02_2.jpg|output/tanishq_images/uncategorized/50d5b1fbbaa02_3.jpg
2.399,22K,yellow,42609,,none,Sculpt Twist Gold Ring,51d5mgfaemaa002ja000004,"['https://www.tanishq.co.in/dw/image/v2/BKCK_PRD/on/demandware.static/-/Sites-Tanishq-product-catalog/default/dw25799112/images/hi-res/51D5MGFAEAA00_1.jpg?sw=640&sh=640', 'https://www.tanishq.co.in/dw/image/v2/BKCK_PRD/on/demandware.static/-/Sites-Tanishq-product-catalog/default/dw5cccefc8/images/hi-res/51D5MGFAEAA00_2.jpg?sw=640&sh=640', 'https://www.tanishq.co.in/dw/image/v2/BKCK_PRD/on/demandware.static/-/Sites-Tanishq-product-catalog/default/dw220de48b/images/hi-res/51D5MGFAEAA00_3.jpg?sw=640&sh=640']",https://www.tanishq.co.in/product/sculpt-twist-gold-ring-51d5mgfaeaa00.html,True,,output/tanishq_images/uncategorized/51d5mgfaemaa002ja000004_1.jpg|output/tanishq_images/uncategorized/51d5mgfaemaa002ja000004_2.jpg|output/tanishq_images/uncategorized/51d5mgfaemaa002ja000004_3.jpg
1.865,22K,yellow,33124,,none,Heart And Triangle Gold Finger Ring,51d2i1femaa00,"['https://www.tanishq.co.in/dw/image/v2/BKCK_PRD/on/demandware.static/-/Sites-Tanishq-product-catalog/default/dw9a11fde7/images/hi-res/51D2I1FEMAA00_1.jpg', 'https://www.tanishq.co.in/dw/image/v2/BKCK_PRD/on/demandware.static/-/Sites-Tanishq-product-catalog/default/dw246aa2f0/images/hi-res/51D2I1FEMAA00_2.jpg', 'https://www.tanishq.co.in/dw/image/v2/BKCK_PRD/on/demandware.static/-/Sites-Tanishq-product-catalog/default/dw89bdc3a4/images/hi-res/51D2I1FEMAA00_3.jpg']",https://www.tanishq.co.in/product/heart-and-triangle-gold-finger-ring-51d2i1femaa00.html,True,,output/tanishq_images/uncategorized/51d2i1femaa00_1.jpg|output/tanishq_images/uncategorized/51d2i1femaa00_2.jpg|output/tanishq_images/uncategorized/51d2i1femaa00_3.jpg
4.435,22K,yellow,77195,,none,Lustrous Minimalistic Gold Ring for Men,51t815fcxaa00,"['https://www.tanishq.co.in/dw/image/v2/BKCK_PRD/on/demandware.static/-/Sites-Tanishq-product-catalog/default/dw693768ed/images/hi-res/51T815FCXAA00.jpg?sw=640&sh=640', 'https://www.tanishq.co.in/dw/image/v2/BKCK_PRD/on/demandware.static/-/Sites-Tanishq-product-catalog/default/dwf709ac60/images/hi-res/51T815FCXAA00_1.jpg?sw=640&sh=640', 'https://www.tanishq.co.in/dw/image/v2/BKCK_PRD/on/demandware.static/-/Sites-Tanishq-product-catalog/default/dw14b24ce5/images/hi-res/51T815FCXAA00_2.jpg?sw=640&sh=640', 'https://www.tanishq.co.in/dw/image/v2/BKCK_PRD/on/demandware.static/-/Sites-Tanishq-product-catalog/default/dw371ca731/images/hi-res/51T815FCXAA00_3.jpg?sw=640&sh=640']",https://www.tanishq.co.in/product/lustrous-minimalistic-gold-ring-for-men-51t815fcxaa00.html,True,,output/tanishq_images/uncategorized/51t815fcxaa00_1.jpg|output/tanishq_images/uncategorized/51t815fcxaa00_2.jpg|output/tanishq_images/uncategorized/51t815fcxaa00_3.jpg|output/tanishq_images/uncategorized/51t815fcxaa00_4.jpg
4.63,22K,yellow,79273,,none,Vintage Splendor Ring,51d3c3fillaa002eb000104,"['https://www.tanishq.co.in/dw/image/v2/BKCK_PRD/on/demandware.static/-/Sites-Tanishq-product-catalog/default/dwfc0f17e4/images/hi-res/51D3C3FILAA00_1.jpg', 'https://www.tanishq.co.in/dw/image/v2/BKCK_PRD/on/demandware.static/-/Sites-Tanishq-product-catalog/default/dwe2c87f17/images/hi-res/51D3C3FILAA00_2.jpg', 'https://www.tanishq.co.in/dw/image/v2/BKCK_PRD/on/demandware.static/-/Sites-Tanishq-product-catalog/default/dwd9fa2ff8/images/hi-res/51D3C3FILAA00_3.jpg', 'https://www.tanishq.co.in/dw/image/v2/BKCK_PRD/on/demandware.static/-/Sites-Tanishq-product-catalog/default/dw04fe9c52/images/hi-res/51D3C3FILAA00_4.jpg']",https://www.tanishq.co.in/product/vintage-splendor-ring-51d3c3filaa00.html,True,,output/tanishq_images/uncategorized/51d3c3fillaa002eb000104_1.jpg|output/tanishq_images/uncategorized/51d3c3fillaa002eb000104_2.jpg|output/tanishq_images/uncategorized/51d3c3fillaa002eb000104_3.jpg|output/tanishq_images/uncategorized/51d3c3fillaa002eb000104_4.jpg
4.2,22K,yellow,72806,,none,Ornate Lattice Gold Ring,51d5b1fuqaa00,"['https://www.tanishq.co.in/on/demandware.static/-/Sites-Tanishq-product-catalog/default/dwdae38f0e/images/hi-res/51D5B1FUQAA00_1.jpg', 'https://www.tanishq.co.in/dw/image/v2/BKCK_PRD/on/demandware.static/-/Sites-Tanishq-product-catalog/default/dw3e3ec8dc/images/hi-res/51D5B1FUQAA00_2.jpg', 'https://www.tanishq.co.in/dw/image/v2/BKCK_PRD/on/demandware.static/-/Sites-Tanishq-product-catalog/default/dwcac9249f/images/hi-res/51D5B1FUQAA00_3.jpg']",https://www.tanishq.co.in/product/ornate-lattice-gold-ring-51d5b1fuqaa00.html,True,,output/tanishq_images/uncategorized/51d5b1fuqaa00_1.jpg|output/tanishq_images/uncategorized/51d5b1fuqaa00_2.jpg|output/tanishq_images/uncategorized/51d5b1fuqaa00_3.jpg
3.682,22K,yellow,64350,,none,Bloom Fan Gold Ring,51e5c1fbylaa002jd000052,"['https://www.tanishq.co.in/on/demandware.static/-/Sites-Tanishq-product-catalog/default/dwd17516c9/images/hi-res/51E5C1FBYAA00_1.jpg', 'https://www.tanishq.co.in/dw/image/v2/BKCK_PRD/on/demandware.static/-/Sites-Tanishq-product-catalog/default/dw2f605c7b/images/hi-res/51E5C1FBYAA00_2.jpg', 'https://www.tanishq.co.in/dw/image/v2/BKCK_PRD/on/demandware.static/-/Sites-Tanishq-product-catalog/default/dwdc46b7bf/images/hi-res/51E5C1FBYAA00_3.jpg']",https://www.tanishq.co.in/product/bloom-fan-gold-ring-51e5c1fbyaa00.html,True,,output/tanishq_images/uncategorized/51e5c1fbylaa002jd000052_1.jpg|output/tanishq_images/uncategorized/51e5c1fbylaa002jd000052_2.jpg|output/tanishq_images/uncategorized/51e5c1fbylaa002jd000052_3.jpg
2.31,18K,yellow,316422,0.582,diamond,Dazzling 18 Karat Yellow Gold Solitaire Finger Ring,502112fcmmab453ih000001,"['https://www.tanishq.co.in/dw/image/v2/BKCK_PRD/on/demandware.static/-/Sites-Tanishq-product-catalog/default/dwb886dc43/images/hi-res/502112FCMAB45_1.jpg', 'https://www.tanishq.co.in/dw/image/v2/BKCK_PRD/on/demandware.static/-/Sites-Tanishq-product-catalog/default/dwfca3316d/images/hi-res/502112FCMAB45_2.jpg']",https://www.tanishq.co.in/product/dazzling-18-karat-yellow-gold-solitaire-finger-ring-502112fcmab45.html,True,,output/tanishq_images/uncategorized/502112fcmmab453ih000001_1.jpg|output/tanishq_images/uncategorized/502112fcmmab453ih000001_2.jpg
1.836,22K,yellow,32740,,none,Fluid Weave Gold Ring,51d5c1foeaa00,"['https://www.tanishq.co.in/dw/image/v2/BKCK_PRD/on/demandware.static/-/Sites-Tanishq-product-catalog/default/dw50082b33/images/hi-res/51D5C1FOEAA00_1.jpg?sw=640&sh=640', 'https://www.tanishq.co.in/dw/image/v2/BKCK_PRD/on/demandware.static/-/Sites-Tanishq-product-catalog/default/dwe6e1a34d/images/hi-res/51D5C1FOEAA00_2.jpg?sw=640&sh=640', 'https://www.tanishq.co.in/dw/image/v2/BKCK_PRD/on/demandware.static/-/Sites-Tanishq-product-catalog/default/dw489895bb/images/hi-res/51D5C1FOEAA00_3.jpg?sw=640&sh=640', 'https://www.tanishq.co.in/dw/image/v2/BKCK_PRD/on/demandware.static/-/Sites-Tanishq-product-catalog/default/dwcfa05398/images/hi-res/51D5C1FOEAA00_4.jpg?sw=640&sh=640']",https://www.tanishq.co.in/product/fluid-weave-gold-ring-51d5c1foeaa00.html,True,,output/tanishq_images/uncategorized/51d5c1foeaa00_1.jpg|output/tanishq_images/uncategorized/51d5c1foeaa00_2.jpg|output/tanishq_images/uncategorized/51d5c1foeaa00_3.jpg|output/tanishq_images/uncategorized/51d5c1foeaa00_4.jpg
2.26,18K,yellow,57137,0.133,diamond,Interlaced Glow Diamond Ring,50d5d2fbnaa02,"['https://www.tanishq.co.in/on/demandware.static/-/Sites-Tanishq-product-catalog/default/dw0e3421fa/images/hi-res/50D5D2FBNAA02_1.jpg', 'https://www.tanishq.co.in/dw/image/v2/BKCK_PRD/on/demandware.static/-/Sites-Tanishq-product-catalog/default/dw8584cab7/images/hi-res/50D5D2FBNAA02_2.jpg', 'https://www.tanishq.co.in/dw/image/v2/BKCK_PRD/on/demandware.static/-/Sites-Tanishq-product-catalog/default/dw9a6d632f/images/hi-res/50D5D2FBNAA02_3.jpg']",https://www.tanishq.co.in/product/interlaced-glow-diamond-ring-50d5d2fbnaa02.html,True,,output/tanishq_images/uncategorized/50d5d2fbnaa02_1.jpg|output/tanishq_images/uncategorized/50d5d2fbnaa02_2.jpg|output/tanishq_images/uncategorized/50d5d2fbnaa02_3.jpg
2.324,18K,yellow,45838,0.07,diamond,Vertical Glow Diamond Ring,50dff1facaa02,"['https://www.tanishq.co.in/dw/image/v2/BKCK_PRD/on/demandware.static/-/Sites-Tanishq-product-catalog/default/dwbea6225f/images/hi-res/50DFF1FACAA02_1.jpg', 'https://www.tanishq.co.in/dw/image/v2/BKCK_PRD/on/demandware.static/-/Sites-Tanishq-product-catalog/default/dw365a4e4d/images/hi-res/50DFF1FACAA02_2.jpg', 'https://www.tanishq.co.in/dw/image/v2/BKCK_PRD/on/demandware.static/-/Sites-Tanishq-product-catalog/default/dwd90f56e3/images/hi-res/50DFF1FACAA02_3.jpg']",https://www.tanishq.co.in/product/vertical-glow-diamond-ring-50dff1facaa02.html,True,,output/tanishq_images/uncategorized/50dff1facaa02_1.jpg|output/tanishq_images/uncategorized/50dff1facaa02_2.jpg|output/tanishq_images/uncategorized/50dff1facaa02_3.jpg
2.708,18K,yellow,124044,0.421,diamond,Luxe Halo Diamond Finger Ring,50e5b1ffbaa02,"['https://www.tanishq.co.in/dw/image/v2/BKCK_PRD/on/demandware.static/-/Sites-Tanishq-product-catalog/default/dw29c5d044/images/hi-res/50E5B1FFBAA02_1.jpg?sw=640&sh=640', 'https://www.tanishq.co.in/dw/image/v2/BKCK_PRD/on/demandware.static/-/Sites-Tanishq-product-catalog/default/dw4c93e559/images/hi-res/50E5B1FFBAA02_2.jpg?sw=640&sh=640', 'https://www.tanishq.co.in/dw/image/v2/BKCK_PRD/on/demandware.static/-/Sites-Tanishq-product-catalog/default/dw832604c0/images/hi-res/50E5B1FFBAA02_3.jpg?sw=640&sh=640']",https://www.tanishq.co.in/product/luxe-halo-diamond-finger-ring-50e5b1ffbaa02.html,True,,output/tanishq_images/uncategorized/50e5b1ffbaa02_1.jpg|output/tanishq_images/uncategorized/50e5b1ffbaa02_2.jpg|output/tanishq_images/uncategorized/50e5b1ffbaa02_3.jpg
6.414,18K,Yellow,102579,0.065,none,Stepping Stackable Diamond Ring,50d5wxfbwl3b322bd000002,"['https://www.tanishq.co.in/dw/image/v2/BKCK_PRD/on/demandware.static/-/Sites-Tanishq-product-catalog/default/dw8dd67a0e/images/hi-res/50D5WXFBW3B32_1.jpg', 'https://www.tanishq.co.in/dw/image/v2/BKCK_PRD/on/demandware.static/-/Sites-Tanishq-product-catalog/default/dwc71d4698/images/hi-res/50D5WXFBW3B32_2.jpg', 'https://www.tanishq.co.in/dw/image/v2/BKCK_PRD/on/demandware.static/-/Sites-Tanishq-product-catalog/default/dw59907dd4/images/hi-res/50D5WXFBW3B32_3.jpg', 'https://www.tanishq.co.in/dw/image/v2/BKCK_PRD/on/demandware.static/-/Sites-Tanishq-product-catalog/default/dw169ce662/images/hi-res/50D5WXFBW3B32_4.jpg', 'https://www.tanishq.co.in/dw/image/v2/BKCK_PRD/on/demandware.static/-/Sites-Tanishq-product-catalog/default/dw613173f5/images/hi-res/50D5WXFBW3B32_5.jpg', 'https://www.tanishq.co.in/dw/image/v2/BKCK_PRD/on/demandware.static/-/Sites-Tanishq-product-catalog/default/dwfc4e7c18/images/hi-res/50D5WXFBW3B32_6.jpg']",https://www.tanishq.co.in/product/stepping-stackable-diamond-ring-50d5wxfbw3b32.html,True,,output/tanishq_images/uncategorized/50d5wxfbwl3b322bd000002_1.jpg|output/tanishq_images/uncategorized/50d5wxfbwl3b322bd000002_2.jpg|output/tanishq_images/uncategorized/50d5wxfbwl3b322bd000002_3.jpg|output/tanishq_images/uncategorized/50d5wxfbwl3b322bd000002_4.jpg|output/tanishq_images/uncategorized/50d5wxfbwl3b322bd000002_5.jpg|output/tanishq_images/uncategorized/50d5wxfbwl3b322bd000002_6.jpg
2.674,18K,yellow,72591,0.162,diamond,Chic Minimal Diamond Finger Ring,50e5a1fammaa022jh000002,"['https://www.tanishq.co.in/dw/image/v2/BKCK_PRD/on/demandware.static/-/Sites-Tanishq-product-catalog/default/dw872eae06/images/hi-res/50E5A1FAMAA02_1.jpg?sw=640&sh=640', 'https://www.tanishq.co.in/dw/image/v2/BKCK_PRD/on/demandware.static/-/Sites-Tanishq-product-catalog/default/dw2cd994ad/images/hi-res/50E5A1FAMAA02_2.jpg?sw=640&sh=640', 'https://www.tanishq.co.in/dw/image/v2/BKCK_PRD/on/demandware.static/-/Sites-Tanishq-product-catalog/default/dwba0ebae4/images/hi-res/50E5A1FAMAA02_3.jpg?sw=640&sh=640']",https://www.tanishq.co.in/product/chic-minimal-diamond-finger-ring-50e5a1famaa02.html,True,,output/tanishq_images/uncategorized/50e5a1fammaa022jh000002_1.jpg|output/tanishq_images/uncategorized/50e5a1fammaa022jh000002_2.jpg|output/tanishq_images/uncategorized/50e5a1fammaa022jh000002_3.jpg
2.8,22K,yellow,48736,,none,Royal Legacy Gold Ring,51d5b1fuvaa00,"['https://www.tanishq.co.in/on/demandware.static/-/Sites-Tanishq-product-catalog/default/dw99e3058d/images/hi-res/51D5B1FUVAA00_1.jpg', 'https://www.tanishq.co.in/dw/image/v2/BKCK_PRD/on/demandware.static/-/Sites-Tanishq-product-catalog/default/dwa9ec5a3d/images/hi-res/51D5B1FUVAA00_2.jpg', 'https://www.tanishq.co.in/dw/image/v2/BKCK_PRD/on/demandware.static/-/Sites-Tanishq-product-catalog/default/dw182327f4/images/hi-res/51D5B1FUVAA00_3.jpg']",https://www.tanishq.co.in/product/royal-legacy-gold-ring-51d5b1fuvaa00.html,True,,output/tanishq_images/uncategorized/51d5b1fuvaa00_1.jpg|output/tanishq_images/uncategorized/51d5b1fuvaa00_2.jpg|output/tanishq_images/uncategorized/51d5b1fuvaa00_3.jpg
3.034,18K,yellow,75916,0.191,diamond,Eclipse Shine Diamond Ring,50d5s2fafaa09,"['https://www.tanishq.co.in/dw/image/v2/BKCK_PRD/on/demandware.static/-/Sites-Tanishq-product-catalog/default/dw10813578/images/hi-res/50D5S2FAFAA09_1.jpg?sw=640&sh=640', 'https://www.tanishq.co.in/dw/image/v2/BKCK_PRD/on/demandware.static/-/Sites-Tanishq-product-catalog/default/dw8da7ad98/images/hi-res/50D5S2FAFAA09_2.jpg?sw=640&sh=640', 'https://www.tanishq.co.in/dw/image/v2/BKCK_PRD/on/demandware.static/-/Sites-Tanishq-product-catalog/default/dw1f947d16/images/hi-res/50D5S2FAFAA09_3.jpg?sw=640&sh=640']",https://www.tanishq.co.in/product/eclipse-shine-diamond-ring-50d5s2fafaa09.html,True,,output/tanishq_images/uncategorized/50d5s2fafaa09_1.jpg|output/tanishq_images/uncategorized/50d5s2fafaa09_2.jpg|output/tanishq_images/uncategorized/50d5s2fafaa09_3.jpg
4.727,18K,yellow,129240,0.332,diamond,Bold Chevron Diamond Finger Ring for Men,50g5b1fjkraa022jd000005,"['https://www.tanishq.co.in/dw/image/v2/BKCK_PRD/on/demandware.static/-/Sites-Tanishq-product-catalog/default/dw69a27840/images/hi-res/50G5B1FJKAA02_1.jpg', 'https://www.tanishq.co.in/dw/image/v2/BKCK_PRD/on/demandware.static/-/Sites-Tanishq-product-catalog/default/dw36edff52/images/hi-res/50G5B1FJKAA02_2.jpg', 'https://www.tanishq.co.in/dw/image/v2/BKCK_PRD/on/demandware.static/-/Sites-Tanishq-product-catalog/default/dw18c6a2d9/images/hi-res/50G5B1FJKAA02_3.jpg']",https://www.tanishq.co.in/product/bold-chevron-diamond-finger-ring-for-men-50g5b1fjkaa02.html,True,,output/tanishq_images/uncategorized/50g5b1fjkraa022jd000005_1.jpg|output/tanishq_images/uncategorized/50g5b1fjkraa022jd000005_2.jpg|output/tanishq_images/uncategorized/50g5b1fjkraa022jd000005_3.jpg
3.189,22K,yellow,54374,,none,Floral Swirl Gold Ring,51d5p1fahaa00,"['https://www.tanishq.co.in/on/demandware.static/-/Sites-Tanishq-product-catalog/default/dwa5023ec9/images/hi-res/51D5P1FAHAA00_1.jpg', 'https://www.tanishq.co.in/dw/image/v2/BKCK_PRD/on/demandware.static/-/Sites-Tanishq-product-catalog/default/dwc5f62abd/images/hi-res/51D5P1FAHAA00_2.jpg', 'https://www.tanishq.co.in/dw/image/v2/BKCK_PRD/on/demandware.static/-/Sites-Tanishq-product-catalog/default/dw58308773/images/hi-res/51D5P1FAHAA00_3.jpg']",https://www.tanishq.co.in/product/floral-swirl-gold-ring-51d5p1fahaa00.html,True,,output/tanishq_images/uncategorized/51d5p1fahaa00_1.jpg|output/tanishq_images/uncategorized/51d5p1fahaa00_2.jpg|output/tanishq_images/uncategorized/51d5p1fahaa00_3.jpg
3.652,22K,yellow,63826,,none,Petal Layer Gold Ring,51e5c1fbuaa00,"['https://www.tanishq.co.in/dw/image/v2/BKCK_PRD/on/demandware.static/-/Sites-Tanishq-product-catalog/default/dwb4a4757f/images/hi-res/51E5C1FBUAA00_1.jpg?sw=640&sh=640', 'https://www.tanishq.co.in/dw/image/v2/BKCK_PRD/on/demandware.static/-/Sites-Tanishq-product-catalog/default/dw400e0e0e/images/hi-res/51E5C1FBUAA00_2.jpg?sw=640&sh=640', 'https://www.tanishq.co.in/dw/image/v2/BKCK_PRD/on/demandware.static/-/Sites-Tanishq-product-catalog/default/dwbb3312cd/images/hi-res/51E5C1FBUAA00_3.jpg?sw=640&sh=640']",https://www.tanishq.co.in/product/petal-layer-gold-ring-51e5c1fbuaa00.html,True,,output/tanishq_images/uncategorized/51e5c1fbuaa00_1.jpg|output/tanishq_images/uncategorized/51e5c1fbuaa00_2.jpg|output/tanishq_images/uncategorized/51e5c1fbuaa00_3.jpg
1.74,18K,Yellow,68962,0.238,diamond,Floral Chevron Diamond Ring,50e5c1fanlaa022jd000002,"['https://www.tanishq.co.in/on/demandware.static/-/Sites-Tanishq-product-catalog/default/dwe97f6694/images/hi-res/50E5C1FANAA02_1.jpg', 'https://www.tanishq.co.in/dw/image/v2/BKCK_PRD/on/demandware.static/-/Sites-Tanishq-product-catalog/default/dw6ce1f0c0/images/hi-res/50E5C1FANAA02_2.jpg', 'https://www.tanishq.co.in/dw/image/v2/BKCK_PRD/on/demandware.static/-/Sites-Tanishq-product-catalog/default/dw05fc7dca/images/hi-res/50E5C1FANAA02_3.jpg']",https://www.tanishq.co.in/product/floral-chevron-diamond-ring-50e5c1fanaa02.html,True,,output/tanishq_images/uncategorized/50e5c1fanlaa022jd000002_1.jpg|output/tanishq_images/uncategorized/50e5c1fanlaa022jd000002_2.jpg|output/tanishq_images/uncategorized/50e5c1fanlaa022jd000002_3.jpg
2.043,18K,yellow,51308,0.142,diamond,Twist Lattice Diamond Ring,50d5s2fchaa09,"['https://www.tanishq.co.in/dw/image/v2/BKCK_PRD/on/demandware.static/-/Sites-Tanishq-product-catalog/default/dwdd77b45e/images/hi-res/50D5S2FCHAA09_1.jpg', 'https://www.tanishq.co.in/dw/image/v2/BKCK_PRD/on/demandware.static/-/Sites-Tanishq-product-catalog/default/dw1556c242/images/hi-res/50D5S2FCHAA09_2.jpg', 'https://www.tanishq.co.in/dw/image/v2/BKCK_PRD/on/demandware.static/-/Sites-Tanishq-product-catalog/default/dw5814e60c/images/hi-res/50D5S2FCHAA09_3.jpg']",https://www.tanishq.co.in/product/twist-lattice-diamond-ring-50d5s2fchaa09.html,True,,output/tanishq_images/uncategorized/50d5s2fchaa09_1.jpg|output/tanishq_images/uncategorized/50d5s2fchaa09_2.jpg|output/tanishq_images/uncategorized/50d5s2fchaa09_3.jpg
4.938,18K,yellow,121062,0.274,diamond,Hexa Cluster Diamond Ring for Men,50g5b1fcdaa02,"['https://www.tanishq.co.in/on/demandware.static/-/Sites-Tanishq-product-catalog/default/dwa886b2c4/images/hi-res/50G5B1FCDAA02_1.jpg', 'https://www.tanishq.co.in/dw/image/v2/BKCK_PRD/on/demandware.static/-/Sites-Tanishq-product-catalog/default/dw77ed1cc6/images/hi-res/50G5B1FCDAA02_2.jpg', 'https://www.tanishq.co.in/dw/image/v2/BKCK_PRD/on/demandware.static/-/Sites-Tanishq-product-catalog/default/dwf0610eb3/images/hi-res/50G5B1FCDAA02_3.jpg']",https://www.tanishq.co.in/product/hexa-cluster-diamond-ring-for-men-50g5b1fcdaa02.html,True,,output/tanishq_images/uncategorized/50g5b1fcdaa02_1.jpg|output/tanishq_images/uncategorized/50g5b1fcdaa02_2.jpg|output/tanishq_images/uncategorized/50g5b1fcdaa02_3.jpg
6.337,22K,yellow,110301,,none,Unique Star Carved Gold Finger Ring For Men,51f1kpfbgraa002ea001189,"['https://www.tanishq.co.in/dw/image/v2/BKCK_PRD/on/demandware.static/-/Sites-Tanishq-product-catalog/default/dw20628fb7/images/hi-res/51F1KPFBGAA00_1.jpg', 'https://www.tanishq.co.in/dw/image/v2/BKCK_PRD/on/demandware.static/-/Sites-Tanishq-product-catalog/default/dw43a2e64e/images/hi-res/51F1KPFBGAA00_2.jpg', 'https://www.tanishq.co.in/dw/image/v2/BKCK_PRD/on/demandware.static/-/Sites-Tanishq-product-catalog/default/dw562146da/images/hi-res/51F1KPFBGAA00_3.jpg']",https://www.tanishq.co.in/product/unique-star-carved-gold-finger-ring-for-men-51f1kpfbgaa00.html,True,,output/tanishq_images/uncategorized/51f1kpfbgraa002ea001189_1.jpg|output/tanishq_images/uncategorized/51f1kpfbgraa002ea001189_2.jpg|output/tanishq_images/uncategorized/51f1kpfbgraa002ea001189_3.jpg
2.777,22K,yellow,48533,,none,Enchanted Twig Gold Ring,51e5c1fdmlaa002jd000003,"['https://www.tanishq.co.in/on/demandware.static/-/Sites-Tanishq-product-catalog/default/dwfdb569c4/images/hi-res/51E5C1FDMAA00_1.jpg', 'https://www.tanishq.co.in/dw/image/v2/BKCK_PRD/on/demandware.static/-/Sites-Tanishq-product-catalog/default/dw1ff254c5/images/hi-res/51E5C1FDMAA00_2.jpg', 'https://www.tanishq.co.in/dw/image/v2/BKCK_PRD/on/demandware.static/-/Sites-Tanishq-product-catalog/default/dw49bfbb12/images/hi-res/51E5C1FDMAA00_3.jpg']",https://www.tanishq.co.in/product/enchanted-twig-gold-ring-51e5c1fdmaa00.html,True,,output/tanishq_images/uncategorized/51e5c1fdmlaa002jd000003_1.jpg|output/tanishq_images/uncategorized/51e5c1fdmlaa002jd000003_2.jpg|output/tanishq_images/uncategorized/51e5c1fdmlaa002jd000003_3.jpg
2.378,22K,yellow,41280,,gemstone,Vivid Whimsy Emerald Finger Ring,51d5b1fjklaa172ba000007,"['https://www.tanishq.co.in/dw/image/v2/BKCK_PRD/on/demandware.static/-/Sites-Tanishq-product-catalog/default/dw2d5b2b96/images/hi-res/51D5B1FJKAA17_1.jpg', 'https://www.tanishq.co.in/dw/image/v2/BKCK_PRD/on/demandware.static/-/Sites-Tanishq-product-catalog/default/dw54166adc/images/hi-res/51D5B1FJKAA17_2.jpg', 'https://www.tanishq.co.in/dw/image/v2/BKCK_PRD/on/demandware.static/-/Sites-Tanishq-product-catalog/default/dw8b9ad64d/images/hi-res/51D5B1FJKAA17_3.jpg']",https://www.tanishq.co.in/product/vivid-whimsy-emerald-finger-ring-51d5b1fjkaa17.html,True,,output/tanishq_images/uncategorized/51d5b1fjklaa172ba000007_1.jpg|output/tanishq_images/uncategorized/51d5b1fjklaa172ba000007_2.jpg|output/tanishq_images/uncategorized/51d5b1fjklaa172ba000007_3.jpg
4.893,22K,yellow,85862,,none,Hexagonal Grid Gold Ring for Men,51g5c1fbdaa00,"['https://www.tanishq.co.in/on/demandware.static/-/Sites-Tanishq-product-catalog/default/dw22b40bb6/images/hi-res/51G5C1FBDAA00_1.jpg', 'https://www.tanishq.co.in/dw/image/v2/BKCK_PRD/on/demandware.static/-/Sites-Tanishq-product-catalog/default/dwb32981c8/images/hi-res/51G5C1FBDAA00_2.jpg', 'https://www.tanishq.co.in/dw/image/v2/BKCK_PRD/on/demandware.static/-/Sites-Tanishq-product-catalog/default/dw9c5aa6a9/images/hi-res/51G5C1FBDAA00_3.jpg']",https://www.tanishq.co.in/product/hexagonal-grid-gold-ring-for-men-51g5c1fbdaa00.html,True,,output/tanishq_images/uncategorized/51g5c1fbdaa00_1.jpg|output/tanishq_images/uncategorized/51g5c1fbdaa00_2.jpg|output/tanishq_images/uncategorized/51g5c1fbdaa00_3.jpg
5.449,18K,yellow,53383,0.058,diamond,Bold Stylish Diamond Ring for Men,503117fuyaa04,"['https://www.tanishq.co.in/on/demandware.static/-/Sites-Tanishq-product-catalog/default/dwd674e38d/images/hi-res/503117FUYAA04_1.jpg', 'https://www.tanishq.co.in/dw/image/v2/BKCK_PRD/on/demandware.static/-/Sites-Tanishq-product-catalog/default/dw03ce32ab/images/hi-res/503117FUYAA04_2.jpg', 'https://www.tanishq.co.in/dw/image/v2/BKCK_PRD/on/demandware.static/-/Sites-Tanishq-product-catalog/default/dw326df55e/images/hi-res/503117FUYAA04_3.jpg', 'https://www.tanishq.co.in/dw/image/v2/BKCK_PRD/on/demandware.static/-/Sites-Tanishq-product-catalog/default/dw965c9d43/images/hi-res/503117FUYAA04_4.jpg']",https://www.tanishq.co.in/product/bold-stylish-diamond-ring-for-men-503117fuyaa04.html,True,,output/tanishq_images/uncategorized/503117fuyaa04_1.jpg|output/tanishq_images/uncategorized/503117fuyaa04_2.jpg|output/tanishq_images/uncategorized/503117fuyaa04_3.jpg|output/tanishq_images/uncategorized/503117fuyaa04_4.jpg
2.432,18K,rose,103626,0.381,diamond,Elegant Sweep Diamond Ring,50e5c1fayaa02,"['https://www.tanishq.co.in/dw/image/v2/BKCK_PRD/on/demandware.static/-/Sites-Tanishq-product-catalog/default/dwcd3e9a92/images/hi-res/50E5C1FAYAA02_1.jpg', 'https://www.tanishq.co.in/dw/image/v2/BKCK_PRD/on/demandware.static/-/Sites-Tanishq-product-catalog/default/dwd719b31c/images/hi-res/50E5C1FAYAA02_2.jpg', 'https://www.tanishq.co.in/dw/image/v2/BKCK_PRD/on/demandware.static/-/Sites-Tanishq-product-catalog/default/dwf36f7698/images/hi-res/50E5C1FAYAA02_3.jpg']",https://www.tanishq.co.in/product/elegant-sweep-diamond-ring-50e5c1fayaa02.html,True,,output/tanishq_images/uncategorized/50e5c1fayaa02_1.jpg|output/tanishq_images/uncategorized/50e5c1fayaa02_2.jpg|output/tanishq_images/uncategorized/50e5c1fayaa02_3.jpg
1.611,18K,yellow,49308,0.141,diamond,Clover Bloom Diamond Ring,50e5c1fdxaa02,"['https://www.tanishq.co.in/on/demandware.static/-/Sites-Tanishq-product-catalog/default/dwa8f5f844/images/hi-res/50E5C1FDXAA02_1.jpg', 'https://www.tanishq.co.in/dw/image/v2/BKCK_PRD/on/demandware.static/-/Sites-Tanishq-product-catalog/default/dw06fc5fe2/images/hi-res/50E5C1FDXAA02_2.jpg', 'https://www.tanishq.co.in/dw/image/v2/BKCK_PRD/on/demandware.static/-/Sites-Tanishq-product-catalog/default/dwfa426496/images/hi-res/50E5C1FDXAA02_3.jpg']",https://www.tanishq.co.in/product/clover-bloom-diamond-ring-50e5c1fdxaa02.html,True,,output/tanishq_images/uncategorized/50e5c1fdxaa02_1.jpg|output/tanishq_images/uncategorized/50e5c1fdxaa02_2.jpg|output/tanishq_images/uncategorized/50e5c1fdxaa02_3.jpg
8.288,22K,yellow,145437,,none,Opulent Floral Gold Finger Ring,513017fbxab00,"['https://www.tanishq.co.in/on/demandware.static/-/Sites-Tanishq-product-catalog/default/dw1013f528/images/hi-res/513017FBXAB00_1.jpg', 'https://www.tanishq.co.in/dw/image/v2/BKCK_PRD/on/demandware.static/-/Sites-Tanishq-product-catalog/default/dw5b8280a0/images/hi-res/513017FBXAB00_2.jpg', 'https://www.tanishq.co.in/dw/image/v2/BKCK_PRD/on/demandware.static/-/Sites-Tanishq-product-catalog/default/dw825f0eb1/images/hi-res/513017FBXAB00_3.jpg', 'https://www.tanishq.co.in/dw/image/v2/BKCK_PRD/on/demandware.static/-/Sites-Tanishq-product-catalog/default/dw46e44627/images/hi-res/513017FBXAB00_4.jpg']",https://www.tanishq.co.in/product/opulent-floral-gold-finger-ring-513017fbxab00.html,True,,output/tanishq_images/uncategorized/513017fbxab00_1.jpg|output/tanishq_images/uncategorized/513017fbxab00_2.jpg|output/tanishq_images/uncategorized/513017fbxab00_3.jpg|output/tanishq_images/uncategorized/513017fbxab00_4.jpg
3.804,22K,yellow,66212,,none,Statement Gold Finger Ring,51d4mpfcjlaa002ja000190,"['https://www.tanishq.co.in/on/demandware.static/-/Sites-Tanishq-product-catalog/default/dwbcf729e4/images/hi-res/51D4MPFCJAA00_1.jpg', 'https://www.tanishq.co.in/dw/image/v2/BKCK_PRD/on/demandware.static/-/Sites-Tanishq-product-catalog/default/dwee645900/images/hi-res/51D4MPFCJAA00_2.jpg', 'https://www.tanishq.co.in/dw/image/v2/BKCK_PRD/on/demandware.static/-/Sites-Tanishq-product-catalog/default/dw6bc099ba/images/hi-res/51D4MPFCJAA00_3.jpg']",https://www.tanishq.co.in/product/statement-gold-finger-ring-51d4mpfcjaa00.html,True,,output/tanishq_images/uncategorized/51d4mpfcjlaa002ja000190_1.jpg|output/tanishq_images/uncategorized/51d4mpfcjlaa002ja000190_2.jpg|output/tanishq_images/uncategorized/51d4mpfcjlaa002ja000190_3.jpg
1.806,22K,yellow,29125,,none,Floral Drift Gold Ring,51d5m2fubaa00,"['https://www.tanishq.co.in/dw/image/v2/BKCK_PRD/on/demandware.static/-/Sites-Tanishq-product-catalog/default/dw9d2fbe9d/images/hi-res/51D5M2FUBAA00_1.jpg', 'https://www.tanishq.co.in/dw/image/v2/BKCK_PRD/on/demandware.static/-/Sites-Tanishq-product-catalog/default/dw925b1b97/images/hi-res/51D5M2FUBAA00_2.jpg', 'https://www.tanishq.co.in/dw/image/v2/BKCK_PRD/on/demandware.static/-/Sites-Tanishq-product-catalog/default/dwffe6a6e1/images/hi-res/51D5M2FUBAA00_3.jpg']",https://www.tanishq.co.in/product/floral-drift-gold-ring-51d5m2fubaa00.html,True,,output/tanishq_images/uncategorized/51d5m2fubaa00_1.jpg|output/tanishq_images/uncategorized/51d5m2fubaa00_2.jpg|output/tanishq_images/uncategorized/51d5m2fubaa00_3.jpg
3.257,22K,yellow,58311,,none,Broad Wave Pattern Finger Ring,511138fxjab00,"['https://www.tanishq.co.in/dw/image/v2/BKCK_PRD/on/demandware.static/-/Sites-Tanishq-product-catalog/default/dwb4bb6c06/images/hi-res/511138FXJAB00_1.jpg?sw=640&sh=640', 'https://www.tanishq.co.in/dw/image/v2/BKCK_PRD/on/demandware.static/-/Sites-Tanishq-product-catalog/default/dwc704877d/images/hi-res/511138FXJAB00_2.jpg?sw=640&sh=640', 'https://www.tanishq.co.in/dw/image/v2/BKCK_PRD/on/demandware.static/-/Sites-Tanishq-product-catalog/default/dw3da801f9/images/hi-res/511138FXJAB00_3.jpg?sw=640&sh=640']",https://www.tanishq.co.in/product/broad-wave-pattern-finger-ring-511138fxjab00.html,True,,output/tanishq_images/uncategorized/511138fxjab00_1.jpg|output/tanishq_images/uncategorized/511138fxjab00_2.jpg|output/tanishq_images/uncategorized/511138fxjab00_3.jpg
3.104,18K,yellow,124749,0.451,diamond,Whimsical Bloom Diamond Finger Ring,50d5b2fhuaa02,"['https://www.tanishq.co.in/on/demandware.static/-/Sites-Tanishq-product-catalog/default/dw0bc9cb6e/images/hi-res/50D5B2FHUAA02_1.jpg', 'https://www.tanishq.co.in/dw/image/v2/BKCK_PRD/on/demandware.static/-/Sites-Tanishq-product-catalog/default/dw4d241587/images/hi-res/50D5B2FHUAA02_2.jpg', 'https://www.tanishq.co.in/dw/image/v2/BKCK_PRD/on/demandware.static/-/Sites-Tanishq-product-catalog/default/dw6f5c584b/images/hi-res/50D5B2FHUAA02_3.jpg']",https://www.tanishq.co.in/product/whimsical-bloom-diamond-finger-ring-50d5b2fhuaa02.html,True,,output/tanishq_images/uncategorized/50d5b2fhuaa02_1.jpg|output/tanishq_images/uncategorized/50d5b2fhuaa02_2.jpg|output/tanishq_images/uncategorized/50d5b2fhuaa02_3.jpg
4.7,22K,yellow,80472,,none,Sophisticated Elegance Ring,51d3c3fhsaa00,"['https://www.tanishq.co.in/dw/image/v2/BKCK_PRD/on/demandware.static/-/Sites-Tanishq-product-catalog/default/dw98109e91/images/hi-res/51D3C3FHSAA00_1.jpg', 'https://www.tanishq.co.in/dw/image/v2/BKCK_PRD/on/demandware.static/-/Sites-Tanishq-product-catalog/default/dw1694198c/images/hi-res/51D3C3FHSAA00_2.jpg', 'https://www.tanishq.co.in/dw/image/v2/BKCK_PRD/on/demandware.static/-/Sites-Tanishq-product-catalog/default/dw5c2c169e/images/hi-res/51D3C3FHSAA00_3.jpg']",https://www.tanishq.co.in/product/sophisticated-elegance-ring-51d3c3fhsaa00.html,True,,output/tanishq_images/uncategorized/51d3c3fhsaa00_1.jpg|output/tanishq_images/uncategorized/51d3c3fhsaa00_2.jpg|output/tanishq_images/uncategorized/51d3c3fhsaa00_3.jpg
2.125,22K,yellow,36987,,none,Twin Wing Gold Ring,51d5l2fgclaa002ba000001,"['https://www.tanishq.co.in/dw/image/v2/BKCK_PRD/on/demandware.static/-/Sites-Tanishq-product-catalog/default/dw92e40c09/images/hi-res/51D5L2FGCAA00_1.jpg', 'https://www.tanishq.co.in/dw/image/v2/BKCK_PRD/on/demandware.static/-/Sites-Tanishq-product-catalog/default/dw6cb0d0c1/images/hi-res/51D5L2FGCAA00_2.jpg', 'https://www.tanishq.co.in/dw/image/v2/BKCK_PRD/on/demandware.static/-/Sites-Tanishq-product-catalog/default/dw6f665012/images/hi-res/51D5L2FGCAA00_3.jpg', 'https://www.tanishq.co.in/dw/image/v2/BKCK_PRD/on/demandware.static/-/Sites-Tanishq-product-catalog/default/dw88ec0317/images/hi-res/51D5L2FGCAA00_4.jpg']",https://www.tanishq.co.in/product/twin-wing-gold-ring-51d5l2fgcaa00.html,True,,output/tanishq_images/uncategorized/51d5l2fgclaa002ba000001_1.jpg|output/tanishq_images/uncategorized/51d5l2fgclaa002ba000001_2.jpg|output/tanishq_images/uncategorized/51d5l2fgclaa002ba000001_3.jpg|output/tanishq_images/uncategorized/51d5l2fgclaa002ba000001_4.jpg
2.24,22K,yellow,38911,,none,Forever Love Gold Finger Ring,51d5b2fdmaacz,"['https://www.tanishq.co.in/dw/image/v2/BKCK_PRD/on/demandware.static/-/Sites-Tanishq-product-catalog/default/dw9f88a837/images/hi-res/51D5B2FDMAACZ_1.jpg', 'https://www.tanishq.co.in/dw/image/v2/BKCK_PRD/on/demandware.static/-/Sites-Tanishq-product-catalog/default/dw4ed709a7/images/hi-res/51D5B2FDMAACZ_2.jpg', 'https://www.tanishq.co.in/dw/image/v2/BKCK_PRD/on/demandware.static/-/Sites-Tanishq-product-catalog/default/dwa425885e/images/hi-res/51D5B2FDMAACZ_3.jpg']",https://www.tanishq.co.in/product/forever-love-gold-finger-ring-51d5b2fdmaacz.html,True,,output/tanishq_images/uncategorized/51d5b2fdmaacz_1.jpg|output/tanishq_images/uncategorized/51d5b2fdmaacz_2.jpg|output/tanishq_images/uncategorized/51d5b2fdmaacz_3.jpg
3.542,22K,yellow,61651,,none,Lattice Luxe Gold Finger Ring,51m4i1ffiaa00,"['https://www.tanishq.co.in/on/demandware.static/-/Sites-Tanishq-product-catalog/default/dw7eeac504/images/hi-res/51M4I1FFIAA00_1.jpg', 'https://www.tanishq.co.in/dw/image/v2/BKCK_PRD/on/demandware.static/-/Sites-Tanishq-product-catalog/default/dw7eeac504/images/hi-res/51M4I1FFIAA00_1.jpg?sw=640&sh=640', 'https://www.tanishq.co.in/dw/image/v2/BKCK_PRD/on/demandware.static/-/Sites-Tanishq-product-catalog/default/dw7bf78884/images/hi-res/51M4I1FFIAA00_2.jpg?sw=640&sh=640', 'https://www.tanishq.co.in/dw/image/v2/BKCK_PRD/on/demandware.static/-/Sites-Tanishq-product-catalog/default/dw4093bced/images/hi-res/51M4I1FFIAA00_3.jpg?sw=640&sh=640']",https://www.tanishq.co.in/product/lattice-luxe-gold-finger-ring-51m4i1ffiaa00.html,True,,output/tanishq_images/uncategorized/51m4i1ffiaa00_1.jpg|output/tanishq_images/uncategorized/51m4i1ffiaa00_2.jpg|output/tanishq_images/uncategorized/51m4i1ffiaa00_3.jpg|output/tanishq_images/uncategorized/51m4i1ffiaa00_4.jpg
4.451,18K,yellow,70261,0.035,diamond,Sleek Octet Diamond Ring for Men,50e5b1fbiaa02,"['https://www.tanishq.co.in/dw/image/v2/BKCK_PRD/on/demandware.static/-/Sites-Tanishq-product-catalog/default/dwb56314d1/images/hi-res/50E5B1FBIAA02_1.jpg?sw=640&sh=640', 'https://www.tanishq.co.in/dw/image/v2/BKCK_PRD/on/demandware.static/-/Sites-Tanishq-product-catalog/default/dw726a3f22/images/hi-res/50E5B1FBIAA02_2.jpg?sw=640&sh=640', 'https://www.tanishq.co.in/dw/image/v2/BKCK_PRD/on/demandware.static/-/Sites-Tanishq-product-catalog/default/dw4aa04d4e/images/hi-res/50E5B1FBIAA02_3.jpg?sw=640&sh=640']",https://www.tanishq.co.in/product/sleek-octet-diamond-ring-for-men-50e5b1fbiaa02.html,True,,output/tanishq_images/uncategorized/50e5b1fbiaa02_1.jpg|output/tanishq_images/uncategorized/50e5b1fbiaa02_2.jpg|output/tanishq_images/uncategorized/50e5b1fbiaa02_3.jpg
7.6,22K,yellow,65595,,none,Stunning Guitar Carved Gold Finger Ring For Men,51f1kpfndaa00,"['https://www.tanishq.co.in/dw/image/v2/BKCK_PRD/on/demandware.static/-/Sites-Tanishq-product-catalog/default/dw9e1a30d5/images/hi-res/51F1KPFNDAA00_1.jpg', 'https://www.tanishq.co.in/dw/image/v2/BKCK_PRD/on/demandware.static/-/Sites-Tanishq-product-catalog/default/dw7da0ee89/images/hi-res/51F1KPFNDAA00_2.jpg', 'https://www.tanishq.co.in/dw/image/v2/BKCK_PRD/on/demandware.static/-/Sites-Tanishq-product-catalog/default/dwdf481178/images/hi-res/51F1KPFNDAA00_3.jpg']",https://www.tanishq.co.in/product/stunning-guitar-carved-gold-finger-ring-for-men-51f1kpfndaa00.html,True,,output/tanishq_images/uncategorized/51f1kpfndaa00_1.jpg|output/tanishq_images/uncategorized/51f1kpfndaa00_2.jpg|output/tanishq_images/uncategorized/51f1kpfndaa00_3.jpg
1.309,18K,rose,24145,0.035,diamond,Square Buckle Diamond Ring,50d5l1ffyaa09,"['https://www.tanishq.co.in/on/demandware.static/-/Sites-Tanishq-product-catalog/default/dw352b595d/images/hi-res/50D5L1FFYAA09_1.jpg', 'https://www.tanishq.co.in/dw/image/v2/BKCK_PRD/on/demandware.static/-/Sites-Tanishq-product-catalog/default/dwe656bc66/images/hi-res/50D5L1FFYAA09_2.jpg', 'https://www.tanishq.co.in/dw/image/v2/BKCK_PRD/on/demandware.static/-/Sites-Tanishq-product-catalog/default/dwad34c20d/images/hi-res/50D5L1FFYAA09_3.jpg']",https://www.tanishq.co.in/product/square-buckle-diamond-ring-50d5l1ffyaa09.html,True,,output/tanishq_images/uncategorized/50d5l1ffyaa09_1.jpg|output/tanishq_images/uncategorized/50d5l1ffyaa09_2.jpg|output/tanishq_images/uncategorized/50d5l1ffyaa09_3.jpg
3.733,18K,rose,109983,0.313,diamond,Floral Embrace Diamond Ring,50d5l2frmmaa022jd000006,"['https://www.tanishq.co.in/on/demandware.static/-/Sites-Tanishq-product-catalog/default/dw5ee8c9eb/images/hi-res/50D5L2FRMAA02_1.jpg', 'https://www.tanishq.co.in/dw/image/v2/BKCK_PRD/on/demandware.static/-/Sites-Tanishq-product-catalog/default/dwdb35b4ce/images/hi-res/50D5L2FRMAA02_2.jpg', 'https://www.tanishq.co.in/dw/image/v2/BKCK_PRD/on/demandware.static/-/Sites-Tanishq-product-catalog/default/dwc3060688/images/hi-res/50D5L2FRMAA02_3.jpg']",https://www.tanishq.co.in/product/floral-embrace-diamond-ring-50d5l2frmaa02.html,True,,output/tanishq_images/uncategorized/50d5l2frmmaa022jd000006_1.jpg|output/tanishq_images/uncategorized/50d5l2frmmaa022jd000006_2.jpg|output/tanishq_images/uncategorized/50d5l2frmmaa022jd000006_3.jpg
2.175,18K,yellow,59804,0.164,diamond,Chic Weave Diamond Finger Ring,50d5b2fyrlaa022jd000034,"['https://www.tanishq.co.in/on/demandware.static/-/Sites-Tanishq-product-catalog/default/dwe0667d5f/images/hi-res/50D5B2FYRAA02_1.jpg', 'https://www.tanishq.co.in/dw/image/v2/BKCK_PRD/on/demandware.static/-/Sites-Tanishq-product-catalog/default/dwfd7efd88/images/hi-res/50D5B2FYRAA02_2.jpg', 'https://www.tanishq.co.in/dw/image/v2/BKCK_PRD/on/demandware.static/-/Sites-Tanishq-product-catalog/default/dwcf81a3d6/images/hi-res/50D5B2FYRAA02_3.jpg']",https://www.tanishq.co.in/product/chic-weave-diamond-finger-ring-50d5b2fyraa02.html,True,,output/tanishq_images/uncategorized/50d5b2fyrlaa022jd000034_1.jpg|output/tanishq_images/uncategorized/50d5b2fyrlaa022jd000034_2.jpg|output/tanishq_images/uncategorized/50d5b2fyrlaa022jd000034_3.jpg
1.835,18K,yellow,52773,0.142,diamond,Layered Bloom Diamond Ring,50d4arfefaa02,"['https://www.tanishq.co.in/dw/image/v2/BKCK_PRD/on/demandware.static/-/Sites-Tanishq-product-catalog/default/dw5e53f4f4/images/hi-res/50D4ARFEFAA02_1.jpg', 'https://www.tanishq.co.in/dw/image/v2/BKCK_PRD/on/demandware.static/-/Sites-Tanishq-product-catalog/default/dw0ddf195f/images/hi-res/50D4ARFEFAA02_2.jpg', 'https://www.tanishq.co.in/dw/image/v2/BKCK_PRD/on/demandware.static/-/Sites-Tanishq-product-catalog/default/dwf5403642/images/hi-res/50D4ARFEFAA02_3.jpg']",https://www.tanishq.co.in/product/layered-bloom-diamond-ring-50d4arfefaa02.html,True,,output/tanishq_images/uncategorized/50d4arfefaa02_1.jpg|output/tanishq_images/uncategorized/50d4arfefaa02_2.jpg|output/tanishq_images/uncategorized/50d4arfefaa02_3.jpg
3.66,18K,yellow,52123,,none,Floral Filigree Finger Ring,501719fqraa00,"['https://www.tanishq.co.in/on/demandware.static/-/Sites-Tanishq-product-catalog/default/dw375da29f/images/hi-res/501719FQRAA00_1.jpg', 'https://www.tanishq.co.in/on/demandware.static/-/Sites-Tanishq-product-catalog/default/dw4740e1f9/images/hi-res/501719FQRAA00_2.jpg', 'https://www.tanishq.co.in/on/demandware.static/-/Sites-Tanishq-product-catalog/default/dw031e6eca/images/hi-res/501719FQRAA00_3.jpg', 'https://www.tanishq.co.in/on/demandware.static/-/Sites-Tanishq-product-catalog/default/dw5e950f75/images/hi-res/501719FQRAA00_4.jpg']",https://www.tanishq.co.in/product/floral-filigree-finger-ring-501719fqraa00.html,True,,output/tanishq_images/uncategorized/501719fqraa00_1.jpg|output/tanishq_images/uncategorized/501719fqraa00_2.jpg|output/tanishq_images/uncategorized/501719fqraa00_3.jpg|output/tanishq_images/uncategorized/501719fqraa00_4.jpg
2.87,22KT,yellow,51994,,none,22KT Yellow Gold Striking Abstract Ring,512822ftnaa00,"['https://www.tanishq.co.in/dw/image/v2/BKCK_PRD/on/demandware.static/-/Sites-Tanishq-product-catalog/default/dwfebcfdb4/images/hi-res/2822FTN.jpg?sw=640&sh=640', 'https://www.tanishq.co.in/dw/image/v2/BKCK_PRD/on/demandware.static/-/Sites-Tanishq-product-catalog/default/dw3d2416f6/images/hi-res/2822FTN_1.jpg?sw=640&sh=640', 'https://www.tanishq.co.in/dw/image/v2/BKCK_PRD/on/demandware.static/-/Sites-Tanishq-product-catalog/default/dw5a2f3f96/images/hi-res/2822FTN_2.jpg?sw=640&sh=640', 'https://www.tanishq.co.in/dw/image/v2/BKCK_PRD/on/demandware.static/-/Sites-Tanishq-product-catalog/default/dw94b43673/images/hi-res/2822FTN_3.jpg?sw=640&sh=640']",https://www.tanishq.co.in/product/22kt-yellow-gold-striking-abstract-ring-512822ftnaa00.html,True,,output/tanishq_images/uncategorized/512822ftnaa00_1.jpg|output/tanishq_images/uncategorized/512822ftnaa00_2.jpg|output/tanishq_images/uncategorized/512822ftnaa00_3.jpg|output/tanishq_images/uncategorized/512822ftnaa00_4.jpg
6.991,18K,yellow,147882,0.279,diamond,Octagonal Brilliance Diamond Ring For Men,50g5v2fbpaa02,"['https://www.tanishq.co.in/dw/image/v2/BKCK_PRD/on/demandware.static/-/Sites-Tanishq-product-catalog/default/dw2484458f/images/hi-res/50G5V2FBPAA02_1.jpg', 'https://www.tanishq.co.in/dw/image/v2/BKCK_PRD/on/demandware.static/-/Sites-Tanishq-product-catalog/default/dwf0a987a9/images/hi-res/50G5V2FBPAA02_2.jpg', 'https://www.tanishq.co.in/dw/image/v2/BKCK_PRD/on/demandware.static/-/Sites-Tanishq-product-catalog/default/dw1a18798f/images/hi-res/50G5V2FBPAA02_3.jpg']",https://www.tanishq.co.in/product/octagonal-brilliance-diamond-ring-for-men-50g5v2fbpaa02.html,True,,output/tanishq_images/uncategorized/50g5v2fbpaa02_1.jpg|output/tanishq_images/uncategorized/50g5v2fbpaa02_2.jpg|output/tanishq_images/uncategorized/50g5v2fbpaa02_3.jpg
3.602,22K,yellow,63349,,none,Gleaming Aura Gold Finger Ring,51d5b2fdaaacz,"['https://www.tanishq.co.in/dw/image/v2/BKCK_PRD/on/demandware.static/-/Sites-Tanishq-product-catalog/default/dw8dfbad29/images/hi-res/51D5B2FDAAACZ_1.jpg', 'https://www.tanishq.co.in/dw/image/v2/BKCK_PRD/on/demandware.static/-/Sites-Tanishq-product-catalog/default/dwd95e2ee6/images/hi-res/51D5B2FDAAACZ_2.jpg', 'https://www.tanishq.co.in/dw/image/v2/BKCK_PRD/on/demandware.static/-/Sites-Tanishq-product-catalog/default/dw42495279/images/hi-res/51D5B2FDAAACZ_3.jpg']",https://www.tanishq.co.in/product/gleaming-aura-gold-finger-ring-51d5b2fdaaacz.html,True,,output/tanishq_images/uncategorized/51d5b2fdaaacz_1.jpg|output/tanishq_images/uncategorized/51d5b2fdaaacz_2.jpg|output/tanishq_images/uncategorized/51d5b2fdaaacz_3.jpg
5.332,22K,yellow,84853,,none,Sublime 22 Karat Yellow Gold Oval Finger Ring,510120faavaa002ja006664,"['https://www.tanishq.co.in/dw/image/v2/BKCK_PRD/on/demandware.static/-/Sites-Tanishq-product-catalog/default/dw7a06078e/images/hi-res/510120FAAAA00_1.jpg', 'https://www.tanishq.co.in/dw/image/v2/BKCK_PRD/on/demandware.static/-/Sites-Tanishq-product-catalog/default/dwde53a5d8/images/hi-res/510120FAAAA00_2.jpg', 'https://www.tanishq.co.in/dw/image/v2/BKCK_PRD/on/demandware.static/-/Sites-Tanishq-product-catalog/default/dw415b111f/images/hi-res/510120FAAAA00_3.jpg']",https://www.tanishq.co.in/product/sublime-22-karat-yellow-gold-oval-finger-ring-510120faaaa00.html,True,,output/tanishq_images/uncategorized/510120faavaa002ja006664_1.jpg|output/tanishq_images/uncategorized/510120faavaa002ja006664_2.jpg|output/tanishq_images/uncategorized/510120faavaa002ja006664_3.jpg
2.4,18K,yellow,39636,0.045,diamond,Classic Halo Diamond Ring,50d5l1ffgaa29,"['https://www.tanishq.co.in/dw/image/v2/BKCK_PRD/on/demandware.static/-/Sites-Tanishq-product-catalog/default/dw308b4002/images/hi-res/50D5L1FFGAA29_1.jpg', 'https://www.tanishq.co.in/dw/image/v2/BKCK_PRD/on/demandware.static/-/Sites-Tanishq-product-catalog/default/dw2daebebd/images/hi-res/50D5L1FFGAA29_2.jpg', 'https://www.tanishq.co.in/dw/image/v2/BKCK_PRD/on/demandware.static/-/Sites-Tanishq-product-catalog/default/dwa48983cd/images/hi-res/50D5L1FFGAA29_3.jpg']",https://www.tanishq.co.in/product/classic-halo-diamond-ring-50d5l1ffgaa29.html,True,,output/tanishq_images/uncategorized/50d5l1ffgaa29_1.jpg|output/tanishq_images/uncategorized/50d5l1ffgaa29_2.jpg|output/tanishq_images/uncategorized/50d5l1ffgaa29_3.jpg
2.8,22K,yellow,48736,,none,Angular Ridge Gold Ring,51d5l2ffiaa00,"['https://www.tanishq.co.in/dw/image/v2/BKCK_PRD/on/demandware.static/-/Sites-Tanishq-product-catalog/default/dw3b69a95f/images/hi-res/51D5L2FFIAA00_1.jpg?sw=640&sh=640', 'https://www.tanishq.co.in/dw/image/v2/BKCK_PRD/on/demandware.static/-/Sites-Tanishq-product-catalog/default/dw75e3f0e1/images/hi-res/51D5L2FFIAA00_2.jpg?sw=640&sh=640', 'https://www.tanishq.co.in/dw/image/v2/BKCK_PRD/on/demandware.static/-/Sites-Tanishq-product-catalog/default/dw7e96d29d/images/hi-res/51D5L2FFIAA00_3.jpg?sw=640&sh=640', 'https://www.tanishq.co.in/dw/image/v2/BKCK_PRD/on/demandware.static/-/Sites-Tanishq-product-catalog/default/dw81329a85/images/hi-res/51D5L2FFIAA00_4.jpg?sw=640&sh=640']",https://www.tanishq.co.in/product/angular-ridge-gold-ring-51d5l2ffiaa00.html,True,,output/tanishq_images/uncategorized/51d5l2ffiaa00_1.jpg|output/tanishq_images/uncategorized/51d5l2ffiaa00_2.jpg|output/tanishq_images/uncategorized/51d5l2ffiaa00_3.jpg|output/tanishq_images/uncategorized/51d5l2ffiaa00_4.jpg
5.336,18K,yellow,121007,0.253,diamond,Modern Geometry Diamond Ring For Men,50g5c1ffzaa02,"['https://www.tanishq.co.in/dw/image/v2/BKCK_PRD/on/demandware.static/-/Sites-Tanishq-product-catalog/default/dwb023dae0/images/hi-res/50G5C1FFZAA02_1.jpg?sw=640&sh=640', 'https://www.tanishq.co.in/dw/image/v2/BKCK_PRD/on/demandware.static/-/Sites-Tanishq-product-catalog/default/dw918bce90/images/hi-res/50G5C1FFZAA02_2.jpg?sw=640&sh=640', 'https://www.tanishq.co.in/dw/image/v2/BKCK_PRD/on/demandware.static/-/Sites-Tanishq-product-catalog/default/dw79108f9f/images/hi-res/50G5C1FFZAA02_3.jpg?sw=640&sh=640']",https://www.tanishq.co.in/product/modern-geometry-diamond-ring-for-men-50g5c1ffzaa02.html,True,,output/tanishq_images/uncategorized/50g5c1ffzaa02_1.jpg|output/tanishq_images/uncategorized/50g5c1ffzaa02_2.jpg|output/tanishq_images/uncategorized/50g5c1ffzaa02_3.jpg
5.172,18K,yellow,74858,,none,Royal Crest Gold Ring,50d5pafcrlaa002eb000017,"['https://www.tanishq.co.in/on/demandware.static/-/Sites-Tanishq-product-catalog/default/dwf6e4db12/images/hi-res/50D5PAFCRAA00_1.jpg', 'https://www.tanishq.co.in/dw/image/v2/BKCK_PRD/on/demandware.static/-/Sites-Tanishq-product-catalog/default/dw322533e3/images/hi-res/50D5PAFCRAA00_2.jpg', 'https://www.tanishq.co.in/dw/image/v2/BKCK_PRD/on/demandware.static/-/Sites-Tanishq-product-catalog/default/dwa78b380c/images/hi-res/50D5PAFCRAA00_3.jpg']",https://www.tanishq.co.in/product/royal-crest-gold-ring-50d5pafcraa00.html,True,,output/tanishq_images/uncategorized/50d5pafcrlaa002eb000017_1.jpg|output/tanishq_images/uncategorized/50d5pafcrlaa002eb000017_2.jpg|output/tanishq_images/uncategorized/50d5pafcrlaa002eb000017_3.jpg
5.082,22K,yellow,39010,,none,Lovely Floral Gold Ring,51f1d1fltaa00,"['https://www.tanishq.co.in/dw/image/v2/BKCK_PRD/on/demandware.static/-/Sites-Tanishq-product-catalog/default/dw034d6ff9/images/hi-res/51F1D1FLTAA00_1.jpg', 'https://www.tanishq.co.in/dw/image/v2/BKCK_PRD/on/demandware.static/-/Sites-Tanishq-product-catalog/default/dw79cf9f93/images/hi-res/51F1D1FLTAA00_2.jpg']",https://www.tanishq.co.in/product/lovely-floral-gold-ring-51f1d1fltaa00.html,True,,output/tanishq_images/uncategorized/51f1d1fltaa00_1.jpg|output/tanishq_images/uncategorized/51f1d1fltaa00_2.jpg
1.745,18K,yellow,29133,0.035,diamond,Intertwined Grace Diamond Ring,50d5l1fnelaa092jd000041,"['https://www.tanishq.co.in/dw/image/v2/BKCK_PRD/on/demandware.static/-/Sites-Tanishq-product-catalog/default/dwac97ce94/images/hi-res/50D5L1FNEAA09_1.jpg?sw=640&sh=640', 'https://www.tanishq.co.in/dw/image/v2/BKCK_PRD/on/demandware.static/-/Sites-Tanishq-product-catalog/default/dw11be2ec7/images/hi-res/50D5L1FNEAA09_2.jpg?sw=640&sh=640', 'https://www.tanishq.co.in/dw/image/v2/BKCK_PRD/on/demandware.static/-/Sites-Tanishq-product-catalog/default/dw073ebd03/images/hi-res/50D5L1FNEAA09_3.jpg?sw=640&sh=640']",https://www.tanishq.co.in/product/intertwined-grace-diamond-ring-50d5l1fneaa09.html,True,,output/tanishq_images/uncategorized/50d5l1fnelaa092jd000041_1.jpg|output/tanishq_images/uncategorized/50d5l1fnelaa092jd000041_2.jpg|output/tanishq_images/uncategorized/50d5l1fnelaa092jd000041_3.jpg
4.841,18K,yellow,83786,0.076,diamond,Diagonal Dash Diamond Ring for Men,50e5b1fbkraa022jd000003,"['https://www.tanishq.co.in/dw/image/v2/BKCK_PRD/on/demandware.static/-/Sites-Tanishq-product-catalog/default/dwc9a5c6ec/images/hi-res/50E5B1FBKAA02_1.jpg', 'https://www.tanishq.co.in/dw/image/v2/BKCK_PRD/on/demandware.static/-/Sites-Tanishq-product-catalog/default/dw7c969561/images/hi-res/50E5B1FBKAA02_2.jpg', 'https://www.tanishq.co.in/dw/image/v2/BKCK_PRD/on/demandware.static/-/Sites-Tanishq-product-catalog/default/dw72debd2c/images/hi-res/50E5B1FBKAA02_3.jpg']",https://www.tanishq.co.in/product/diagonal-dash-diamond-ring-for-men-50e5b1fbkaa02.html,True,,output/tanishq_images/uncategorized/50e5b1fbkraa022jd000003_1.jpg|output/tanishq_images/uncategorized/50e5b1fbkraa022jd000003_2.jpg|output/tanishq_images/uncategorized/50e5b1fbkraa022jd000003_3.jpg
1.668,22K,yellow,29744,,none,Bloom Curve Gold Ring,51d5c1focaa00,"['https://www.tanishq.co.in/dw/image/v2/BKCK_PRD/on/demandware.static/-/Sites-Tanishq-product-catalog/default/dw48d15c6e/images/hi-res/51D5C1FOCAA00_1.jpg', 'https://www.tanishq.co.in/dw/image/v2/BKCK_PRD/on/demandware.static/-/Sites-Tanishq-product-catalog/default/dw7e9603e8/images/hi-res/51D5C1FOCAA00_2.jpg', 'https://www.tanishq.co.in/dw/image/v2/BKCK_PRD/on/demandware.static/-/Sites-Tanishq-product-catalog/default/dw52a96661/images/hi-res/51D5C1FOCAA00_3.jpg', 'https://www.tanishq.co.in/dw/image/v2/BKCK_PRD/on/demandware.static/-/Sites-Tanishq-product-catalog/default/dwfbe2532e/images/hi-res/51D5C1FOCAA00_4.jpg']",https://www.tanishq.co.in/product/bloom-curve-gold-ring-51d5c1focaa00.html,True,,output/tanishq_images/uncategorized/51d5c1focaa00_1.jpg|output/tanishq_images/uncategorized/51d5c1focaa00_2.jpg|output/tanishq_images/uncategorized/51d5c1focaa00_3.jpg|output/tanishq_images/uncategorized/51d5c1focaa00_4.jpg
4.359,22K,yellow,76429,,none,Weave Flow Gold Ring,51m5b1fdclaa002ed000006,"['https://www.tanishq.co.in/dw/image/v2/BKCK_PRD/on/demandware.static/-/Sites-Tanishq-product-catalog/default/dw57255542/images/hi-res/51M5B1FDCAA00_1.jpg', 'https://www.tanishq.co.in/dw/image/v2/BKCK_PRD/on/demandware.static/-/Sites-Tanishq-product-catalog/default/dw0731a738/images/hi-res/51M5B1FDCAA00_2.jpg', 'https://www.tanishq.co.in/dw/image/v2/BKCK_PRD/on/demandware.static/-/Sites-Tanishq-product-catalog/default/dwde8aab4d/images/hi-res/51M5B1FDCAA00_3.jpg']",https://www.tanishq.co.in/product/weave-flow-gold-ring-51m5b1fdcaa00.html,True,,output/tanishq_images/uncategorized/51m5b1fdclaa002ed000006_1.jpg|output/tanishq_images/uncategorized/51m5b1fdclaa002ed000006_2.jpg|output/tanishq_images/uncategorized/51m5b1fdclaa002ed000006_3.jpg
1.14,22K,yellow,19843,,none,Fun Gold Kid's Finger Ring,513218fmbbaa002ea000708,"['https://www.tanishq.co.in/on/demandware.static/-/Sites-Tanishq-product-catalog/default/dwac14c139/images/hi-res/513218FMBAA00_1.jpg', 'https://www.tanishq.co.in/dw/image/v2/BKCK_PRD/on/demandware.static/-/Sites-Tanishq-product-catalog/default/dw5ccaf089/images/hi-res/513218FMAAA00_1.jpg']",https://www.tanishq.co.in/product/fun-gold-kid%27s-finger-ring-513218fmbaa00.html,True,,output/tanishq_images/uncategorized/513218fmbbaa002ea000708_1.jpg|output/tanishq_images/uncategorized/513218fmbbaa002ea000708_2.jpg
2.578,22K,yellow,41576,,none,Soft Structure Gold Ring,51d5m2ftrlaa002ja000009,"['https://www.tanishq.co.in/dw/image/v2/BKCK_PRD/on/demandware.static/-/Sites-Tanishq-product-catalog/default/dwd3a54457/images/hi-res/51D5M2FTRAA00_1.jpg', 'https://www.tanishq.co.in/dw/image/v2/BKCK_PRD/on/demandware.static/-/Sites-Tanishq-product-catalog/default/dw3f2c2df7/images/hi-res/51D5M2FTRAA00_2.jpg', 'https://www.tanishq.co.in/dw/image/v2/BKCK_PRD/on/demandware.static/-/Sites-Tanishq-product-catalog/default/dwea19ccfb/images/hi-res/51D5M2FTRAA00_3.jpg']",https://www.tanishq.co.in/product/soft-structure-gold-ring-51d5m2ftraa00.html,True,,output/tanishq_images/uncategorized/51d5m2ftrlaa002ja000009_1.jpg|output/tanishq_images/uncategorized/51d5m2ftrlaa002ja000009_2.jpg|output/tanishq_images/uncategorized/51d5m2ftrlaa002ja000009_3.jpg
4.278,22K,yellow,69190,,none,Delicate 22 Karat Yellow Gold Finger Ring,510120fraaa00,"['https://www.tanishq.co.in/dw/image/v2/BKCK_PRD/on/demandware.static/-/Sites-Tanishq-product-catalog/default/dw4e94d86a/images/hi-res/510120FRAAA00_1.jpg?sw=640&sh=640', 'https://www.tanishq.co.in/dw/image/v2/BKCK_PRD/on/demandware.static/-/Sites-Tanishq-product-catalog/default/dw04a143da/images/hi-res/510120FRAAA00_2.jpg?sw=640&sh=640', 'https://www.tanishq.co.in/dw/image/v2/BKCK_PRD/on/demandware.static/-/Sites-Tanishq-product-catalog/default/dw76426061/images/hi-res/510120FRAAA00_3.jpg?sw=640&sh=640']",https://www.tanishq.co.in/product/delicate-22-karat-yellow-gold-finger-ring-510120fraaa00.html,True,,output/tanishq_images/uncategorized/510120fraaa00_1.jpg|output/tanishq_images/uncategorized/510120fraaa00_2.jpg|output/tanishq_images/uncategorized/510120fraaa00_3.jpg
2.022,22K,yellow,33040,,none,Slender Tiered Gold Ring,512311fpwaa00,"['https://www.tanishq.co.in/dw/image/v2/BKCK_PRD/on/demandware.static/-/Sites-Tanishq-product-catalog/default/dwb09cde92/images/hi-res/512311FPWAA00_1.jpg?sw=640&sh=640', 'https://www.tanishq.co.in/dw/image/v2/BKCK_PRD/on/demandware.static/-/Sites-Tanishq-product-catalog/default/dwe2ad3b0f/images/hi-res/512311FPWAA00_2.jpg?sw=640&sh=640', 'https://www.tanishq.co.in/dw/image/v2/BKCK_PRD/on/demandware.static/-/Sites-Tanishq-product-catalog/default/dweb68fe6d/images/hi-res/512311FPWAA00_3.jpg?sw=640&sh=640', 'https://www.tanishq.co.in/dw/image/v2/BKCK_PRD/on/demandware.static/-/Sites-Tanishq-product-catalog/default/dw7541f5fa/images/hi-res/512311FPWAA00_4.jpg?sw=640&sh=640']",https://www.tanishq.co.in/product/slender-tiered-gold-ring-512311fpwaa00.html,True,,output/tanishq_images/uncategorized/512311fpwaa00_1.jpg|output/tanishq_images/uncategorized/512311fpwaa00_2.jpg|output/tanishq_images/uncategorized/512311fpwaa00_3.jpg|output/tanishq_images/uncategorized/512311fpwaa00_4.jpg
2.688,18K,rose,102140,0.35,diamond,Glimmer Rows Diamond Ring,50e5b1fcgaa02,"['https://www.tanishq.co.in/on/demandware.static/-/Sites-Tanishq-product-catalog/default/dwcea163ff/images/hi-res/50E5B1FCGAA02_1.jpg', 'https://www.tanishq.co.in/dw/image/v2/BKCK_PRD/on/demandware.static/-/Sites-Tanishq-product-catalog/default/dw8f9fb488/images/hi-res/50E5B1FCGAA02_2.jpg', 'https://www.tanishq.co.in/dw/image/v2/BKCK_PRD/on/demandware.static/-/Sites-Tanishq-product-catalog/default/dwea30f157/images/hi-res/50E5B1FCGAA02_3.jpg']",https://www.tanishq.co.in/product/glimmer-rows-diamond-ring-50e5b1fcgaa02.html,True,,output/tanishq_images/uncategorized/50e5b1fcgaa02_1.jpg|output/tanishq_images/uncategorized/50e5b1fcgaa02_2.jpg|output/tanishq_images/uncategorized/50e5b1fcgaa02_3.jpg
2.816,18K,yellow,58857,0.1,diamond,Gleaming Horizon Diamond Ring,50d5h2fitlaa022ja000021,"['https://www.tanishq.co.in/dw/image/v2/BKCK_PRD/on/demandware.static/-/Sites-Tanishq-product-catalog/default/dwed151892/images/hi-res/50D5H2FITAA02_1.jpg', 'https://www.tanishq.co.in/dw/image/v2/BKCK_PRD/on/demandware.static/-/Sites-Tanishq-product-catalog/default/dwd68652f9/images/hi-res/50D5H2FITAA02_2.jpg', 'https://www.tanishq.co.in/dw/image/v2/BKCK_PRD/on/demandware.static/-/Sites-Tanishq-product-catalog/default/dw97e488e7/images/hi-res/50D5H2FITAA02_3.jpg']",https://www.tanishq.co.in/product/gleaming-horizon-diamond-ring-50d5h2fitaa02.html,True,,output/tanishq_images/uncategorized/50d5h2fitlaa022ja000021_1.jpg|output/tanishq_images/uncategorized/50d5h2fitlaa022ja000021_2.jpg|output/tanishq_images/uncategorized/50d5h2fitlaa022ja000021_3.jpg
2.582,22K,yellow,46226,,none,Regal Shield Gold Ring,51m5d1fcaaa00,"['https://www.tanishq.co.in/on/demandware.static/-/Sites-Tanishq-product-catalog/default/dw254e2912/images/hi-res/51M5D1FCAAA00_1.jpg', 'https://www.tanishq.co.in/dw/image/v2/BKCK_PRD/on/demandware.static/-/Sites-Tanishq-product-catalog/default/dw0a093b13/images/hi-res/51M5D1FCAAA00_2.jpg', 'https://www.tanishq.co.in/dw/image/v2/BKCK_PRD/on/demandware.static/-/Sites-Tanishq-product-catalog/default/dw92611f6a/images/hi-res/51M5D1FCAAA00_3.jpg']",https://www.tanishq.co.in/product/regal-shield-gold-ring-51m5d1fcaaa00.html,True,,output/tanishq_images/uncategorized/51m5d1fcaaa00_1.jpg|output/tanishq_images/uncategorized/51m5d1fcaaa00_2.jpg|output/tanishq_images/uncategorized/51m5d1fcaaa00_3.jpg
3.102,22K,yellow,54213,,none,Geometric Filigree Gold Ring,51e5c1fcxaa00,"['https://www.tanishq.co.in/dw/image/v2/BKCK_PRD/on/demandware.static/-/Sites-Tanishq-product-catalog/default/dwa35632a5/images/hi-res/51E5C1FCXAA00_1.jpg', 'https://www.tanishq.co.in/dw/image/v2/BKCK_PRD/on/demandware.static/-/Sites-Tanishq-product-catalog/default/dwb64c7146/images/hi-res/51E5C1FCXAA00_2.jpg', 'https://www.tanishq.co.in/dw/image/v2/BKCK_PRD/on/demandware.static/-/Sites-Tanishq-product-catalog/default/dw61720acc/images/hi-res/51E5C1FCXAA00_3.jpg']",https://www.tanishq.co.in/product/geometric-filigree-gold-ring-51e5c1fcxaa00.html,True,,output/tanishq_images/uncategorized/51e5c1fcxaa00_1.jpg|output/tanishq_images/uncategorized/51e5c1fcxaa00_2.jpg|output/tanishq_images/uncategorized/51e5c1fcxaa00_3.jpg
4.534,22K,yellow,72154,,none,Dapper 22 Karat Yellow Gold Concentric Patterned Finger Ring,511137fzbaa00,"['https://www.tanishq.co.in/dw/image/v2/BKCK_PRD/on/demandware.static/-/Sites-Tanishq-product-catalog/default/dw7be71729/images/hi-res/511137FZBAA00_1.jpg', 'https://www.tanishq.co.in/dw/image/v2/BKCK_PRD/on/demandware.static/-/Sites-Tanishq-product-catalog/default/dw058ec74b/images/hi-res/511137FZBAA00_2.jpg', 'https://www.tanishq.co.in/dw/image/v2/BKCK_PRD/on/demandware.static/-/Sites-Tanishq-product-catalog/default/dwdd250e82/images/hi-res/511137FZBAA00_3.jpg']",https://www.tanishq.co.in/product/dapper-22-karat-yellow-gold-concentric-patterned-finger-ring-511137fzbaa00.html,True,,output/tanishq_images/uncategorized/511137fzbaa00_1.jpg|output/tanishq_images/uncategorized/511137fzbaa00_2.jpg|output/tanishq_images/uncategorized/511137fzbaa00_3.jpg
3.269,18K,Yellow,92301,0.202,none,Eternal Blossom Diamond Ring,50d5h2fselaa322ja000022,"['https://www.tanishq.co.in/dw/image/v2/BKCK_PRD/on/demandware.static/-/Sites-Tanishq-product-catalog/default/dwdabeecd5/images/hi-res/50D5H2FSEAA32_1.jpg', 'https://www.tanishq.co.in/dw/image/v2/BKCK_PRD/on/demandware.static/-/Sites-Tanishq-product-catalog/default/dwd097801f/images/hi-res/50D5H2FSEAA32_2.jpg', 'https://www.tanishq.co.in/dw/image/v2/BKCK_PRD/on/demandware.static/-/Sites-Tanishq-product-catalog/default/dw9afd5ab4/images/hi-res/50D5H2FSEAA32_3.jpg', 'https://www.tanishq.co.in/dw/image/v2/BKCK_PRD/on/demandware.static/-/Sites-Tanishq-product-catalog/default/dw275c6367/images/hi-res/50D5H2FSEAA32_4.jpg']",https://www.tanishq.co.in/product/eternal-blossom-diamond-ring-50d5h2fseaa32.html,True,,output/tanishq_images/uncategorized/50d5h2fselaa322ja000022_1.jpg|output/tanishq_images/uncategorized/50d5h2fselaa322ja000022_2.jpg|output/tanishq_images/uncategorized/50d5h2fselaa322ja000022_3.jpg|output/tanishq_images/uncategorized/50d5h2fselaa322ja000022_4.jpg
3.357,18K,Yellow and White,107141,0.31,diamond,Radiant Crest Diamond Ring,50e5b1fbmlaa022bd000014,"['https://www.tanishq.co.in/dw/image/v2/BKCK_PRD/on/demandware.static/-/Sites-Tanishq-product-catalog/default/dwa93f78f3/images/hi-res/50E5B1FBMAA02_1.jpg?sw=640&sh=640', 'https://www.tanishq.co.in/dw/image/v2/BKCK_PRD/on/demandware.static/-/Sites-Tanishq-product-catalog/default/dw9ab2830f/images/hi-res/50E5B1FBMAA02_2.jpg?sw=640&sh=640', 'https://www.tanishq.co.in/dw/image/v2/BKCK_PRD/on/demandware.static/-/Sites-Tanishq-product-catalog/default/dwfce1be60/images/hi-res/50E5B1FBMAA02_3.jpg?sw=640&sh=640']",https://www.tanishq.co.in/product/radiant-crest-diamond-ring-50e5b1fbmaa02.html,True,,output/tanishq_images/uncategorized/50e5b1fbmlaa022bd000014_1.jpg|output/tanishq_images/uncategorized/50e5b1fbmlaa022bd000014_2.jpg|output/tanishq_images/uncategorized/50e5b1fbmlaa022bd000014_3.jpg
3.321,18K,yellow,100340,0.29,diamond,Radiant Facets Diamond Finger Ring for Men,50e5b1fcuraa02,"['https://www.tanishq.co.in/dw/image/v2/BKCK_PRD/on/demandware.static/-/Sites-Tanishq-product-catalog/default/dw076ee785/images/hi-res/50E5B1FCUAA02_1.jpg', 'https://www.tanishq.co.in/dw/image/v2/BKCK_PRD/on/demandware.static/-/Sites-Tanishq-product-catalog/default/dwfd570c1a/images/hi-res/50E5B1FCUAA02_2.jpg', 'https://www.tanishq.co.in/dw/image/v2/BKCK_PRD/on/demandware.static/-/Sites-Tanishq-product-catalog/default/dw59775770/images/hi-res/50E5B1FCUAA02_3.jpg']",https://www.tanishq.co.in/product/radiant-facets-diamond-finger-ring-for-men-50e5b1fcuaa02.html,True,,output/tanishq_images/uncategorized/50e5b1fcuraa02_1.jpg|output/tanishq_images/uncategorized/50e5b1fcuraa02_2.jpg|output/tanishq_images/uncategorized/50e5b1fcuraa02_3.jpg
2.124,18K,yellow,57670,0.144,diamond,Swirl Symphony Diamond Ring,50e5c1feaaa02,"['https://www.tanishq.co.in/dw/image/v2/BKCK_PRD/on/demandware.static/-/Sites-Tanishq-product-catalog/default/dw9110978f/images/hi-res/50E5C1FEAAA02_1.jpg', 'https://www.tanishq.co.in/dw/image/v2/BKCK_PRD/on/demandware.static/-/Sites-Tanishq-product-catalog/default/dw7c268280/images/hi-res/50E5C1FEAAA02_2.jpg', 'https://www.tanishq.co.in/dw/image/v2/BKCK_PRD/on/demandware.static/-/Sites-Tanishq-product-catalog/default/dw6648cf42/images/hi-res/50E5C1FEAAA02_3.jpg']",https://www.tanishq.co.in/product/swirl-symphony-diamond-ring-50e5c1feaaa02.html,True,,output/tanishq_images/uncategorized/50e5c1feaaa02_1.jpg|output/tanishq_images/uncategorized/50e5c1feaaa02_2.jpg|output/tanishq_images/uncategorized/50e5c1feaaa02_3.jpg
2.709,22K,yellow,48115,,none,Woven Elegance Gold Ring,51m5i1favlaa002ja000052,"['https://www.tanishq.co.in/dw/image/v2/BKCK_PRD/on/demandware.static/-/Sites-Tanishq-product-catalog/default/dw8243b318/images/hi-res/51M5I1FAVAA00_1.jpg', 'https://www.tanishq.co.in/dw/image/v2/BKCK_PRD/on/demandware.static/-/Sites-Tanishq-product-catalog/default/dw4a9d18f5/images/hi-res/51M5I1FAVAA00_2.jpg', 'https://www.tanishq.co.in/dw/image/v2/BKCK_PRD/on/demandware.static/-/Sites-Tanishq-product-catalog/default/dw6c50a433/images/hi-res/51M5I1FAVAA00_3.jpg', 'https://www.tanishq.co.in/dw/image/v2/BKCK_PRD/on/demandware.static/-/Sites-Tanishq-product-catalog/default/dw0f4c6df9/images/hi-res/51M5I1FAVAA00_4.jpg']",https://www.tanishq.co.in/product/woven-elegance-gold-ring-51m5i1favaa00.html,True,,output/tanishq_images/uncategorized/51m5i1favlaa002ja000052_1.jpg|output/tanishq_images/uncategorized/51m5i1favlaa002ja000052_2.jpg|output/tanishq_images/uncategorized/51m5i1favlaa002ja000052_3.jpg|output/tanishq_images/uncategorized/51m5i1favlaa002ja000052_4.jpg
4.49,22K,yellow,77833,,none,Floral Medallion Gold Ring For Men,51g5c1fhtaa00,"['https://www.tanishq.co.in/dw/image/v2/BKCK_PRD/on/demandware.static/-/Sites-Tanishq-product-catalog/default/dwb57556fd/images/hi-res/51G5C1FHTAA00_1.jpg', 'https://www.tanishq.co.in/dw/image/v2/BKCK_PRD/on/demandware.static/-/Sites-Tanishq-product-catalog/default/dwc87a42cf/images/hi-res/51G5C1FHTAA00_2.jpg', 'https://www.tanishq.co.in/dw/image/v2/BKCK_PRD/on/demandware.static/-/Sites-Tanishq-product-catalog/default/dw19e5b4a5/images/hi-res/51G5C1FHTAA00_3.jpg']",https://www.tanishq.co.in/product/floral-medallion-gold-ring-for-men-51g5c1fhtaa00.html,True,,output/tanishq_images/uncategorized/51g5c1fhtaa00_1.jpg|output/tanishq_images/uncategorized/51g5c1fhtaa00_2.jpg|output/tanishq_images/uncategorized/51g5c1fhtaa00_3.jpg
1.319,22K,yellow,22396,,none,Entrancing Leaf Pattern Gold Finger Ring,510784fnalaa002ja013526,"['https://www.tanishq.co.in/on/demandware.static/-/Sites-Tanishq-product-catalog/default/dw1daa7926/images/hi-res/510784FNAAA00_1.jpg', 'https://www.tanishq.co.in/on/demandware.static/-/Sites-Tanishq-product-catalog/default/dwa8db48d6/images/hi-res/510784FNAAA00_2.jpg', 'https://www.tanishq.co.in/on/demandware.static/-/Sites-Tanishq-product-catalog/default/dwf42962c6/images/hi-res/510784FNAAA00_3.jpg', 'https://www.tanishq.co.in/on/demandware.static/-/Sites-Tanishq-product-catalog/default/dwe97d4a89/images/hi-res/510784FNAAA00_4.jpg', 'https://www.tanishq.co.in/on/demandware.static/-/Sites-Tanishq-product-catalog/default/dwcd19be0c/images/hi-res/510784FNAAA00_5.jpg']",https://www.tanishq.co.in/product/entrancing-leaf-pattern-gold-finger-ring-510784fnaaa00.html,True,,output/tanishq_images/uncategorized/510784fnalaa002ja013526_1.jpg|output/tanishq_images/uncategorized/510784fnalaa002ja013526_2.jpg|output/tanishq_images/uncategorized/510784fnalaa002ja013526_3.jpg|output/tanishq_images/uncategorized/510784fnalaa002ja013526_4.jpg|output/tanishq_images/uncategorized/510784fnalaa002ja013526_5.jpg
3.679,22K,yellow,64036,,none,Geometric Ring for Men,51f1kpfreaa00,"['https://www.tanishq.co.in/dw/image/v2/BKCK_PRD/on/demandware.static/-/Sites-Tanishq-product-catalog/default/dwe5b0fc04/images/hi-res/51F1KPFREAA00_1.jpg', 'https://www.tanishq.co.in/dw/image/v2/BKCK_PRD/on/demandware.static/-/Sites-Tanishq-product-catalog/default/dw31c64878/images/hi-res/51F1KPFREAA00_2.jpg', 'https://www.tanishq.co.in/dw/image/v2/BKCK_PRD/on/demandware.static/-/Sites-Tanishq-product-catalog/default/dwf39f7431/images/hi-res/51F1KPFREAA00_3.jpg']",https://www.tanishq.co.in/product/geometric-ring-for-men-51f1kpfreaa00.html,True,,output/tanishq_images/uncategorized/51f1kpfreaa00_1.jpg|output/tanishq_images/uncategorized/51f1kpfreaa00_2.jpg|output/tanishq_images/uncategorized/51f1kpfreaa00_3.jpg
2.662,18K,rose,99589,0.325,diamond,Hexa Halo Diamond Ring,50d5b2ffhlaa022bd000168,"['https://www.tanishq.co.in/dw/image/v2/BKCK_PRD/on/demandware.static/-/Sites-Tanishq-product-catalog/default/dw8de902cb/images/hi-res/50D5B2FFHAA02_1.jpg', 'https://www.tanishq.co.in/dw/image/v2/BKCK_PRD/on/demandware.static/-/Sites-Tanishq-product-catalog/default/dwc0571885/images/hi-res/50D5B2FFHAA02_2.jpg', 'https://www.tanishq.co.in/dw/image/v2/BKCK_PRD/on/demandware.static/-/Sites-Tanishq-product-catalog/default/dw0c2b6066/images/hi-res/50D5B2FFHAA02_3.jpg']",https://www.tanishq.co.in/product/hexa-halo-diamond-ring-50d5b2ffhaa02.html,True,,output/tanishq_images/uncategorized/50d5b2ffhlaa022bd000168_1.jpg|output/tanishq_images/uncategorized/50d5b2ffhlaa022bd000168_2.jpg|output/tanishq_images/uncategorized/50d5b2ffhlaa022bd000168_3.jpg
2.808,22K,yellow,48876,,none,Leaf Pattern Sleek Gold Finger Ring,512311fihaa00,"['https://www.tanishq.co.in/dw/image/v2/BKCK_PRD/on/demandware.static/-/Sites-Tanishq-product-catalog/default/dwe120d1e0/images/hi-res/512311FIHAA00_1.jpg?sw=640&sh=640', 'https://www.tanishq.co.in/dw/image/v2/BKCK_PRD/on/demandware.static/-/Sites-Tanishq-product-catalog/default/dwc3a2cbe9/images/hi-res/512311FIHAA00_2.jpg?sw=640&sh=640', 'https://www.tanishq.co.in/dw/image/v2/BKCK_PRD/on/demandware.static/-/Sites-Tanishq-product-catalog/default/dwccde358a/images/hi-res/512311FIHAA00_3.jpg?sw=640&sh=640']",https://www.tanishq.co.in/product/leaf-pattern-sleek-gold-finger-ring-512311fihaa00.html,True,,output/tanishq_images/uncategorized/512311fihaa00_1.jpg|output/tanishq_images/uncategorized/512311fihaa00_2.jpg|output/tanishq_images/uncategorized/512311fihaa00_3.jpg
5.196,22K,yellow,91179,,none,Stunning Geometric Gold Ring for Men,513018fmjaa00,"['https://www.tanishq.co.in/dw/image/v2/BKCK_PRD/on/demandware.static/-/Sites-Tanishq-product-catalog/default/dw4be93bd6/images/hi-res/513018FMJAA00_1.jpg?sw=640&sh=640', 'https://www.tanishq.co.in/dw/image/v2/BKCK_PRD/on/demandware.static/-/Sites-Tanishq-product-catalog/default/dwac95e65f/images/hi-res/513018FMJAA00_2.jpg?sw=640&sh=640', 'https://www.tanishq.co.in/dw/image/v2/BKCK_PRD/on/demandware.static/-/Sites-Tanishq-product-catalog/default/dw2bf4b952/images/hi-res/513018FMJAA00_3.jpg?sw=640&sh=640', 'https://www.tanishq.co.in/dw/image/v2/BKCK_PRD/on/demandware.static/-/Sites-Tanishq-product-catalog/default/dw4ce37f60/images/hi-res/513018FMJAA00_4.jpg?sw=640&sh=640']",https://www.tanishq.co.in/product/stunning-geometric-gold-ring-for-men-513018fmjaa00.html,True,,output/tanishq_images/uncategorized/513018fmjaa00_1.jpg|output/tanishq_images/uncategorized/513018fmjaa00_2.jpg|output/tanishq_images/uncategorized/513018fmjaa00_3.jpg|output/tanishq_images/uncategorized/513018fmjaa00_4.jpg
1.631,18K,rose,34943,0.08,diamond,Love Loop Diamond Ring,50d6vdfalaa09,"['https://www.tanishq.co.in/dw/image/v2/BKCK_PRD/on/demandware.static/-/Sites-Tanishq-product-catalog/default/dweadba951/images/hi-res/50D6VDFALAA09_1.jpg?sw=640&sh=640', 'https://www.tanishq.co.in/dw/image/v2/BKCK_PRD/on/demandware.static/-/Sites-Tanishq-product-catalog/default/dwd0661eae/images/hi-res/50D6VDFALAA09_2.jpg?sw=640&sh=640', 'https://www.tanishq.co.in/dw/image/v2/BKCK_PRD/on/demandware.static/-/Sites-Tanishq-product-catalog/default/dw999d5708/images/hi-res/50D6VDFALAA09_3.jpg?sw=640&sh=640', 'https://www.tanishq.co.in/dw/image/v2/BKCK_PRD/on/demandware.static/-/Sites-Tanishq-product-catalog/default/dwe7ae1fad/images/hi-res/50D6VDFALAA09_4.jpg?sw=640&sh=640']",https://www.tanishq.co.in/product/love-loop-diamond-ring-50d6vdfalaa09.html,True,,output/tanishq_images/uncategorized/50d6vdfalaa09_1.jpg|output/tanishq_images/uncategorized/50d6vdfalaa09_2.jpg|output/tanishq_images/uncategorized/50d6vdfalaa09_3.jpg|output/tanishq_images/uncategorized/50d6vdfalaa09_4.jpg
3.55,22K,yellow,63556,,none,Contemporary Floral Pattern Gold Finger Ring,511920fanaa00,"['https://www.tanishq.co.in/dw/image/v2/BKCK_PRD/on/demandware.static/-/Sites-Tanishq-product-catalog/default/dwac2d2286/images/hi-res/511920FANAA00_1.jpg', 'https://www.tanishq.co.in/dw/image/v2/BKCK_PRD/on/demandware.static/-/Sites-Tanishq-product-catalog/default/dw961988b3/images/hi-res/511920FANAA00_2.jpg', 'https://www.tanishq.co.in/dw/image/v2/BKCK_PRD/on/demandware.static/-/Sites-Tanishq-product-catalog/default/dwcaedc415/images/hi-res/511920FANAA00_3.jpg']",https://www.tanishq.co.in/product/contemporary-floral-pattern-gold-finger-ring-511920fanaa00.html,True,,output/tanishq_images/uncategorized/511920fanaa00_1.jpg|output/tanishq_images/uncategorized/511920fanaa00_2.jpg|output/tanishq_images/uncategorized/511920fanaa00_3.jpg
4.327,18K,Yellow,104656,0.277,diamond,Interlaced Wave Diamond Ring,50d5fdfvl2a09,"['https://www.tanishq.co.in/dw/image/v2/BKCK_PRD/on/demandware.static/-/Sites-Tanishq-product-catalog/default/dwc9338f9d/images/hi-res/50D5FDFVL2A09_1.jpg', 'https://www.tanishq.co.in/dw/image/v2/BKCK_PRD/on/demandware.static/-/Sites-Tanishq-product-catalog/default/dw2706bba2/images/hi-res/50D5FDFVL2A09_2.jpg', 'https://www.tanishq.co.in/dw/image/v2/BKCK_PRD/on/demandware.static/-/Sites-Tanishq-product-catalog/default/dw29a6bb9d/images/hi-res/50D5FDFVL2A09_3.jpg', 'https://www.tanishq.co.in/dw/image/v2/BKCK_PRD/on/demandware.static/-/Sites-Tanishq-product-catalog/default/dwaa943def/images/hi-res/50D5FDFVL2A09_4.jpg', 'https://www.tanishq.co.in/dw/image/v2/BKCK_PRD/on/demandware.static/-/Sites-Tanishq-product-catalog/default/dw6fc80aaa/images/hi-res/50D5FDFVL2A09_5.jpg', 'https://www.tanishq.co.in/dw/image/v2/BKCK_PRD/on/demandware.static/-/Sites-Tanishq-product-catalog/default/dw8678cc6d/images/hi-res/50D5FDFVL2A09_6.jpg']",https://www.tanishq.co.in/product/interlaced-wave-diamond-ring-50d5fdfvl2a09.html,True,,output/tanishq_images/uncategorized/50d5fdfvl2a09_1.jpg|output/tanishq_images/uncategorized/50d5fdfvl2a09_2.jpg|output/tanishq_images/uncategorized/50d5fdfvl2a09_3.jpg|output/tanishq_images/uncategorized/50d5fdfvl2a09_4.jpg|output/tanishq_images/uncategorized/50d5fdfvl2a09_5.jpg|output/tanishq_images/uncategorized/50d5fdfvl2a09_6.jpg
2.609,18K,yellow,91844,0.29,none,Layered Wings Diamond Ring,50d5wmfbyaa32,"['https://www.tanishq.co.in/on/demandware.static/-/Sites-Tanishq-product-catalog/default/dw40841081/images/hi-res/50D5WMFBYAA32_1.jpg', 'https://www.tanishq.co.in/dw/image/v2/BKCK_PRD/on/demandware.static/-/Sites-Tanishq-product-catalog/default/dwdbe4d3fa/images/hi-res/50D5WMFBYAA32_2.jpg', 'https://www.tanishq.co.in/dw/image/v2/BKCK_PRD/on/demandware.static/-/Sites-Tanishq-product-catalog/default/dw5d0269ed/images/hi-res/50D5WMFBYAA32_3.jpg', 'https://www.tanishq.co.in/dw/image/v2/BKCK_PRD/on/demandware.static/-/Sites-Tanishq-product-catalog/default/dwd04f0870/images/hi-res/50D5WMFBYAA32_4.jpg']",https://www.tanishq.co.in/product/layered-wings-diamond-ring-50d5wmfbyaa32.html,True,,output/tanishq_images/uncategorized/50d5wmfbyaa32_1.jpg|output/tanishq_images/uncategorized/50d5wmfbyaa32_2.jpg|output/tanishq_images/uncategorized/50d5wmfbyaa32_3.jpg|output/tanishq_images/uncategorized/50d5wmfbyaa32_4.jpg
1.303,22K,yellow,22680,,none,Pulse Line Gold Ring,51m5b1fjbaa00,"['https://www.tanishq.co.in/on/demandware.static/-/Sites-Tanishq-product-catalog/default/dwd0b04548/images/hi-res/51M5B1FJBAA00_1.jpg', 'https://www.tanishq.co.in/dw/image/v2/BKCK_PRD/on/demandware.static/-/Sites-Tanishq-product-catalog/default/dw90b9c98e/images/hi-res/51M5B1FJBAA00_2.jpg', 'https://www.tanishq.co.in/dw/image/v2/BKCK_PRD/on/demandware.static/-/Sites-Tanishq-product-catalog/default/dw5e73df69/images/hi-res/51M5B1FJBAA00_3.jpg', 'https://www.tanishq.co.in/dw/image/v2/BKCK_PRD/on/demandware.static/-/Sites-Tanishq-product-catalog/default/dw0e7eb89b/images/hi-res/51M5B1FJBAA00_4.jpg']",https://www.tanishq.co.in/product/pulse-line-gold-ring-51m5b1fjbaa00.html,True,,output/tanishq_images/uncategorized/51m5b1fjbaa00_1.jpg|output/tanishq_images/uncategorized/51m5b1fjbaa00_2.jpg|output/tanishq_images/uncategorized/51m5b1fjbaa00_3.jpg|output/tanishq_images/uncategorized/51m5b1fjbaa00_4.jpg
3.178,18K,Yellow,116422,0.368,none,Stylish Curve Diamond Finger Ring,50e5a1fakaa32,"['https://www.tanishq.co.in/on/demandware.static/-/Sites-Tanishq-product-catalog/default/dw1b25b1a4/images/hi-res/50E5A1FAKAA32_1.jpg', 'https://www.tanishq.co.in/on/demandware.static/-/Sites-Tanishq-product-catalog/default/dw7364ed02/images/hi-res/50E5A1FAKAA32_2.jpg', 'https://www.tanishq.co.in/on/demandware.static/-/Sites-Tanishq-product-catalog/default/dw13a9579f/images/hi-res/50E5A1FAKAA32_3.jpg']",https://www.tanishq.co.in/product/stylish-curve-diamond-finger-ring-50e5a1fakaa32.html,True,,output/tanishq_images/uncategorized/50e5a1fakaa32_1.jpg|output/tanishq_images/uncategorized/50e5a1fakaa32_2.jpg|output/tanishq_images/uncategorized/50e5a1fakaa32_3.jpg
1.354,18K,yellow,34959,0.085,diamond,Petite Bloom Diamond Ring,50d5dtfatkaa022jd000003,"['https://www.tanishq.co.in/dw/image/v2/BKCK_PRD/on/demandware.static/-/Sites-Tanishq-product-catalog/default/dw06678266/images/hi-res/50D5DTFATAA02_1.jpg?sw=640&sh=640', 'https://www.tanishq.co.in/dw/image/v2/BKCK_PRD/on/demandware.static/-/Sites-Tanishq-product-catalog/default/dwa67084d9/images/hi-res/50D5DTFATAA02_2.jpg?sw=640&sh=640', 'https://www.tanishq.co.in/dw/image/v2/BKCK_PRD/on/demandware.static/-/Sites-Tanishq-product-catalog/default/dw361f8c70/images/hi-res/50D5DTFATAA02_3.jpg?sw=640&sh=640']",https://www.tanishq.co.in/product/petite-bloom-diamond-ring-50d5dtfataa02.html,True,,output/tanishq_images/uncategorized/50d5dtfatkaa022jd000003_1.jpg|output/tanishq_images/uncategorized/50d5dtfatkaa022jd000003_2.jpg|output/tanishq_images/uncategorized/50d5dtfatkaa022jd000003_3.jpg
1.6,18K,yellow,23344,,none,Petite Floral Gold Ring,50d5pafhbmaa002ea000033,"['https://www.tanishq.co.in/on/demandware.static/-/Sites-Tanishq-product-catalog/default/dw5ccea8e8/images/hi-res/50D5PAFHBAA00_1.jpg', 'https://www.tanishq.co.in/dw/image/v2/BKCK_PRD/on/demandware.static/-/Sites-Tanishq-product-catalog/default/dw57e5a320/images/hi-res/50D5PAFHBAA00_2.jpg', 'https://www.tanishq.co.in/dw/image/v2/BKCK_PRD/on/demandware.static/-/Sites-Tanishq-product-catalog/default/dw41775bbc/images/hi-res/50D5PAFHBAA00_3.jpg']",https://www.tanishq.co.in/product/petite-floral-gold-ring-50d5pafhbaa00.html,True,,output/tanishq_images/uncategorized/50d5pafhbmaa002ea000033_1.jpg|output/tanishq_images/uncategorized/50d5pafhbmaa002ea000033_2.jpg|output/tanishq_images/uncategorized/50d5pafhbmaa002ea000033_3.jpg
2.608,22K,yellow,45202,,gemstone,Vibrant Regal Emerald Finger Ring,51d5b1ffxaa40,"['https://www.tanishq.co.in/dw/image/v2/BKCK_PRD/on/demandware.static/-/Sites-Tanishq-product-catalog/default/dw4826a33d/images/hi-res/51D5B1FFXAA40_1.jpg', 'https://www.tanishq.co.in/dw/image/v2/BKCK_PRD/on/demandware.static/-/Sites-Tanishq-product-catalog/default/dwa4df1ef1/images/hi-res/51D5B1FFXAA40_2.jpg', 'https://www.tanishq.co.in/dw/image/v2/BKCK_PRD/on/demandware.static/-/Sites-Tanishq-product-catalog/default/dwb5dadaa1/images/hi-res/51D5B1FFXAA40_3.jpg']",https://www.tanishq.co.in/product/vibrant-regal-emerald-finger-ring-51d5b1ffxaa40.html,True,,output/tanishq_images/uncategorized/51d5b1ffxaa40_1.jpg|output/tanishq_images/uncategorized/51d5b1ffxaa40_2.jpg|output/tanishq_images/uncategorized/51d5b1ffxaa40_3.jpg
2.336,18K,Yellow,77936,0.247,diamond,Chevron Crown Diamond Ring,50e5c1famlaa022jd000004,"['https://www.tanishq.co.in/dw/image/v2/BKCK_PRD/on/demandware.static/-/Sites-Tanishq-product-catalog/default/dw9426f102/images/hi-res/50E5C1FAMAA02_1.jpg', 'https://www.tanishq.co.in/dw/image/v2/BKCK_PRD/on/demandware.static/-/Sites-Tanishq-product-catalog/default/dwe31dce1f/images/hi-res/50E5C1FAMAA02_2.jpg', 'https://www.tanishq.co.in/dw/image/v2/BKCK_PRD/on/demandware.static/-/Sites-Tanishq-product-catalog/default/dw00837747/images/hi-res/50E5C1FAMAA02_3.jpg']",https://www.tanishq.co.in/product/chevron-crown-diamond-ring-50e5c1famaa02.html,True,,output/tanishq_images/uncategorized/50e5c1famlaa022jd000004_1.jpg|output/tanishq_images/uncategorized/50e5c1famlaa022jd000004_2.jpg|output/tanishq_images/uncategorized/50e5c1famlaa022jd000004_3.jpg
4.572,22K,yellow,80229,,none,Bold Eagle Ring for Men,51f1kpfpraa00,"['https://www.tanishq.co.in/dw/image/v2/BKCK_PRD/on/demandware.static/-/Sites-Tanishq-product-catalog/default/dwfadf79a8/images/hi-res/51F1KPFPRAA00_1.jpg?sw=640&sh=640', 'https://www.tanishq.co.in/dw/image/v2/BKCK_PRD/on/demandware.static/-/Sites-Tanishq-product-catalog/default/dw3b5bdaa6/images/hi-res/51F1KPFPRAA00_2.jpg?sw=640&sh=640', 'https://www.tanishq.co.in/dw/image/v2/BKCK_PRD/on/demandware.static/-/Sites-Tanishq-product-catalog/default/dwd40cadbc/images/hi-res/51F1KPFPRAA00_3.jpg?sw=640&sh=640']",https://www.tanishq.co.in/product/bold-eagle-ring-for-men-51f1kpfpraa00.html,True,,output/tanishq_images/uncategorized/51f1kpfpraa00_1.jpg|output/tanishq_images/uncategorized/51f1kpfpraa00_2.jpg|output/tanishq_images/uncategorized/51f1kpfpraa00_3.jpg
1.427,18K,Yellow,46983,0.15,diamond,Aurora Spark Diamond Ring,50d4arfenlaa022jd000004,"['https://www.tanishq.co.in/dw/image/v2/BKCK_PRD/on/demandware.static/-/Sites-Tanishq-product-catalog/default/dw5241f123/images/hi-res/50D4ARFENAA02_1.jpg?sw=640&sh=640', 'https://www.tanishq.co.in/dw/image/v2/BKCK_PRD/on/demandware.static/-/Sites-Tanishq-product-catalog/default/dw7525e71a/images/hi-res/50D4ARFENAA02_2.jpg?sw=640&sh=640', 'https://www.tanishq.co.in/dw/image/v2/BKCK_PRD/on/demandware.static/-/Sites-Tanishq-product-catalog/default/dwb86e646a/images/hi-res/50D4ARFENAA02_3.jpg?sw=640&sh=640']",https://www.tanishq.co.in/product/aurora-spark-diamond-ring-50d4arfenaa02.html,True,,output/tanishq_images/uncategorized/50d4arfenlaa022jd000004_1.jpg|output/tanishq_images/uncategorized/50d4arfenlaa022jd000004_2.jpg|output/tanishq_images/uncategorized/50d4arfenlaa022jd000004_3.jpg
2.702,18K,Yellow,61236,0.12,diamond,Regal Vanki Diamond Ring,50d5v2fatlaa022jd000056,"['https://www.tanishq.co.in/dw/image/v2/BKCK_PRD/on/demandware.static/-/Sites-Tanishq-product-catalog/default/dwd6b2f948/images/hi-res/50D5V2FATAA02_1.jpg', 'https://www.tanishq.co.in/dw/image/v2/BKCK_PRD/on/demandware.static/-/Sites-Tanishq-product-catalog/default/dw4c72c092/images/hi-res/50D5V2FATAA02_2.jpg', 'https://www.tanishq.co.in/dw/image/v2/BKCK_PRD/on/demandware.static/-/Sites-Tanishq-product-catalog/default/dw365e8b22/images/hi-res/50D5V2FATAA02_3.jpg']",https://www.tanishq.co.in/product/regal-vanki-diamond-ring-50d5v2fataa02.html,True,,output/tanishq_images/uncategorized/50d5v2fatlaa022jd000056_1.jpg|output/tanishq_images/uncategorized/50d5v2fatlaa022jd000056_2.jpg|output/tanishq_images/uncategorized/50d5v2fatlaa022jd000056_3.jpg
2.324,22K,yellow,41277,,none,Sunburst Charm Gold Ring,51m5i1fhnlaa002ja000004,"['https://www.tanishq.co.in/on/demandware.static/-/Sites-Tanishq-product-catalog/default/dwd92b3ce2/images/hi-res/51M5I1FHNAA00_1.jpg', 'https://www.tanishq.co.in/dw/image/v2/BKCK_PRD/on/demandware.static/-/Sites-Tanishq-product-catalog/default/dw31803dc1/images/hi-res/51M5I1FHNAA00_2.jpg', 'https://www.tanishq.co.in/dw/image/v2/BKCK_PRD/on/demandware.static/-/Sites-Tanishq-product-catalog/default/dwa767e9c4/images/hi-res/51M5I1FHNAA00_3.jpg']",https://www.tanishq.co.in/product/sunburst-charm-gold-ring-51m5i1fhnaa00.html,True,,output/tanishq_images/uncategorized/51m5i1fhnlaa002ja000004_1.jpg|output/tanishq_images/uncategorized/51m5i1fhnlaa002ja000004_2.jpg|output/tanishq_images/uncategorized/51m5i1fhnlaa002ja000004_3.jpg
1.895,18K,Yellow,68144,0.222,diamond,Eternal Shine Diamond Ring,50e5c1faglaa022jd000025,"['https://www.tanishq.co.in/dw/image/v2/BKCK_PRD/on/demandware.static/-/Sites-Tanishq-product-catalog/default/dw97fc89a3/images/hi-res/50E5C1FAGAA02_1.jpg', 'https://www.tanishq.co.in/dw/image/v2/BKCK_PRD/on/demandware.static/-/Sites-Tanishq-product-catalog/default/dw9648f2dd/images/hi-res/50E5C1FAGAA02_2.jpg', 'https://www.tanishq.co.in/dw/image/v2/BKCK_PRD/on/demandware.static/-/Sites-Tanishq-product-catalog/default/dwcbf7e35b/images/hi-res/50E5C1FAGAA02_3.jpg']",https://www.tanishq.co.in/product/eternal-shine-diamond-ring-50e5c1fagaa02.html,True,,output/tanishq_images/uncategorized/50e5c1faglaa022jd000025_1.jpg|output/tanishq_images/uncategorized/50e5c1faglaa022jd000025_2.jpg|output/tanishq_images/uncategorized/50e5c1faglaa022jd000025_3.jpg
3.553,18K,yellow,50392,,none,Blossom Aura Gold Ring,50d5plfxylaa002ed000013,"['https://www.tanishq.co.in/dw/image/v2/BKCK_PRD/on/demandware.static/-/Sites-Tanishq-product-catalog/default/dwbd5dea4b/images/hi-res/50D5PLFXYAA00_1.jpg', 'https://www.tanishq.co.in/dw/image/v2/BKCK_PRD/on/demandware.static/-/Sites-Tanishq-product-catalog/default/dwc1273ffd/images/hi-res/50D5PLFXYAA00_2.jpg', 'https://www.tanishq.co.in/dw/image/v2/BKCK_PRD/on/demandware.static/-/Sites-Tanishq-product-catalog/default/dwb436c72e/images/hi-res/50D5PLFXYAA00_3.jpg']",https://www.tanishq.co.in/product/blossom-aura-gold-ring-50d5plfxyaa00.html,True,,output/tanishq_images/uncategorized/50d5plfxylaa002ed000013_1.jpg|output/tanishq_images/uncategorized/50d5plfxylaa002ed000013_2.jpg|output/tanishq_images/uncategorized/50d5plfxylaa002ed000013_3.jpg
2.044,22K,yellow,32964,,none,Eternal Leaf Gold Ring,51d5p1fldaa00,"['https://www.tanishq.co.in/dw/image/v2/BKCK_PRD/on/demandware.static/-/Sites-Tanishq-product-catalog/default/dwce10fa60/images/hi-res/51D5P1FLDAA00_1.jpg', 'https://www.tanishq.co.in/dw/image/v2/BKCK_PRD/on/demandware.static/-/Sites-Tanishq-product-catalog/default/dw076dd8da/images/hi-res/51D5P1FLDAA00_2.jpg', 'https://www.tanishq.co.in/dw/image/v2/BKCK_PRD/on/demandware.static/-/Sites-Tanishq-product-catalog/default/dwe7db3336/images/hi-res/51D5P1FLDAA00_3.jpg']",https://www.tanishq.co.in/product/eternal-leaf-gold-ring-51d5p1fldaa00.html,True,,output/tanishq_images/uncategorized/51d5p1fldaa00_1.jpg|output/tanishq_images/uncategorized/51d5p1fldaa00_2.jpg|output/tanishq_images/uncategorized/51d5p1fldaa00_3.jpg
1.609,18K,Yellow,42867,0.107,diamond,Petal Poise Diamond Ring,50d4arfeplaa022jd000004,"['https://www.tanishq.co.in/on/demandware.static/-/Sites-Tanishq-product-catalog/default/dw6b84cd40/images/hi-res/50D4ARFEPAA02_1.jpg', 'https://www.tanishq.co.in/dw/image/v2/BKCK_PRD/on/demandware.static/-/Sites-Tanishq-product-catalog/default/dw18fbe0b9/images/hi-res/50D4ARFEPAA02_2.jpg', 'https://www.tanishq.co.in/dw/image/v2/BKCK_PRD/on/demandware.static/-/Sites-Tanishq-product-catalog/default/dwdccb30eb/images/hi-res/50D4ARFEPAA02_3.jpg']",https://www.tanishq.co.in/product/petal-poise-diamond-ring-50d4arfepaa02.html,True,,output/tanishq_images/uncategorized/50d4arfeplaa022jd000004_1.jpg|output/tanishq_images/uncategorized/50d4arfeplaa022jd000004_2.jpg|output/tanishq_images/uncategorized/50d4arfeplaa022jd000004_3.jpg
5.973,18K,yellow,155213,0.359,diamond,Charismatic Men's Square Matt Diamond Finger Ring,500816fqauab023ia000599,"['https://www.tanishq.co.in/dw/image/v2/BKCK_PRD/on/demandware.static/-/Sites-Tanishq-product-catalog/default/dw39d688c6/images/hi-res/500816FQAAB02_1.jpg', 'https://www.tanishq.co.in/dw/image/v2/BKCK_PRD/on/demandware.static/-/Sites-Tanishq-product-catalog/default/dw8e5feff4/images/hi-res/500816FQAAB02_2.jpg', 'https://www.tanishq.co.in/dw/image/v2/BKCK_PRD/on/demandware.static/-/Sites-Tanishq-product-catalog/default/dwa3ed81a9/images/hi-res/500816FQAAB02_3.jpg']",https://www.tanishq.co.in/product/charismatic-men%27s-square-matt-diamond-finger-ring-500816fqaab02.html,True,,output/tanishq_images/uncategorized/500816fqauab023ia000599_1.jpg|output/tanishq_images/uncategorized/500816fqauab023ia000599_2.jpg|output/tanishq_images/uncategorized/500816fqauab023ia000599_3.jpg
5.631,22K,yellow,98012,,none,Timeless Textured Gold Challa Ring for Men,513218foyaa00,"['https://www.tanishq.co.in/dw/image/v2/BKCK_PRD/on/demandware.static/-/Sites-Tanishq-product-catalog/default/dw4870b61b/images/hi-res/513218FOYAA00_1.jpg', 'https://www.tanishq.co.in/dw/image/v2/BKCK_PRD/on/demandware.static/-/Sites-Tanishq-product-catalog/default/dw75a9a209/images/hi-res/513218FOYAA00_2.jpg']",https://www.tanishq.co.in/product/timeless-textured-gold-challa-ring-for-men-513218foyaa00.html,True,,output/tanishq_images/uncategorized/513218foyaa00_1.jpg|output/tanishq_images/uncategorized/513218foyaa00_2.jpg
5.511,18K,rose,139402,0.395,diamond,Glorious 18 Karat Rose Gold And Diamond Square Ring,503119fbnaa02,"['https://www.tanishq.co.in/on/demandware.static/-/Sites-Tanishq-product-catalog/default/dwf6754bc0/images/hi-res/503119FBNAA02_1.jpg', 'https://www.tanishq.co.in/dw/image/v2/BKCK_PRD/on/demandware.static/-/Sites-Tanishq-product-catalog/en_IN/v1777646422786/images/hi-res/503119FBNAA02_2.jpg']",https://www.tanishq.co.in/product/glorious-18-karat-rose-gold-and-diamond-square-ring-503119fbnaa02.html,True,,output/tanishq_images/uncategorized/503119fbnaa02_1.jpg|output/tanishq_images/uncategorized/503119fbnaa02_2.jpg
1.158,18K,yellow,31374,0.095,diamond,Minimal Bloom Diamond Ring,50d5jsfeeaa09,"['https://www.tanishq.co.in/dw/image/v2/BKCK_PRD/on/demandware.static/-/Sites-Tanishq-product-catalog/default/dw2fcf0dff/images/hi-res/50D5JSFEEAA09_1.jpg', 'https://www.tanishq.co.in/dw/image/v2/BKCK_PRD/on/demandware.static/-/Sites-Tanishq-product-catalog/default/dw43c9a502/images/hi-res/50D5JSFEEAA09_2.jpg', 'https://www.tanishq.co.in/dw/image/v2/BKCK_PRD/on/demandware.static/-/Sites-Tanishq-product-catalog/default/dw332e62c4/images/hi-res/50D5JSFEEAA09_3.jpg', 'https://www.tanishq.co.in/dw/image/v2/BKCK_PRD/on/demandware.static/-/Sites-Tanishq-product-catalog/default/dwd2a5a541/images/hi-res/50D5JSFEEAA09_4.jpg']",https://www.tanishq.co.in/product/minimal-bloom-diamond-ring-50d5jsfeeaa09.html,True,,output/tanishq_images/uncategorized/50d5jsfeeaa09_1.jpg|output/tanishq_images/uncategorized/50d5jsfeeaa09_2.jpg|output/tanishq_images/uncategorized/50d5jsfeeaa09_3.jpg|output/tanishq_images/uncategorized/50d5jsfeeaa09_4.jpg
1.367,18K,Yellow,24811,0.036,diamond,Star Bloom Diamond Ring,50d5l1framaa092jd000002,"['https://www.tanishq.co.in/dw/image/v2/BKCK_PRD/on/demandware.static/-/Sites-Tanishq-product-catalog/default/dwb618a8c3/images/hi-res/50D5L1FRAAA09_1.jpg', 'https://www.tanishq.co.in/dw/image/v2/BKCK_PRD/on/demandware.static/-/Sites-Tanishq-product-catalog/default/dwb31c86e3/images/hi-res/50D5L1FRAAA09_2.jpg', 'https://www.tanishq.co.in/dw/image/v2/BKCK_PRD/on/demandware.static/-/Sites-Tanishq-product-catalog/default/dwd756c2c8/images/hi-res/50D5L1FRAAA09_3.jpg']",https://www.tanishq.co.in/product/star-bloom-diamond-ring-50d5l1fraaa09.html,True,,output/tanishq_images/uncategorized/50d5l1framaa092jd000002_1.jpg|output/tanishq_images/uncategorized/50d5l1framaa092jd000002_2.jpg|output/tanishq_images/uncategorized/50d5l1framaa092jd000002_3.jpg
1.311,18K,yellow,24133,0.032,diamond,Geometric Bow Diamond Ring,50d5h3frdaa09,"['https://www.tanishq.co.in/dw/image/v2/BKCK_PRD/on/demandware.static/-/Sites-Tanishq-product-catalog/default/dw40090bf2/images/hi-res/50D5H3FRDAA09_1.jpg', 'https://www.tanishq.co.in/dw/image/v2/BKCK_PRD/on/demandware.static/-/Sites-Tanishq-product-catalog/default/dw7427ff86/images/hi-res/50D5H3FRDAA09_2.jpg', 'https://www.tanishq.co.in/dw/image/v2/BKCK_PRD/on/demandware.static/-/Sites-Tanishq-product-catalog/default/dwc410c543/images/hi-res/50D5H3FRDAA09_3.jpg']",https://www.tanishq.co.in/product/geometric-bow-diamond-ring-50d5h3frdaa09.html,True,,output/tanishq_images/uncategorized/50d5h3frdaa09_1.jpg|output/tanishq_images/uncategorized/50d5h3frdaa09_2.jpg|output/tanishq_images/uncategorized/50d5h3frdaa09_3.jpg
5.159,22K,yellow,82100,,none,Sculpted Gold Finger Ring for Men,511017FEVAB00,"['https://www.tanishq.co.in/dw/image/v2/BKCK_PRD/on/demandware.static/-/Sites-Tanishq-product-catalog/default/dw21058e50/images/hi-res/511017FEVAB00_1.jpg', 'https://www.tanishq.co.in/dw/image/v2/BKCK_PRD/on/demandware.static/-/Sites-Tanishq-product-catalog/default/dw33828375/images/hi-res/511017FEVAB00_2.jpg', 'https://www.tanishq.co.in/dw/image/v2/BKCK_PRD/on/demandware.static/-/Sites-Tanishq-product-catalog/default/dw7e0e9039/images/hi-res/511017FEVAB00_3.jpg']",https://www.tanishq.co.in/product/sculpted-gold-finger-ring-for-men-511017fevab00.html,True,,output/tanishq_images/uncategorized/511017FEVAB00_1.jpg|output/tanishq_images/uncategorized/511017FEVAB00_2.jpg|output/tanishq_images/uncategorized/511017FEVAB00_3.jpg
2.284,18K,yellow,65567,0.227,diamond,Sparkle Tide Diamond Ring,50d5s2fcmlaa092ja000049,"['https://www.tanishq.co.in/on/demandware.static/-/Sites-Tanishq-product-catalog/default/dwc35c8f0b/images/hi-res/50D5S2FCMAA09_1.jpg', 'https://www.tanishq.co.in/dw/image/v2/BKCK_PRD/on/demandware.static/-/Sites-Tanishq-product-catalog/default/dw3100f7c8/images/hi-res/50D5S2FCMAA09_2.jpg', 'https://www.tanishq.co.in/dw/image/v2/BKCK_PRD/on/demandware.static/-/Sites-Tanishq-product-catalog/default/dwc38e4258/images/hi-res/50D5S2FCMAA09_3.jpg']",https://www.tanishq.co.in/product/sparkle-tide-diamond-ring-50d5s2fcmaa09.html,True,,output/tanishq_images/uncategorized/50d5s2fcmlaa092ja000049_1.jpg|output/tanishq_images/uncategorized/50d5s2fcmlaa092ja000049_2.jpg|output/tanishq_images/uncategorized/50d5s2fcmlaa092ja000049_3.jpg
3.017,22K,yellow,52728,,none,Royal Halo Gold Ring,51e5c1fdgaa00,"['https://www.tanishq.co.in/dw/image/v2/BKCK_PRD/on/demandware.static/-/Sites-Tanishq-product-catalog/default/dwe3e93358/images/hi-res/51E5C1FDGAA00_1.jpg?sw=640&sh=640', 'https://www.tanishq.co.in/dw/image/v2/BKCK_PRD/on/demandware.static/-/Sites-Tanishq-product-catalog/default/dwa501bdba/images/hi-res/51E5C1FDGAA00_2.jpg?sw=640&sh=640', 'https://www.tanishq.co.in/dw/image/v2/BKCK_PRD/on/demandware.static/-/Sites-Tanishq-product-catalog/default/dw5a9ebed3/images/hi-res/51E5C1FDGAA00_3.jpg?sw=640&sh=640']",https://www.tanishq.co.in/product/royal-halo-gold-ring-51e5c1fdgaa00.html,True,,output/tanishq_images/uncategorized/51e5c1fdgaa00_1.jpg|output/tanishq_images/uncategorized/51e5c1fdgaa00_2.jpg|output/tanishq_images/uncategorized/51e5c1fdgaa00_3.jpg
2.695,18K,yellow,41328,0.025,diamond,Delicate Charm Diamond Ring,50d5l1ffkaa29,"['https://www.tanishq.co.in/dw/image/v2/BKCK_PRD/on/demandware.static/-/Sites-Tanishq-product-catalog/default/dwdd48bc56/images/hi-res/50D5L1FFKAA29_1.jpg', 'https://www.tanishq.co.in/dw/image/v2/BKCK_PRD/on/demandware.static/-/Sites-Tanishq-product-catalog/default/dw0ecaed14/images/hi-res/50D5L1FFKAA29_2.jpg', 'https://www.tanishq.co.in/dw/image/v2/BKCK_PRD/on/demandware.static/-/Sites-Tanishq-product-catalog/default/dw5472bf34/images/hi-res/50D5L1FFKAA29_3.jpg']",https://www.tanishq.co.in/product/delicate-charm-diamond-ring-50d5l1ffkaa29.html,True,,output/tanishq_images/uncategorized/50d5l1ffkaa29_1.jpg|output/tanishq_images/uncategorized/50d5l1ffkaa29_2.jpg|output/tanishq_images/uncategorized/50d5l1ffkaa29_3.jpg
2.433,22K,yellow,42348,,none,Twin Leaf Gold Ring,51d5l2feslaa002ba000001,"['https://www.tanishq.co.in/dw/image/v2/BKCK_PRD/on/demandware.static/-/Sites-Tanishq-product-catalog/default/dwcac9b21d/images/hi-res/51D5L2FESAA00_1.jpg?sw=640&sh=640', 'https://www.tanishq.co.in/dw/image/v2/BKCK_PRD/on/demandware.static/-/Sites-Tanishq-product-catalog/default/dw7e18ab80/images/hi-res/51D5L2FESAA00_2.jpg?sw=640&sh=640', 'https://www.tanishq.co.in/dw/image/v2/BKCK_PRD/on/demandware.static/-/Sites-Tanishq-product-catalog/default/dw1a3654e9/images/hi-res/51D5L2FESAA00_3.jpg?sw=640&sh=640', 'https://www.tanishq.co.in/dw/image/v2/BKCK_PRD/on/demandware.static/-/Sites-Tanishq-product-catalog/default/dwc4cdea1b/images/hi-res/51D5L2FESAA00_4.jpg?sw=640&sh=640']",https://www.tanishq.co.in/product/twin-leaf-gold-ring-51d5l2fesaa00.html,True,,output/tanishq_images/uncategorized/51d5l2feslaa002ba000001_1.jpg|output/tanishq_images/uncategorized/51d5l2feslaa002ba000001_2.jpg|output/tanishq_images/uncategorized/51d5l2feslaa002ba000001_3.jpg|output/tanishq_images/uncategorized/51d5l2feslaa002ba000001_4.jpg
0.792,22K,yellow,13448,,none,Eternal Om Gold Finger Ring,512619fgoaa00,"['https://www.tanishq.co.in/dw/image/v2/BKCK_PRD/on/demandware.static/-/Sites-Tanishq-product-catalog/default/dw18e615c3/images/hi-res/512619FGOAA00_1.jpg?sw=640&sh=640', 'https://www.tanishq.co.in/dw/image/v2/BKCK_PRD/on/demandware.static/-/Sites-Tanishq-product-catalog/default/dw0c557f04/images/hi-res/512619FGOAA00_2.jpg?sw=640&sh=640', 'https://www.tanishq.co.in/dw/image/v2/BKCK_PRD/on/demandware.static/-/Sites-Tanishq-product-catalog/default/dw1089cca3/images/hi-res/512619FGOAA00_3.jpg?sw=640&sh=640']",https://www.tanishq.co.in/product/eternal-om-gold-finger-ring-512619fgoaa00.html,True,,output/tanishq_images/uncategorized/512619fgoaa00_1.jpg|output/tanishq_images/uncategorized/512619fgoaa00_2.jpg|output/tanishq_images/uncategorized/512619fgoaa00_3.jpg
3.343,18K,yellow,119063,0.4,diamond,Chic Regal Diamond Finger Ring,50d5b1fbdaa02,"['https://www.tanishq.co.in/dw/image/v2/BKCK_PRD/on/demandware.static/-/Sites-Tanishq-product-catalog/default/dwfe873f46/images/hi-res/50D5B1FBDAA02_1.jpg', 'https://www.tanishq.co.in/dw/image/v2/BKCK_PRD/on/demandware.static/-/Sites-Tanishq-product-catalog/default/dw43e8ad40/images/hi-res/50D5B1FBDAA02_2.jpg', 'https://www.tanishq.co.in/dw/image/v2/BKCK_PRD/on/demandware.static/-/Sites-Tanishq-product-catalog/default/dwe956daac/images/hi-res/50D5B1FBDAA02_3.jpg']",https://www.tanishq.co.in/product/chic-regal-diamond-finger-ring-50d5b1fbdaa02.html,True,,output/tanishq_images/uncategorized/50d5b1fbdaa02_1.jpg|output/tanishq_images/uncategorized/50d5b1fbdaa02_2.jpg|output/tanishq_images/uncategorized/50d5b1fbdaa02_3.jpg
1.666,18K,yellow,44646,0.114,diamond,Urban Edge Diamond Ring,50d5dtfarlaa022jd000022,"['https://www.tanishq.co.in/dw/image/v2/BKCK_PRD/on/demandware.static/-/Sites-Tanishq-product-catalog/default/dw99673f16/images/hi-res/50D5DTFARAA02_1.jpg?sw=640&sh=640', 'https://www.tanishq.co.in/dw/image/v2/BKCK_PRD/on/demandware.static/-/Sites-Tanishq-product-catalog/default/dwf5db23c5/images/hi-res/50D5DTFARAA02_2.jpg?sw=640&sh=640', 'https://www.tanishq.co.in/dw/image/v2/BKCK_PRD/on/demandware.static/-/Sites-Tanishq-product-catalog/default/dwe6c852bb/images/hi-res/50D5DTFARAA02_3.jpg?sw=640&sh=640']",https://www.tanishq.co.in/product/urban-edge-diamond-ring-50d5dtfaraa02.html,True,,output/tanishq_images/uncategorized/50d5dtfarlaa022jd000022_1.jpg|output/tanishq_images/uncategorized/50d5dtfarlaa022jd000022_2.jpg|output/tanishq_images/uncategorized/50d5dtfarlaa022jd000022_3.jpg
3.391,18K,yellow,49277,,none,Dual Curve Gold Ring,50m5v2fhvaa00,"['https://www.tanishq.co.in/dw/image/v2/BKCK_PRD/on/demandware.static/-/Sites-Tanishq-product-catalog/default/dw143c8432/images/hi-res/50M5V2FHVAA00_1.jpg?sw=640&sh=640', 'https://www.tanishq.co.in/dw/image/v2/BKCK_PRD/on/demandware.static/-/Sites-Tanishq-product-catalog/default/dwbac133eb/images/hi-res/50M5V2FHVAA00_2.jpg?sw=640&sh=640', 'https://www.tanishq.co.in/dw/image/v2/BKCK_PRD/on/demandware.static/-/Sites-Tanishq-product-catalog/default/dwb55af48e/images/hi-res/50M5V2FHVAA00_3.jpg?sw=640&sh=640']",https://www.tanishq.co.in/product/dual-curve-gold-ring-50m5v2fhvaa00.html,True,,output/tanishq_images/uncategorized/50m5v2fhvaa00_1.jpg|output/tanishq_images/uncategorized/50m5v2fhvaa00_2.jpg|output/tanishq_images/uncategorized/50m5v2fhvaa00_3.jpg
1.961,22K,yellow,34133,,none,Sculpted Frame Gold Ring,51d5l2ffclaa002ba000001,"['https://www.tanishq.co.in/dw/image/v2/BKCK_PRD/on/demandware.static/-/Sites-Tanishq-product-catalog/default/dw6b4e625f/images/hi-res/51D5L2FFCAA00_1.jpg?sw=640&sh=640', 'https://www.tanishq.co.in/dw/image/v2/BKCK_PRD/on/demandware.static/-/Sites-Tanishq-product-catalog/default/dw8732f55e/images/hi-res/51D5L2FFCAA00_2.jpg?sw=640&sh=640', 'https://www.tanishq.co.in/dw/image/v2/BKCK_PRD/on/demandware.static/-/Sites-Tanishq-product-catalog/default/dwffa9182d/images/hi-res/51D5L2FFCAA00_3.jpg?sw=640&sh=640', 'https://www.tanishq.co.in/dw/image/v2/BKCK_PRD/on/demandware.static/-/Sites-Tanishq-product-catalog/default/dw1def1495/images/hi-res/51D5L2FFCAA00_4.jpg?sw=640&sh=640']",https://www.tanishq.co.in/product/sculpted-frame-gold-ring-51d5l2ffcaa00.html,True,,output/tanishq_images/uncategorized/51d5l2ffclaa002ba000001_1.jpg|output/tanishq_images/uncategorized/51d5l2ffclaa002ba000001_2.jpg|output/tanishq_images/uncategorized/51d5l2ffclaa002ba000001_3.jpg|output/tanishq_images/uncategorized/51d5l2ffclaa002ba000001_4.jpg
2.398,18K,rose,67512,0.18,diamond,Parallel Sparkle Diamond Ring,50d5b2febaa02,"['https://www.tanishq.co.in/dw/image/v2/BKCK_PRD/on/demandware.static/-/Sites-Tanishq-product-catalog/default/dwfb638e16/images/hi-res/50D5B2FEBAA02_1.jpg', 'https://www.tanishq.co.in/dw/image/v2/BKCK_PRD/on/demandware.static/-/Sites-Tanishq-product-catalog/default/dw1c32ffe3/images/hi-res/50D5B2FEBAA02_2.jpg', 'https://www.tanishq.co.in/dw/image/v2/BKCK_PRD/on/demandware.static/-/Sites-Tanishq-product-catalog/default/dw9c5a3e30/images/hi-res/50D5B2FEBAA02_3.jpg']",https://www.tanishq.co.in/product/parallel-sparkle-diamond-ring-50d5b2febaa02.html,True,,output/tanishq_images/uncategorized/50d5b2febaa02_1.jpg|output/tanishq_images/uncategorized/50d5b2febaa02_2.jpg|output/tanishq_images/uncategorized/50d5b2febaa02_3.jpg
2.461,18K,rose,50535,0.105,diamond,Radiant Curve Diamond Finger Ring,50d3i1fhelaa093ia000055,"['https://www.tanishq.co.in/dw/image/v2/BKCK_PRD/on/demandware.static/-/Sites-Tanishq-product-catalog/default/dw6f7c8b2f/images/hi-res/50D3I1FHEAA09_1.jpg', 'https://www.tanishq.co.in/dw/image/v2/BKCK_PRD/on/demandware.static/-/Sites-Tanishq-product-catalog/default/dwfa28b1c8/images/hi-res/50D3I1FHEAA09_2.jpg', 'https://www.tanishq.co.in/dw/image/v2/BKCK_PRD/on/demandware.static/-/Sites-Tanishq-product-catalog/default/dw612cb341/images/hi-res/50D3I1FHEAA09_3.jpg']",https://www.tanishq.co.in/product/radiant-curve-diamond-finger-ring-50d3i1fheaa09.html,True,,output/tanishq_images/uncategorized/50d3i1fhelaa093ia000055_1.jpg|output/tanishq_images/uncategorized/50d3i1fhelaa093ia000055_2.jpg|output/tanishq_images/uncategorized/50d3i1fhelaa093ia000055_3.jpg
3.622,18K,rose,121989,0.36,diamond,Edgy Matrix Diamond Finger Ring for Men,50g5b1fjvaa02,"['https://www.tanishq.co.in/dw/image/v2/BKCK_PRD/on/demandware.static/-/Sites-Tanishq-product-catalog/default/dw6b4af2e8/images/hi-res/50G5B1FJVAA02_1.jpg?sw=640&sh=640', 'https://www.tanishq.co.in/dw/image/v2/BKCK_PRD/on/demandware.static/-/Sites-Tanishq-product-catalog/default/dw02de1004/images/hi-res/50G5B1FJVAA02_2.jpg?sw=640&sh=640', 'https://www.tanishq.co.in/dw/image/v2/BKCK_PRD/on/demandware.static/-/Sites-Tanishq-product-catalog/default/dw0349424d/images/hi-res/50G5B1FJVAA02_3.jpg?sw=640&sh=640']",https://www.tanishq.co.in/product/edgy-matrix-diamond-finger-ring-for-men-50g5b1fjvaa02.html,True,,output/tanishq_images/uncategorized/50g5b1fjvaa02_1.jpg|output/tanishq_images/uncategorized/50g5b1fjvaa02_2.jpg|output/tanishq_images/uncategorized/50g5b1fjvaa02_3.jpg
2.221,22K,yellow,35818,,none,Luminous Axis Gold Ring,51d6m1fmclaa002ja000003,"['https://www.tanishq.co.in/dw/image/v2/BKCK_PRD/on/demandware.static/-/Sites-Tanishq-product-catalog/default/dw4add98ea/images/hi-res/51D6M1FMCAA00_1.jpg?sw=640&sh=640', 'https://www.tanishq.co.in/dw/image/v2/BKCK_PRD/on/demandware.static/-/Sites-Tanishq-product-catalog/default/dwe585066a/images/hi-res/51D6M1FMCAA00_2.jpg?sw=640&sh=640', 'https://www.tanishq.co.in/dw/image/v2/BKCK_PRD/on/demandware.static/-/Sites-Tanishq-product-catalog/default/dw88d4c3dd/images/hi-res/51D6M1FMCAA00_3.jpg?sw=640&sh=640', 'https://www.tanishq.co.in/dw/image/v2/BKCK_PRD/on/demandware.static/-/Sites-Tanishq-product-catalog/default/dwe94f7732/images/hi-res/51D6M1FMCAA00_4.jpg?sw=640&sh=640']",https://www.tanishq.co.in/product/luminous-axis-gold-ring-51d6m1fmcaa00.html,True,,output/tanishq_images/uncategorized/51d6m1fmclaa002ja000003_1.jpg|output/tanishq_images/uncategorized/51d6m1fmclaa002ja000003_2.jpg|output/tanishq_images/uncategorized/51d6m1fmclaa002ja000003_3.jpg|output/tanishq_images/uncategorized/51d6m1fmclaa002ja000003_4.jpg
3.253,22K,yellow,56492,,none,Modern Crest Gold Ring for Men,51g5c1fhuaacz,"['https://www.tanishq.co.in/on/demandware.static/-/Sites-Tanishq-product-catalog/default/dw3492a3e7/images/hi-res/51G5C1FHUAACZ_1.jpg', 'https://www.tanishq.co.in/dw/image/v2/BKCK_PRD/on/demandware.static/-/Sites-Tanishq-product-catalog/default/dw82d60714/images/hi-res/51G5C1FHUAACZ_2.jpg', 'https://www.tanishq.co.in/dw/image/v2/BKCK_PRD/on/demandware.static/-/Sites-Tanishq-product-catalog/default/dwe9a1804f/images/hi-res/51G5C1FHUAACZ_3.jpg']",https://www.tanishq.co.in/product/modern-crest-gold-ring-for-men-51g5c1fhuaacz.html,True,,output/tanishq_images/uncategorized/51g5c1fhuaacz_1.jpg|output/tanishq_images/uncategorized/51g5c1fhuaacz_2.jpg|output/tanishq_images/uncategorized/51g5c1fhuaacz_3.jpg
7.624,22K,yellow,136494,,none,Grand Filigree Finger Ring,513518FCMAA00,"['https://www.tanishq.co.in/dw/image/v2/BKCK_PRD/on/demandware.static/-/Sites-Tanishq-product-catalog/default/dwc53dbe4a/images/hi-res/513518FCMAA00_1.jpg', 'https://www.tanishq.co.in/dw/image/v2/BKCK_PRD/on/demandware.static/-/Sites-Tanishq-product-catalog/default/dw27a9abf2/images/hi-res/513518FCMAA00_2.jpg', 'https://www.tanishq.co.in/dw/image/v2/BKCK_PRD/on/demandware.static/-/Sites-Tanishq-product-catalog/default/dw66c6c19e/images/hi-res/513518FCMAA00_3.jpg']",https://www.tanishq.co.in/product/grand-filigree-finger-ring-513518fcmaa00.html,True,,output/tanishq_images/uncategorized/513518FCMAA00_1.jpg|output/tanishq_images/uncategorized/513518FCMAA00_2.jpg|output/tanishq_images/uncategorized/513518FCMAA00_3.jpg
5.436,18K,yellow,90401,0.095,diamond,Traditional Pointer Single Stone Diamond Ring for Men,502011felab02,"['https://www.tanishq.co.in/dw/image/v2/BKCK_PRD/on/demandware.static/-/Sites-Tanishq-product-catalog/default/dwae119b35/images/hi-res/502011FELAB02_1.jpg', 'https://www.tanishq.co.in/dw/image/v2/BKCK_PRD/on/demandware.static/-/Sites-Tanishq-product-catalog/default/dwe254e95b/images/hi-res/502011FELAB02_2.jpg', 'https://www.tanishq.co.in/dw/image/v2/BKCK_PRD/on/demandware.static/-/Sites-Tanishq-product-catalog/default/dw930347a2/images/hi-res/502011FELAB02_3.jpg']",https://www.tanishq.co.in/product/traditional-pointer-single-stone-diamond-ring-for-men-502011felab02.html,True,,output/tanishq_images/uncategorized/502011felab02_1.jpg|output/tanishq_images/uncategorized/502011felab02_2.jpg|output/tanishq_images/uncategorized/502011felab02_3.jpg
,18K,White,127387,0.468,diamond,Royal White Gold and Diamond Ring,502998fzraa09,"['https://www.tanishq.co.in/dw/image/v2/BKCK_PRD/on/demandware.static/-/Sites-Tanishq-product-catalog/default/dw3eda771a/images/hi-res/502998FZRAA09_1.jpg', 'https://www.tanishq.co.in/dw/image/v2/BKCK_PRD/on/demandware.static/-/Sites-Tanishq-product-catalog/default/dw004cb597/images/hi-res/502998FZRAA09_2.jpg']",https://www.tanishq.co.in/product/royal-white-gold-and-diamond-ring-502998fzraa09.html,False,,output/tanishq_images/uncategorized/502998fzraa09_1.jpg|output/tanishq_images/uncategorized/502998fzraa09_2.jpg
1.937,18K,yellow,55806,0.15,diamond,Eternal Glow Diamond Ring,50d4arfelaa02,"['https://www.tanishq.co.in/dw/image/v2/BKCK_PRD/on/demandware.static/-/Sites-Tanishq-product-catalog/default/dwb6aed622/images/hi-res/50D4ARFELAA02_1.jpg?sw=640&sh=640', 'https://www.tanishq.co.in/dw/image/v2/BKCK_PRD/on/demandware.static/-/Sites-Tanishq-product-catalog/default/dw62c9284b/images/hi-res/50D4ARFELAA02_2.jpg?sw=640&sh=640', 'https://www.tanishq.co.in/dw/image/v2/BKCK_PRD/on/demandware.static/-/Sites-Tanishq-product-catalog/default/dwfb1ad9c7/images/hi-res/50D4ARFELAA02_3.jpg?sw=640&sh=640']",https://www.tanishq.co.in/product/eternal-glow-diamond-ring-50d4arfelaa02.html,True,,output/tanishq_images/uncategorized/50d4arfelaa02_1.jpg|output/tanishq_images/uncategorized/50d4arfelaa02_2.jpg|output/tanishq_images/uncategorized/50d4arfelaa02_3.jpg
3.03,22K,Yellow,51092,,none,Climber Spark Ring,51d5b1flslaa182ba000002,"['https://www.tanishq.co.in/on/demandware.static/-/Sites-Tanishq-product-catalog/default/dw4d1dd21b/images/hi-res/51D5B1FLSAA18_1.jpg', 'https://www.tanishq.co.in/dw/image/v2/BKCK_PRD/on/demandware.static/-/Sites-Tanishq-product-catalog/default/dw4b585c96/images/hi-res/51D5B1FLSAA18_2.jpg', 'https://www.tanishq.co.in/dw/image/v2/BKCK_PRD/on/demandware.static/-/Sites-Tanishq-product-catalog/default/dw5445499d/images/hi-res/51D5B1FLSAA18_3.jpg']",https://www.tanishq.co.in/product/climber-spark-ring-51d5b1flsaa18.html,True,,output/tanishq_images/uncategorized/51d5b1flslaa182ba000002_1.jpg|output/tanishq_images/uncategorized/51d5b1flslaa182ba000002_2.jpg|output/tanishq_images/uncategorized/51d5b1flslaa182ba000002_3.jpg
2.551,18K,rose,90692,0.3,diamond,Eternal Petals Diamond Ring,50d5v2fbglaa022bd000020,"['https://www.tanishq.co.in/dw/image/v2/BKCK_PRD/on/demandware.static/-/Sites-Tanishq-product-catalog/default/dwfb755f82/images/hi-res/50D5V2FBGAA02_1.jpg', 'https://www.tanishq.co.in/dw/image/v2/BKCK_PRD/on/demandware.static/-/Sites-Tanishq-product-catalog/default/dw07101dfa/images/hi-res/50D5V2FBGAA02_2.jpg', 'https://www.tanishq.co.in/dw/image/v2/BKCK_PRD/on/demandware.static/-/Sites-Tanishq-product-catalog/default/dw086f6d48/images/hi-res/50D5V2FBGAA02_3.jpg', 'https://www.tanishq.co.in/dw/image/v2/BKCK_PRD/on/demandware.static/-/Sites-Tanishq-product-catalog/default/dwfb147756/images/hi-res/50D5V2FBGAA02_4.jpg']",https://www.tanishq.co.in/product/eternal-petals-diamond-ring-50d5v2fbgaa02.html,True,,output/tanishq_images/uncategorized/50d5v2fbglaa022bd000020_1.jpg|output/tanishq_images/uncategorized/50d5v2fbglaa022bd000020_2.jpg|output/tanishq_images/uncategorized/50d5v2fbglaa022bd000020_3.jpg|output/tanishq_images/uncategorized/50d5v2fbglaa022bd000020_4.jpg
2.9,22K,yellow,50354,,gemstone,Cross Floral Ring,51d5b1floaa18,"['https://www.tanishq.co.in/on/demandware.static/-/Sites-Tanishq-product-catalog/default/dw4714c609/images/hi-res/51D5B1FLOAA18_1.jpg', 'https://www.tanishq.co.in/dw/image/v2/BKCK_PRD/on/demandware.static/-/Sites-Tanishq-product-catalog/default/dw6c47262c/images/hi-res/51D5B1FLOAA18_2.jpg', 'https://www.tanishq.co.in/dw/image/v2/BKCK_PRD/on/demandware.static/-/Sites-Tanishq-product-catalog/default/dw380ef1e6/images/hi-res/51D5B1FLOAA18_3.jpg']",https://www.tanishq.co.in/product/cross-floral-ring-51d5b1floaa18.html,True,,output/tanishq_images/uncategorized/51d5b1floaa18_1.jpg|output/tanishq_images/uncategorized/51d5b1floaa18_2.jpg|output/tanishq_images/uncategorized/51d5b1floaa18_3.jpg
3.34,22K,yellow,58373,,none,Ornate Arch Gold Ring,51e5c1fcaaa00,"['https://www.tanishq.co.in/dw/image/v2/BKCK_PRD/on/demandware.static/-/Sites-Tanishq-product-catalog/default/dwe56ec211/images/hi-res/51E5C1FCAAA00_1.jpg', 'https://www.tanishq.co.in/dw/image/v2/BKCK_PRD/on/demandware.static/-/Sites-Tanishq-product-catalog/default/dw01c0f875/images/hi-res/51E5C1FCAAA00_2.jpg', 'https://www.tanishq.co.in/dw/image/v2/BKCK_PRD/on/demandware.static/-/Sites-Tanishq-product-catalog/default/dw3db18a6f/images/hi-res/51E5C1FCAAA00_3.jpg']",https://www.tanishq.co.in/product/ornate-arch-gold-ring-51e5c1fcaaa00.html,True,,output/tanishq_images/uncategorized/51e5c1fcaaa00_1.jpg|output/tanishq_images/uncategorized/51e5c1fcaaa00_2.jpg|output/tanishq_images/uncategorized/51e5c1fcaaa00_3.jpg
3.441,18K,yellow,84992,0.198,diamond,Sparkling Petal Diamond Ring,50d5d2fdfaa02,"['https://www.tanishq.co.in/on/demandware.static/-/Sites-Tanishq-product-catalog/default/dw37cc911c/images/hi-res/50D5D2FDFAA02_1.jpg', 'https://www.tanishq.co.in/on/demandware.static/-/Sites-Tanishq-product-catalog/default/dw2da6679d/images/hi-res/50D5D2FDFAA02_2.jpg', 'https://www.tanishq.co.in/on/demandware.static/-/Sites-Tanishq-product-catalog/default/dw8ea0ab3d/images/hi-res/50D5D2FDFAA02_3.jpg']",https://www.tanishq.co.in/product/sparkling-petal-diamond-ring-50d5d2fdfaa02.html,True,,output/tanishq_images/uncategorized/50d5d2fdfaa02_1.jpg|output/tanishq_images/uncategorized/50d5d2fdfaa02_2.jpg|output/tanishq_images/uncategorized/50d5d2fdfaa02_3.jpg
1.126,18K,Rose,25588,0.07,diamond,Blossom Halo Diamond Ring,50d5fdfcelaa092bd000004,"['https://www.tanishq.co.in/on/demandware.static/-/Sites-Tanishq-product-catalog/default/dw6887e4aa/images/hi-res/50D5FDFCEAA09_1.jpg', 'https://www.tanishq.co.in/dw/image/v2/BKCK_PRD/on/demandware.static/-/Sites-Tanishq-product-catalog/default/dwcf08c7c5/images/hi-res/50D5FDFCEAA09_2.jpg', 'https://www.tanishq.co.in/dw/image/v2/BKCK_PRD/on/demandware.static/-/Sites-Tanishq-product-catalog/default/dw7f3254b2/images/hi-res/50D5FDFCEAA09_3.jpg']",https://www.tanishq.co.in/product/blossom-halo-diamond-ring-50d5fdfceaa09.html,True,,output/tanishq_images/uncategorized/50d5fdfcelaa092bd000004_1.jpg|output/tanishq_images/uncategorized/50d5fdfcelaa092bd000004_2.jpg|output/tanishq_images/uncategorized/50d5fdfcelaa092bd000004_3.jpg
5.427,18K,yellow,78549,,none,Mandala Bloom Gold Ring,50d5pafctaa00,"['https://www.tanishq.co.in/on/demandware.static/-/Sites-Tanishq-product-catalog/default/dw2d94987c/images/hi-res/50D5PAFCTAA00_1.jpg', 'https://www.tanishq.co.in/on/demandware.static/-/Sites-Tanishq-product-catalog/default/dw2413d583/images/hi-res/50D5PAFCTAA00_2.jpg', 'https://www.tanishq.co.in/on/demandware.static/-/Sites-Tanishq-product-catalog/default/dw7413ff33/images/hi-res/50D5PAFCTAA00_3.jpg']",https://www.tanishq.co.in/product/mandala-bloom-gold-ring-50d5pafctaa00.html,True,,output/tanishq_images/uncategorized/50d5pafctaa00_1.jpg|output/tanishq_images/uncategorized/50d5pafctaa00_2.jpg|output/tanishq_images/uncategorized/50d5pafctaa00_3.jpg
5.501,18K,rose,124755,0.2,diamond,Modern Charm Diamond Ring For Men,504015folaa02,"['https://www.tanishq.co.in/dw/image/v2/BKCK_PRD/on/demandware.static/-/Sites-Tanishq-product-catalog/default/dw50371308/images/hi-res/504015FOLAA02_1.jpg?sw=640&sh=640', 'https://www.tanishq.co.in/dw/image/v2/BKCK_PRD/on/demandware.static/-/Sites-Tanishq-product-catalog/default/dweb27e415/images/hi-res/504015FOLAA02_2.jpg?sw=640&sh=640', 'https://www.tanishq.co.in/dw/image/v2/BKCK_PRD/on/demandware.static/-/Sites-Tanishq-product-catalog/default/dw7de75b24/images/hi-res/504015FOLAA02_3.jpg?sw=640&sh=640']",https://www.tanishq.co.in/product/modern-charm-diamond-ring-for-men-504015folaa02.html,True,,output/tanishq_images/uncategorized/504015folaa02_1.jpg|output/tanishq_images/uncategorized/504015folaa02_2.jpg|output/tanishq_images/uncategorized/504015folaa02_3.jpg
7.389,22K,yellow,133336,,none,Wave Crest Gold Ring For Men,51g5amfcctaa002ja000008,"['https://www.tanishq.co.in/dw/image/v2/BKCK_PRD/on/demandware.static/-/Sites-Tanishq-product-catalog/default/dw1e729c67/images/hi-res/51G5AMFCCAA00_1.jpg', 'https://www.tanishq.co.in/dw/image/v2/BKCK_PRD/on/demandware.static/-/Sites-Tanishq-product-catalog/default/dw93fa6290/images/hi-res/51G5AMFCCAA00_2.jpg', 'https://www.tanishq.co.in/dw/image/v2/BKCK_PRD/on/demandware.static/-/Sites-Tanishq-product-catalog/default/dwb897a77c/images/hi-res/51G5AMFCCAA00_3.jpg']",https://www.tanishq.co.in/product/wave-crest-gold-ring-for-men-51g5amfccaa00.html,True,,output/tanishq_images/uncategorized/51g5amfcctaa002ja000008_1.jpg|output/tanishq_images/uncategorized/51g5amfcctaa002ja000008_2.jpg|output/tanishq_images/uncategorized/51g5amfcctaa002ja000008_3.jpg
6.119,18K,yellow,131503,0.259,diamond,Bold Lattice Diamond Ring For Men,50g5c1fgjraa022jd000017,"['https://www.tanishq.co.in/dw/image/v2/BKCK_PRD/on/demandware.static/-/Sites-Tanishq-product-catalog/default/dw9e5346a1/images/hi-res/50G5C1FGJAA02_1.jpg', 'https://www.tanishq.co.in/dw/image/v2/BKCK_PRD/on/demandware.static/-/Sites-Tanishq-product-catalog/default/dw4526851a/images/hi-res/50G5C1FGJAA02_2.jpg', 'https://www.tanishq.co.in/dw/image/v2/BKCK_PRD/on/demandware.static/-/Sites-Tanishq-product-catalog/default/dw8bda169c/images/hi-res/50G5C1FGJAA02_3.jpg']",https://www.tanishq.co.in/product/bold-lattice-diamond-ring-for-men-50g5c1fgjaa02.html,True,,output/tanishq_images/uncategorized/50g5c1fgjraa022jd000017_1.jpg|output/tanishq_images/uncategorized/50g5c1fgjraa022jd000017_2.jpg|output/tanishq_images/uncategorized/50g5c1fgjraa022jd000017_3.jpg
3.33,22K,yellow,58435,,none,Stylish Gold Mesh Ring for Men,512d18fbeaa00,"['https://www.tanishq.co.in/dw/image/v2/BKCK_PRD/on/demandware.static/-/Sites-Tanishq-product-catalog/default/dwbf08ef65/images/hi-res/512D18FBEAA00_1.jpg', 'https://www.tanishq.co.in/dw/image/v2/BKCK_PRD/on/demandware.static/-/Sites-Tanishq-product-catalog/default/dw6ee0ec3e/images/hi-res/512D18FBEAA00_2.jpg', 'https://www.tanishq.co.in/dw/image/v2/BKCK_PRD/on/demandware.static/-/Sites-Tanishq-product-catalog/default/dw22254ce6/images/hi-res/512D18FBEAA00_3.jpg']",https://www.tanishq.co.in/product/stylish-gold-mesh-ring-for-men-512d18fbeaa00.html,True,,output/tanishq_images/uncategorized/512d18fbeaa00_1.jpg|output/tanishq_images/uncategorized/512d18fbeaa00_2.jpg|output/tanishq_images/uncategorized/512d18fbeaa00_3.jpg
2.306,22K,yellow,40138,,none,Effortless Chic Ring,51d1scfgtlaa002ja001211,"['https://www.tanishq.co.in/dw/image/v2/BKCK_PRD/on/demandware.static/-/Sites-Tanishq-product-catalog/default/dw69bcc2b8/images/hi-res/51D1SCFGTAA00_1.jpg', 'https://www.tanishq.co.in/dw/image/v2/BKCK_PRD/on/demandware.static/-/Sites-Tanishq-product-catalog/default/dwfea62f9d/images/hi-res/51D1SCFGTAA00_2.jpg', 'https://www.tanishq.co.in/dw/image/v2/BKCK_PRD/on/demandware.static/-/Sites-Tanishq-product-catalog/default/dw4c35ac9f/images/hi-res/51D1SCFGTAA00_3.jpg']",https://www.tanishq.co.in/product/effortless-chic-ring-51d1scfgtaa00.html,True,,output/tanishq_images/uncategorized/51d1scfgtlaa002ja001211_1.jpg|output/tanishq_images/uncategorized/51d1scfgtlaa002ja001211_2.jpg|output/tanishq_images/uncategorized/51d1scfgtlaa002ja001211_3.jpg
3.97,18K,yellow,68214,0.08,diamond,Luminous Orbit Diamond Ring,50d5l1ffbaa09,"['https://www.tanishq.co.in/dw/image/v2/BKCK_PRD/on/demandware.static/-/Sites-Tanishq-product-catalog/default/dw096f74ca/images/hi-res/50D5L1FFBAA09_1.jpg', 'https://www.tanishq.co.in/dw/image/v2/BKCK_PRD/on/demandware.static/-/Sites-Tanishq-product-catalog/default/dwafcca388/images/hi-res/50D5L1FFBAA09_2.jpg', 'https://www.tanishq.co.in/dw/image/v2/BKCK_PRD/on/demandware.static/-/Sites-Tanishq-product-catalog/default/dw3d02b4ae/images/hi-res/50D5L1FFBAA09_3.jpg']",https://www.tanishq.co.in/product/luminous-orbit-diamond-ring-50d5l1ffbaa09.html,True,,output/tanishq_images/uncategorized/50d5l1ffbaa09_1.jpg|output/tanishq_images/uncategorized/50d5l1ffbaa09_2.jpg|output/tanishq_images/uncategorized/50d5l1ffbaa09_3.jpg
2.125,18K,yellow,44918,0.11,diamond,Scarlet Petal Diamond Ring,50d5jsfegaa29,"['https://www.tanishq.co.in/dw/image/v2/BKCK_PRD/on/demandware.static/-/Sites-Tanishq-product-catalog/default/dw82e741e5/images/hi-res/50D5JSFEGAA29_1.jpg', 'https://www.tanishq.co.in/dw/image/v2/BKCK_PRD/on/demandware.static/-/Sites-Tanishq-product-catalog/default/dwac5ceae1/images/hi-res/50D5JSFEGAA29_2.jpg', 'https://www.tanishq.co.in/dw/image/v2/BKCK_PRD/on/demandware.static/-/Sites-Tanishq-product-catalog/default/dw86cccb39/images/hi-res/50D5JSFEGAA29_3.jpg']",https://www.tanishq.co.in/product/scarlet-petal-diamond-ring-50d5jsfegaa29.html,True,,output/tanishq_images/uncategorized/50d5jsfegaa29_1.jpg|output/tanishq_images/uncategorized/50d5jsfegaa29_2.jpg|output/tanishq_images/uncategorized/50d5jsfegaa29_3.jpg
5.912,18K,yellow,85225,,none,Floral Crown Gold Ring,50d5pafcjlaa002eb000012,"['https://www.tanishq.co.in/dw/image/v2/BKCK_PRD/on/demandware.static/-/Sites-Tanishq-product-catalog/default/dwb89dc5b7/images/hi-res/50D5PAFCJAA00_1.jpg?sw=640&sh=640', 'https://www.tanishq.co.in/dw/image/v2/BKCK_PRD/on/demandware.static/-/Sites-Tanishq-product-catalog/default/dw8853b473/images/hi-res/50D5PAFCJAA00_2.jpg?sw=640&sh=640', 'https://www.tanishq.co.in/dw/image/v2/BKCK_PRD/on/demandware.static/-/Sites-Tanishq-product-catalog/default/dw943c3408/images/hi-res/50D5PAFCJAA00_3.jpg?sw=640&sh=640']",https://www.tanishq.co.in/product/floral-crown-gold-ring-50d5pafcjaa00.html,True,,output/tanishq_images/uncategorized/50d5pafcjlaa002eb000012_1.jpg|output/tanishq_images/uncategorized/50d5pafcjlaa002eb000012_2.jpg|output/tanishq_images/uncategorized/50d5pafcjlaa002eb000012_3.jpg
1.625,18K,yellow,50661,0.15,diamond,Geometric Gleam Diamond Ring,50d4arfeiaa02,"['https://www.tanishq.co.in/on/demandware.static/-/Sites-Tanishq-product-catalog/default/dw6804bef2/images/hi-res/50D4ARFEIAA02_1.jpg', 'https://www.tanishq.co.in/dw/image/v2/BKCK_PRD/on/demandware.static/-/Sites-Tanishq-product-catalog/default/dw5d5c510e/images/hi-res/50D4ARFEIAA02_2.jpg', 'https://www.tanishq.co.in/dw/image/v2/BKCK_PRD/on/demandware.static/-/Sites-Tanishq-product-catalog/default/dwd0f2b18a/images/hi-res/50D4ARFEIAA02_3.jpg']",https://www.tanishq.co.in/product/geometric-gleam-diamond-ring-50d4arfeiaa02.html,True,,output/tanishq_images/uncategorized/50d4arfeiaa02_1.jpg|output/tanishq_images/uncategorized/50d4arfeiaa02_2.jpg|output/tanishq_images/uncategorized/50d4arfeiaa02_3.jpg
0.729,22K,yellow,11705,,none,Simple Gold Ring,512313fjqaa00,"['https://www.tanishq.co.in/on/demandware.static/-/Sites-Tanishq-product-catalog/default/dwcac376d4/images/hi-res/512313FJQAA00_1.jpg', 'https://www.tanishq.co.in/dw/image/v2/BKCK_PRD/on/demandware.static/-/Sites-Tanishq-product-catalog/default/dw7d434346/images/hi-res/512313FJQAA00_2.jpg', 'https://www.tanishq.co.in/dw/image/v2/BKCK_PRD/on/demandware.static/-/Sites-Tanishq-product-catalog/default/dw065c4b1b/images/hi-res/512313FJQAA00_3.jpg']",https://www.tanishq.co.in/product/simple-gold-ring-512313fjqaa00.html,True,,output/tanishq_images/uncategorized/512313fjqaa00_1.jpg|output/tanishq_images/uncategorized/512313fjqaa00_2.jpg|output/tanishq_images/uncategorized/512313fjqaa00_3.jpg
2.291,18K,rose,93265,0.337,diamond,Enchanted Bloom Diamond Ring,50d5b2feaaa02,"['https://www.tanishq.co.in/dw/image/v2/BKCK_PRD/on/demandware.static/-/Sites-Tanishq-product-catalog/default/dw8aa2f470/images/hi-res/50D5B2FEAAA02_1.jpg?sw=640&sh=640', 'https://www.tanishq.co.in/dw/image/v2/BKCK_PRD/on/demandware.static/-/Sites-Tanishq-product-catalog/default/dw1586392c/images/hi-res/50D5B2FEAAA02_2.jpg?sw=640&sh=640', 'https://www.tanishq.co.in/dw/image/v2/BKCK_PRD/on/demandware.static/-/Sites-Tanishq-product-catalog/default/dw1df17a96/images/hi-res/50D5B2FEAAA02_3.jpg?sw=640&sh=640']",https://www.tanishq.co.in/product/enchanted-bloom-diamond-ring-50d5b2feaaa02.html,True,,output/tanishq_images/uncategorized/50d5b2feaaa02_1.jpg|output/tanishq_images/uncategorized/50d5b2feaaa02_2.jpg|output/tanishq_images/uncategorized/50d5b2feaaa02_3.jpg
2.915,18K,yellow,79062,0.209,diamond,Luxe Knot Diamond Finger Ring,50e5b1fefaa02,"['https://www.tanishq.co.in/dw/image/v2/BKCK_PRD/on/demandware.static/-/Sites-Tanishq-product-catalog/default/dw84b36530/images/hi-res/50E5B1FEFAA02_1.jpg?sw=640&sh=640', 'https://www.tanishq.co.in/dw/image/v2/BKCK_PRD/on/demandware.static/-/Sites-Tanishq-product-catalog/default/dw17f978b4/images/hi-res/50E5B1FEFAA02_2.jpg?sw=640&sh=640', 'https://www.tanishq.co.in/dw/image/v2/BKCK_PRD/on/demandware.static/-/Sites-Tanishq-product-catalog/default/dwa032c07c/images/hi-res/50E5B1FEFAA02_3.jpg?sw=640&sh=640']",https://www.tanishq.co.in/product/luxe-knot-diamond-finger-ring-50e5b1fefaa02.html,True,,output/tanishq_images/uncategorized/50e5b1fefaa02_1.jpg|output/tanishq_images/uncategorized/50e5b1fefaa02_2.jpg|output/tanishq_images/uncategorized/50e5b1fefaa02_3.jpg
1.522,22K,yellow,26492,,none,Grace Wrap Gold Ring,51m4c1fffaa00,"['https://www.tanishq.co.in/on/demandware.static/-/Sites-Tanishq-product-catalog/default/dwc33213e5/images/hi-res/51M4C1FFFAA00_1.jpg', 'https://www.tanishq.co.in/dw/image/v2/BKCK_PRD/on/demandware.static/-/Sites-Tanishq-product-catalog/default/dw00be6180/images/hi-res/51M4C1FFFAA00_2.jpg', 'https://www.tanishq.co.in/dw/image/v2/BKCK_PRD/on/demandware.static/-/Sites-Tanishq-product-catalog/default/dwa62fc8fa/images/hi-res/51M4C1FFFAA00_3.jpg']",https://www.tanishq.co.in/product/grace-wrap-gold-ring-51m4c1fffaa00.html,True,,output/tanishq_images/uncategorized/51m4c1fffaa00_1.jpg|output/tanishq_images/uncategorized/51m4c1fffaa00_2.jpg|output/tanishq_images/uncategorized/51m4c1fffaa00_3.jpg
3.599,18K,Yellow,73631,0.128,diamond,Ridged Single Stone Diamond Ring,500494fwapaa023ia708070,"['https://www.tanishq.co.in/dw/image/v2/BKCK_PRD/on/demandware.static/-/Sites-Tanishq-product-catalog/default/dw78e1166d/images/hi-res/500494FWAAA02_1.jpg', 'https://www.tanishq.co.in/dw/image/v2/BKCK_PRD/on/demandware.static/-/Sites-Tanishq-product-catalog/default/dw8d2413d9/images/hi-res/500494FWAAA02_2.jpg', 'https://www.tanishq.co.in/dw/image/v2/BKCK_PRD/on/demandware.static/-/Sites-Tanishq-product-catalog/default/dwbbb85d63/images/hi-res/500494FWAAA02_3.jpg']",https://www.tanishq.co.in/product/ridged-single-stone-diamond-ring-500494fwaaa02.html,True,,output/tanishq_images/uncategorized/500494fwapaa023ia708070_1.jpg|output/tanishq_images/uncategorized/500494fwapaa023ia708070_2.jpg|output/tanishq_images/uncategorized/500494fwapaa023ia708070_3.jpg
3.574,22K,yellow,62462,,none,Rope Lattice Gold Ring,51e5c1fcsaa00,"['https://www.tanishq.co.in/dw/image/v2/BKCK_PRD/on/demandware.static/-/Sites-Tanishq-product-catalog/default/dw029fb3bb/images/hi-res/51E5C1FCSAA00_1.jpg', 'https://www.tanishq.co.in/dw/image/v2/BKCK_PRD/on/demandware.static/-/Sites-Tanishq-product-catalog/default/dw6381f3a1/images/hi-res/51E5C1FCSAA00_2.jpg', 'https://www.tanishq.co.in/dw/image/v2/BKCK_PRD/on/demandware.static/-/Sites-Tanishq-product-catalog/default/dw9f20ca33/images/hi-res/51E5C1FCSAA00_3.jpg']",https://www.tanishq.co.in/product/rope-lattice-gold-ring-51e5c1fcsaa00.html,True,,output/tanishq_images/uncategorized/51e5c1fcsaa00_1.jpg|output/tanishq_images/uncategorized/51e5c1fcsaa00_2.jpg|output/tanishq_images/uncategorized/51e5c1fcsaa00_3.jpg
1.29,22K,yellow,22637,,none,Leaf Gold Finger Ring,512619fhfaa00,"['https://www.tanishq.co.in/on/demandware.static/-/Sites-Tanishq-product-catalog/default/dwd4dbcf88/images/hi-res/512619FHFAA00_1.jpg', 'https://www.tanishq.co.in/dw/image/v2/BKCK_PRD/on/demandware.static/-/Sites-Tanishq-product-catalog/default/dw8cd8346e/images/hi-res/512619FHFAA00_2.jpg', 'https://www.tanishq.co.in/dw/image/v2/BKCK_PRD/on/demandware.static/-/Sites-Tanishq-product-catalog/default/dwbb0b48f8/images/hi-res/512619FHFAA00_3.jpg']",https://www.tanishq.co.in/product/leaf-gold-finger-ring-512619fhfaa00.html,True,,output/tanishq_images/uncategorized/512619fhfaa00_1.jpg|output/tanishq_images/uncategorized/512619fhfaa00_2.jpg|output/tanishq_images/uncategorized/512619fhfaa00_3.jpg
4.3,18K,Yellow,100372,0.268,diamond,Sculpted Beadwork Diamond Ring,50d5fdfvk3a09,"['https://www.tanishq.co.in/dw/image/v2/BKCK_PRD/on/demandware.static/-/Sites-Tanishq-product-catalog/default/dwe571f83e/images/hi-res/50D5FDFVK3A09_1.jpg', 'https://www.tanishq.co.in/dw/image/v2/BKCK_PRD/on/demandware.static/-/Sites-Tanishq-product-catalog/default/dw44802077/images/hi-res/50D5FDFVK3A09_2.jpg', 'https://www.tanishq.co.in/dw/image/v2/BKCK_PRD/on/demandware.static/-/Sites-Tanishq-product-catalog/default/dw9fd720f9/images/hi-res/50D5FDFVK3A09_3.jpg', 'https://www.tanishq.co.in/dw/image/v2/BKCK_PRD/on/demandware.static/-/Sites-Tanishq-product-catalog/default/dw388a210c/images/hi-res/50D5FDFVK3A09_4.jpg', 'https://www.tanishq.co.in/dw/image/v2/BKCK_PRD/on/demandware.static/-/Sites-Tanishq-product-catalog/default/dwc6bd9d8d/images/hi-res/50D5FDFVK3A09_5.jpg', 'https://www.tanishq.co.in/dw/image/v2/BKCK_PRD/on/demandware.static/-/Sites-Tanishq-product-catalog/default/dw80f36a36/images/hi-res/50D5FDFVK3A09_6.jpg']",https://www.tanishq.co.in/product/sculpted-beadwork-diamond-ring-50d5fdfvk3a09.html,True,,output/tanishq_images/uncategorized/50d5fdfvk3a09_1.jpg|output/tanishq_images/uncategorized/50d5fdfvk3a09_2.jpg|output/tanishq_images/uncategorized/50d5fdfvk3a09_3.jpg|output/tanishq_images/uncategorized/50d5fdfvk3a09_4.jpg|output/tanishq_images/uncategorized/50d5fdfvk3a09_5.jpg|output/tanishq_images/uncategorized/50d5fdfvk3a09_6.jpg
6.909,22K,yellow,121239,,none,Regal 22 Karat Gold Ganesha Ring,512218fdhaa00,"['https://www.tanishq.co.in/on/demandware.static/-/Sites-Tanishq-product-catalog/default/dw01a3fcd4/images/hi-res/512218FDHAA00_1.jpg', 'https://www.tanishq.co.in/dw/image/v2/BKCK_PRD/on/demandware.static/-/Sites-Tanishq-product-catalog/default/dw18fda12e/images/hi-res/512218FDHAA00_2.jpg', 'https://www.tanishq.co.in/dw/image/v2/BKCK_PRD/on/demandware.static/-/Sites-Tanishq-product-catalog/default/dwf6d18f76/images/hi-res/512218FDHAA00_3.jpg']",https://www.tanishq.co.in/product/regal-22-karat-gold-ganesha-ring-512218fdhaa00.html,True,,output/tanishq_images/uncategorized/512218fdhaa00_1.jpg|output/tanishq_images/uncategorized/512218fdhaa00_2.jpg|output/tanishq_images/uncategorized/512218fdhaa00_3.jpg
2.351,22K,yellow,40921,,none,Sophisticated Chic Ring,516061FGNAA00,"['https://www.tanishq.co.in/dw/image/v2/BKCK_PRD/on/demandware.static/-/Sites-Tanishq-product-catalog/default/dwb003d1a9/images/hi-res/516061FGNAA00_1.jpg', 'https://www.tanishq.co.in/dw/image/v2/BKCK_PRD/on/demandware.static/-/Sites-Tanishq-product-catalog/default/dw1269a945/images/hi-res/516061FGNAA00_2.jpg', 'https://www.tanishq.co.in/dw/image/v2/BKCK_PRD/on/demandware.static/-/Sites-Tanishq-product-catalog/default/dw816bb91b/images/hi-res/516061FGNAA00_3.jpg', 'https://www.tanishq.co.in/dw/image/v2/BKCK_PRD/on/demandware.static/-/Sites-Tanishq-product-catalog/default/dwb069ede0/images/hi-res/516061FGNAA00_10.jpg']",https://www.tanishq.co.in/product/sophisticated-chic-ring-516061fgnaa00.html,True,,output/tanishq_images/uncategorized/516061FGNAA00_1.jpg|output/tanishq_images/uncategorized/516061FGNAA00_2.jpg|output/tanishq_images/uncategorized/516061FGNAA00_3.jpg|output/tanishq_images/uncategorized/516061FGNAA00_4.jpg
2.605,18K,yellow,96611,0.33,diamond,Chic Prism Diamond Finger Ring,50d5b2fhvaa02,"['https://www.tanishq.co.in/dw/image/v2/BKCK_PRD/on/demandware.static/-/Sites-Tanishq-product-catalog/default/dwb9a3de95/images/hi-res/50D5B2FHVAA02_1.jpg', 'https://www.tanishq.co.in/dw/image/v2/BKCK_PRD/on/demandware.static/-/Sites-Tanishq-product-catalog/default/dwd4e56d62/images/hi-res/50D5B2FHVAA02_2.jpg', 'https://www.tanishq.co.in/dw/image/v2/BKCK_PRD/on/demandware.static/-/Sites-Tanishq-product-catalog/default/dw89ed0aad/images/hi-res/50D5B2FHVAA02_3.jpg']",https://www.tanishq.co.in/product/chic-prism-diamond-finger-ring-50d5b2fhvaa02.html,True,,output/tanishq_images/uncategorized/50d5b2fhvaa02_1.jpg|output/tanishq_images/uncategorized/50d5b2fhvaa02_2.jpg|output/tanishq_images/uncategorized/50d5b2fhvaa02_3.jpg
4.312,18K,yellow,87197,0.14,diamond,Serene Wave Diamond Ring,50d5h2fqllaa022ja000018,"['https://www.tanishq.co.in/dw/image/v2/BKCK_PRD/on/demandware.static/-/Sites-Tanishq-product-catalog/default/dw104529c4/images/hi-res/50D5H2FQLAA02_1.jpg', 'https://www.tanishq.co.in/dw/image/v2/BKCK_PRD/on/demandware.static/-/Sites-Tanishq-product-catalog/default/dw4fc264c9/images/hi-res/50D5H2FQLAA02_2.jpg', 'https://www.tanishq.co.in/dw/image/v2/BKCK_PRD/on/demandware.static/-/Sites-Tanishq-product-catalog/default/dwe447b67c/images/hi-res/50D5H2FQLAA02_3.jpg', 'https://www.tanishq.co.in/dw/image/v2/BKCK_PRD/on/demandware.static/-/Sites-Tanishq-product-catalog/default/dwf0edc7a2/images/hi-res/50D5H2FQLAA02_4.jpg']",https://www.tanishq.co.in/product/serene-wave-diamond-ring-50d5h2fqlaa02.html,True,,output/tanishq_images/uncategorized/50d5h2fqllaa022ja000018_1.jpg|output/tanishq_images/uncategorized/50d5h2fqllaa022ja000018_2.jpg|output/tanishq_images/uncategorized/50d5h2fqllaa022ja000018_3.jpg|output/tanishq_images/uncategorized/50d5h2fqllaa022ja000018_4.jpg
2.959,18K,yellow,72637,0.156,diamond,Gleaming Twin Diamond Finger Ring,50e5a1faanaa322jh000002,"['https://www.tanishq.co.in/on/demandware.static/-/Sites-Tanishq-product-catalog/default/dw1ec7887b/images/hi-res/50E5A1FAAAA32_1.jpg', 'https://www.tanishq.co.in/dw/image/v2/BKCK_PRD/on/demandware.static/-/Sites-Tanishq-product-catalog/default/dw17793956/images/hi-res/50E5A1FAAAA32_2.jpg', 'https://www.tanishq.co.in/dw/image/v2/BKCK_PRD/on/demandware.static/-/Sites-Tanishq-product-catalog/default/dwd1cb2347/images/hi-res/50E5A1FAAAA32_3.jpg']",https://www.tanishq.co.in/product/gleaming-twin-diamond-finger-ring-50e5a1faaaa32.html,True,,output/tanishq_images/uncategorized/50e5a1faanaa322jh000002_1.jpg|output/tanishq_images/uncategorized/50e5a1faanaa322jh000002_2.jpg|output/tanishq_images/uncategorized/50e5a1faanaa322jh000002_3.jpg
2.142,22K,yellow,37283,,none,Eternal Curve Gold Ring,51d5l2feaaa00,"['https://www.tanishq.co.in/dw/image/v2/BKCK_PRD/on/demandware.static/-/Sites-Tanishq-product-catalog/default/dw7a0c815b/images/hi-res/51D5L2FEAAA00_1.jpg?sw=640&sh=640', 'https://www.tanishq.co.in/dw/image/v2/BKCK_PRD/on/demandware.static/-/Sites-Tanishq-product-catalog/default/dw1ab4544d/images/hi-res/51D5L2FEAAA00_2.jpg?sw=640&sh=640', 'https://www.tanishq.co.in/dw/image/v2/BKCK_PRD/on/demandware.static/-/Sites-Tanishq-product-catalog/default/dwe066a5d3/images/hi-res/51D5L2FEAAA00_3.jpg?sw=640&sh=640', 'https://www.tanishq.co.in/dw/image/v2/BKCK_PRD/on/demandware.static/-/Sites-Tanishq-product-catalog/default/dwcc3b6c98/images/hi-res/51D5L2FEAAA00_4.jpg?sw=640&sh=640']",https://www.tanishq.co.in/product/eternal-curve-gold-ring-51d5l2feaaa00.html,True,,output/tanishq_images/uncategorized/51d5l2feaaa00_1.jpg|output/tanishq_images/uncategorized/51d5l2feaaa00_2.jpg|output/tanishq_images/uncategorized/51d5l2feaaa00_3.jpg|output/tanishq_images/uncategorized/51d5l2feaaa00_4.jpg
3.092,18K,Rose,88694,0.242,diamond,Radiant Leaves Diamond Ring,50d5v2fcclaa022jd000032,"['https://www.tanishq.co.in/dw/image/v2/BKCK_PRD/on/demandware.static/-/Sites-Tanishq-product-catalog/default/dw7fcfec47/images/hi-res/50D5V2FCCAA02_1.jpg', 'https://www.tanishq.co.in/dw/image/v2/BKCK_PRD/on/demandware.static/-/Sites-Tanishq-product-catalog/default/dw89fd62ed/images/hi-res/50D5V2FCCAA02_2.jpg', 'https://www.tanishq.co.in/dw/image/v2/BKCK_PRD/on/demandware.static/-/Sites-Tanishq-product-catalog/default/dwf49cf792/images/hi-res/50D5V2FCCAA02_3.jpg']",https://www.tanishq.co.in/product/radiant-leaves-diamond-ring-50d5v2fccaa02.html,True,,output/tanishq_images/uncategorized/50d5v2fcclaa022jd000032_1.jpg|output/tanishq_images/uncategorized/50d5v2fcclaa022jd000032_2.jpg|output/tanishq_images/uncategorized/50d5v2fcclaa022jd000032_3.jpg
3.264,18K,yellow,57972,,none,Spiral Edge Gold Ring,51m4c1ffilaa002bd000084,"['https://www.tanishq.co.in/dw/image/v2/BKCK_PRD/on/demandware.static/-/Sites-Tanishq-product-catalog/default/dwa50022ca/images/hi-res/51M4C1FFIAA00_1.jpg?sw=640&sh=640', 'https://www.tanishq.co.in/dw/image/v2/BKCK_PRD/on/demandware.static/-/Sites-Tanishq-product-catalog/default/dwd2d8945b/images/hi-res/51M4C1FFIAA00_2.jpg?sw=640&sh=640', 'https://www.tanishq.co.in/dw/image/v2/BKCK_PRD/on/demandware.static/-/Sites-Tanishq-product-catalog/default/dw41b7f5aa/images/hi-res/51M4C1FFIAA00_3.jpg?sw=640&sh=640', 'https://www.tanishq.co.in/dw/image/v2/BKCK_PRD/on/demandware.static/-/Sites-Tanishq-product-catalog/default/dw06afb72b/images/hi-res/51M4C1FFIAA00_4.jpg?sw=640&sh=640']",https://www.tanishq.co.in/product/spiral-edge-gold-ring-51m4c1ffiaa00.html,True,,output/tanishq_images/uncategorized/51m4c1ffilaa002bd000084_1.jpg|output/tanishq_images/uncategorized/51m4c1ffilaa002bd000084_2.jpg|output/tanishq_images/uncategorized/51m4c1ffilaa002bd000084_3.jpg|output/tanishq_images/uncategorized/51m4c1ffilaa002bd000084_4.jpg
1.584,18K,yellow,26633,0.032,diamond,Flow Crest Diamond Ring,50d5l1flgaa09,"['https://www.tanishq.co.in/dw/image/v2/BKCK_PRD/on/demandware.static/-/Sites-Tanishq-product-catalog/default/dw5e608c40/images/hi-res/50D5L1FLGAA09_1.jpg?sw=640&sh=640', 'https://www.tanishq.co.in/dw/image/v2/BKCK_PRD/on/demandware.static/-/Sites-Tanishq-product-catalog/default/dw6e539eb9/images/hi-res/50D5L1FLGAA09_2.jpg?sw=640&sh=640', 'https://www.tanishq.co.in/dw/image/v2/BKCK_PRD/on/demandware.static/-/Sites-Tanishq-product-catalog/default/dw0d159d81/images/hi-res/50D5L1FLGAA09_3.jpg?sw=640&sh=640']",https://www.tanishq.co.in/product/flow-crest-diamond-ring-50d5l1flgaa09.html,True,,output/tanishq_images/uncategorized/50d5l1flgaa09_1.jpg|output/tanishq_images/uncategorized/50d5l1flgaa09_2.jpg|output/tanishq_images/uncategorized/50d5l1flgaa09_3.jpg
3.556,22K,yellow,62148,,none,Divine Blossom Gold Ring,51e5c1fdeaa00,"['https://www.tanishq.co.in/dw/image/v2/BKCK_PRD/on/demandware.static/-/Sites-Tanishq-product-catalog/default/dwfaa10139/images/hi-res/51E5C1FDEAA00_1.jpg?sw=640&sh=640', 'https://www.tanishq.co.in/dw/image/v2/BKCK_PRD/on/demandware.static/-/Sites-Tanishq-product-catalog/default/dw0fa1fd5f/images/hi-res/51E5C1FDEAA00_2.jpg?sw=640&sh=640', 'https://www.tanishq.co.in/dw/image/v2/BKCK_PRD/on/demandware.static/-/Sites-Tanishq-product-catalog/default/dwa2614c28/images/hi-res/51E5C1FDEAA00_3.jpg?sw=640&sh=640']",https://www.tanishq.co.in/product/divine-blossom-gold-ring-51e5c1fdeaa00.html,True,,output/tanishq_images/uncategorized/51e5c1fdeaa00_1.jpg|output/tanishq_images/uncategorized/51e5c1fdeaa00_2.jpg|output/tanishq_images/uncategorized/51e5c1fdeaa00_3.jpg
3.279,22K,yellow,57307,,none,Floral Vine Gold Ring,51e5c1fbxaa00,"['https://www.tanishq.co.in/dw/image/v2/BKCK_PRD/on/demandware.static/-/Sites-Tanishq-product-catalog/default/dw711edb2e/images/hi-res/51E5C1FBXAA00_1.jpg', 'https://www.tanishq.co.in/dw/image/v2/BKCK_PRD/on/demandware.static/-/Sites-Tanishq-product-catalog/default/dw5bf39998/images/hi-res/51E5C1FBXAA00_2.jpg', 'https://www.tanishq.co.in/dw/image/v2/BKCK_PRD/on/demandware.static/-/Sites-Tanishq-product-catalog/default/dwa8b435b9/images/hi-res/51E5C1FBXAA00_3.jpg']",https://www.tanishq.co.in/product/floral-vine-gold-ring-51e5c1fbxaa00.html,True,,output/tanishq_images/uncategorized/51e5c1fbxaa00_1.jpg|output/tanishq_images/uncategorized/51e5c1fbxaa00_2.jpg|output/tanishq_images/uncategorized/51e5c1fbxaa00_3.jpg
2.097,18K,yellow,30473,,none,Sculpted Layer Gold Ring,50m5v2fegaa00,"['https://www.tanishq.co.in/on/demandware.static/-/Sites-Tanishq-product-catalog/default/dwd2b86789/images/hi-res/50M5V2FEGAA00_1.jpg', 'https://www.tanishq.co.in/dw/image/v2/BKCK_PRD/on/demandware.static/-/Sites-Tanishq-product-catalog/default/dwba555258/images/hi-res/50M5V2FEGAA00_2.jpg', 'https://www.tanishq.co.in/dw/image/v2/BKCK_PRD/on/demandware.static/-/Sites-Tanishq-product-catalog/default/dw505e2d7e/images/hi-res/50M5V2FEGAA00_3.jpg']",https://www.tanishq.co.in/product/sculpted-layer-gold-ring-50m5v2fegaa00.html,True,,output/tanishq_images/uncategorized/50m5v2fegaa00_1.jpg|output/tanishq_images/uncategorized/50m5v2fegaa00_2.jpg|output/tanishq_images/uncategorized/50m5v2fegaa00_3.jpg
3.873,18K,yellow,102831,0.268,diamond,Bold Double Diamond Ring For Men,50g5c1fgcaa02,"['https://www.tanishq.co.in/dw/image/v2/BKCK_PRD/on/demandware.static/-/Sites-Tanishq-product-catalog/default/dw30ae0fa8/images/hi-res/50G5C1FGCAA02_1.jpg', 'https://www.tanishq.co.in/dw/image/v2/BKCK_PRD/on/demandware.static/-/Sites-Tanishq-product-catalog/default/dw89d3497a/images/hi-res/50G5C1FGCAA02_2.jpg', 'https://www.tanishq.co.in/dw/image/v2/BKCK_PRD/on/demandware.static/-/Sites-Tanishq-product-catalog/default/dwc91c2049/images/hi-res/50G5C1FGCAA02_3.jpg']",https://www.tanishq.co.in/product/bold-double-diamond-ring-for-men-50g5c1fgcaa02.html,True,,output/tanishq_images/uncategorized/50g5c1fgcaa02_1.jpg|output/tanishq_images/uncategorized/50g5c1fgcaa02_2.jpg|output/tanishq_images/uncategorized/50g5c1fgcaa02_3.jpg
6.056,22K,yellow,103689,,none,Royal Gold Finger Ring,51d3c3fiuaa00,"['https://www.tanishq.co.in/dw/image/v2/BKCK_PRD/on/demandware.static/-/Sites-Tanishq-product-catalog/default/dw8f02b014/images/hi-res/51D3C3FIUAA00_1.jpg', 'https://www.tanishq.co.in/dw/image/v2/BKCK_PRD/on/demandware.static/-/Sites-Tanishq-product-catalog/default/dw74dd8f70/images/hi-res/51D3C3FIUAA00_2.jpg', 'https://www.tanishq.co.in/dw/image/v2/BKCK_PRD/on/demandware.static/-/Sites-Tanishq-product-catalog/default/dwdd0d22cd/images/hi-res/51D3C3FIUAA00_3.jpg', 'https://www.tanishq.co.in/dw/image/v2/BKCK_PRD/on/demandware.static/-/Sites-Tanishq-product-catalog/default/dw78467185/images/hi-res/51D3C3FIUAA00_4.jpg']",https://www.tanishq.co.in/product/royal-gold-finger-ring-51d3c3fiuaa00.html,True,,output/tanishq_images/uncategorized/51d3c3fiuaa00_1.jpg|output/tanishq_images/uncategorized/51d3c3fiuaa00_2.jpg|output/tanishq_images/uncategorized/51d3c3fiuaa00_3.jpg|output/tanishq_images/uncategorized/51d3c3fiuaa00_4.jpg
3.592,18K,rose,112940,0.357,diamond,Circle Pop Diamond Ring,50e5b1fchaa02,"['https://www.tanishq.co.in/dw/image/v2/BKCK_PRD/on/demandware.static/-/Sites-Tanishq-product-catalog/default/dw6b9cbc58/images/hi-res/50E5B1FCHAA02_1.jpg', 'https://www.tanishq.co.in/dw/image/v2/BKCK_PRD/on/demandware.static/-/Sites-Tanishq-product-catalog/default/dw8dc7d482/images/hi-res/50E5B1FCHAA02_2.jpg', 'https://www.tanishq.co.in/dw/image/v2/BKCK_PRD/on/demandware.static/-/Sites-Tanishq-product-catalog/default/dwc3510ef7/images/hi-res/50E5B1FCHAA02_3.jpg']",https://www.tanishq.co.in/product/circle-pop-diamond-ring-50e5b1fchaa02.html,True,,output/tanishq_images/uncategorized/50e5b1fchaa02_1.jpg|output/tanishq_images/uncategorized/50e5b1fchaa02_2.jpg|output/tanishq_images/uncategorized/50e5b1fchaa02_3.jpg
3.838,18K,rose,113326,0.33,diamond,Marquise Muse Diamond Ring,50e5b1fciaa02,"['https://www.tanishq.co.in/dw/image/v2/BKCK_PRD/on/demandware.static/-/Sites-Tanishq-product-catalog/default/dw0bf45210/images/hi-res/50E5B1FCIAA02_1.jpg', 'https://www.tanishq.co.in/dw/image/v2/BKCK_PRD/on/demandware.static/-/Sites-Tanishq-product-catalog/default/dw64a3dbd6/images/hi-res/50E5B1FCIAA02_2.jpg', 'https://www.tanishq.co.in/dw/image/v2/BKCK_PRD/on/demandware.static/-/Sites-Tanishq-product-catalog/default/dwc4d5eea0/images/hi-res/50E5B1FCIAA02_3.jpg']",https://www.tanishq.co.in/product/marquise-muse-diamond-ring-50e5b1fciaa02.html,True,,output/tanishq_images/uncategorized/50e5b1fciaa02_1.jpg|output/tanishq_images/uncategorized/50e5b1fciaa02_2.jpg|output/tanishq_images/uncategorized/50e5b1fciaa02_3.jpg
2.126,18K,Yellow,67105,0.235,diamond,Interwoven Sparkle Diamond Ring,50d5c1fqmlaa092ba000003,"['https://www.tanishq.co.in/dw/image/v2/BKCK_PRD/on/demandware.static/-/Sites-Tanishq-product-catalog/default/dw8b11c60b/images/hi-res/50D5C1FQMAA09_1.jpg?sw=640&sh=640', 'https://www.tanishq.co.in/dw/image/v2/BKCK_PRD/on/demandware.static/-/Sites-Tanishq-product-catalog/default/dw200c84f8/images/hi-res/50D5C1FQMAA09_2.jpg?sw=640&sh=640', 'https://www.tanishq.co.in/dw/image/v2/BKCK_PRD/on/demandware.static/-/Sites-Tanishq-product-catalog/default/dw05f75042/images/hi-res/50D5C1FQMAA09_3.jpg?sw=640&sh=640']",https://www.tanishq.co.in/product/interwoven-sparkle-diamond-ring-50d5c1fqmaa09.html,True,,output/tanishq_images/uncategorized/50d5c1fqmlaa092ba000003_1.jpg|output/tanishq_images/uncategorized/50d5c1fqmlaa092ba000003_2.jpg|output/tanishq_images/uncategorized/50d5c1fqmlaa092ba000003_3.jpg
3.591,22K,yellow,62760,,none,Regal Lattice Gold Ring,51e5c1fdaaa00,"['https://www.tanishq.co.in/dw/image/v2/BKCK_PRD/on/demandware.static/-/Sites-Tanishq-product-catalog/default/dwbe0b09a1/images/hi-res/51E5C1FDAAA00_1.jpg?sw=640&sh=640', 'https://www.tanishq.co.in/dw/image/v2/BKCK_PRD/on/demandware.static/-/Sites-Tanishq-product-catalog/default/dwb14fd76d/images/hi-res/51E5C1FDAAA00_2.jpg?sw=640&sh=640', 'https://www.tanishq.co.in/dw/image/v2/BKCK_PRD/on/demandware.static/-/Sites-Tanishq-product-catalog/default/dw9b084cc9/images/hi-res/51E5C1FDAAA00_3.jpg?sw=640&sh=640']",https://www.tanishq.co.in/product/regal-lattice-gold-ring-51e5c1fdaaa00.html,True,,output/tanishq_images/uncategorized/51e5c1fdaaa00_1.jpg|output/tanishq_images/uncategorized/51e5c1fdaaa00_2.jpg|output/tanishq_images/uncategorized/51e5c1fdaaa00_3.jpg
7.876,22K,yellow,141005,,none,Breathtaking Scarlet Meenakari 22 Karat Gold Ring,512c17fddaa00,"['https://www.tanishq.co.in/dw/image/v2/BKCK_PRD/on/demandware.static/-/Sites-Tanishq-product-catalog/default/dwb276026a/images/hi-res/512C17FDDAA00.jpg', 'https://www.tanishq.co.in/dw/image/v2/BKCK_PRD/on/demandware.static/-/Sites-Tanishq-product-catalog/default/dw73e144d7/images/hi-res/512C17FDDAA00_1.jpg', 'https://www.tanishq.co.in/dw/image/v2/BKCK_PRD/on/demandware.static/-/Sites-Tanishq-product-catalog/default/dwa768d509/images/hi-res/512C17FDDAA00_2.jpg', 'https://www.tanishq.co.in/dw/image/v2/BKCK_PRD/on/demandware.static/-/Sites-Tanishq-product-catalog/default/dw028f55e9/images/hi-res/512C17FDDAA00_3.jpg']",https://www.tanishq.co.in/product/breathtaking-scarlet-meenakari-22-karat-gold-ring-512c17fddaa00.html,True,,output/tanishq_images/uncategorized/512c17fddaa00_1.jpg|output/tanishq_images/uncategorized/512c17fddaa00_2.jpg|output/tanishq_images/uncategorized/512c17fddaa00_3.jpg|output/tanishq_images/uncategorized/512c17fddaa00_4.jpg
1.828,18K,Rose,33182,0.044,diamond,Subtle Infinity Diamond Finger Ring,50d2i1fdlaa02,"['https://www.tanishq.co.in/on/demandware.static/-/Sites-Tanishq-product-catalog/default/dw036dbd5d/images/hi-res/50D2I1FDLAA02_1.jpg', 'https://www.tanishq.co.in/dw/image/v2/BKCK_PRD/on/demandware.static/-/Sites-Tanishq-product-catalog/default/dwd94e9c8e/images/hi-res/50D2I1FDLAA02_2.jpg', 'https://www.tanishq.co.in/dw/image/v2/BKCK_PRD/on/demandware.static/-/Sites-Tanishq-product-catalog/default/dwa8ba730e/images/hi-res/50D2I1FDLAA02_3.jpg']",https://www.tanishq.co.in/product/subtle-infinity-diamond-finger-ring-50d2i1fdlaa02.html,True,,output/tanishq_images/uncategorized/50d2i1fdlaa02_1.jpg|output/tanishq_images/uncategorized/50d2i1fdlaa02_2.jpg|output/tanishq_images/uncategorized/50d2i1fdlaa02_3.jpg
1.746,18K,yellow,25474,,none,Maple Muse Gold Ring,50d5pafhcoaa002ea000026,"['https://www.tanishq.co.in/dw/image/v2/BKCK_PRD/on/demandware.static/-/Sites-Tanishq-product-catalog/default/dw1a37516c/images/hi-res/50D5PAFHCAA00_1.jpg', 'https://www.tanishq.co.in/dw/image/v2/BKCK_PRD/on/demandware.static/-/Sites-Tanishq-product-catalog/default/dwd6f6614a/images/hi-res/50D5PAFHCAA00_2.jpg', 'https://www.tanishq.co.in/dw/image/v2/BKCK_PRD/on/demandware.static/-/Sites-Tanishq-product-catalog/default/dwe1333495/images/hi-res/50D5PAFHCAA00_3.jpg']",https://www.tanishq.co.in/product/maple-muse-gold-ring-50d5pafhcaa00.html,True,,output/tanishq_images/uncategorized/50d5pafhcoaa002ea000026_1.jpg|output/tanishq_images/uncategorized/50d5pafhcoaa002ea000026_2.jpg|output/tanishq_images/uncategorized/50d5pafhcoaa002ea000026_3.jpg
5.899,18K,yellow,139755,0.309,diamond,Eternal Spark Diamond Finger Ring,50g3i1fhwaa02,"['https://www.tanishq.co.in/dw/image/v2/BKCK_PRD/on/demandware.static/-/Sites-Tanishq-product-catalog/default/dwccbc5642/images/hi-res/50G3I1FHWAA02_1.jpg?sw=640&sh=640', 'https://www.tanishq.co.in/dw/image/v2/BKCK_PRD/on/demandware.static/-/Sites-Tanishq-product-catalog/default/dwa27979b4/images/hi-res/50G3I1FHWAA02_2.jpg?sw=640&sh=640', 'https://www.tanishq.co.in/dw/image/v2/BKCK_PRD/on/demandware.static/-/Sites-Tanishq-product-catalog/default/dw6dcb0f15/images/hi-res/50G3I1FHWAA02_3.jpg?sw=640&sh=640']",https://www.tanishq.co.in/product/eternal-spark-diamond-finger-ring-50g3i1fhwaa02.html,True,,output/tanishq_images/uncategorized/50g3i1fhwaa02_1.jpg|output/tanishq_images/uncategorized/50g3i1fhwaa02_2.jpg|output/tanishq_images/uncategorized/50g3i1fhwaa02_3.jpg
2.005,22K,yellow,34899,,none,Infinity Embrace Gold Ring,51d2i2fakaa00,"['https://www.tanishq.co.in/dw/image/v2/BKCK_PRD/on/demandware.static/-/Sites-Tanishq-product-catalog/default/dwad50f4c5/images/hi-res/51D2I2FAKAA00_1.jpg', 'https://www.tanishq.co.in/dw/image/v2/BKCK_PRD/on/demandware.static/-/Sites-Tanishq-product-catalog/default/dw6c1f9ff1/images/hi-res/51D2I2FAKAA00_2.jpg', 'https://www.tanishq.co.in/dw/image/v2/BKCK_PRD/on/demandware.static/-/Sites-Tanishq-product-catalog/default/dw21bb172f/images/hi-res/51D2I2FAKAA00_3.jpg']",https://www.tanishq.co.in/product/infinity-embrace-gold-ring-51d2i2fakaa00.html,True,,output/tanishq_images/uncategorized/51d2i2fakaa00_1.jpg|output/tanishq_images/uncategorized/51d2i2fakaa00_2.jpg|output/tanishq_images/uncategorized/51d2i2fakaa00_3.jpg
1.675,18K,yellow,50316,0.143,diamond,Infinite Vanki Diamond Ring,50e5b1feuaa02,"['https://www.tanishq.co.in/dw/image/v2/BKCK_PRD/on/demandware.static/-/Sites-Tanishq-product-catalog/default/dwc8dad069/images/hi-res/50E5B1FEUAA02_1.jpg?sw=640&sh=640', 'https://www.tanishq.co.in/dw/image/v2/BKCK_PRD/on/demandware.static/-/Sites-Tanishq-product-catalog/default/dw7dae1a5e/images/hi-res/50E5B1FEUAA02_2.jpg?sw=640&sh=640', 'https://www.tanishq.co.in/dw/image/v2/BKCK_PRD/on/demandware.static/-/Sites-Tanishq-product-catalog/default/dw46b1e414/images/hi-res/50E5B1FEUAA02_3.jpg?sw=640&sh=640']",https://www.tanishq.co.in/product/infinite-vanki-diamond-ring-50e5b1feuaa02.html,True,,output/tanishq_images/uncategorized/50e5b1feuaa02_1.jpg|output/tanishq_images/uncategorized/50e5b1feuaa02_2.jpg|output/tanishq_images/uncategorized/50e5b1feuaa02_3.jpg
5.339,18K,Yellow,135621,0.337,diamond,Lustrous Cluster Diamond Finger Ring,50g3i1figraa023ia000107,"['https://www.tanishq.co.in/dw/image/v2/BKCK_PRD/on/demandware.static/-/Sites-Tanishq-product-catalog/default/dw11875e58/images/hi-res/50G3I1FIGAA02_1.jpg?sw=640&sh=640', 'https://www.tanishq.co.in/dw/image/v2/BKCK_PRD/on/demandware.static/-/Sites-Tanishq-product-catalog/default/dwd7877f22/images/hi-res/50G3I1FIGAA02_2.jpg?sw=640&sh=640', 'https://www.tanishq.co.in/dw/image/v2/BKCK_PRD/on/demandware.static/-/Sites-Tanishq-product-catalog/default/dw0781899b/images/hi-res/50G3I1FIGAA02_3.jpg?sw=640&sh=640']",https://www.tanishq.co.in/product/lustrous-cluster-diamond-finger-ring-50g3i1figaa02.html,True,,output/tanishq_images/uncategorized/50g3i1figraa023ia000107_1.jpg|output/tanishq_images/uncategorized/50g3i1figraa023ia000107_2.jpg|output/tanishq_images/uncategorized/50g3i1figraa023ia000107_3.jpg
2.718,18K,yellow,119735,0.462,diamond,Imperial Gleam Diamond Finger Ring,50d4arfbqaa02,"['https://www.tanishq.co.in/dw/image/v2/BKCK_PRD/on/demandware.static/-/Sites-Tanishq-product-catalog/default/dw9c232860/images/hi-res/50D4ARFBQAA02_1.jpg?sw=640&sh=640', 'https://www.tanishq.co.in/dw/image/v2/BKCK_PRD/on/demandware.static/-/Sites-Tanishq-product-catalog/default/dw772a6a8e/images/hi-res/50D4ARFBQAA02_2.jpg?sw=640&sh=640', 'https://www.tanishq.co.in/dw/image/v2/BKCK_PRD/on/demandware.static/-/Sites-Tanishq-product-catalog/default/dw3070f276/images/hi-res/50D4ARFBQAA02_3.jpg?sw=640&sh=640']",https://www.tanishq.co.in/product/imperial-gleam-diamond-finger-ring-50d4arfbqaa02.html,True,,output/tanishq_images/uncategorized/50d4arfbqaa02_1.jpg|output/tanishq_images/uncategorized/50d4arfbqaa02_2.jpg|output/tanishq_images/uncategorized/50d4arfbqaa02_3.jpg
4.649,22K,yellow,88961,0.036,gemstone,Navaratna Vanki Diamond Ring,51f5h2fazaa32,"['https://www.tanishq.co.in/dw/image/v2/BKCK_PRD/on/demandware.static/-/Sites-Tanishq-product-catalog/default/dw44459cc8/images/hi-res/51F5H2FAZAA32_1.jpg', 'https://www.tanishq.co.in/dw/image/v2/BKCK_PRD/on/demandware.static/-/Sites-Tanishq-product-catalog/default/dwdd1464c1/images/hi-res/51F5H2FAZAA32_2.jpg', 'https://www.tanishq.co.in/dw/image/v2/BKCK_PRD/on/demandware.static/-/Sites-Tanishq-product-catalog/default/dw8a381efe/images/hi-res/51F5H2FAZAA32_3.jpg', 'https://www.tanishq.co.in/dw/image/v2/BKCK_PRD/on/demandware.static/-/Sites-Tanishq-product-catalog/default/dwd7f3d445/images/hi-res/51F5H2FAZAA32_4.jpg']",https://www.tanishq.co.in/product/navaratna-vanki-diamond-ring-51f5h2fazaa32.html,True,,output/tanishq_images/uncategorized/51f5h2fazaa32_1.jpg|output/tanishq_images/uncategorized/51f5h2fazaa32_2.jpg|output/tanishq_images/uncategorized/51f5h2fazaa32_3.jpg|output/tanishq_images/uncategorized/51f5h2fazaa32_4.jpg
2.586,22K,yellow,45012,,none,Essence Of Eternal Love Ring,51d1scffhlaa002ja002028,"['https://www.tanishq.co.in/on/demandware.static/-/Sites-Tanishq-product-catalog/default/dw5ef291a0/images/hi-res/51D1SCFFHAA00_1.jpg', 'https://www.tanishq.co.in/dw/image/v2/BKCK_PRD/on/demandware.static/-/Sites-Tanishq-product-catalog/default/dw09a5b957/images/hi-res/51D1SCFFHAA00_2.jpg', 'https://www.tanishq.co.in/dw/image/v2/BKCK_PRD/on/demandware.static/-/Sites-Tanishq-product-catalog/default/dw27adbaef/images/hi-res/51D1SCFFHAA00_3.jpg']",https://www.tanishq.co.in/product/essence-of-eternal-love-ring-51d1scffhaa00.html,True,,output/tanishq_images/uncategorized/51d1scffhlaa002ja002028_1.jpg|output/tanishq_images/uncategorized/51d1scffhlaa002ja002028_2.jpg|output/tanishq_images/uncategorized/51d1scffhlaa002ja002028_3.jpg
2.862,22K,yellow,49105,,none,Dual Leaf Gold Ring,51d5b1fynaacz,"['https://www.tanishq.co.in/on/demandware.static/-/Sites-Tanishq-product-catalog/default/dwccae99aa/images/hi-res/51D5B1FYNAACZ_1.jpg', 'https://www.tanishq.co.in/dw/image/v2/BKCK_PRD/on/demandware.static/-/Sites-Tanishq-product-catalog/default/dw9bd44747/images/hi-res/51D5B1FYNAACZ_2.jpg', 'https://www.tanishq.co.in/dw/image/v2/BKCK_PRD/on/demandware.static/-/Sites-Tanishq-product-catalog/default/dw4878ce66/images/hi-res/51D5B1FYNAACZ_3.jpg']",https://www.tanishq.co.in/product/dual-leaf-gold-ring-51d5b1fynaacz.html,True,,output/tanishq_images/uncategorized/51d5b1fynaacz_1.jpg|output/tanishq_images/uncategorized/51d5b1fynaacz_2.jpg|output/tanishq_images/uncategorized/51d5b1fynaacz_3.jpg
5.168,18K,yellow,74800,,none,Imperial Petals Gold Ring,50d5pafcelaa002eb000021,"['https://www.tanishq.co.in/on/demandware.static/-/Sites-Tanishq-product-catalog/default/dw74152fa8/images/hi-res/50D5PAFCEAA00_1.jpg', 'https://www.tanishq.co.in/dw/image/v2/BKCK_PRD/on/demandware.static/-/Sites-Tanishq-product-catalog/default/dwea380029/images/hi-res/50D5PAFCEAA00_2.jpg', 'https://www.tanishq.co.in/dw/image/v2/BKCK_PRD/on/demandware.static/-/Sites-Tanishq-product-catalog/default/dw8172fc1b/images/hi-res/50D5PAFCEAA00_3.jpg']",https://www.tanishq.co.in/product/imperial-petals-gold-ring-50d5pafceaa00.html,True,,output/tanishq_images/uncategorized/50d5pafcelaa002eb000021_1.jpg|output/tanishq_images/uncategorized/50d5pafcelaa002eb000021_2.jpg|output/tanishq_images/uncategorized/50d5pafcelaa002eb000021_3.jpg
3.083,18K,yellow,112232,0.383,diamond,Sunburst Glow Diamond Ring,50e5c1fbgaa02,"['https://www.tanishq.co.in/dw/image/v2/BKCK_PRD/on/demandware.static/-/Sites-Tanishq-product-catalog/default/dwefb38fec/images/hi-res/50E5C1FBGAA02_1.jpg?sw=640&sh=640', 'https://www.tanishq.co.in/dw/image/v2/BKCK_PRD/on/demandware.static/-/Sites-Tanishq-product-catalog/default/dwbd73b337/images/hi-res/50E5C1FBGAA02_2.jpg?sw=640&sh=640', 'https://www.tanishq.co.in/dw/image/v2/BKCK_PRD/on/demandware.static/-/Sites-Tanishq-product-catalog/default/dw894c80e0/images/hi-res/50E5C1FBGAA02_3.jpg?sw=640&sh=640']",https://www.tanishq.co.in/product/sunburst-glow-diamond-ring-50e5c1fbgaa02.html,True,,output/tanishq_images/uncategorized/50e5c1fbgaa02_1.jpg|output/tanishq_images/uncategorized/50e5c1fbgaa02_2.jpg|output/tanishq_images/uncategorized/50e5c1fbgaa02_3.jpg
2.588,22K,yellow,45564,,gemstone,Swirling Bold Ruby Finger Ring,51d5b1fjraa18,"['https://www.tanishq.co.in/on/demandware.static/-/Sites-Tanishq-product-catalog/default/dwa88905f3/images/hi-res/51D5B1FJRAA18_1.jpg', 'https://www.tanishq.co.in/dw/image/v2/BKCK_PRD/on/demandware.static/-/Sites-Tanishq-product-catalog/default/dw515e0aaa/images/hi-res/51D5B1FJRAA18_2.jpg', 'https://www.tanishq.co.in/dw/image/v2/BKCK_PRD/on/demandware.static/-/Sites-Tanishq-product-catalog/default/dw3b18159f/images/hi-res/51D5B1FJRAA18_3.jpg']",https://www.tanishq.co.in/product/swirling-bold-ruby-finger-ring-51d5b1fjraa18.html,True,,output/tanishq_images/uncategorized/51d5b1fjraa18_1.jpg|output/tanishq_images/uncategorized/51d5b1fjraa18_2.jpg|output/tanishq_images/uncategorized/51d5b1fjraa18_3.jpg
2.336,22K,yellow,40660,,none,Two Hearts Ring,51d3b1fxaaa00,"['https://www.tanishq.co.in/on/demandware.static/-/Sites-Tanishq-product-catalog/default/dw281bbb23/images/hi-res/51D3B1FXAAA00_1.jpg', 'https://www.tanishq.co.in/dw/image/v2/BKCK_PRD/on/demandware.static/-/Sites-Tanishq-product-catalog/default/dwfdfde40e/images/hi-res/51D3B1FXAAA00_2.jpg', 'https://www.tanishq.co.in/dw/image/v2/BKCK_PRD/on/demandware.static/-/Sites-Tanishq-product-catalog/default/dw071faefc/images/hi-res/51D3B1FXAAA00_3.jpg']",https://www.tanishq.co.in/product/two-hearts-ring-51d3b1fxaaa00.html,True,,output/tanishq_images/uncategorized/51d3b1fxaaa00_1.jpg|output/tanishq_images/uncategorized/51d3b1fxaaa00_2.jpg|output/tanishq_images/uncategorized/51d3b1fxaaa00_3.jpg
2.32,22K,yellow,40382,,none,Linked Curve Gold Ring,51d5l2ffsaa00,"['https://www.tanishq.co.in/on/demandware.static/-/Sites-Tanishq-product-catalog/default/dweded5219/images/hi-res/51D5L2FFSAA00_1.jpg', 'https://www.tanishq.co.in/on/demandware.static/-/Sites-Tanishq-product-catalog/default/dw9f791f07/images/hi-res/51D5L2FFSAA00_2.jpg', 'https://www.tanishq.co.in/on/demandware.static/-/Sites-Tanishq-product-catalog/default/dwce8c4d8f/images/hi-res/51D5L2FFSAA00_3.jpg', 'https://www.tanishq.co.in/on/demandware.static/-/Sites-Tanishq-product-catalog/default/dw9abc1219/images/hi-res/51D5L2FFSAA00_4.jpg']",https://www.tanishq.co.in/product/linked-curve-gold-ring-51d5l2ffsaa00.html,True,,output/tanishq_images/uncategorized/51d5l2ffsaa00_1.jpg|output/tanishq_images/uncategorized/51d5l2ffsaa00_2.jpg|output/tanishq_images/uncategorized/51d5l2ffsaa00_3.jpg|output/tanishq_images/uncategorized/51d5l2ffsaa00_4.jpg
2.223,18K,yellow,73997,0.228,diamond,Curved Glow Diamond Ring,50d5b2flraa02,"['https://www.tanishq.co.in/on/demandware.static/-/Sites-Tanishq-product-catalog/default/dw986597d6/images/hi-res/50D5B2FLRAA02_1.jpg', 'https://www.tanishq.co.in/dw/image/v2/BKCK_PRD/on/demandware.static/-/Sites-Tanishq-product-catalog/default/dw5cf9bbc8/images/hi-res/50D5B2FLRAA02_2.jpg', 'https://www.tanishq.co.in/dw/image/v2/BKCK_PRD/on/demandware.static/-/Sites-Tanishq-product-catalog/default/dw99a2c958/images/hi-res/50D5B2FLRAA02_3.jpg']",https://www.tanishq.co.in/product/curved-glow-diamond-ring-50d5b2flraa02.html,True,,output/tanishq_images/uncategorized/50d5b2flraa02_1.jpg|output/tanishq_images/uncategorized/50d5b2flraa02_2.jpg|output/tanishq_images/uncategorized/50d5b2flraa02_3.jpg
5.041,18K,yellow,84418,0.061,diamond,Twin Trail Diamond Ring for Men,50e5b1fbjraa022jd000003,"['https://www.tanishq.co.in/dw/image/v2/BKCK_PRD/on/demandware.static/-/Sites-Tanishq-product-catalog/default/dw6a3667fe/images/hi-res/50E5B1FBJAA02_1.jpg', 'https://www.tanishq.co.in/dw/image/v2/BKCK_PRD/on/demandware.static/-/Sites-Tanishq-product-catalog/default/dwb9ba3185/images/hi-res/50E5B1FBJAA02_2.jpg', 'https://www.tanishq.co.in/dw/image/v2/BKCK_PRD/on/demandware.static/-/Sites-Tanishq-product-catalog/default/dw4bc464a9/images/hi-res/50E5B1FBJAA02_3.jpg']",https://www.tanishq.co.in/product/twin-trail-diamond-ring-for-men-50e5b1fbjaa02.html,True,,output/tanishq_images/uncategorized/50e5b1fbjraa022jd000003_1.jpg|output/tanishq_images/uncategorized/50e5b1fbjraa022jd000003_2.jpg|output/tanishq_images/uncategorized/50e5b1fbjraa022jd000003_3.jpg
1.429,18K,yellow,37442,0.115,diamond,Chic Petal Diamond Finger Ring,50d4arfdjlaa092bd000004,"['https://www.tanishq.co.in/dw/image/v2/BKCK_PRD/on/demandware.static/-/Sites-Tanishq-product-catalog/default/dw4babeff1/images/hi-res/50D4ARFDJAA09_1.jpg?sw=640&sh=640', 'https://www.tanishq.co.in/dw/image/v2/BKCK_PRD/on/demandware.static/-/Sites-Tanishq-product-catalog/default/dw3d42e6fd/images/hi-res/50D4ARFDJAA09_2.jpg?sw=640&sh=640', 'https://www.tanishq.co.in/dw/image/v2/BKCK_PRD/on/demandware.static/-/Sites-Tanishq-product-catalog/default/dw0a3b0377/images/hi-res/50D4ARFDJAA09_3.jpg?sw=640&sh=640']",https://www.tanishq.co.in/product/chic-petal-diamond-finger-ring-50d4arfdjaa09.html,True,,output/tanishq_images/uncategorized/50d4arfdjlaa092bd000004_1.jpg|output/tanishq_images/uncategorized/50d4arfdjlaa092bd000004_2.jpg|output/tanishq_images/uncategorized/50d4arfdjlaa092bd000004_3.jpg
3.422,18K,rose,56081,0.05,diamond,Aura Floral Diamond Ring,50d5l1ffimaa292bx000009,"['https://www.tanishq.co.in/dw/image/v2/BKCK_PRD/on/demandware.static/-/Sites-Tanishq-product-catalog/default/dw8da49056/images/hi-res/50D5L1FFIAA29_1.jpg', 'https://www.tanishq.co.in/dw/image/v2/BKCK_PRD/on/demandware.static/-/Sites-Tanishq-product-catalog/default/dw2c9fc1f3/images/hi-res/50D5L1FFIAA29_2.jpg', 'https://www.tanishq.co.in/dw/image/v2/BKCK_PRD/on/demandware.static/-/Sites-Tanishq-product-catalog/default/dw9668e1d9/images/hi-res/50D5L1FFIAA29_3.jpg']",https://www.tanishq.co.in/product/aura-floral-diamond-ring-50d5l1ffiaa29.html,True,,output/tanishq_images/uncategorized/50d5l1ffimaa292bx000009_1.jpg|output/tanishq_images/uncategorized/50d5l1ffimaa292bx000009_2.jpg|output/tanishq_images/uncategorized/50d5l1ffimaa292bx000009_3.jpg
2.001,18K,yellow,58784,0.163,diamond,Twinning Flora Diamond Ring,50d5h2fojaa02,"['https://www.tanishq.co.in/dw/image/v2/BKCK_PRD/on/demandware.static/-/Sites-Tanishq-product-catalog/default/dw9d99f9d9/images/hi-res/50D5H2FOJAA02_1.jpg', 'https://www.tanishq.co.in/dw/image/v2/BKCK_PRD/on/demandware.static/-/Sites-Tanishq-product-catalog/default/dwecdfc0fa/images/hi-res/50D5H2FOJAA02_2.jpg', 'https://www.tanishq.co.in/dw/image/v2/BKCK_PRD/on/demandware.static/-/Sites-Tanishq-product-catalog/default/dwbc864ee4/images/hi-res/50D5H2FOJAA02_3.jpg', 'https://www.tanishq.co.in/dw/image/v2/BKCK_PRD/on/demandware.static/-/Sites-Tanishq-product-catalog/default/dw5ed38e21/images/hi-res/50D5H2FOJAA02_4.jpg']",https://www.tanishq.co.in/product/twinning-flora-diamond-ring-50d5h2fojaa02.html,True,,output/tanishq_images/uncategorized/50d5h2fojaa02_1.jpg|output/tanishq_images/uncategorized/50d5h2fojaa02_2.jpg|output/tanishq_images/uncategorized/50d5h2fojaa02_3.jpg|output/tanishq_images/uncategorized/50d5h2fojaa02_4.jpg
5.439,18K,yellow,78090,,none,Floral Grandeur Gold Ring,50d5pifgtaa00,"['https://www.tanishq.co.in/dw/image/v2/BKCK_PRD/on/demandware.static/-/Sites-Tanishq-product-catalog/default/dw985aa304/images/hi-res/50D5PIFGTAA00_1.jpg', 'https://www.tanishq.co.in/dw/image/v2/BKCK_PRD/on/demandware.static/-/Sites-Tanishq-product-catalog/default/dw4d57ce46/images/hi-res/50D5PIFGTAA00_2.jpg', 'https://www.tanishq.co.in/dw/image/v2/BKCK_PRD/on/demandware.static/-/Sites-Tanishq-product-catalog/default/dw4f8b04a1/images/hi-res/50D5PIFGTAA00_3.jpg']",https://www.tanishq.co.in/product/floral-grandeur-gold-ring-50d5pifgtaa00.html,True,,output/tanishq_images/uncategorized/50d5pifgtaa00_1.jpg|output/tanishq_images/uncategorized/50d5pifgtaa00_2.jpg|output/tanishq_images/uncategorized/50d5pifgtaa00_3.jpg
4.593,18K,white,109768,0.185,diamond,Modern Minimalist Diamond Ring For Men,50g5c1fcwaa02,"['https://www.tanishq.co.in/dw/image/v2/BKCK_PRD/on/demandware.static/-/Sites-Tanishq-product-catalog/default/dw274867b5/images/hi-res/50G5C1FCWAA02_1.jpg', 'https://www.tanishq.co.in/dw/image/v2/BKCK_PRD/on/demandware.static/-/Sites-Tanishq-product-catalog/default/dwf54fca9a/images/hi-res/50G5C1FCWAA02_2.jpg', 'https://www.tanishq.co.in/dw/image/v2/BKCK_PRD/on/demandware.static/-/Sites-Tanishq-product-catalog/default/dw06cc1280/images/hi-res/50G5C1FCWAA02_3.jpg']",https://www.tanishq.co.in/product/modern-minimalist-diamond-ring-for-men-50g5c1fcwaa02.html,True,,output/tanishq_images/uncategorized/50g5c1fcwaa02_1.jpg|output/tanishq_images/uncategorized/50g5c1fcwaa02_2.jpg|output/tanishq_images/uncategorized/50g5c1fcwaa02_3.jpg
1.712,18K,yellow,24580,,none,Twin Triad Gold Ring,50d5pifhdaa00,"['https://www.tanishq.co.in/on/demandware.static/-/Sites-Tanishq-product-catalog/default/dwe81e867b/images/hi-res/50D5PIFHDAA00_1.jpg', 'https://www.tanishq.co.in/on/demandware.static/-/Sites-Tanishq-product-catalog/default/dwb249ade2/images/hi-res/50D5PIFHDAA00_2.jpg', 'https://www.tanishq.co.in/on/demandware.static/-/Sites-Tanishq-product-catalog/default/dw5164c943/images/hi-res/50D5PIFHDAA00_3.jpg']",https://www.tanishq.co.in/product/twin-triad-gold-ring-50d5pifhdaa00.html,True,,output/tanishq_images/uncategorized/50d5pifhdaa00_1.jpg|output/tanishq_images/uncategorized/50d5pifhdaa00_2.jpg|output/tanishq_images/uncategorized/50d5pifhdaa00_3.jpg
4.167,22K,yellow,30132,,none,Eclectic 22 Karat Yellow Gold Leaf Finger Ring,511518fbuoaa002ea000191,"['https://www.tanishq.co.in/on/demandware.static/-/Sites-Tanishq-product-catalog/default/dwca8725f3/images/hi-res/511518FBUAA00_1.jpg', 'https://www.tanishq.co.in/dw/image/v2/BKCK_PRD/on/demandware.static/-/Sites-Tanishq-product-catalog/default/dw4761caa1/images/hi-res/511518FBUAA00_2.jpg', 'https://www.tanishq.co.in/dw/image/v2/BKCK_PRD/on/demandware.static/-/Sites-Tanishq-product-catalog/default/dwad35f773/images/hi-res/511518FBUAA00_3.jpg']",https://www.tanishq.co.in/product/eclectic-22-karat-yellow-gold-leaf-finger-ring-511518fbuaa00.html,True,,output/tanishq_images/uncategorized/511518fbuoaa002ea000191_1.jpg|output/tanishq_images/uncategorized/511518fbuoaa002ea000191_2.jpg|output/tanishq_images/uncategorized/511518fbuoaa002ea000191_3.jpg
2.586,18K,Yellow and White,73043,0.196,diamond,Classic Dual Diamond Ring,50e5c1fazlaa022jd000039,"['https://www.tanishq.co.in/dw/image/v2/BKCK_PRD/on/demandware.static/-/Sites-Tanishq-product-catalog/default/dwb2411538/images/hi-res/50E5C1FAZAA02_1.jpg', 'https://www.tanishq.co.in/dw/image/v2/BKCK_PRD/on/demandware.static/-/Sites-Tanishq-product-catalog/default/dw069b7eb1/images/hi-res/50E5C1FAZAA02_2.jpg', 'https://www.tanishq.co.in/dw/image/v2/BKCK_PRD/on/demandware.static/-/Sites-Tanishq-product-catalog/default/dwe28237f3/images/hi-res/50E5C1FAZAA02_3.jpg']",https://www.tanishq.co.in/product/classic-dual-diamond-ring-50e5c1fazaa02.html,True,,output/tanishq_images/uncategorized/50e5c1fazlaa022jd000039_1.jpg|output/tanishq_images/uncategorized/50e5c1fazlaa022jd000039_2.jpg|output/tanishq_images/uncategorized/50e5c1fazlaa022jd000039_3.jpg
2.975,18K,yellow,80964,0.215,diamond,Celestial Wing Diamond Ring,50dxwmfccnaa022bd000009,"['https://www.tanishq.co.in/dw/image/v2/BKCK_PRD/on/demandware.static/-/Sites-Tanishq-product-catalog/default/dwf038f7ee/images/hi-res/50DXWMFCCAA02_1.jpg?sw=640&sh=640', 'https://www.tanishq.co.in/dw/image/v2/BKCK_PRD/on/demandware.static/-/Sites-Tanishq-product-catalog/default/dw7791af64/images/hi-res/50DXWMFCCAA02_2.jpg?sw=640&sh=640', 'https://www.tanishq.co.in/dw/image/v2/BKCK_PRD/on/demandware.static/-/Sites-Tanishq-product-catalog/default/dw5230980b/images/hi-res/50DXWMFCCAA02_3.jpg?sw=640&sh=640', 'https://www.tanishq.co.in/dw/image/v2/BKCK_PRD/on/demandware.static/-/Sites-Tanishq-product-catalog/default/dw6981f84c/images/hi-res/50DXWMFCCAA02_4.jpg?sw=640&sh=640']",https://www.tanishq.co.in/product/celestial-wing-diamond-ring-50dxwmfccaa02.html,True,,output/tanishq_images/uncategorized/50dxwmfccnaa022bd000009_1.jpg|output/tanishq_images/uncategorized/50dxwmfccnaa022bd000009_2.jpg|output/tanishq_images/uncategorized/50dxwmfccnaa022bd000009_3.jpg|output/tanishq_images/uncategorized/50dxwmfccnaa022bd000009_4.jpg
3.94,22K,yellow,68859,,none,Oval Frame Gold Ring,51e5c1fdoaa00,"['https://www.tanishq.co.in/dw/image/v2/BKCK_PRD/on/demandware.static/-/Sites-Tanishq-product-catalog/default/dw4315172f/images/hi-res/51E5C1FDOAA00_1.jpg?sw=640&sh=640', 'https://www.tanishq.co.in/dw/image/v2/BKCK_PRD/on/demandware.static/-/Sites-Tanishq-product-catalog/default/dwddabe9e4/images/hi-res/51E5C1FDOAA00_2.jpg?sw=640&sh=640', 'https://www.tanishq.co.in/dw/image/v2/BKCK_PRD/on/demandware.static/-/Sites-Tanishq-product-catalog/default/dwcf9b011d/images/hi-res/51E5C1FDOAA00_3.jpg?sw=640&sh=640']",https://www.tanishq.co.in/product/oval-frame-gold-ring-51e5c1fdoaa00.html,True,,output/tanishq_images/uncategorized/51e5c1fdoaa00_1.jpg|output/tanishq_images/uncategorized/51e5c1fdoaa00_2.jpg|output/tanishq_images/uncategorized/51e5c1fdoaa00_3.jpg
2.265,18K,rose,77358,0.235,diamond,Dainty Curve Diamond Finger Ring,50d5b2fnmlaa022bb000273,"['https://www.tanishq.co.in/dw/image/v2/BKCK_PRD/on/demandware.static/-/Sites-Tanishq-product-catalog/default/dw975c0722/images/hi-res/50D5B2FNMAA02_1.jpg', 'https://www.tanishq.co.in/dw/image/v2/BKCK_PRD/on/demandware.static/-/Sites-Tanishq-product-catalog/default/dw0b005e7f/images/hi-res/50D5B2FNMAA02_2.jpg', 'https://www.tanishq.co.in/dw/image/v2/BKCK_PRD/on/demandware.static/-/Sites-Tanishq-product-catalog/default/dw63eaf8e5/images/hi-res/50D5B2FNMAA02_3.jpg']",https://www.tanishq.co.in/product/dainty-curve-diamond-finger-ring-50d5b2fnmaa02.html,True,,output/tanishq_images/uncategorized/50d5b2fnmlaa022bb000273_1.jpg|output/tanishq_images/uncategorized/50d5b2fnmlaa022bb000273_2.jpg|output/tanishq_images/uncategorized/50d5b2fnmlaa022bb000273_3.jpg
3.94,22K,yellow,68299,,none,Heavenly Floral Gold Finger Ring,511418frenab002eb004540,"['https://www.tanishq.co.in/dw/image/v2/BKCK_PRD/on/demandware.static/-/Sites-Tanishq-product-catalog/default/dw325c65a2/images/hi-res/511418FREAB00_1.jpg', 'https://www.tanishq.co.in/dw/image/v2/BKCK_PRD/on/demandware.static/-/Sites-Tanishq-product-catalog/default/dw0da645f5/images/hi-res/511418FREAB00_2.jpg', 'https://www.tanishq.co.in/dw/image/v2/BKCK_PRD/on/demandware.static/-/Sites-Tanishq-product-catalog/default/dwf6fc423f/images/hi-res/511418FREAB00_3.jpg']",https://www.tanishq.co.in/product/heavenly-floral-gold-finger-ring-511418freab00.html,True,,output/tanishq_images/uncategorized/511418frenab002eb004540_1.jpg|output/tanishq_images/uncategorized/511418frenab002eb004540_2.jpg|output/tanishq_images/uncategorized/511418frenab002eb004540_3.jpg
2.6,18K,yellow,84988,0.248,gemstone,Tanzanite Muse Diamond Ring,50e5a1fajlaa323ih000002,"['https://www.tanishq.co.in/on/demandware.static/-/Sites-Tanishq-product-catalog/default/dw211f5bfb/images/hi-res/50E5A1FAJAA32_1.jpg', 'https://www.tanishq.co.in/dw/image/v2/BKCK_PRD/on/demandware.static/-/Sites-Tanishq-product-catalog/default/dw5d595c8c/images/hi-res/50E5A1FAJAA32_2.jpg', 'https://www.tanishq.co.in/dw/image/v2/BKCK_PRD/on/demandware.static/-/Sites-Tanishq-product-catalog/default/dwef340e81/images/hi-res/50E5A1FAJAA32_3.jpg']",https://www.tanishq.co.in/product/tanzanite-muse-diamond-ring-50e5a1fajaa32.html,True,,output/tanishq_images/uncategorized/50e5a1fajlaa323ih000002_1.jpg|output/tanishq_images/uncategorized/50e5a1fajlaa323ih000002_2.jpg|output/tanishq_images/uncategorized/50e5a1fajlaa323ih000002_3.jpg
4.164,18K,Yellow,88826,0.165,diamond,Petal Play Diamond Ring,50d5flfagaa02,"['https://www.tanishq.co.in/dw/image/v2/BKCK_PRD/on/demandware.static/-/Sites-Tanishq-product-catalog/default/dw4e15bece/images/hi-res/50D5FLFAGAA02_1.jpg', 'https://www.tanishq.co.in/dw/image/v2/BKCK_PRD/on/demandware.static/-/Sites-Tanishq-product-catalog/default/dw3ae14380/images/hi-res/50D5FLFAGAA02_2.jpg', 'https://www.tanishq.co.in/dw/image/v2/BKCK_PRD/on/demandware.static/-/Sites-Tanishq-product-catalog/default/dweee7b8c8/images/hi-res/50D5FLFAGAA02_3.jpg', 'https://www.tanishq.co.in/dw/image/v2/BKCK_PRD/on/demandware.static/-/Sites-Tanishq-product-catalog/default/dwcb72bdcb/images/hi-res/50D5FLFAGAA02_4.jpg', 'https://www.tanishq.co.in/dw/image/v2/BKCK_PRD/on/demandware.static/-/Sites-Tanishq-product-catalog/default/dw611c39b0/images/hi-res/50D5FLFAGAA02_5.jpg', 'https://www.tanishq.co.in/dw/image/v2/BKCK_PRD/on/demandware.static/-/Sites-Tanishq-product-catalog/default/dw464e225d/images/hi-res/50D5FLFAGAA02_6.jpg']",https://www.tanishq.co.in/product/petal-play-diamond-ring-50d5flfagaa02.html,True,,output/tanishq_images/uncategorized/50d5flfagaa02_1.jpg|output/tanishq_images/uncategorized/50d5flfagaa02_2.jpg|output/tanishq_images/uncategorized/50d5flfagaa02_3.jpg|output/tanishq_images/uncategorized/50d5flfagaa02_4.jpg|output/tanishq_images/uncategorized/50d5flfagaa02_5.jpg|output/tanishq_images/uncategorized/50d5flfagaa02_6.jpg
2.989,18K,yellow,104264,0.317,diamond,Elegant Radiance Diamond Finger Ring,50e5a1fatlaa022jh000002,"['https://www.tanishq.co.in/dw/image/v2/BKCK_PRD/on/demandware.static/-/Sites-Tanishq-product-catalog/default/dw316ef2bc/images/hi-res/50E5A1FATAA02_1.jpg', 'https://www.tanishq.co.in/dw/image/v2/BKCK_PRD/on/demandware.static/-/Sites-Tanishq-product-catalog/default/dwc12901ef/images/hi-res/50E5A1FATAA02_2.jpg', 'https://www.tanishq.co.in/dw/image/v2/BKCK_PRD/on/demandware.static/-/Sites-Tanishq-product-catalog/default/dw6d52ebce/images/hi-res/50E5A1FATAA02_3.jpg']",https://www.tanishq.co.in/product/elegant-radiance-diamond-finger-ring-50e5a1fataa02.html,True,,output/tanishq_images/uncategorized/50e5a1fatlaa022jh000002_1.jpg|output/tanishq_images/uncategorized/50e5a1fatlaa022jh000002_2.jpg|output/tanishq_images/uncategorized/50e5a1fatlaa022jh000002_3.jpg
1.559,18K,Yellow and White,27289,0.035,diamond,Interlaced Bloom Diamond Ring,50d5h3ftiaa09,"['https://www.tanishq.co.in/dw/image/v2/BKCK_PRD/on/demandware.static/-/Sites-Tanishq-product-catalog/default/dwa6a6682b/images/hi-res/50D5H3FTIAA09_1.jpg', 'https://www.tanishq.co.in/dw/image/v2/BKCK_PRD/on/demandware.static/-/Sites-Tanishq-product-catalog/default/dw2ac1b91e/images/hi-res/50D5H3FTIAA09_2.jpg', 'https://www.tanishq.co.in/dw/image/v2/BKCK_PRD/on/demandware.static/-/Sites-Tanishq-product-catalog/default/dw340ef7ef/images/hi-res/50D5H3FTIAA09_3.jpg']",https://www.tanishq.co.in/product/interlaced-bloom-diamond-ring-50d5h3ftiaa09.html,True,,output/tanishq_images/uncategorized/50d5h3ftiaa09_1.jpg|output/tanishq_images/uncategorized/50d5h3ftiaa09_2.jpg|output/tanishq_images/uncategorized/50d5h3ftiaa09_3.jpg
4.485,18K,yellow,90389,0.14,diamond,Urban Armour Diamond Ring for Men,50g5b1fcnaa02,"['https://www.tanishq.co.in/dw/image/v2/BKCK_PRD/on/demandware.static/-/Sites-Tanishq-product-catalog/default/dwdaef7f7c/images/hi-res/50G5B1FCNAA02_1.jpg?sw=640&sh=640', 'https://www.tanishq.co.in/dw/image/v2/BKCK_PRD/on/demandware.static/-/Sites-Tanishq-product-catalog/default/dw01facc70/images/hi-res/50G5B1FCNAA02_2.jpg?sw=640&sh=640', 'https://www.tanishq.co.in/dw/image/v2/BKCK_PRD/on/demandware.static/-/Sites-Tanishq-product-catalog/default/dwc6962a1a/images/hi-res/50G5B1FCNAA02_3.jpg?sw=640&sh=640']",https://www.tanishq.co.in/product/urban-armour-diamond-ring-for-men-50g5b1fcnaa02.html,True,,output/tanishq_images/uncategorized/50g5b1fcnaa02_1.jpg|output/tanishq_images/uncategorized/50g5b1fcnaa02_2.jpg|output/tanishq_images/uncategorized/50g5b1fcnaa02_3.jpg
2.064,18K,yellow,61282,0.174,diamond,Twin Orbit Diamond Ring,50e5c1fecaa02,"['https://www.tanishq.co.in/dw/image/v2/BKCK_PRD/on/demandware.static/-/Sites-Tanishq-product-catalog/default/dwaf13f2d8/images/hi-res/50E5C1FECAA02_1.jpg', 'https://www.tanishq.co.in/dw/image/v2/BKCK_PRD/on/demandware.static/-/Sites-Tanishq-product-catalog/default/dw40927bfa/images/hi-res/50E5C1FECAA02_2.jpg', 'https://www.tanishq.co.in/dw/image/v2/BKCK_PRD/on/demandware.static/-/Sites-Tanishq-product-catalog/default/dw0c8591ba/images/hi-res/50E5C1FECAA02_3.jpg']",https://www.tanishq.co.in/product/twin-orbit-diamond-ring-50e5c1fecaa02.html,True,,output/tanishq_images/uncategorized/50e5c1fecaa02_1.jpg|output/tanishq_images/uncategorized/50e5c1fecaa02_2.jpg|output/tanishq_images/uncategorized/50e5c1fecaa02_3.jpg
2.8,18K,yellow,40689,,none,Sunlit Dome Gold Ring,501719fqvaa00,"['https://www.tanishq.co.in/dw/image/v2/BKCK_PRD/on/demandware.static/-/Sites-Tanishq-product-catalog/default/dwe5d87919/images/hi-res/501719FQVAA00_1.jpg', 'https://www.tanishq.co.in/dw/image/v2/BKCK_PRD/on/demandware.static/-/Sites-Tanishq-product-catalog/default/dw1dd1807c/images/hi-res/501719FQVAA00_2.jpg', 'https://www.tanishq.co.in/dw/image/v2/BKCK_PRD/on/demandware.static/-/Sites-Tanishq-product-catalog/default/dw573e6f29/images/hi-res/501719FQVAA00_3.jpg', 'https://www.tanishq.co.in/dw/image/v2/BKCK_PRD/on/demandware.static/-/Sites-Tanishq-product-catalog/default/dw7f62c862/images/hi-res/501719FQVAA00_4.jpg']",https://www.tanishq.co.in/product/sunlit-dome-gold-ring-501719fqvaa00.html,True,,output/tanishq_images/uncategorized/501719fqvaa00_1.jpg|output/tanishq_images/uncategorized/501719fqvaa00_2.jpg|output/tanishq_images/uncategorized/501719fqvaa00_3.jpg|output/tanishq_images/uncategorized/501719fqvaa00_4.jpg
5.105,18K,yellow,102109,0.159,diamond,Petal Pop Diamond Ring,50d5flfabaa02,"['https://www.tanishq.co.in/dw/image/v2/BKCK_PRD/on/demandware.static/-/Sites-Tanishq-product-catalog/default/dw578d6f73/images/hi-res/50D5FLFABAA02_1.jpg', 'https://www.tanishq.co.in/dw/image/v2/BKCK_PRD/on/demandware.static/-/Sites-Tanishq-product-catalog/default/dw61191d44/images/hi-res/50D5FLFABAA02_2.jpg', 'https://www.tanishq.co.in/dw/image/v2/BKCK_PRD/on/demandware.static/-/Sites-Tanishq-product-catalog/default/dw702463d8/images/hi-res/50D5FLFABAA02_3.jpg', 'https://www.tanishq.co.in/dw/image/v2/BKCK_PRD/on/demandware.static/-/Sites-Tanishq-product-catalog/default/dw0d29f6bc/images/hi-res/50D5FLFABAA02_4.jpg', 'https://www.tanishq.co.in/dw/image/v2/BKCK_PRD/on/demandware.static/-/Sites-Tanishq-product-catalog/default/dw4f0cf198/images/hi-res/50D5FLFABAA02_5.jpg', 'https://www.tanishq.co.in/dw/image/v2/BKCK_PRD/on/demandware.static/-/Sites-Tanishq-product-catalog/default/dw7a96f6d7/images/hi-res/50D5FLFABAA02_6.jpg']",https://www.tanishq.co.in/product/petal-pop-diamond-ring-50d5flfabaa02.html,True,,output/tanishq_images/uncategorized/50d5flfabaa02_1.jpg|output/tanishq_images/uncategorized/50d5flfabaa02_2.jpg|output/tanishq_images/uncategorized/50d5flfabaa02_3.jpg|output/tanishq_images/uncategorized/50d5flfabaa02_4.jpg|output/tanishq_images/uncategorized/50d5flfabaa02_5.jpg|output/tanishq_images/uncategorized/50d5flfabaa02_6.jpg
2.185,22K,yellow,38032,,none,Elegant 22 Karat Matte Yellow Gold Ring,510783fhaaa00,"['https://www.tanishq.co.in/dw/image/v2/BKCK_PRD/on/demandware.static/-/Sites-Tanishq-product-catalog/default/dw2f8b3854/images/hi-res/510783FHAAA00_1.jpg', 'https://www.tanishq.co.in/dw/image/v2/BKCK_PRD/on/demandware.static/-/Sites-Tanishq-product-catalog/default/dw499da9e4/images/hi-res/510783FHAAA00_2.jpg', 'https://www.tanishq.co.in/dw/image/v2/BKCK_PRD/on/demandware.static/-/Sites-Tanishq-product-catalog/default/dw8109e055/images/hi-res/510783FHAAA00_3.jpg']",https://www.tanishq.co.in/product/elegant-22-karat-matte-yellow-gold-ring-510783fhaaa00.html,True,,output/tanishq_images/uncategorized/510783fhaaa00_1.jpg|output/tanishq_images/uncategorized/510783fhaaa00_2.jpg|output/tanishq_images/uncategorized/510783fhaaa00_3.jpg
2.134,18K,yellow,65392,0.188,diamond,Forever Linked Diamond Ring,50e5c1fahaa02,"['https://www.tanishq.co.in/dw/image/v2/BKCK_PRD/on/demandware.static/-/Sites-Tanishq-product-catalog/default/dw6ca4f46f/images/hi-res/50E5C1FAHAA02_1.jpg', 'https://www.tanishq.co.in/dw/image/v2/BKCK_PRD/on/demandware.static/-/Sites-Tanishq-product-catalog/default/dw2607f335/images/hi-res/50E5C1FAHAA02_2.jpg', 'https://www.tanishq.co.in/dw/image/v2/BKCK_PRD/on/demandware.static/-/Sites-Tanishq-product-catalog/default/dw656c8378/images/hi-res/50E5C1FAHAA02_3.jpg']",https://www.tanishq.co.in/product/forever-linked-diamond-ring-50e5c1fahaa02.html,True,,output/tanishq_images/uncategorized/50e5c1fahaa02_1.jpg|output/tanishq_images/uncategorized/50e5c1fahaa02_2.jpg|output/tanishq_images/uncategorized/50e5c1fahaa02_3.jpg
4.27,18K,yellow,134403,0.388,diamond,Textured Majesty Diamond Finger Ring for Men,50g5b1fcqaa02,"['https://www.tanishq.co.in/dw/image/v2/BKCK_PRD/on/demandware.static/-/Sites-Tanishq-product-catalog/default/dwba11e4c9/images/hi-res/50G5B1FCQAA02_1.jpg?sw=640&sh=640', 'https://www.tanishq.co.in/dw/image/v2/BKCK_PRD/on/demandware.static/-/Sites-Tanishq-product-catalog/default/dw6b0e1d05/images/hi-res/50G5B1FCQAA02_2.jpg?sw=640&sh=640', 'https://www.tanishq.co.in/dw/image/v2/BKCK_PRD/on/demandware.static/-/Sites-Tanishq-product-catalog/default/dw883977cd/images/hi-res/50G5B1FCQAA02_3.jpg?sw=640&sh=640']",https://www.tanishq.co.in/product/textured-majesty-diamond-finger-ring-for-men-50g5b1fcqaa02.html,True,,output/tanishq_images/uncategorized/50g5b1fcqaa02_1.jpg|output/tanishq_images/uncategorized/50g5b1fcqaa02_2.jpg|output/tanishq_images/uncategorized/50g5b1fcqaa02_3.jpg
3.423,18K,yellow,86957,0.208,diamond,Timeless Halo Diamond Ring,50d5h2fkslaa022ja000023,"['https://www.tanishq.co.in/dw/image/v2/BKCK_PRD/on/demandware.static/-/Sites-Tanishq-product-catalog/default/dw16c49d40/images/hi-res/50D5H2FKSAA02_1.jpg?sw=640&sh=640', 'https://www.tanishq.co.in/dw/image/v2/BKCK_PRD/on/demandware.static/-/Sites-Tanishq-product-catalog/default/dw85fd0d33/images/hi-res/50D5H2FKSAA02_2.jpg?sw=640&sh=640', 'https://www.tanishq.co.in/dw/image/v2/BKCK_PRD/on/demandware.static/-/Sites-Tanishq-product-catalog/default/dwf169dc79/images/hi-res/50D5H2FKSAA02_3.jpg?sw=640&sh=640']",https://www.tanishq.co.in/product/timeless-halo-diamond-ring-50d5h2fksaa02.html,True,,output/tanishq_images/uncategorized/50d5h2fkslaa022ja000023_1.jpg|output/tanishq_images/uncategorized/50d5h2fkslaa022ja000023_2.jpg|output/tanishq_images/uncategorized/50d5h2fkslaa022ja000023_3.jpg
2.863,22K,yellow,49781,,none,Symphony of Colour Finger Ring,51d3d2fvuaacz,"['https://www.tanishq.co.in/dw/image/v2/BKCK_PRD/on/demandware.static/-/Sites-Tanishq-product-catalog/default/dw47307295/images/hi-res/51D3D2FVUAACZ_1.jpg', 'https://www.tanishq.co.in/dw/image/v2/BKCK_PRD/on/demandware.static/-/Sites-Tanishq-product-catalog/default/dw28c4c6c2/images/hi-res/51D3D2FVUAACZ_2.jpg', 'https://www.tanishq.co.in/dw/image/v2/BKCK_PRD/on/demandware.static/-/Sites-Tanishq-product-catalog/default/dwafb25fca/images/hi-res/51D3D2FVUAACZ_3.jpg']",https://www.tanishq.co.in/product/symphony-of-colour-finger-ring-51d3d2fvuaacz.html,True,,output/tanishq_images/uncategorized/51d3d2fvuaacz_1.jpg|output/tanishq_images/uncategorized/51d3d2fvuaacz_2.jpg|output/tanishq_images/uncategorized/51d3d2fvuaacz_3.jpg
8.179,22K,yellow,73811,,none,Versatile Bypass Ring,51d4mpfbqaa00,"['https://www.tanishq.co.in/dw/image/v2/BKCK_PRD/on/demandware.static/-/Sites-Tanishq-product-catalog/default/dwe3daf435/images/hi-res/51D4MPFBQAA00_1.jpg', 'https://www.tanishq.co.in/dw/image/v2/BKCK_PRD/on/demandware.static/-/Sites-Tanishq-product-catalog/default/dw66221fc2/images/hi-res/51D4MPFBQAA00_2.jpg', 'https://www.tanishq.co.in/dw/image/v2/BKCK_PRD/on/demandware.static/-/Sites-Tanishq-product-catalog/default/dwb6af061c/images/hi-res/51D4MPFBQAA00_3.jpg', 'https://www.tanishq.co.in/dw/image/v2/BKCK_PRD/on/demandware.static/-/Sites-Tanishq-product-catalog/default/dwf848c7cb/images/hi-res/51D4MPFBQAA00_4.jpg']",https://www.tanishq.co.in/product/versatile-bypass-ring-51d4mpfbqaa00.html,True,,output/tanishq_images/uncategorized/51d4mpfbqaa00_1.jpg|output/tanishq_images/uncategorized/51d4mpfbqaa00_2.jpg|output/tanishq_images/uncategorized/51d4mpfbqaa00_3.jpg|output/tanishq_images/uncategorized/51d4mpfbqaa00_4.jpg
2.4,18K,rose,78474,0.234,diamond,Celestial Vine Diamond Ring,50d5v2fcblaa022jd000033,"['https://www.tanishq.co.in/dw/image/v2/BKCK_PRD/on/demandware.static/-/Sites-Tanishq-product-catalog/default/dwafdd38e3/images/hi-res/50D5V2FCBAA02_1.jpg', 'https://www.tanishq.co.in/dw/image/v2/BKCK_PRD/on/demandware.static/-/Sites-Tanishq-product-catalog/default/dwb3a10fd7/images/hi-res/50D5V2FCBAA02_2.jpg', 'https://www.tanishq.co.in/dw/image/v2/BKCK_PRD/on/demandware.static/-/Sites-Tanishq-product-catalog/default/dw8c662e6f/images/hi-res/50D5V2FCBAA02_3.jpg']",https://www.tanishq.co.in/product/celestial-vine-diamond-ring-50d5v2fcbaa02.html,True,,output/tanishq_images/uncategorized/50d5v2fcblaa022jd000033_1.jpg|output/tanishq_images/uncategorized/50d5v2fcblaa022jd000033_2.jpg|output/tanishq_images/uncategorized/50d5v2fcblaa022jd000033_3.jpg
2.703,22K,yellow,47240,,none,Lotus Crown Gold Ring,51e5c1fddaa00,"['https://www.tanishq.co.in/dw/image/v2/BKCK_PRD/on/demandware.static/-/Sites-Tanishq-product-catalog/default/dwe76a945c/images/hi-res/51E5C1FDDAA00_1.jpg?sw=640&sh=640', 'https://www.tanishq.co.in/dw/image/v2/BKCK_PRD/on/demandware.static/-/Sites-Tanishq-product-catalog/default/dwbb9e6c6a/images/hi-res/51E5C1FDDAA00_2.jpg?sw=640&sh=640', 'https://www.tanishq.co.in/dw/image/v2/BKCK_PRD/on/demandware.static/-/Sites-Tanishq-product-catalog/default/dwa5938500/images/hi-res/51E5C1FDDAA00_3.jpg?sw=640&sh=640']",https://www.tanishq.co.in/product/lotus-crown-gold-ring-51e5c1fddaa00.html,True,,output/tanishq_images/uncategorized/51e5c1fddaa00_1.jpg|output/tanishq_images/uncategorized/51e5c1fddaa00_2.jpg|output/tanishq_images/uncategorized/51e5c1fddaa00_3.jpg
5.647,18K,yellow,129700,0.293,diamond,Diagonal Power Diamond Ring for Men,50g5b1fbzaa02,"['https://www.tanishq.co.in/on/demandware.static/-/Sites-Tanishq-product-catalog/default/dwbcb91ba3/images/hi-res/50G5B1FBZAA02_1.jpg', 'https://www.tanishq.co.in/dw/image/v2/BKCK_PRD/on/demandware.static/-/Sites-Tanishq-product-catalog/default/dw6bb26b39/images/hi-res/50G5B1FBZAA02_2.jpg', 'https://www.tanishq.co.in/dw/image/v2/BKCK_PRD/on/demandware.static/-/Sites-Tanishq-product-catalog/default/dwb0e8aa10/images/hi-res/50G5B1FBZAA02_3.jpg']",https://www.tanishq.co.in/product/diagonal-power-diamond-ring-for-men-50g5b1fbzaa02.html,True,,output/tanishq_images/uncategorized/50g5b1fbzaa02_1.jpg|output/tanishq_images/uncategorized/50g5b1fbzaa02_2.jpg|output/tanishq_images/uncategorized/50g5b1fbzaa02_3.jpg
3.267,18K,yellow,100074,0.29,diamond,Sleek Hexagon Diamond Finger Ring for Men,50g5b1fjlaa02,"['https://www.tanishq.co.in/on/demandware.static/-/Sites-Tanishq-product-catalog/default/dwb943abf8/images/hi-res/50G5B1FJLAA02_1.jpg', 'https://www.tanishq.co.in/dw/image/v2/BKCK_PRD/on/demandware.static/-/Sites-Tanishq-product-catalog/default/dwf32b3618/images/hi-res/50G5B1FJLAA02_2.jpg', 'https://www.tanishq.co.in/dw/image/v2/BKCK_PRD/on/demandware.static/-/Sites-Tanishq-product-catalog/default/dw9eaf6ce6/images/hi-res/50G5B1FJLAA02_3.jpg']",https://www.tanishq.co.in/product/sleek-hexagon-diamond-finger-ring-for-men-50g5b1fjlaa02.html,True,,output/tanishq_images/uncategorized/50g5b1fjlaa02_1.jpg|output/tanishq_images/uncategorized/50g5b1fjlaa02_2.jpg|output/tanishq_images/uncategorized/50g5b1fjlaa02_3.jpg
3.928,22K,yellow,68928,,none,Majestic Yellow Gold Roped Square Finger Ring,510187fgaab00,"['https://www.tanishq.co.in/dw/image/v2/BKCK_PRD/on/demandware.static/-/Sites-Tanishq-product-catalog/default/dwaacac7e9/images/hi-res/510187FGAAB00_1.jpg', 'https://www.tanishq.co.in/dw/image/v2/BKCK_PRD/on/demandware.static/-/Sites-Tanishq-product-catalog/default/dw455c647b/images/hi-res/510187FGAAB00_2.jpg', 'https://www.tanishq.co.in/dw/image/v2/BKCK_PRD/on/demandware.static/-/Sites-Tanishq-product-catalog/default/dw130446de/images/hi-res/510187FGAAB00_3.jpg']",https://www.tanishq.co.in/product/majestic-yellow-gold-roped-square-finger-ring-510187fgaab00.html,True,,output/tanishq_images/uncategorized/510187fgaab00_1.jpg|output/tanishq_images/uncategorized/510187fgaab00_2.jpg|output/tanishq_images/uncategorized/510187fgaab00_3.jpg
4.401,18K,yellow,135578,0.41,diamond,Bold Precision Diamond Finger Ring for Men,50e5b1fcpaa02,"['https://www.tanishq.co.in/dw/image/v2/BKCK_PRD/on/demandware.static/-/Sites-Tanishq-product-catalog/default/dw135f44f4/images/hi-res/50E5B1FCPAA02_1.jpg?sw=640&sh=640', 'https://www.tanishq.co.in/dw/image/v2/BKCK_PRD/on/demandware.static/-/Sites-Tanishq-product-catalog/default/dwfc297ed7/images/hi-res/50E5B1FCPAA02_2.jpg?sw=640&sh=640', 'https://www.tanishq.co.in/dw/image/v2/BKCK_PRD/on/demandware.static/-/Sites-Tanishq-product-catalog/default/dw9b5d059d/images/hi-res/50E5B1FCPAA02_3.jpg?sw=640&sh=640']",https://www.tanishq.co.in/product/bold-precision-diamond-finger-ring-for-men-50e5b1fcpaa02.html,True,,output/tanishq_images/uncategorized/50e5b1fcpaa02_1.jpg|output/tanishq_images/uncategorized/50e5b1fcpaa02_2.jpg|output/tanishq_images/uncategorized/50e5b1fcpaa02_3.jpg
4.513,18K,yellow,73406,0.053,diamond,Spiritual Radiance Diamond Ring,50f5gcfedaa02,"['https://www.tanishq.co.in/on/demandware.static/-/Sites-Tanishq-product-catalog/default/dw4ee3c51a/images/hi-res/50F5GCFEDAA02_1.jpg', 'https://www.tanishq.co.in/dw/image/v2/BKCK_PRD/on/demandware.static/-/Sites-Tanishq-product-catalog/default/dwcf8a14f0/images/hi-res/50F5GCFEDAA02_2.jpg', 'https://www.tanishq.co.in/dw/image/v2/BKCK_PRD/on/demandware.static/-/Sites-Tanishq-product-catalog/default/dwde6e1d4e/images/hi-res/50F5GCFEDAA02_3.jpg']",https://www.tanishq.co.in/product/spiritual-radiance-diamond-ring-50f5gcfedaa02.html,True,,output/tanishq_images/uncategorized/50f5gcfedaa02_1.jpg|output/tanishq_images/uncategorized/50f5gcfedaa02_2.jpg|output/tanishq_images/uncategorized/50f5gcfedaa02_3.jpg
2.186,18K,rose,100274,0.38,diamond,Entwine Illusion Diamond Ring,50d4arfazaa02,"['https://www.tanishq.co.in/on/demandware.static/-/Sites-Tanishq-product-catalog/default/dwe18ee3a8/images/hi-res/50D4ARFAZAA02_1.jpg', 'https://www.tanishq.co.in/dw/image/v2/BKCK_PRD/on/demandware.static/-/Sites-Tanishq-product-catalog/default/dwb9c44926/images/hi-res/50D4ARFAZAA02_2.jpg', 'https://www.tanishq.co.in/dw/image/v2/BKCK_PRD/on/demandware.static/-/Sites-Tanishq-product-catalog/default/dwb3c856d9/images/hi-res/50D4ARFAZAA02_3.jpg']",https://www.tanishq.co.in/product/entwine-illusion-diamond-ring-50d4arfazaa02.html,True,,output/tanishq_images/uncategorized/50d4arfazaa02_1.jpg|output/tanishq_images/uncategorized/50d4arfazaa02_2.jpg|output/tanishq_images/uncategorized/50d4arfazaa02_3.jpg
6.123,22K,yellow,106576,,none,Angled Form Gold Ring,51m4c1falmaa002ed000014,"['https://www.tanishq.co.in/on/demandware.static/-/Sites-Tanishq-product-catalog/default/dw79d86f06/images/hi-res/51M4C1FALAA00_1.jpg', 'https://www.tanishq.co.in/dw/image/v2/BKCK_PRD/on/demandware.static/-/Sites-Tanishq-product-catalog/default/dw6c60a841/images/hi-res/51M4C1FALAA00_2.jpg', 'https://www.tanishq.co.in/dw/image/v2/BKCK_PRD/on/demandware.static/-/Sites-Tanishq-product-catalog/default/dw50fa3127/images/hi-res/51M4C1FALAA00_3.jpg', 'https://www.tanishq.co.in/dw/image/v2/BKCK_PRD/on/demandware.static/-/Sites-Tanishq-product-catalog/default/dw743578cc/images/hi-res/51M4C1FALAA00_4.jpg']",https://www.tanishq.co.in/product/angled-form-gold-ring-51m4c1falaa00.html,True,,output/tanishq_images/uncategorized/51m4c1falmaa002ed000014_1.jpg|output/tanishq_images/uncategorized/51m4c1falmaa002ed000014_2.jpg|output/tanishq_images/uncategorized/51m4c1falmaa002ed000014_3.jpg|output/tanishq_images/uncategorized/51m4c1falmaa002ed000014_4.jpg
2.439,18K,Rose,51836,0.13,diamond,Sparkle Twist Diamond Ring,50d5s2fcplaa093ia000042,"['https://www.tanishq.co.in/on/demandware.static/-/Sites-Tanishq-product-catalog/default/dw13d8d7c3/images/hi-res/50D5S2FCPAA09_1.jpg', 'https://www.tanishq.co.in/on/demandware.static/-/Sites-Tanishq-product-catalog/default/dw0b8cc2fc/images/hi-res/50D5S2FCPAA09_2.jpg', 'https://www.tanishq.co.in/on/demandware.static/-/Sites-Tanishq-product-catalog/default/dw63a685f3/images/hi-res/50D5S2FCPAA09_3.jpg']",https://www.tanishq.co.in/product/sparkle-twist-diamond-ring-50d5s2fcpaa09.html,True,,output/tanishq_images/uncategorized/50d5s2fcplaa093ia000042_1.jpg|output/tanishq_images/uncategorized/50d5s2fcplaa093ia000042_2.jpg|output/tanishq_images/uncategorized/50d5s2fcplaa093ia000042_3.jpg
2.141,18K,yellow,88284,0.31,diamond,Radiant Lattice Diamond Finger Ring,50e5b1fdyaa02,"['https://www.tanishq.co.in/dw/image/v2/BKCK_PRD/on/demandware.static/-/Sites-Tanishq-product-catalog/default/dw00d4bc6f/images/hi-res/50E5B1FDYAA02_1.jpg', 'https://www.tanishq.co.in/dw/image/v2/BKCK_PRD/on/demandware.static/-/Sites-Tanishq-product-catalog/default/dw4be1a54b/images/hi-res/50E5B1FDYAA02_2.jpg', 'https://www.tanishq.co.in/dw/image/v2/BKCK_PRD/on/demandware.static/-/Sites-Tanishq-product-catalog/default/dw15a9f6fe/images/hi-res/50E5B1FDYAA02_3.jpg']",https://www.tanishq.co.in/product/radiant-lattice-diamond-finger-ring-50e5b1fdyaa02.html,True,,output/tanishq_images/uncategorized/50e5b1fdyaa02_1.jpg|output/tanishq_images/uncategorized/50e5b1fdyaa02_2.jpg|output/tanishq_images/uncategorized/50e5b1fdyaa02_3.jpg
1.312,18K,yellow,24658,0.04,diamond,Drift Curve Diamond Ring,50d5l1ftgaa09,"['https://www.tanishq.co.in/dw/image/v2/BKCK_PRD/on/demandware.static/-/Sites-Tanishq-product-catalog/default/dw4a73cdb2/images/hi-res/50D5L1FTGAA09_1.jpg', 'https://www.tanishq.co.in/dw/image/v2/BKCK_PRD/on/demandware.static/-/Sites-Tanishq-product-catalog/default/dw66ef8fec/images/hi-res/50D5L1FTGAA09_2.jpg', 'https://www.tanishq.co.in/dw/image/v2/BKCK_PRD/on/demandware.static/-/Sites-Tanishq-product-catalog/default/dw4086484e/images/hi-res/50D5L1FTGAA09_3.jpg']",https://www.tanishq.co.in/product/drift-curve-diamond-ring-50d5l1ftgaa09.html,True,,output/tanishq_images/uncategorized/50d5l1ftgaa09_1.jpg|output/tanishq_images/uncategorized/50d5l1ftgaa09_2.jpg|output/tanishq_images/uncategorized/50d5l1ftgaa09_3.jpg
5.15,22K,yellow,89640,,none,Ornate Weave Gold Ring,511719fqotav002ee000001,"['https://www.tanishq.co.in/dw/image/v2/BKCK_PRD/on/demandware.static/-/Sites-Tanishq-product-catalog/default/dw4c984281/images/hi-res/511719FQOAV00_1.jpg', 'https://www.tanishq.co.in/dw/image/v2/BKCK_PRD/on/demandware.static/-/Sites-Tanishq-product-catalog/default/dw2cb4af07/images/hi-res/511719FQOAV00_2.jpg', 'https://www.tanishq.co.in/dw/image/v2/BKCK_PRD/on/demandware.static/-/Sites-Tanishq-product-catalog/default/dw475b16a9/images/hi-res/511719FQOAV00_3.jpg', 'https://www.tanishq.co.in/dw/image/v2/BKCK_PRD/on/demandware.static/-/Sites-Tanishq-product-catalog/default/dw03bff0ee/images/hi-res/511719FQOAV00_4.jpg', 'https://www.tanishq.co.in/dw/image/v2/BKCK_PRD/on/demandware.static/-/Sites-Tanishq-product-catalog/default/dwe9464139/images/hi-res/511719FQOAV00_5.jpg']",https://www.tanishq.co.in/product/ornate-weave-gold-ring-511719fqoav00.html,True,,output/tanishq_images/uncategorized/511719fqotav002ee000001_1.jpg|output/tanishq_images/uncategorized/511719fqotav002ee000001_2.jpg|output/tanishq_images/uncategorized/511719fqotav002ee000001_3.jpg|output/tanishq_images/uncategorized/511719fqotav002ee000001_4.jpg|output/tanishq_images/uncategorized/511719fqotav002ee000001_5.jpg
1.362,18K,yellow,35719,0.089,diamond,Whisper Arc Diamond Ring,50d5dtfbakaa022jd000009,"['https://www.tanishq.co.in/dw/image/v2/BKCK_PRD/on/demandware.static/-/Sites-Tanishq-product-catalog/default/dw02c16ec4/images/hi-res/50D5DTFBAAA02_1.jpg', 'https://www.tanishq.co.in/dw/image/v2/BKCK_PRD/on/demandware.static/-/Sites-Tanishq-product-catalog/default/dw3709094a/images/hi-res/50D5DTFBAAA02_2.jpg', 'https://www.tanishq.co.in/dw/image/v2/BKCK_PRD/on/demandware.static/-/Sites-Tanishq-product-catalog/default/dw081d930f/images/hi-res/50D5DTFBAAA02_3.jpg']",https://www.tanishq.co.in/product/whisper-arc-diamond-ring-50d5dtfbaaa02.html,True,,output/tanishq_images/uncategorized/50d5dtfbakaa022jd000009_1.jpg|output/tanishq_images/uncategorized/50d5dtfbakaa022jd000009_2.jpg|output/tanishq_images/uncategorized/50d5dtfbakaa022jd000009_3.jpg
1.745,22K,yellow,30993,,none,Encircling Dreams Finger Ring,51d3d2fqaaa00,"['https://www.tanishq.co.in/on/demandware.static/-/Sites-Tanishq-product-catalog/default/dw5320440c/images/hi-res/51D3D2FQAAA00_1.jpg', 'https://www.tanishq.co.in/on/demandware.static/-/Sites-Tanishq-product-catalog/default/dw16db6bf9/images/hi-res/51D3D2FQAAA00_2.jpg', 'https://www.tanishq.co.in/on/demandware.static/-/Sites-Tanishq-product-catalog/default/dwebbbc560/images/hi-res/51D3D2FQAAA00_3.jpg']",https://www.tanishq.co.in/product/encircling-dreams-finger-ring-51d3d2fqaaa00.html,True,,output/tanishq_images/uncategorized/51d3d2fqaaa00_1.jpg|output/tanishq_images/uncategorized/51d3d2fqaaa00_2.jpg|output/tanishq_images/uncategorized/51d3d2fqaaa00_3.jpg
4.807,22K,yellow,84285,,none,Twisted Wire Gold Ring,51m5b1fdblaa002ed000010,"['https://www.tanishq.co.in/on/demandware.static/-/Sites-Tanishq-product-catalog/default/dwfb3bf316/images/hi-res/51M5B1FDBAA00_1.jpg', 'https://www.tanishq.co.in/dw/image/v2/BKCK_PRD/on/demandware.static/-/Sites-Tanishq-product-catalog/default/dw76352508/images/hi-res/51M5B1FDBAA00_2.jpg', 'https://www.tanishq.co.in/dw/image/v2/BKCK_PRD/on/demandware.static/-/Sites-Tanishq-product-catalog/default/dwb0d0a7a7/images/hi-res/51M5B1FDBAA00_3.jpg']",https://www.tanishq.co.in/product/twisted-wire-gold-ring-51m5b1fdbaa00.html,True,,output/tanishq_images/uncategorized/51m5b1fdblaa002ed000010_1.jpg|output/tanishq_images/uncategorized/51m5b1fdblaa002ed000010_2.jpg|output/tanishq_images/uncategorized/51m5b1fdblaa002ed000010_3.jpg
2.488,18K,rose,56772,0.147,diamond,Mirage Curve Diamond Ring,50d5ptfhsaa09,"['https://www.tanishq.co.in/dw/image/v2/BKCK_PRD/on/demandware.static/-/Sites-Tanishq-product-catalog/default/dwfdc3b33c/images/hi-res/50D5PTFHSAA09_1.jpg', 'https://www.tanishq.co.in/dw/image/v2/BKCK_PRD/on/demandware.static/-/Sites-Tanishq-product-catalog/default/dw75a0a780/images/hi-res/50D5PTFHSAA09_2.jpg', 'https://www.tanishq.co.in/dw/image/v2/BKCK_PRD/on/demandware.static/-/Sites-Tanishq-product-catalog/default/dwe25bb972/images/hi-res/50D5PTFHSAA09_3.jpg']",https://www.tanishq.co.in/product/mirage-curve-diamond-ring-50d5ptfhsaa09.html,True,,output/tanishq_images/uncategorized/50d5ptfhsaa09_1.jpg|output/tanishq_images/uncategorized/50d5ptfhsaa09_2.jpg|output/tanishq_images/uncategorized/50d5ptfhsaa09_3.jpg
3.892,18K,yellow,56227,,none,Spiral Charm Gold Finger Ring,50m4i1fhlmaa002ja000024,"['https://www.tanishq.co.in/on/demandware.static/-/Sites-Tanishq-product-catalog/default/dw37838f8c/images/hi-res/50M4I1FHLAA00_1.jpg', 'https://www.tanishq.co.in/dw/image/v2/BKCK_PRD/on/demandware.static/-/Sites-Tanishq-product-catalog/default/dw666309b7/images/hi-res/50M4I1FHLAA00_2.jpg', 'https://www.tanishq.co.in/dw/image/v2/BKCK_PRD/on/demandware.static/-/Sites-Tanishq-product-catalog/default/dwc98d35e2/images/hi-res/50M4I1FHLAA00_3.jpg']",https://www.tanishq.co.in/product/spiral-charm-gold-finger-ring-50m4i1fhlaa00.html,True,,output/tanishq_images/uncategorized/50m4i1fhlmaa002ja000024_1.jpg|output/tanishq_images/uncategorized/50m4i1fhlmaa002ja000024_2.jpg|output/tanishq_images/uncategorized/50m4i1fhlmaa002ja000024_3.jpg
4.542,18K,yellow,75692,0.053,diamond,Bold Band Diamond Ring for Men,50e5b1fbhraa022jd000002,"['https://www.tanishq.co.in/dw/image/v2/BKCK_PRD/on/demandware.static/-/Sites-Tanishq-product-catalog/default/dwec0aeaac/images/hi-res/50E5B1FBHAA02_1.jpg', 'https://www.tanishq.co.in/dw/image/v2/BKCK_PRD/on/demandware.static/-/Sites-Tanishq-product-catalog/default/dw5d944458/images/hi-res/50E5B1FBHAA02_2.jpg', 'https://www.tanishq.co.in/dw/image/v2/BKCK_PRD/on/demandware.static/-/Sites-Tanishq-product-catalog/default/dw94108184/images/hi-res/50E5B1FBHAA02_3.jpg']",https://www.tanishq.co.in/product/bold-band-diamond-ring-for-men-50e5b1fbhaa02.html,True,,output/tanishq_images/uncategorized/50e5b1fbhraa022jd000002_1.jpg|output/tanishq_images/uncategorized/50e5b1fbhraa022jd000002_2.jpg|output/tanishq_images/uncategorized/50e5b1fbhraa022jd000002_3.jpg
1.921,22K,yellow,32754,,none,Dotted Gleam Gold Ring,51d5p1flqaa00,"['https://www.tanishq.co.in/dw/image/v2/BKCK_PRD/on/demandware.static/-/Sites-Tanishq-product-catalog/default/dw4535652c/images/hi-res/51D5P1FLQAA00_1.jpg?sw=640&sh=640', 'https://www.tanishq.co.in/dw/image/v2/BKCK_PRD/on/demandware.static/-/Sites-Tanishq-product-catalog/default/dw7fc6912a/images/hi-res/51D5P1FLQAA00_2.jpg?sw=640&sh=640', 'https://www.tanishq.co.in/dw/image/v2/BKCK_PRD/on/demandware.static/-/Sites-Tanishq-product-catalog/default/dwff2f12b6/images/hi-res/51D5P1FLQAA00_3.jpg?sw=640&sh=640']",https://www.tanishq.co.in/product/dotted-gleam-gold-ring-51d5p1flqaa00.html,True,,output/tanishq_images/uncategorized/51d5p1flqaa00_1.jpg|output/tanishq_images/uncategorized/51d5p1flqaa00_2.jpg|output/tanishq_images/uncategorized/51d5p1flqaa00_3.jpg
,18K,Rose,84668,0.22,diamond,Twirl Spark Diamond Ring,50d3c3foyaa02,"['https://www.tanishq.co.in/dw/image/v2/BKCK_PRD/on/demandware.static/-/Sites-Tanishq-product-catalog/default/dw5991e0e0/images/hi-res/50D3C3FOYAA02_1.jpg', 'https://www.tanishq.co.in/dw/image/v2/BKCK_PRD/on/demandware.static/-/Sites-Tanishq-product-catalog/default/dwc34e5790/images/hi-res/50D3C3FOYAA02_2.jpg', 'https://www.tanishq.co.in/dw/image/v2/BKCK_PRD/on/demandware.static/-/Sites-Tanishq-product-catalog/default/dw9bb49038/images/hi-res/50D3C3FOYAA02_3.jpg']",https://www.tanishq.co.in/product/twirl-spark-diamond-ring-50d3c3foyaa02.html,False,,output/tanishq_images/uncategorized/50d3c3foyaa02_1.jpg|output/tanishq_images/uncategorized/50d3c3foyaa02_2.jpg|output/tanishq_images/uncategorized/50d3c3foyaa02_3.jpg
2.071,22K,yellow,36048,,none,Endless Heart Gold Ring,51d5l2fekaa00,"['https://www.tanishq.co.in/dw/image/v2/BKCK_PRD/on/demandware.static/-/Sites-Tanishq-product-catalog/default/dwf5222403/images/hi-res/51D5L2FEKAA00_1.jpg?sw=640&sh=640', 'https://www.tanishq.co.in/dw/image/v2/BKCK_PRD/on/demandware.static/-/Sites-Tanishq-product-catalog/default/dw11e15980/images/hi-res/51D5L2FEKAA00_2.jpg?sw=640&sh=640', 'https://www.tanishq.co.in/dw/image/v2/BKCK_PRD/on/demandware.static/-/Sites-Tanishq-product-catalog/default/dw08ef6336/images/hi-res/51D5L2FEKAA00_3.jpg?sw=640&sh=640', 'https://www.tanishq.co.in/dw/image/v2/BKCK_PRD/on/demandware.static/-/Sites-Tanishq-product-catalog/default/dwfe83ae6f/images/hi-res/51D5L2FEKAA00_4.jpg?sw=640&sh=640']",https://www.tanishq.co.in/product/endless-heart-gold-ring-51d5l2fekaa00.html,True,,output/tanishq_images/uncategorized/51d5l2fekaa00_1.jpg|output/tanishq_images/uncategorized/51d5l2fekaa00_2.jpg|output/tanishq_images/uncategorized/51d5l2fekaa00_3.jpg|output/tanishq_images/uncategorized/51d5l2fekaa00_4.jpg
3.535,18K,rose,94659,0.304,diamond,Serene Tiara Diamond Ring,50d5fdfvj2a09,"['https://www.tanishq.co.in/dw/image/v2/BKCK_PRD/on/demandware.static/-/Sites-Tanishq-product-catalog/default/dw9efbf029/images/hi-res/50D5FDFVJ2A09_1.jpg?sw=640&sh=640', 'https://www.tanishq.co.in/dw/image/v2/BKCK_PRD/on/demandware.static/-/Sites-Tanishq-product-catalog/default/dwe5208bf1/images/hi-res/50D5FDFVJ2A09_2.jpg?sw=640&sh=640', 'https://www.tanishq.co.in/dw/image/v2/BKCK_PRD/on/demandware.static/-/Sites-Tanishq-product-catalog/default/dwb14ce5b9/images/hi-res/50D5FDFVJ2A09_3.jpg?sw=640&sh=640', 'https://www.tanishq.co.in/dw/image/v2/BKCK_PRD/on/demandware.static/-/Sites-Tanishq-product-catalog/default/dw4f11dcc2/images/hi-res/50D5FDFVJ2A09_4.jpg?sw=640&sh=640', 'https://www.tanishq.co.in/dw/image/v2/BKCK_PRD/on/demandware.static/-/Sites-Tanishq-product-catalog/default/dwc7164075/images/hi-res/50D5FDFVJ2A09_5.jpg?sw=640&sh=640', 'https://www.tanishq.co.in/dw/image/v2/BKCK_PRD/on/demandware.static/-/Sites-Tanishq-product-catalog/default/dw5836d207/images/hi-res/50D5FDFVJ2A09_6.jpg?sw=640&sh=640', 'https://www.tanishq.co.in/dw/image/v2/BKCK_PRD/on/demandware.static/-/Sites-Tanishq-product-catalog/default/dwa2b0a783/images/hi-res/50D5FDFVJ2A09_7.jpg?sw=640&sh=640']",https://www.tanishq.co.in/product/serene-tiara-diamond-ring-50d5fdfvj2a09.html,True,,output/tanishq_images/uncategorized/50d5fdfvj2a09_1.jpg|output/tanishq_images/uncategorized/50d5fdfvj2a09_2.jpg|output/tanishq_images/uncategorized/50d5fdfvj2a09_3.jpg|output/tanishq_images/uncategorized/50d5fdfvj2a09_4.jpg|output/tanishq_images/uncategorized/50d5fdfvj2a09_5.jpg|output/tanishq_images/uncategorized/50d5fdfvj2a09_6.jpg|output/tanishq_images/uncategorized/50d5fdfvj2a09_7.jpg
2.664,22K,yellow,43909,,none,Sunlit Heritage Gold Ring,51d5b2foqaa00,"['https://www.tanishq.co.in/dw/image/v2/BKCK_PRD/on/demandware.static/-/Sites-Tanishq-product-catalog/default/dw93c46583/images/hi-res/51D5B2FOQAA00_1.jpg?sw=640&sh=640', 'https://www.tanishq.co.in/dw/image/v2/BKCK_PRD/on/demandware.static/-/Sites-Tanishq-product-catalog/default/dw95f188c2/images/hi-res/51D5B2FOQAA00_2.jpg?sw=640&sh=640', 'https://www.tanishq.co.in/dw/image/v2/BKCK_PRD/on/demandware.static/-/Sites-Tanishq-product-catalog/default/dw43588409/images/hi-res/51D5B2FOQAA00_3.jpg?sw=640&sh=640']",https://www.tanishq.co.in/product/sunlit-heritage-gold-ring-51d5b2foqaa00.html,True,,output/tanishq_images/uncategorized/51d5b2foqaa00_1.jpg|output/tanishq_images/uncategorized/51d5b2foqaa00_2.jpg|output/tanishq_images/uncategorized/51d5b2foqaa00_3.jpg
2.092,22K,yellow,35670,,none,Tranquillity Twist Gold Ring,51d5p1faekaa002ja000012,"['https://www.tanishq.co.in/dw/image/v2/BKCK_PRD/on/demandware.static/-/Sites-Tanishq-product-catalog/default/dw00e544cb/images/hi-res/51D5P1FAEAA00_1.jpg', 'https://www.tanishq.co.in/dw/image/v2/BKCK_PRD/on/demandware.static/-/Sites-Tanishq-product-catalog/default/dw79c8856a/images/hi-res/51D5P1FAEAA00_2.jpg', 'https://www.tanishq.co.in/dw/image/v2/BKCK_PRD/on/demandware.static/-/Sites-Tanishq-product-catalog/default/dw21fbbaec/images/hi-res/51D5P1FAEAA00_3.jpg']",https://www.tanishq.co.in/product/tranquillity-twist-gold-ring-51d5p1faeaa00.html,True,,output/tanishq_images/uncategorized/51d5p1faekaa002ja000012_1.jpg|output/tanishq_images/uncategorized/51d5p1faekaa002ja000012_2.jpg|output/tanishq_images/uncategorized/51d5p1faekaa002ja000012_3.jpg
1.321,22K,yellow,22993,,none,Beaded Bliss Gold Ring,51m5i1fayaa00,"['https://www.tanishq.co.in/on/demandware.static/-/Sites-Tanishq-product-catalog/default/dw549a6ff2/images/hi-res/51M5I1FAYAA00_1.jpg', 'https://www.tanishq.co.in/dw/image/v2/BKCK_PRD/on/demandware.static/-/Sites-Tanishq-product-catalog/default/dwfec91e4e/images/hi-res/51M5I1FAYAA00_2.jpg', 'https://www.tanishq.co.in/dw/image/v2/BKCK_PRD/on/demandware.static/-/Sites-Tanishq-product-catalog/default/dwe05733eb/images/hi-res/51M5I1FAYAA00_3.jpg']",https://www.tanishq.co.in/product/beaded-bliss-gold-ring-51m5i1fayaa00.html,True,,output/tanishq_images/uncategorized/51m5i1fayaa00_1.jpg|output/tanishq_images/uncategorized/51m5i1fayaa00_2.jpg|output/tanishq_images/uncategorized/51m5i1fayaa00_3.jpg
2.611,18K,yellow,54847,0.118,diamond,Center of Attraction Finger Ring,50d3fffcoaa09,"['https://www.tanishq.co.in/dw/image/v2/BKCK_PRD/on/demandware.static/-/Sites-Tanishq-product-catalog/default/dw867f70d5/images/hi-res/50D3FFFCOAA09_1.jpg', 'https://www.tanishq.co.in/dw/image/v2/BKCK_PRD/on/demandware.static/-/Sites-Tanishq-product-catalog/default/dw065f32d4/images/hi-res/50D3FFFCOAA09_2.jpg', 'https://www.tanishq.co.in/dw/image/v2/BKCK_PRD/on/demandware.static/-/Sites-Tanishq-product-catalog/default/dw46e31b22/images/hi-res/50D3FFFCOAA09_3.jpg']",https://www.tanishq.co.in/product/center-of-attraction-finger-ring-50d3fffcoaa09.html,True,,output/tanishq_images/uncategorized/50d3fffcoaa09_1.jpg|output/tanishq_images/uncategorized/50d3fffcoaa09_2.jpg|output/tanishq_images/uncategorized/50d3fffcoaa09_3.jpg
2.643,22K,yellow,46004,,none,Vine Loop Gold Ring,51d5l2fedlaa002ba000001,"['https://www.tanishq.co.in/dw/image/v2/BKCK_PRD/on/demandware.static/-/Sites-Tanishq-product-catalog/default/dw97d6fa90/images/hi-res/51D5L2FEDAA00_1.jpg?sw=640&sh=640', 'https://www.tanishq.co.in/dw/image/v2/BKCK_PRD/on/demandware.static/-/Sites-Tanishq-product-catalog/default/dwd90541c4/images/hi-res/51D5L2FEDAA00_2.jpg?sw=640&sh=640', 'https://www.tanishq.co.in/dw/image/v2/BKCK_PRD/on/demandware.static/-/Sites-Tanishq-product-catalog/default/dw2f4d1542/images/hi-res/51D5L2FEDAA00_3.jpg?sw=640&sh=640', 'https://www.tanishq.co.in/dw/image/v2/BKCK_PRD/on/demandware.static/-/Sites-Tanishq-product-catalog/default/dw8fde6dca/images/hi-res/51D5L2FEDAA00_4.jpg?sw=640&sh=640']",https://www.tanishq.co.in/product/vine-loop-gold-ring-51d5l2fedaa00.html,True,,output/tanishq_images/uncategorized/51d5l2fedlaa002ba000001_1.jpg|output/tanishq_images/uncategorized/51d5l2fedlaa002ba000001_2.jpg|output/tanishq_images/uncategorized/51d5l2fedlaa002ba000001_3.jpg|output/tanishq_images/uncategorized/51d5l2fedlaa002ba000001_4.jpg
4.663,18K,yellow,135635,0.363,diamond,Classy Regal Diamond Finger Ring for Men,50g5b1fjhaa02,"['https://www.tanishq.co.in/dw/image/v2/BKCK_PRD/on/demandware.static/-/Sites-Tanishq-product-catalog/default/dw9fad5e5e/images/hi-res/50G5B1FJHAA02_1.jpg?sw=640&sh=640', 'https://www.tanishq.co.in/dw/image/v2/BKCK_PRD/on/demandware.static/-/Sites-Tanishq-product-catalog/default/dw120f80dc/images/hi-res/50G5B1FJHAA02_2.jpg?sw=640&sh=640', 'https://www.tanishq.co.in/dw/image/v2/BKCK_PRD/on/demandware.static/-/Sites-Tanishq-product-catalog/default/dwc566a856/images/hi-res/50G5B1FJHAA02_3.jpg?sw=640&sh=640']",https://www.tanishq.co.in/product/classy-regal-diamond-finger-ring-for-men-50g5b1fjhaa02.html,True,,output/tanishq_images/uncategorized/50g5b1fjhaa02_1.jpg|output/tanishq_images/uncategorized/50g5b1fjhaa02_2.jpg|output/tanishq_images/uncategorized/50g5b1fjhaa02_3.jpg
3.217,18K,yellow,97830,0.291,diamond,Eternal Hearts Diamond Finger Ring,50e5b1felaa02,"['https://www.tanishq.co.in/dw/image/v2/BKCK_PRD/on/demandware.static/-/Sites-Tanishq-product-catalog/default/dw724e4762/images/hi-res/50E5B1FELAA02_1.jpg?sw=640&sh=640', 'https://www.tanishq.co.in/dw/image/v2/BKCK_PRD/on/demandware.static/-/Sites-Tanishq-product-catalog/default/dw9667f5f1/images/hi-res/50E5B1FELAA02_2.jpg?sw=640&sh=640', 'https://www.tanishq.co.in/dw/image/v2/BKCK_PRD/on/demandware.static/-/Sites-Tanishq-product-catalog/default/dweeeb6316/images/hi-res/50E5B1FELAA02_3.jpg?sw=640&sh=640']",https://www.tanishq.co.in/product/eternal-hearts-diamond-finger-ring-50e5b1felaa02.html,True,,output/tanishq_images/uncategorized/50e5b1felaa02_1.jpg|output/tanishq_images/uncategorized/50e5b1felaa02_2.jpg|output/tanishq_images/uncategorized/50e5b1felaa02_3.jpg
2.163,18K,yellow,102952,0.345,diamond,Regal Glint Diamond Finger Ring,50e5b1fffaa02,"['https://www.tanishq.co.in/dw/image/v2/BKCK_PRD/on/demandware.static/-/Sites-Tanishq-product-catalog/default/dw3d6de9db/images/hi-res/50E5B1FFFAA02_1.jpg?sw=640&sh=640', 'https://www.tanishq.co.in/dw/image/v2/BKCK_PRD/on/demandware.static/-/Sites-Tanishq-product-catalog/default/dwd0ac2b98/images/hi-res/50E5B1FFFAA02_2.jpg?sw=640&sh=640', 'https://www.tanishq.co.in/dw/image/v2/BKCK_PRD/on/demandware.static/-/Sites-Tanishq-product-catalog/default/dw2bd92038/images/hi-res/50E5B1FFFAA02_3.jpg?sw=640&sh=640']",https://www.tanishq.co.in/product/regal-glint-diamond-finger-ring-50e5b1fffaa02.html,True,,output/tanishq_images/uncategorized/50e5b1fffaa02_1.jpg|output/tanishq_images/uncategorized/50e5b1fffaa02_2.jpg|output/tanishq_images/uncategorized/50e5b1fffaa02_3.jpg
2.646,18K,yellow,64204,0.149,diamond,Twisted Glint Diamond Ring,50d2ptfiuaa02,"['https://www.tanishq.co.in/dw/image/v2/BKCK_PRD/on/demandware.static/-/Sites-Tanishq-product-catalog/default/dwf7eb9b82/images/hi-res/50D2PTFIUAA02_1.jpg', 'https://www.tanishq.co.in/dw/image/v2/BKCK_PRD/on/demandware.static/-/Sites-Tanishq-product-catalog/default/dwdefc00d0/images/hi-res/50D2PTFIUAA02_2.jpg', 'https://www.tanishq.co.in/dw/image/v2/BKCK_PRD/on/demandware.static/-/Sites-Tanishq-product-catalog/default/dw0e44500b/images/hi-res/50D2PTFIUAA02_3.jpg']",https://www.tanishq.co.in/product/twisted-glint-diamond-ring-50d2ptfiuaa02.html,True,,output/tanishq_images/uncategorized/50d2ptfiuaa02_1.jpg|output/tanishq_images/uncategorized/50d2ptfiuaa02_2.jpg|output/tanishq_images/uncategorized/50d2ptfiuaa02_3.jpg
3.423,22K,yellow,59823,,none,Bold Loop Gold Ring,51e5c1fbqaa00,"['https://www.tanishq.co.in/dw/image/v2/BKCK_PRD/on/demandware.static/-/Sites-Tanishq-product-catalog/default/dw2374bbc8/images/hi-res/51E5C1FBQAA00_1.jpg', 'https://www.tanishq.co.in/dw/image/v2/BKCK_PRD/on/demandware.static/-/Sites-Tanishq-product-catalog/default/dw50704fbd/images/hi-res/51E5C1FBQAA00_2.jpg', 'https://www.tanishq.co.in/dw/image/v2/BKCK_PRD/on/demandware.static/-/Sites-Tanishq-product-catalog/default/dw3c3296eb/images/hi-res/51E5C1FBQAA00_3.jpg']",https://www.tanishq.co.in/product/bold-loop-gold-ring-51e5c1fbqaa00.html,True,,output/tanishq_images/uncategorized/51e5c1fbqaa00_1.jpg|output/tanishq_images/uncategorized/51e5c1fbqaa00_2.jpg|output/tanishq_images/uncategorized/51e5c1fbqaa00_3.jpg
5.934,22K,yellow,104129,,none,Statement Ripple Gold Ring for Men,51g5c1fbeaa00,"['https://www.tanishq.co.in/dw/image/v2/BKCK_PRD/on/demandware.static/-/Sites-Tanishq-product-catalog/default/dw6f84d10e/images/hi-res/51G5C1FBEAA00_1.jpg', 'https://www.tanishq.co.in/dw/image/v2/BKCK_PRD/on/demandware.static/-/Sites-Tanishq-product-catalog/default/dwbba1543d/images/hi-res/51G5C1FBEAA00_2.jpg', 'https://www.tanishq.co.in/dw/image/v2/BKCK_PRD/on/demandware.static/-/Sites-Tanishq-product-catalog/default/dw362da68f/images/hi-res/51G5C1FBEAA00_3.jpg']",https://www.tanishq.co.in/product/statement-ripple-gold-ring-for-men-51g5c1fbeaa00.html,True,,output/tanishq_images/uncategorized/51g5c1fbeaa00_1.jpg|output/tanishq_images/uncategorized/51g5c1fbeaa00_2.jpg|output/tanishq_images/uncategorized/51g5c1fbeaa00_3.jpg
4.439,18K,yellow,123857,0.334,diamond,Bold Regal Diamond Finger Ring for Men,50g5b1fcuaa022jd000003,"['https://www.tanishq.co.in/dw/image/v2/BKCK_PRD/on/demandware.static/-/Sites-Tanishq-product-catalog/default/dwd145870f/images/hi-res/50G5B1FCUAA02_1.jpg?sw=640&sh=640', 'https://www.tanishq.co.in/dw/image/v2/BKCK_PRD/on/demandware.static/-/Sites-Tanishq-product-catalog/default/dw0c9d1c94/images/hi-res/50G5B1FCUAA02_2.jpg?sw=640&sh=640', 'https://www.tanishq.co.in/dw/image/v2/BKCK_PRD/on/demandware.static/-/Sites-Tanishq-product-catalog/default/dw69efeb9d/images/hi-res/50G5B1FCUAA02_3.jpg?sw=640&sh=640']",https://www.tanishq.co.in/product/bold-regal-diamond-finger-ring-for-men-50g5b1fcuaa02.html,True,,output/tanishq_images/uncategorized/50g5b1fcuaa022jd000003_1.jpg|output/tanishq_images/uncategorized/50g5b1fcuaa022jd000003_2.jpg|output/tanishq_images/uncategorized/50g5b1fcuaa022jd000003_3.jpg
3.265,18K,yellow,118430,0.4,diamond,Radiant Weave Diamond Finger Ring,50e5b1feilaa022jd000002,"['https://www.tanishq.co.in/dw/image/v2/BKCK_PRD/on/demandware.static/-/Sites-Tanishq-product-catalog/default/dwfbb1590b/images/hi-res/50E5B1FEIAA02_1.jpg?sw=640&sh=640', 'https://www.tanishq.co.in/dw/image/v2/BKCK_PRD/on/demandware.static/-/Sites-Tanishq-product-catalog/default/dwfccbbdd2/images/hi-res/50E5B1FEIAA02_2.jpg?sw=640&sh=640', 'https://www.tanishq.co.in/dw/image/v2/BKCK_PRD/on/demandware.static/-/Sites-Tanishq-product-catalog/default/dwa61fd80e/images/hi-res/50E5B1FEIAA02_3.jpg?sw=640&sh=640']",https://www.tanishq.co.in/product/radiant-weave-diamond-finger-ring-50e5b1feiaa02.html,True,,output/tanishq_images/uncategorized/50e5b1feilaa022jd000002_1.jpg|output/tanishq_images/uncategorized/50e5b1feilaa022jd000002_2.jpg|output/tanishq_images/uncategorized/50e5b1feilaa022jd000002_3.jpg
4.048,18K,yellow,82108,0.13,diamond,Vertical Groove Diamond Ring For Men,50g5c1fgtaa02,"['https://www.tanishq.co.in/dw/image/v2/BKCK_PRD/on/demandware.static/-/Sites-Tanishq-product-catalog/default/dw45e83a9f/images/hi-res/50G5C1FGTAA02_1.jpg', 'https://www.tanishq.co.in/dw/image/v2/BKCK_PRD/on/demandware.static/-/Sites-Tanishq-product-catalog/default/dw53ab8cdd/images/hi-res/50G5C1FGTAA02_2.jpg', 'https://www.tanishq.co.in/dw/image/v2/BKCK_PRD/on/demandware.static/-/Sites-Tanishq-product-catalog/default/dweb5b094b/images/hi-res/50G5C1FGTAA02_3.jpg']",https://www.tanishq.co.in/product/vertical-groove-diamond-ring-for-men-50g5c1fgtaa02.html,True,,output/tanishq_images/uncategorized/50g5c1fgtaa02_1.jpg|output/tanishq_images/uncategorized/50g5c1fgtaa02_2.jpg|output/tanishq_images/uncategorized/50g5c1fgtaa02_3.jpg
2.602,18K,Yellow,76124,0.215,diamond,Radiant Oval Diamond Ring,50e5c1faolaa022jd000057,"['https://www.tanishq.co.in/on/demandware.static/-/Sites-Tanishq-product-catalog/default/dwbf35fb83/images/hi-res/50E5C1FAOAA02_1.jpg', 'https://www.tanishq.co.in/dw/image/v2/BKCK_PRD/on/demandware.static/-/Sites-Tanishq-product-catalog/default/dw6c375a06/images/hi-res/50E5C1FAOAA02_2.jpg', 'https://www.tanishq.co.in/dw/image/v2/BKCK_PRD/on/demandware.static/-/Sites-Tanishq-product-catalog/default/dwae6a8042/images/hi-res/50E5C1FAOAA02_3.jpg']",https://www.tanishq.co.in/product/radiant-oval-diamond-ring-50e5c1faoaa02.html,True,,output/tanishq_images/uncategorized/50e5c1faolaa022jd000057_1.jpg|output/tanishq_images/uncategorized/50e5c1faolaa022jd000057_2.jpg|output/tanishq_images/uncategorized/50e5c1faolaa022jd000057_3.jpg
2.613,22K,Yellow,45481,,none,Angular Crest Gold Ring,51d5l2ffhlaa002ba000001,"['https://www.tanishq.co.in/dw/image/v2/BKCK_PRD/on/demandware.static/-/Sites-Tanishq-product-catalog/default/dwf2918bdd/images/hi-res/51D5L2FFHAA00_1.jpg?sw=640&sh=640', 'https://www.tanishq.co.in/dw/image/v2/BKCK_PRD/on/demandware.static/-/Sites-Tanishq-product-catalog/default/dw502faa8f/images/hi-res/51D5L2FFHAA00_2.jpg?sw=640&sh=640', 'https://www.tanishq.co.in/dw/image/v2/BKCK_PRD/on/demandware.static/-/Sites-Tanishq-product-catalog/default/dw024a1064/images/hi-res/51D5L2FFHAA00_3.jpg?sw=640&sh=640', 'https://www.tanishq.co.in/dw/image/v2/BKCK_PRD/on/demandware.static/-/Sites-Tanishq-product-catalog/default/dw9fda7a3b/images/hi-res/51D5L2FFHAA00_4.jpg?sw=640&sh=640']",https://www.tanishq.co.in/product/angular-crest-gold-ring-51d5l2ffhaa00.html,True,,output/tanishq_images/uncategorized/51d5l2ffhlaa002ba000001_1.jpg|output/tanishq_images/uncategorized/51d5l2ffhlaa002ba000001_2.jpg|output/tanishq_images/uncategorized/51d5l2ffhlaa002ba000001_3.jpg|output/tanishq_images/uncategorized/51d5l2ffhlaa002ba000001_4.jpg
3.401,22K,yellow,59197,,none,Twin Arc Gold Ring,51m4b1fkqaa00,"['https://www.tanishq.co.in/dw/image/v2/BKCK_PRD/on/demandware.static/-/Sites-Tanishq-product-catalog/default/dw1167351d/images/hi-res/51M4B1FKQAA00_1.jpg?sw=640&sh=640', 'https://www.tanishq.co.in/dw/image/v2/BKCK_PRD/on/demandware.static/-/Sites-Tanishq-product-catalog/default/dw529219e6/images/hi-res/51M4B1FKQAA00_2.jpg?sw=640&sh=640', 'https://www.tanishq.co.in/dw/image/v2/BKCK_PRD/on/demandware.static/-/Sites-Tanishq-product-catalog/default/dw33fb1634/images/hi-res/51M4B1FKQAA00_3.jpg?sw=640&sh=640']",https://www.tanishq.co.in/product/twin-arc-gold-ring-51m4b1fkqaa00.html,True,,output/tanishq_images/uncategorized/51m4b1fkqaa00_1.jpg|output/tanishq_images/uncategorized/51m4b1fkqaa00_2.jpg|output/tanishq_images/uncategorized/51m4b1fkqaa00_3.jpg
3.619,18K,yellow,125814,0.419,diamond,Infinite Spark Diamond Finger Ring,50e5b1fedaa02,"['https://www.tanishq.co.in/dw/image/v2/BKCK_PRD/on/demandware.static/-/Sites-Tanishq-product-catalog/default/dw006aaac1/images/hi-res/50E5B1FEDAA02_1.jpg', 'https://www.tanishq.co.in/dw/image/v2/BKCK_PRD/on/demandware.static/-/Sites-Tanishq-product-catalog/default/dw295a45a8/images/hi-res/50E5B1FEDAA02_2.jpg', 'https://www.tanishq.co.in/dw/image/v2/BKCK_PRD/on/demandware.static/-/Sites-Tanishq-product-catalog/default/dwbb74e4ce/images/hi-res/50E5B1FEDAA02_3.jpg']",https://www.tanishq.co.in/product/infinite-spark-diamond-finger-ring-50e5b1fedaa02.html,True,,output/tanishq_images/uncategorized/50e5b1fedaa02_1.jpg|output/tanishq_images/uncategorized/50e5b1fedaa02_2.jpg|output/tanishq_images/uncategorized/50e5b1fedaa02_3.jpg
6.397,18K,yellow,146203,0.313,diamond,Royal Majesty Diamond Finger Ring,50g3i1ficraa023ih000101,"['https://www.tanishq.co.in/dw/image/v2/BKCK_PRD/on/demandware.static/-/Sites-Tanishq-product-catalog/default/dwa04fe562/images/hi-res/50G3I1FICAA02_1.jpg', 'https://www.tanishq.co.in/dw/image/v2/BKCK_PRD/on/demandware.static/-/Sites-Tanishq-product-catalog/default/dw644b0a43/images/hi-res/50G3I1FICAA02_2.jpg', 'https://www.tanishq.co.in/dw/image/v2/BKCK_PRD/on/demandware.static/-/Sites-Tanishq-product-catalog/default/dw059bd85b/images/hi-res/50G3I1FICAA02_3.jpg']",https://www.tanishq.co.in/product/royal-majesty-diamond-finger-ring-50g3i1ficaa02.html,True,,output/tanishq_images/uncategorized/50g3i1ficraa023ih000101_1.jpg|output/tanishq_images/uncategorized/50g3i1ficraa023ih000101_2.jpg|output/tanishq_images/uncategorized/50g3i1ficraa023ih000101_3.jpg
2.018,18K,Rose,51478,0.13,diamond,Graceful Crown Diamond Ring,50e5c1fallaa022jd000006,"['https://www.tanishq.co.in/dw/image/v2/BKCK_PRD/on/demandware.static/-/Sites-Tanishq-product-catalog/default/dw1c18209e/images/hi-res/50E5C1FALAA02_1.jpg?sw=640&sh=640', 'https://www.tanishq.co.in/dw/image/v2/BKCK_PRD/on/demandware.static/-/Sites-Tanishq-product-catalog/default/dw15b396fc/images/hi-res/50E5C1FALAA02_2.jpg?sw=640&sh=640', 'https://www.tanishq.co.in/dw/image/v2/BKCK_PRD/on/demandware.static/-/Sites-Tanishq-product-catalog/default/dw792244e6/images/hi-res/50E5C1FALAA02_3.jpg?sw=640&sh=640']",https://www.tanishq.co.in/product/graceful-crown-diamond-ring-50e5c1falaa02.html,True,,output/tanishq_images/uncategorized/50e5c1fallaa022jd000006_1.jpg|output/tanishq_images/uncategorized/50e5c1fallaa022jd000006_2.jpg|output/tanishq_images/uncategorized/50e5c1fallaa022jd000006_3.jpg
3.444,22K,yellow,59946,,none,Ripple Twist Gold Ring,51m5i1faulaa002ja000030,"['https://www.tanishq.co.in/on/demandware.static/-/Sites-Tanishq-product-catalog/default/dwa9455499/images/hi-res/51M5I1FAUAA00_1.jpg', 'https://www.tanishq.co.in/on/demandware.static/-/Sites-Tanishq-product-catalog/default/dw287bccc0/images/hi-res/51M5I1FAUAA00_2.jpg', 'https://www.tanishq.co.in/on/demandware.static/-/Sites-Tanishq-product-catalog/default/dwefd1bf13/images/hi-res/51M5I1FAUAA00_3.jpg']",https://www.tanishq.co.in/product/ripple-twist-gold-ring-51m5i1fauaa00.html,True,,output/tanishq_images/uncategorized/51m5i1faulaa002ja000030_1.jpg|output/tanishq_images/uncategorized/51m5i1faulaa002ja000030_2.jpg|output/tanishq_images/uncategorized/51m5i1faulaa002ja000030_3.jpg
2.229,18K,yellow,66544,0.183,diamond,Marquise Majesty Diamond Ring,50d5b2fmclaa022jd000002,"['https://www.tanishq.co.in/dw/image/v2/BKCK_PRD/on/demandware.static/-/Sites-Tanishq-product-catalog/default/dw4b74f74f/images/hi-res/50D5B2FMCAA02_1.jpg?sw=640&sh=640', 'https://www.tanishq.co.in/dw/image/v2/BKCK_PRD/on/demandware.static/-/Sites-Tanishq-product-catalog/default/dw5a25184d/images/hi-res/50D5B2FMCAA02_2.jpg?sw=640&sh=640', 'https://www.tanishq.co.in/dw/image/v2/BKCK_PRD/on/demandware.static/-/Sites-Tanishq-product-catalog/default/dw579d2a9f/images/hi-res/50D5B2FMCAA02_3.jpg?sw=640&sh=640']",https://www.tanishq.co.in/product/marquise-majesty-diamond-ring-50d5b2fmcaa02.html,True,,output/tanishq_images/uncategorized/50d5b2fmclaa022jd000002_1.jpg|output/tanishq_images/uncategorized/50d5b2fmclaa022jd000002_2.jpg|output/tanishq_images/uncategorized/50d5b2fmclaa022jd000002_3.jpg
4.876,22K,yellow,85564,,none,Bold Square Gold Ring for Men,51g5c1fbcaa00,"['https://www.tanishq.co.in/dw/image/v2/BKCK_PRD/on/demandware.static/-/Sites-Tanishq-product-catalog/default/dwe9619896/images/hi-res/51G5C1FBCAA00_1.jpg', 'https://www.tanishq.co.in/dw/image/v2/BKCK_PRD/on/demandware.static/-/Sites-Tanishq-product-catalog/default/dw38855850/images/hi-res/51G5C1FBCAA00_2.jpg', 'https://www.tanishq.co.in/dw/image/v2/BKCK_PRD/on/demandware.static/-/Sites-Tanishq-product-catalog/default/dw706a96d3/images/hi-res/51G5C1FBCAA00_3.jpg']",https://www.tanishq.co.in/product/bold-square-gold-ring-for-men-51g5c1fbcaa00.html,True,,output/tanishq_images/uncategorized/51g5c1fbcaa00_1.jpg|output/tanishq_images/uncategorized/51g5c1fbcaa00_2.jpg|output/tanishq_images/uncategorized/51g5c1fbcaa00_3.jpg
2.955,18K,yellow,102795,0.33,diamond,Radiant Sunburst Diamond Finger Ring,50d5b1fbalaa022bd000022,"['https://www.tanishq.co.in/dw/image/v2/BKCK_PRD/on/demandware.static/-/Sites-Tanishq-product-catalog/default/dwf9df12d6/images/hi-res/50D5B1FBAAA02_1.jpg?sw=640&sh=640', 'https://www.tanishq.co.in/dw/image/v2/BKCK_PRD/on/demandware.static/-/Sites-Tanishq-product-catalog/default/dw4d4d546e/images/hi-res/50D5B1FBAAA02_2.jpg?sw=640&sh=640', 'https://www.tanishq.co.in/dw/image/v2/BKCK_PRD/on/demandware.static/-/Sites-Tanishq-product-catalog/default/dwa2066dcb/images/hi-res/50D5B1FBAAA02_3.jpg?sw=640&sh=640']",https://www.tanishq.co.in/product/radiant-sunburst-diamond-finger-ring-50d5b1fbaaa02.html,True,,output/tanishq_images/uncategorized/50d5b1fbalaa022bd000022_1.jpg|output/tanishq_images/uncategorized/50d5b1fbalaa022bd000022_2.jpg|output/tanishq_images/uncategorized/50d5b1fbalaa022bd000022_3.jpg
2.691,18K,yellow,81498,0.235,diamond,Flow Lines Diamond Ring,50d5b2flnaa02,"['https://www.tanishq.co.in/on/demandware.static/-/Sites-Tanishq-product-catalog/default/dw469edb5e/images/hi-res/50D5B2FLNAA02_1.jpg', 'https://www.tanishq.co.in/dw/image/v2/BKCK_PRD/on/demandware.static/-/Sites-Tanishq-product-catalog/default/dw822fb8ce/images/hi-res/50D5B2FLNAA02_2.jpg', 'https://www.tanishq.co.in/dw/image/v2/BKCK_PRD/on/demandware.static/-/Sites-Tanishq-product-catalog/default/dwcf8f419e/images/hi-res/50D5B2FLNAA02_3.jpg']",https://www.tanishq.co.in/product/flow-lines-diamond-ring-50d5b2flnaa02.html,True,,output/tanishq_images/uncategorized/50d5b2flnaa02_1.jpg|output/tanishq_images/uncategorized/50d5b2flnaa02_2.jpg|output/tanishq_images/uncategorized/50d5b2flnaa02_3.jpg
2.271,22K,yellow,39720,,gemstone,Graceful Arch Ruby Finger Ring,51d5b1fjgaa18,"['https://www.tanishq.co.in/dw/image/v2/BKCK_PRD/on/demandware.static/-/Sites-Tanishq-product-catalog/default/dw795f8994/images/hi-res/51D5B1FJGAA18_1.jpg?sw=640&sh=640', 'https://www.tanishq.co.in/dw/image/v2/BKCK_PRD/on/demandware.static/-/Sites-Tanishq-product-catalog/default/dwdccf52e2/images/hi-res/51D5B1FJGAA18_2.jpg?sw=640&sh=640', 'https://www.tanishq.co.in/dw/image/v2/BKCK_PRD/on/demandware.static/-/Sites-Tanishq-product-catalog/default/dwf77cb8e1/images/hi-res/51D5B1FJGAA18_3.jpg?sw=640&sh=640']",https://www.tanishq.co.in/product/graceful-arch-ruby-finger-ring-51d5b1fjgaa18.html,True,,output/tanishq_images/uncategorized/51d5b1fjgaa18_1.jpg|output/tanishq_images/uncategorized/51d5b1fjgaa18_2.jpg|output/tanishq_images/uncategorized/51d5b1fjgaa18_3.jpg
2.417,22K,yellow,42242,,none,Majestic Crown Gold Ring,51e5c1fdhlaa002jd000003,"['https://www.tanishq.co.in/on/demandware.static/-/Sites-Tanishq-product-catalog/default/dw7c7d3f19/images/hi-res/51E5C1FDHAA00_1.jpg', 'https://www.tanishq.co.in/dw/image/v2/BKCK_PRD/on/demandware.static/-/Sites-Tanishq-product-catalog/default/dwcccd0d35/images/hi-res/51E5C1FDHAA00_2.jpg', 'https://www.tanishq.co.in/dw/image/v2/BKCK_PRD/on/demandware.static/-/Sites-Tanishq-product-catalog/default/dwf85c07d5/images/hi-res/51E5C1FDHAA00_3.jpg']",https://www.tanishq.co.in/product/majestic-crown-gold-ring-51e5c1fdhaa00.html,True,,output/tanishq_images/uncategorized/51e5c1fdhlaa002jd000003_1.jpg|output/tanishq_images/uncategorized/51e5c1fdhlaa002jd000003_2.jpg|output/tanishq_images/uncategorized/51e5c1fdhlaa002jd000003_3.jpg
2.951,18K,yellow,94928,0.29,diamond,Trendy Mesh Diamond Finger Ring,50d5b2fhzlaa022jd000003,"['https://www.tanishq.co.in/dw/image/v2/BKCK_PRD/on/demandware.static/-/Sites-Tanishq-product-catalog/default/dwf607bd65/images/hi-res/50D5B2FHZAA02_1.jpg', 'https://www.tanishq.co.in/dw/image/v2/BKCK_PRD/on/demandware.static/-/Sites-Tanishq-product-catalog/default/dwe1f96ebd/images/hi-res/50D5B2FHZAA02_2.jpg', 'https://www.tanishq.co.in/dw/image/v2/BKCK_PRD/on/demandware.static/-/Sites-Tanishq-product-catalog/default/dw75c4b6af/images/hi-res/50D5B2FHZAA02_3.jpg']",https://www.tanishq.co.in/product/trendy-mesh-diamond-finger-ring-50d5b2fhzaa02.html,True,,output/tanishq_images/uncategorized/50d5b2fhzlaa022jd000003_1.jpg|output/tanishq_images/uncategorized/50d5b2fhzlaa022jd000003_2.jpg|output/tanishq_images/uncategorized/50d5b2fhzlaa022jd000003_3.jpg
4.198,18K,yellow,129077,0.262,diamond,Hexa Bold Diamond Ring for men,50g5b1fcaaa02,"['https://www.tanishq.co.in/dw/image/v2/BKCK_PRD/on/demandware.static/-/Sites-Tanishq-product-catalog/default/dw1950164a/images/hi-res/50G5B1FCAAA02_1.jpg', 'https://www.tanishq.co.in/dw/image/v2/BKCK_PRD/on/demandware.static/-/Sites-Tanishq-product-catalog/default/dw498aa798/images/hi-res/50G5B1FCAAA02_2.jpg', 'https://www.tanishq.co.in/dw/image/v2/BKCK_PRD/on/demandware.static/-/Sites-Tanishq-product-catalog/default/dwa2c9b67f/images/hi-res/50G5B1FCAAA02_3.jpg']",https://www.tanishq.co.in/product/hexa-bold-diamond-ring-for-men-50g5b1fcaaa02.html,True,,output/tanishq_images/uncategorized/50g5b1fcaaa02_1.jpg|output/tanishq_images/uncategorized/50g5b1fcaaa02_2.jpg|output/tanishq_images/uncategorized/50g5b1fcaaa02_3.jpg
5.858,18K,Yellow,125593,0.215,diamond,Starburst Spin Diamond Ring,50d5flfafaa32,"['https://www.tanishq.co.in/dw/image/v2/BKCK_PRD/on/demandware.static/-/Sites-Tanishq-product-catalog/default/dw30f78361/images/hi-res/50D5FLFAFAA32_1.jpg', 'https://www.tanishq.co.in/dw/image/v2/BKCK_PRD/on/demandware.static/-/Sites-Tanishq-product-catalog/default/dw4ed9ab7b/images/hi-res/50D5FLFAFAA32_2.jpg', 'https://www.tanishq.co.in/dw/image/v2/BKCK_PRD/on/demandware.static/-/Sites-Tanishq-product-catalog/default/dwbde17584/images/hi-res/50D5FLFAFAA32_3.jpg', 'https://www.tanishq.co.in/dw/image/v2/BKCK_PRD/on/demandware.static/-/Sites-Tanishq-product-catalog/default/dw5f47fb67/images/hi-res/50D5FLFAFAA32_4.jpg', 'https://www.tanishq.co.in/dw/image/v2/BKCK_PRD/on/demandware.static/-/Sites-Tanishq-product-catalog/default/dwd321127b/images/hi-res/50D5FLFAFAA32_5.jpg', 'https://www.tanishq.co.in/dw/image/v2/BKCK_PRD/on/demandware.static/-/Sites-Tanishq-product-catalog/default/dwe859bfac/images/hi-res/50D5FLFAFAA32_6.jpg']",https://www.tanishq.co.in/product/starburst-spin-diamond-ring-50d5flfafaa32.html,True,,output/tanishq_images/uncategorized/50d5flfafaa32_1.jpg|output/tanishq_images/uncategorized/50d5flfafaa32_2.jpg|output/tanishq_images/uncategorized/50d5flfafaa32_3.jpg|output/tanishq_images/uncategorized/50d5flfafaa32_4.jpg|output/tanishq_images/uncategorized/50d5flfafaa32_5.jpg|output/tanishq_images/uncategorized/50d5flfafaa32_6.jpg
5.347,22K,yellow,95044,,none,Spark Sequence Gold Ring,51m4c1fhjl4acz2ea000052,"['https://www.tanishq.co.in/dw/image/v2/BKCK_PRD/on/demandware.static/-/Sites-Tanishq-product-catalog/default/dwdf678b68/images/hi-res/51M4C1FHJ4ACZ_1.jpg', 'https://www.tanishq.co.in/dw/image/v2/BKCK_PRD/on/demandware.static/-/Sites-Tanishq-product-catalog/default/dwffb1dd2c/images/hi-res/51M4C1FHJ4ACZ_2.jpg', 'https://www.tanishq.co.in/dw/image/v2/BKCK_PRD/on/demandware.static/-/Sites-Tanishq-product-catalog/default/dw3d75f82f/images/hi-res/51M4C1FHJ4ACZ_3.jpg', 'https://www.tanishq.co.in/dw/image/v2/BKCK_PRD/on/demandware.static/-/Sites-Tanishq-product-catalog/default/dwd16c1243/images/hi-res/51M4C1FHJ4ACZ_4.jpg', 'https://www.tanishq.co.in/dw/image/v2/BKCK_PRD/on/demandware.static/-/Sites-Tanishq-product-catalog/default/dwf6ef651a/images/hi-res/51M4C1FHJ4ACZ_5.jpg', 'https://www.tanishq.co.in/dw/image/v2/BKCK_PRD/on/demandware.static/-/Sites-Tanishq-product-catalog/default/dw660e3cfb/images/hi-res/51M4C1FHJ4ACZ_6.jpg']",https://www.tanishq.co.in/product/spark-sequence-gold-ring-51m4c1fhj4acz.html,True,,output/tanishq_images/uncategorized/51m4c1fhjl4acz2ea000052_1.jpg|output/tanishq_images/uncategorized/51m4c1fhjl4acz2ea000052_2.jpg|output/tanishq_images/uncategorized/51m4c1fhjl4acz2ea000052_3.jpg|output/tanishq_images/uncategorized/51m4c1fhjl4acz2ea000052_4.jpg|output/tanishq_images/uncategorized/51m4c1fhjl4acz2ea000052_5.jpg|output/tanishq_images/uncategorized/51m4c1fhjl4acz2ea000052_6.jpg
1.8,22K,yellow,32609,,none,Sleek Textured Gold Ring,512822funaa00,"['https://www.tanishq.co.in/on/demandware.static/-/Sites-Tanishq-product-catalog/default/dwd9df9ef5/images/Mia/hi-res/2822FUN_1.jpg', 'https://www.tanishq.co.in/on/demandware.static/-/Sites-Tanishq-product-catalog/default/dwbfc19916/images/Mia/hi-res/2822FUN_2.jpg', 'https://www.tanishq.co.in/on/demandware.static/-/Sites-Tanishq-product-catalog/default/dw880d6f76/images/Mia/hi-res/2822FUN_3.jpg', 'https://www.tanishq.co.in/on/demandware.static/-/Sites-Tanishq-product-catalog/default/dwb51528d0/images/Mia/hi-res/2822FUN_4.jpg']",https://www.tanishq.co.in/product/sleek-textured-gold-ring-512822funaa00.html,True,,output/tanishq_images/uncategorized/512822funaa00_1.jpg|output/tanishq_images/uncategorized/512822funaa00_2.jpg|output/tanishq_images/uncategorized/512822funaa00_3.jpg|output/tanishq_images/uncategorized/512822funaa00_4.jpg
5.388,18K,yellow,91893,0.092,diamond,Divine Glow Diamond Ring,50f5gcfeclaa022jd000013,"['https://www.tanishq.co.in/dw/image/v2/BKCK_PRD/on/demandware.static/-/Sites-Tanishq-product-catalog/default/dw383f83a0/images/hi-res/50F5GCFECAA02_1.jpg?sw=640&sh=640', 'https://www.tanishq.co.in/dw/image/v2/BKCK_PRD/on/demandware.static/-/Sites-Tanishq-product-catalog/default/dwc882d56e/images/hi-res/50F5GCFECAA02_2.jpg?sw=640&sh=640', 'https://www.tanishq.co.in/dw/image/v2/BKCK_PRD/on/demandware.static/-/Sites-Tanishq-product-catalog/default/dw305f4b8d/images/hi-res/50F5GCFECAA02_3.jpg?sw=640&sh=640']",https://www.tanishq.co.in/product/divine-glow-diamond-ring-50f5gcfecaa02.html,True,,output/tanishq_images/uncategorized/50f5gcfeclaa022jd000013_1.jpg|output/tanishq_images/uncategorized/50f5gcfeclaa022jd000013_2.jpg|output/tanishq_images/uncategorized/50f5gcfeclaa022jd000013_3.jpg
2.63,18K,rose,78574,0.224,diamond,Twisted Floral Diamond Ring,50d5b2fmgaa02,"['https://www.tanishq.co.in/on/demandware.static/-/Sites-Tanishq-product-catalog/default/dw33bdb0ca/images/hi-res/50D5B2FMGAA02_1.jpg', 'https://www.tanishq.co.in/dw/image/v2/BKCK_PRD/on/demandware.static/-/Sites-Tanishq-product-catalog/default/dw0da474d2/images/hi-res/50D5B2FMGAA02_2.jpg', 'https://www.tanishq.co.in/dw/image/v2/BKCK_PRD/on/demandware.static/-/Sites-Tanishq-product-catalog/default/dw2e7bcb3a/images/hi-res/50D5B2FMGAA02_3.jpg']",https://www.tanishq.co.in/product/twisted-floral-diamond-ring-50d5b2fmgaa02.html,True,,output/tanishq_images/uncategorized/50d5b2fmgaa02_1.jpg|output/tanishq_images/uncategorized/50d5b2fmgaa02_2.jpg|output/tanishq_images/uncategorized/50d5b2fmgaa02_3.jpg
0.843,18K,yellow,12005,,none,Contemporary Wavy Gold Ring,500784fkafaa002ja001270,"['https://www.tanishq.co.in/on/demandware.static/-/Sites-Tanishq-product-catalog/default/dwd3dde6e8/images/hi-res/500784FKAAA00_1.jpg', 'https://www.tanishq.co.in/dw/image/v2/BKCK_PRD/on/demandware.static/-/Sites-Tanishq-product-catalog/default/dwd3dde6e8/images/hi-res/500784FKAAA00_1.jpg', 'https://www.tanishq.co.in/dw/image/v2/BKCK_PRD/on/demandware.static/-/Sites-Tanishq-product-catalog/default/dw9fe84d62/images/hi-res/500784FKAAA00_2.jpg', 'https://www.tanishq.co.in/dw/image/v2/BKCK_PRD/on/demandware.static/-/Sites-Tanishq-product-catalog/default/dw4b2ee951/images/hi-res/500784FKAAA00_3.jpg']",https://www.tanishq.co.in/product/contemporary-wavy-gold-ring-500784fkaaa00.html,True,,output/tanishq_images/uncategorized/500784fkafaa002ja001270_1.jpg|output/tanishq_images/uncategorized/500784fkafaa002ja001270_2.jpg|output/tanishq_images/uncategorized/500784fkafaa002ja001270_3.jpg|output/tanishq_images/uncategorized/500784fkafaa002ja001270_4.jpg
2.78,18K,yellow,85645,0.315,diamond,Brilliance Burst Diamond Ring,50d5v2ffyaa29,"['https://www.tanishq.co.in/dw/image/v2/BKCK_PRD/on/demandware.static/-/Sites-Tanishq-product-catalog/default/dw344fdc66/images/hi-res/50D5V2FFYAA29_1.jpg', 'https://www.tanishq.co.in/dw/image/v2/BKCK_PRD/on/demandware.static/-/Sites-Tanishq-product-catalog/default/dwa8d95b7b/images/hi-res/50D5V2FFYAA29_2.jpg', 'https://www.tanishq.co.in/dw/image/v2/BKCK_PRD/on/demandware.static/-/Sites-Tanishq-product-catalog/default/dwc1ef4216/images/hi-res/50D5V2FFYAA29_3.jpg', 'https://www.tanishq.co.in/dw/image/v2/BKCK_PRD/on/demandware.static/-/Sites-Tanishq-product-catalog/default/dw9a65903d/images/hi-res/50D5V2FFYAA29_4.jpg']",https://www.tanishq.co.in/product/brilliance-burst-diamond-ring-50d5v2ffyaa29.html,True,,output/tanishq_images/uncategorized/50d5v2ffyaa29_1.jpg|output/tanishq_images/uncategorized/50d5v2ffyaa29_2.jpg|output/tanishq_images/uncategorized/50d5v2ffyaa29_3.jpg|output/tanishq_images/uncategorized/50d5v2ffyaa29_4.jpg
2.088,18K,yellow,76084,0.245,diamond,Aerial Poise Diamond Ring,50d5wmfamlaa322bd000010,"['https://www.tanishq.co.in/dw/image/v2/BKCK_PRD/on/demandware.static/-/Sites-Tanishq-product-catalog/default/dwb904b65b/images/hi-res/50D5WMFAMAA32_1.jpg', 'https://www.tanishq.co.in/dw/image/v2/BKCK_PRD/on/demandware.static/-/Sites-Tanishq-product-catalog/default/dw89c4167b/images/hi-res/50D5WMFAMAA32_2.jpg', 'https://www.tanishq.co.in/dw/image/v2/BKCK_PRD/on/demandware.static/-/Sites-Tanishq-product-catalog/default/dweaa17fe4/images/hi-res/50D5WMFAMAA32_3.jpg', 'https://www.tanishq.co.in/dw/image/v2/BKCK_PRD/on/demandware.static/-/Sites-Tanishq-product-catalog/default/dw9b3a0196/images/hi-res/50D5WMFAMAA32_4.jpg']",https://www.tanishq.co.in/product/aerial-poise-diamond-ring-50d5wmfamaa32.html,True,,output/tanishq_images/uncategorized/50d5wmfamlaa322bd000010_1.jpg|output/tanishq_images/uncategorized/50d5wmfamlaa322bd000010_2.jpg|output/tanishq_images/uncategorized/50d5wmfamlaa322bd000010_3.jpg|output/tanishq_images/uncategorized/50d5wmfamlaa322bd000010_4.jpg
3.949,22K,yellow,69016,,none,Delicate Flower Gold Ring,51e5c1fcmlaa002jd000047,"['https://www.tanishq.co.in/dw/image/v2/BKCK_PRD/on/demandware.static/-/Sites-Tanishq-product-catalog/default/dw92041a14/images/hi-res/51E5C1FCMAA00_1.jpg?sw=640&sh=640', 'https://www.tanishq.co.in/dw/image/v2/BKCK_PRD/on/demandware.static/-/Sites-Tanishq-product-catalog/default/dw5735a403/images/hi-res/51E5C1FCMAA00_2.jpg?sw=640&sh=640', 'https://www.tanishq.co.in/dw/image/v2/BKCK_PRD/on/demandware.static/-/Sites-Tanishq-product-catalog/default/dw8d5072ce/images/hi-res/51E5C1FCMAA00_3.jpg?sw=640&sh=640']",https://www.tanishq.co.in/product/delicate-flower-gold-ring-51e5c1fcmaa00.html,True,,output/tanishq_images/uncategorized/51e5c1fcmlaa002jd000047_1.jpg|output/tanishq_images/uncategorized/51e5c1fcmlaa002jd000047_2.jpg|output/tanishq_images/uncategorized/51e5c1fcmlaa002jd000047_3.jpg
5.456,22K,yellow,93222,,none,Entwined Elegance Finger Ring,51m3ptfieaa002ee000227,"['https://www.tanishq.co.in/on/demandware.static/-/Sites-Tanishq-product-catalog/default/dw2e81e8ae/images/hi-res/51M3PTFIEAA00_1.jpg', 'https://www.tanishq.co.in/dw/image/v2/BKCK_PRD/on/demandware.static/-/Sites-Tanishq-product-catalog/default/dw2494381d/images/hi-res/51M3PTFIEAA00_2.jpg', 'https://www.tanishq.co.in/dw/image/v2/BKCK_PRD/on/demandware.static/-/Sites-Tanishq-product-catalog/default/dwd4c5bece/images/hi-res/51M3PTFIEAA00_3.jpg']",https://www.tanishq.co.in/product/entwined-elegance-finger-ring-51m3ptfieaa00.html,True,,output/tanishq_images/uncategorized/51m3ptfieaa002ee000227_1.jpg|output/tanishq_images/uncategorized/51m3ptfieaa002ee000227_2.jpg|output/tanishq_images/uncategorized/51m3ptfieaa002ee000227_3.jpg
1.484,18K,yellow,21651,,none,Breezy Bloom Gold Ring,50d5pafhinaa002ea000005,"['https://www.tanishq.co.in/dw/image/v2/BKCK_PRD/on/demandware.static/-/Sites-Tanishq-product-catalog/default/dw7fcedb45/images/hi-res/50D5PAFHIAA00_1.jpg', 'https://www.tanishq.co.in/dw/image/v2/BKCK_PRD/on/demandware.static/-/Sites-Tanishq-product-catalog/default/dw27663a79/images/hi-res/50D5PAFHIAA00_2.jpg', 'https://www.tanishq.co.in/dw/image/v2/BKCK_PRD/on/demandware.static/-/Sites-Tanishq-product-catalog/default/dwe2ef0ac3/images/hi-res/50D5PAFHIAA00_3.jpg']",https://www.tanishq.co.in/product/breezy-bloom-gold-ring-50d5pafhiaa00.html,True,,output/tanishq_images/uncategorized/50d5pafhinaa002ea000005_1.jpg|output/tanishq_images/uncategorized/50d5pafhinaa002ea000005_2.jpg|output/tanishq_images/uncategorized/50d5pafhinaa002ea000005_3.jpg
6.913,22K,yellow,124747,,none,Nautical Glory Gold Ring For Men,51g5amfcraa00,"['https://www.tanishq.co.in/dw/image/v2/BKCK_PRD/on/demandware.static/-/Sites-Tanishq-product-catalog/default/dw4fa3c600/images/hi-res/51G5AMFCRAA00_1.jpg?sw=640&sh=640', 'https://www.tanishq.co.in/dw/image/v2/BKCK_PRD/on/demandware.static/-/Sites-Tanishq-product-catalog/default/dw7a49f062/images/hi-res/51G5AMFCRAA00_2.jpg?sw=640&sh=640', 'https://www.tanishq.co.in/dw/image/v2/BKCK_PRD/on/demandware.static/-/Sites-Tanishq-product-catalog/default/dw3863f1d6/images/hi-res/51G5AMFCRAA00_3.jpg?sw=640&sh=640']",https://www.tanishq.co.in/product/nautical-glory-gold-ring-for-men-51g5amfcraa00.html,True,,output/tanishq_images/uncategorized/51g5amfcraa00_1.jpg|output/tanishq_images/uncategorized/51g5amfcraa00_2.jpg|output/tanishq_images/uncategorized/51g5amfcraa00_3.jpg
2.664,18K,yellow,59178,0.117,diamond,Sparkling Radiance Diamond Ring,50d5h2fqdaa02,"['https://www.tanishq.co.in/dw/image/v2/BKCK_PRD/on/demandware.static/-/Sites-Tanishq-product-catalog/default/dwef75990d/images/hi-res/50D5H2FQDAA02_1.jpg', 'https://www.tanishq.co.in/dw/image/v2/BKCK_PRD/on/demandware.static/-/Sites-Tanishq-product-catalog/default/dw78d88138/images/hi-res/50D5H2FQDAA02_2.jpg', 'https://www.tanishq.co.in/dw/image/v2/BKCK_PRD/on/demandware.static/-/Sites-Tanishq-product-catalog/default/dwcf7f6a3f/images/hi-res/50D5H2FQDAA02_3.jpg']",https://www.tanishq.co.in/product/sparkling-radiance-diamond-ring-50d5h2fqdaa02.html,True,,output/tanishq_images/uncategorized/50d5h2fqdaa02_1.jpg|output/tanishq_images/uncategorized/50d5h2fqdaa02_2.jpg|output/tanishq_images/uncategorized/50d5h2fqdaa02_3.jpg
2.797,22K,yellow,48883,,none,Chevron Vanki Gold Ring,51e5c1fcdaa00,"['https://www.tanishq.co.in/on/demandware.static/-/Sites-Tanishq-product-catalog/default/dwf635626f/images/hi-res/51E5C1FCDAA00_1.jpg', 'https://www.tanishq.co.in/dw/image/v2/BKCK_PRD/on/demandware.static/-/Sites-Tanishq-product-catalog/default/dw04e6da6e/images/hi-res/51E5C1FCDAA00_2.jpg', 'https://www.tanishq.co.in/dw/image/v2/BKCK_PRD/on/demandware.static/-/Sites-Tanishq-product-catalog/default/dw97c8ad40/images/hi-res/51E5C1FCDAA00_3.jpg']",https://www.tanishq.co.in/product/chevron-vanki-gold-ring-51e5c1fcdaa00.html,True,,output/tanishq_images/uncategorized/51e5c1fcdaa00_1.jpg|output/tanishq_images/uncategorized/51e5c1fcdaa00_2.jpg|output/tanishq_images/uncategorized/51e5c1fcdaa00_3.jpg
3.125,18K,yellow,107442,0.409,diamond,Spiral Triangular Gold & Diamond Ring,503024fhfaa09,"['https://www.tanishq.co.in/dw/image/v2/BKCK_PRD/on/demandware.static/-/Sites-Tanishq-product-catalog/default/dw26d1f5e3/images/Mia/hi-res/3024FHF.jpg?sw=640&sh=640', 'https://www.tanishq.co.in/dw/image/v2/BKCK_PRD/on/demandware.static/-/Sites-Tanishq-product-catalog/default/dw2862c865/images/Mia/hi-res/3024FHF_2.jpg?sw=640&sh=640', 'https://www.tanishq.co.in/dw/image/v2/BKCK_PRD/on/demandware.static/-/Sites-Tanishq-product-catalog/default/dwbb95623d/images/Mia/hi-res/3024FHF_3.jpg?sw=640&sh=640']",https://www.tanishq.co.in/product/spiral-triangular-gold-and-diamond-ring-503024fhfaa09.html,True,,output/tanishq_images/uncategorized/503024fhfaa09_1.jpg|output/tanishq_images/uncategorized/503024fhfaa09_2.jpg|output/tanishq_images/uncategorized/503024fhfaa09_3.jpg
2.041,18K,yellow,57033,0.15,diamond,Celestial Bloom Diamond Ring,50d5dtfaumaa022jd000017,"['https://www.tanishq.co.in/dw/image/v2/BKCK_PRD/on/demandware.static/-/Sites-Tanishq-product-catalog/default/dwc1592bad/images/hi-res/50D5DTFAUAA02_1.jpg', 'https://www.tanishq.co.in/dw/image/v2/BKCK_PRD/on/demandware.static/-/Sites-Tanishq-product-catalog/default/dwcdd7c462/images/hi-res/50D5DTFAUAA02_2.jpg', 'https://www.tanishq.co.in/dw/image/v2/BKCK_PRD/on/demandware.static/-/Sites-Tanishq-product-catalog/default/dweb0e4871/images/hi-res/50D5DTFAUAA02_3.jpg']",https://www.tanishq.co.in/product/celestial-bloom-diamond-ring-50d5dtfauaa02.html,True,,output/tanishq_images/uncategorized/50d5dtfaumaa022jd000017_1.jpg|output/tanishq_images/uncategorized/50d5dtfaumaa022jd000017_2.jpg|output/tanishq_images/uncategorized/50d5dtfaumaa022jd000017_3.jpg
1.906,22K,yellow,30738,,none,Leaf Rhythm Gold Ring,51d6m1flzaa00,"['https://www.tanishq.co.in/dw/image/v2/BKCK_PRD/on/demandware.static/-/Sites-Tanishq-product-catalog/default/dw1dd10b2a/images/hi-res/51D6M1FLZAA00_1.jpg', 'https://www.tanishq.co.in/dw/image/v2/BKCK_PRD/on/demandware.static/-/Sites-Tanishq-product-catalog/default/dw3ad22521/images/hi-res/51D6M1FLZAA00_2.jpg', 'https://www.tanishq.co.in/dw/image/v2/BKCK_PRD/on/demandware.static/-/Sites-Tanishq-product-catalog/default/dwf35316a8/images/hi-res/51D6M1FLZAA00_3.jpg', 'https://www.tanishq.co.in/dw/image/v2/BKCK_PRD/on/demandware.static/-/Sites-Tanishq-product-catalog/default/dwa7f40f33/images/hi-res/51D6M1FMNAA00_4.jpg']",https://www.tanishq.co.in/product/leaf-rhythm-gold-ring-51d6m1flzaa00.html,True,,output/tanishq_images/uncategorized/51d6m1flzaa00_1.jpg|output/tanishq_images/uncategorized/51d6m1flzaa00_2.jpg|output/tanishq_images/uncategorized/51d6m1flzaa00_3.jpg|output/tanishq_images/uncategorized/51d6m1flzaa00_4.jpg
2.06,18K,Yellow,75323,0.247,diamond,Lattice Luxe Diamond Ring,50d5v2fxilaa022jd000024,"['https://www.tanishq.co.in/on/demandware.static/-/Sites-Tanishq-product-catalog/default/dw617915d0/images/hi-res/50D5V2FXIAA02_1.jpg', 'https://www.tanishq.co.in/on/demandware.static/-/Sites-Tanishq-product-catalog/default/dw5476e02e/images/hi-res/50D5V2FXIAA02_2.jpg', 'https://www.tanishq.co.in/on/demandware.static/-/Sites-Tanishq-product-catalog/default/dw6a86f996/images/hi-res/50D5V2FXIAA02_3.jpg']",https://www.tanishq.co.in/product/lattice-luxe-diamond-ring-50d5v2fxiaa02.html,True,,output/tanishq_images/uncategorized/50d5v2fxilaa022jd000024_1.jpg|output/tanishq_images/uncategorized/50d5v2fxilaa022jd000024_2.jpg|output/tanishq_images/uncategorized/50d5v2fxilaa022jd000024_3.jpg
3.309,18K,yellow,342801,0.51,diamond,Sparkling Swirl Solitaire Finger Ring,sls3a1fapan74,"['https://www.tanishq.co.in/dw/image/v2/BKCK_PRD/on/demandware.static/-/Sites-Tanishq-product-catalog/default/dw95f04980/images/hi-res/SLS3A1FAPAN74_1.jpg', 'https://www.tanishq.co.in/dw/image/v2/BKCK_PRD/on/demandware.static/-/Sites-Tanishq-product-catalog/default/dw53ebe934/images/hi-res/SLS3A1FAPAN74_2.jpg', 'https://www.tanishq.co.in/dw/image/v2/BKCK_PRD/on/demandware.static/-/Sites-Tanishq-product-catalog/default/dwb13a0b5f/images/hi-res/SLS3A1FAPAN74_3.jpg', 'https://www.tanishq.co.in/dw/image/v2/BKCK_PRD/on/demandware.static/-/Sites-Tanishq-product-catalog/default/dwd1dd4b37/images/hi-res/SLS3A1FAPAN74_4.jpg']",https://www.tanishq.co.in/product/sparkling-swirl-solitaire-finger-ring-sls3a1fapan74.html,True,,output/tanishq_images/uncategorized/sls3a1fapan74_1.jpg|output/tanishq_images/uncategorized/sls3a1fapan74_2.jpg|output/tanishq_images/uncategorized/sls3a1fapan74_3.jpg|output/tanishq_images/uncategorized/sls3a1fapan74_4.jpg
2.88,18K,rose,49986,0.053,diamond,Marvel Vanki Diamond Finger Ring,50d3plfujlaa022jd000012,"['https://www.tanishq.co.in/dw/image/v2/BKCK_PRD/on/demandware.static/-/Sites-Tanishq-product-catalog/default/dw0736104b/images/hi-res/50D3PLFUJAA02_1.jpg?sw=640&sh=640', 'https://www.tanishq.co.in/dw/image/v2/BKCK_PRD/on/demandware.static/-/Sites-Tanishq-product-catalog/default/dwe2511842/images/hi-res/50D3PLFUJAA02_2.jpg?sw=640&sh=640', 'https://www.tanishq.co.in/dw/image/v2/BKCK_PRD/on/demandware.static/-/Sites-Tanishq-product-catalog/default/dwc81933a3/images/hi-res/50D3PLFUJAA02_3.jpg?sw=640&sh=640', 'https://www.tanishq.co.in/dw/image/v2/BKCK_PRD/on/demandware.static/-/Sites-Tanishq-product-catalog/default/dwe2c6cee7/images/hi-res/50D3PLFUJAA02_4.jpg?sw=640&sh=640']",https://www.tanishq.co.in/product/marvel-vanki-diamond-finger-ring-50d3plfujaa02.html,True,,output/tanishq_images/uncategorized/50d3plfujlaa022jd000012_1.jpg|output/tanishq_images/uncategorized/50d3plfujlaa022jd000012_2.jpg|output/tanishq_images/uncategorized/50d3plfujlaa022jd000012_3.jpg|output/tanishq_images/uncategorized/50d3plfujlaa022jd000012_4.jpg
1.686,18K,yellow,39613,0.085,diamond,Chic Entwine Diamond Finger Ring,50d5b2fylaa02,"['https://www.tanishq.co.in/dw/image/v2/BKCK_PRD/on/demandware.static/-/Sites-Tanishq-product-catalog/default/dwe3347f25/images/hi-res/50D5B2FYLAA02_1.jpg?sw=640&sh=640', 'https://www.tanishq.co.in/dw/image/v2/BKCK_PRD/on/demandware.static/-/Sites-Tanishq-product-catalog/default/dw9493a001/images/hi-res/50D5B2FYLAA02_2.jpg?sw=640&sh=640', 'https://www.tanishq.co.in/dw/image/v2/BKCK_PRD/on/demandware.static/-/Sites-Tanishq-product-catalog/default/dw7212f6c9/images/hi-res/50D5B2FYLAA02_3.jpg?sw=640&sh=640']",https://www.tanishq.co.in/product/chic-entwine-diamond-finger-ring-50d5b2fylaa02.html,True,,output/tanishq_images/uncategorized/50d5b2fylaa02_1.jpg|output/tanishq_images/uncategorized/50d5b2fylaa02_2.jpg|output/tanishq_images/uncategorized/50d5b2fylaa02_3.jpg
5.151,22K,yellow,89657,,none,Auspicious 22 Karat Gold Finger Ring,512d18fbkaa00,"['https://www.tanishq.co.in/dw/image/v2/BKCK_PRD/on/demandware.static/-/Sites-Tanishq-product-catalog/default/dwb01c318a/images/hi-res/512D18FBKAA00_1.jpg', 'https://www.tanishq.co.in/dw/image/v2/BKCK_PRD/on/demandware.static/-/Sites-Tanishq-product-catalog/default/dw54aa46b1/images/hi-res/512D18FBKAA00_2.jpg', 'https://www.tanishq.co.in/dw/image/v2/BKCK_PRD/on/demandware.static/-/Sites-Tanishq-product-catalog/default/dwfb9c304c/images/hi-res/512D18FBKAA00_3.jpg']",https://www.tanishq.co.in/product/auspicious-22-karat-gold-finger-ring-512d18fbkaa00.html,True,,output/tanishq_images/uncategorized/512d18fbkaa00_1.jpg|output/tanishq_images/uncategorized/512d18fbkaa00_2.jpg|output/tanishq_images/uncategorized/512d18fbkaa00_3.jpg
2.87,18K,rose,93112,0.291,diamond,Radiant Aura Diamond Ring,50e5b1fccaa02,"['https://www.tanishq.co.in/dw/image/v2/BKCK_PRD/on/demandware.static/-/Sites-Tanishq-product-catalog/default/dw45d668c8/images/hi-res/50E5B1FCCAA02_1.jpg', 'https://www.tanishq.co.in/dw/image/v2/BKCK_PRD/on/demandware.static/-/Sites-Tanishq-product-catalog/default/dw836119b6/images/hi-res/50E5B1FCCAA02_2.jpg', 'https://www.tanishq.co.in/dw/image/v2/BKCK_PRD/on/demandware.static/-/Sites-Tanishq-product-catalog/default/dwf87c5f01/images/hi-res/50E5B1FCCAA02_3.jpg']",https://www.tanishq.co.in/product/radiant-aura-diamond-ring-50e5b1fccaa02.html,True,,output/tanishq_images/uncategorized/50e5b1fccaa02_1.jpg|output/tanishq_images/uncategorized/50e5b1fccaa02_2.jpg|output/tanishq_images/uncategorized/50e5b1fccaa02_3.jpg
5.554,22K,yellow,98645,,none,Artistic Layered Ring,51d4mpfccaa00,"['https://www.tanishq.co.in/dw/image/v2/BKCK_PRD/on/demandware.static/-/Sites-Tanishq-product-catalog/default/dw8bf2fccf/images/hi-res/51D4MPFCCAA00_1.jpg', 'https://www.tanishq.co.in/dw/image/v2/BKCK_PRD/on/demandware.static/-/Sites-Tanishq-product-catalog/default/dwcb37587c/images/hi-res/51D4MPFCCAA00_2.jpg', 'https://www.tanishq.co.in/dw/image/v2/BKCK_PRD/on/demandware.static/-/Sites-Tanishq-product-catalog/default/dw6d78b105/images/hi-res/51D4MPFCCAA00_3.jpg']",https://www.tanishq.co.in/product/artistic-layered-ring-51d4mpfccaa00.html,True,,output/tanishq_images/uncategorized/51d4mpfccaa00_1.jpg|output/tanishq_images/uncategorized/51d4mpfccaa00_2.jpg|output/tanishq_images/uncategorized/51d4mpfccaa00_3.jpg
4.606,22K,yellow,78208,,none,Swasthik Engraved Gold Finger Ring For Men,51f1kpfpqaa00,"['https://www.tanishq.co.in/dw/image/v2/BKCK_PRD/on/demandware.static/-/Sites-Tanishq-product-catalog/default/dw76e645e1/images/hi-res/51F1KPFPQAA00_1.jpg', 'https://www.tanishq.co.in/dw/image/v2/BKCK_PRD/on/demandware.static/-/Sites-Tanishq-product-catalog/default/dw6874e6f9/images/hi-res/51F1KPFPQAA00_2.jpg', 'https://www.tanishq.co.in/dw/image/v2/BKCK_PRD/on/demandware.static/-/Sites-Tanishq-product-catalog/default/dwee510fac/images/hi-res/51F1KPFPQAA00_3.jpg']",https://www.tanishq.co.in/product/swasthik-engraved-gold-finger-ring-for-men-51f1kpfpqaa00.html,True,,output/tanishq_images/uncategorized/51f1kpfpqaa00_1.jpg|output/tanishq_images/uncategorized/51f1kpfpqaa00_2.jpg|output/tanishq_images/uncategorized/51f1kpfpqaa00_3.jpg
3.5,18K,yellow,50210,,none,Interlace Flow Gold Ring,50m5b1fdgam00,"['https://www.tanishq.co.in/dw/image/v2/BKCK_PRD/on/demandware.static/-/Sites-Tanishq-product-catalog/default/dw105f8241/images/hi-res/50M5B1FDGAM00_1.jpg', 'https://www.tanishq.co.in/dw/image/v2/BKCK_PRD/on/demandware.static/-/Sites-Tanishq-product-catalog/default/dweb680b57/images/hi-res/50M5B1FDGAM00_2.jpg', 'https://www.tanishq.co.in/dw/image/v2/BKCK_PRD/on/demandware.static/-/Sites-Tanishq-product-catalog/default/dwe4ae9bf0/images/hi-res/50M5B1FDGAM00_3.jpg']",https://www.tanishq.co.in/product/interlace-flow-gold-ring-50m5b1fdgam00.html,True,,output/tanishq_images/uncategorized/50m5b1fdgam00_1.jpg|output/tanishq_images/uncategorized/50m5b1fdgam00_2.jpg|output/tanishq_images/uncategorized/50m5b1fdgam00_3.jpg
2.079,18K,White and Rose,83780,0.265,diamond,Romantic Swirl Diamond Ring,50e5plffiaa02,"['https://www.tanishq.co.in/on/demandware.static/-/Sites-Tanishq-product-catalog/default/dwa75829fe/images/hi-res/50E5PLFFIAA02_1.jpg', 'https://www.tanishq.co.in/on/demandware.static/-/Sites-Tanishq-product-catalog/default/dwac2099ed/images/hi-res/50E5PLFFIAA02_2.jpg', 'https://www.tanishq.co.in/on/demandware.static/-/Sites-Tanishq-product-catalog/default/dwf1ccf74a/images/hi-res/50E5PLFFIAA02_3.jpg']",https://www.tanishq.co.in/product/romantic-swirl-diamond--ring-50e5plffiaa02.html,True,,output/tanishq_images/uncategorized/50e5plffiaa02_1.jpg|output/tanishq_images/uncategorized/50e5plffiaa02_2.jpg|output/tanishq_images/uncategorized/50e5plffiaa02_3.jpg
1.459,18K,rose,31728,0.07,diamond,Triangle Lattice Diamond Ring,50d2ptfxblaa092jd001289,"['https://www.tanishq.co.in/dw/image/v2/BKCK_PRD/on/demandware.static/-/Sites-Tanishq-product-catalog/default/dw1bad3be1/images/hi-res/50D2PTFXBAA09_1.jpg?sw=640&sh=640', 'https://www.tanishq.co.in/dw/image/v2/BKCK_PRD/on/demandware.static/-/Sites-Tanishq-product-catalog/default/dw94b46ea2/images/hi-res/50D2PTFXBAA09_2.jpg?sw=640&sh=640', 'https://www.tanishq.co.in/dw/image/v2/BKCK_PRD/on/demandware.static/-/Sites-Tanishq-product-catalog/default/dw92a27d1e/images/hi-res/50D2PTFXBAA09_3.jpg?sw=640&sh=640']",https://www.tanishq.co.in/product/triangle-lattice-diamond-ring-50d2ptfxbaa09.html,True,,output/tanishq_images/uncategorized/50d2ptfxblaa092jd001289_1.jpg|output/tanishq_images/uncategorized/50d2ptfxblaa092jd001289_2.jpg|output/tanishq_images/uncategorized/50d2ptfxblaa092jd001289_3.jpg
7.086,18K,yellow,110913,0.06,diamond,Contemporary Etched Diamond Ring For Men,50g5amfdsaa04,"['https://www.tanishq.co.in/dw/image/v2/BKCK_PRD/on/demandware.static/-/Sites-Tanishq-product-catalog/default/dw54bba2ea/images/hi-res/50G5AMFDSAA04_1.jpg?sw=640&sh=640', 'https://www.tanishq.co.in/dw/image/v2/BKCK_PRD/on/demandware.static/-/Sites-Tanishq-product-catalog/default/dwf6391baf/images/hi-res/50G5AMFDSAA04_2.jpg?sw=640&sh=640', 'https://www.tanishq.co.in/dw/image/v2/BKCK_PRD/on/demandware.static/-/Sites-Tanishq-product-catalog/default/dw6a601d41/images/hi-res/50G5AMFDSAA04_3.jpg?sw=640&sh=640']",https://www.tanishq.co.in/product/contemporary-etched-diamond-ring-for-men-50g5amfdsaa04.html,True,,output/tanishq_images/uncategorized/50g5amfdsaa04_1.jpg|output/tanishq_images/uncategorized/50g5amfdsaa04_2.jpg|output/tanishq_images/uncategorized/50g5amfdsaa04_3.jpg
2.582,18K,rose,83360,0.26,diamond,Whispering Leaves Diamond Ring,50d5v2fbhaa02,"['https://www.tanishq.co.in/dw/image/v2/BKCK_PRD/on/demandware.static/-/Sites-Tanishq-product-catalog/default/dw62392005/images/hi-res/50D5V2FBHAA02_1.jpg', 'https://www.tanishq.co.in/dw/image/v2/BKCK_PRD/on/demandware.static/-/Sites-Tanishq-product-catalog/default/dwdebcb592/images/hi-res/50D5V2FBHAA02_2.jpg', 'https://www.tanishq.co.in/dw/image/v2/BKCK_PRD/on/demandware.static/-/Sites-Tanishq-product-catalog/default/dw36f32ce6/images/hi-res/50D5V2FBHAA02_3.jpg']",https://www.tanishq.co.in/product/whispering-leaves-diamond-ring-50d5v2fbhaa02.html,True,,output/tanishq_images/uncategorized/50d5v2fbhaa02_1.jpg|output/tanishq_images/uncategorized/50d5v2fbhaa02_2.jpg|output/tanishq_images/uncategorized/50d5v2fbhaa02_3.jpg
5.109,18K,yellow,108887,0.197,diamond,Cluster Statement Diamond Ring For Men,50g5c1ffjraa022jd000045,"['https://www.tanishq.co.in/on/demandware.static/-/Sites-Tanishq-product-catalog/default/dwc3a6ca51/images/hi-res/50G5C1FFJAA02_1.jpg', 'https://www.tanishq.co.in/dw/image/v2/BKCK_PRD/on/demandware.static/-/Sites-Tanishq-product-catalog/default/dwea007a4e/images/hi-res/50G5C1FFJAA02_2.jpg', 'https://www.tanishq.co.in/dw/image/v2/BKCK_PRD/on/demandware.static/-/Sites-Tanishq-product-catalog/default/dw35b96e50/images/hi-res/50G5C1FFJAA02_3.jpg']",https://www.tanishq.co.in/product/cluster-statement-diamond-ring-for-men-50g5c1ffjaa02.html,True,,output/tanishq_images/uncategorized/50g5c1ffjraa022jd000045_1.jpg|output/tanishq_images/uncategorized/50g5c1ffjraa022jd000045_2.jpg|output/tanishq_images/uncategorized/50g5c1ffjraa022jd000045_3.jpg
6.417,18K,yellow,127273,0.205,diamond,Regal Rectangular Diamond Ring For Men,50g5c1ffgaa02,"['https://www.tanishq.co.in/dw/image/v2/BKCK_PRD/on/demandware.static/-/Sites-Tanishq-product-catalog/default/dw67d12f8c/images/hi-res/50G5C1FFGAA02_1.jpg', 'https://www.tanishq.co.in/dw/image/v2/BKCK_PRD/on/demandware.static/-/Sites-Tanishq-product-catalog/default/dwba0f3876/images/hi-res/50G5C1FFGAA02_2.jpg', 'https://www.tanishq.co.in/dw/image/v2/BKCK_PRD/on/demandware.static/-/Sites-Tanishq-product-catalog/default/dw1d1c23ad/images/hi-res/50G5C1FFGAA02_3.jpg']",https://www.tanishq.co.in/product/regal-rectangular-diamond-ring-for-men-50g5c1ffgaa02.html,True,,output/tanishq_images/uncategorized/50g5c1ffgaa02_1.jpg|output/tanishq_images/uncategorized/50g5c1ffgaa02_2.jpg|output/tanishq_images/uncategorized/50g5c1ffgaa02_3.jpg
2.584,18K,yellow,94951,0.325,diamond,Twin Leaf Diamond Ring,50e5c1fawlaa022jd000005,"['https://www.tanishq.co.in/on/demandware.static/-/Sites-Tanishq-product-catalog/default/dw22c6732c/images/hi-res/50E5C1FAWAA02_1.jpg', 'https://www.tanishq.co.in/dw/image/v2/BKCK_PRD/on/demandware.static/-/Sites-Tanishq-product-catalog/default/dwb5d28c41/images/hi-res/50E5C1FAWAA02_2.jpg', 'https://www.tanishq.co.in/dw/image/v2/BKCK_PRD/on/demandware.static/-/Sites-Tanishq-product-catalog/default/dwb53c32ad/images/hi-res/50E5C1FAWAA02_3.jpg']",https://www.tanishq.co.in/product/twin-leaf-diamond-ring-50e5c1fawaa02.html,True,,output/tanishq_images/uncategorized/50e5c1fawlaa022jd000005_1.jpg|output/tanishq_images/uncategorized/50e5c1fawlaa022jd000005_2.jpg|output/tanishq_images/uncategorized/50e5c1fawlaa022jd000005_3.jpg
2.004,22K,yellow,34881,,none,Heart Shaped Leaves Gold Finger Ring,51d2i1fevaa00,"['https://www.tanishq.co.in/on/demandware.static/-/Sites-Tanishq-product-catalog/default/dwd6eb8dae/images/hi-res/51D2I1FEVAA00_1.jpg', 'https://www.tanishq.co.in/on/demandware.static/-/Sites-Tanishq-product-catalog/default/dwb19cac82/images/hi-res/51D2I1FEVAA00_2.jpg', 'https://www.tanishq.co.in/on/demandware.static/-/Sites-Tanishq-product-catalog/default/dw16a2d655/images/hi-res/51D2I1FEVAA00_3.jpg']",https://www.tanishq.co.in/product/heart-shaped-leaves-gold-finger-ring-51d2i1fevaa00.html,True,,output/tanishq_images/uncategorized/51d2i1fevaa00_1.jpg|output/tanishq_images/uncategorized/51d2i1fevaa00_2.jpg|output/tanishq_images/uncategorized/51d2i1fevaa00_3.jpg
5.213,22K,yellow,90737,,none,Grooved Men's Gold Finger Ring,51e3i1fbaaa00,"['https://www.tanishq.co.in/dw/image/v2/BKCK_PRD/on/demandware.static/-/Sites-Tanishq-product-catalog/default/dwb9f9b574/images/hi-res/51E3I1FBAAA00_1.jpg', 'https://www.tanishq.co.in/dw/image/v2/BKCK_PRD/on/demandware.static/-/Sites-Tanishq-product-catalog/default/dw2709cad1/images/hi-res/51E3I1FBAAA00_2.jpg', 'https://www.tanishq.co.in/dw/image/v2/BKCK_PRD/on/demandware.static/-/Sites-Tanishq-product-catalog/default/dw999302bc/images/hi-res/51E3I1FBAAA00_3.jpg', 'https://www.tanishq.co.in/dw/image/v2/BKCK_PRD/on/demandware.static/-/Sites-Tanishq-product-catalog/default/dw91a43eea/images/hi-res/51E3I1FBAAA00_4.jpg', 'https://www.tanishq.co.in/dw/image/v2/BKCK_PRD/on/demandware.static/-/Sites-Tanishq-product-catalog/default/dw3a548e1c/images/hi-res/51E3I1FBAAA00_5.jpg', 'https://www.tanishq.co.in/dw/image/v2/BKCK_PRD/on/demandware.static/-/Sites-Tanishq-product-catalog/default/dw92b270b4/images/hi-res/51E3I1FBAAA00_6.jpg']",https://www.tanishq.co.in/product/grooved-men%27s-gold-finger-ring-51e3i1fbaaa00.html,True,,output/tanishq_images/uncategorized/51e3i1fbaaa00_1.jpg|output/tanishq_images/uncategorized/51e3i1fbaaa00_2.jpg|output/tanishq_images/uncategorized/51e3i1fbaaa00_3.jpg|output/tanishq_images/uncategorized/51e3i1fbaaa00_4.jpg|output/tanishq_images/uncategorized/51e3i1fbaaa00_5.jpg|output/tanishq_images/uncategorized/51e3i1fbaaa00_6.jpg
4.27,18K,rose,105320,0.24,diamond,Floral Layers Diamond Ring,50d5b3faeaa02,"['https://www.tanishq.co.in/dw/image/v2/BKCK_PRD/on/demandware.static/-/Sites-Tanishq-product-catalog/default/dw080c7a06/images/hi-res/50D5B3FAEAA02_1.jpg', 'https://www.tanishq.co.in/dw/image/v2/BKCK_PRD/on/demandware.static/-/Sites-Tanishq-product-catalog/default/dw38fce12e/images/hi-res/50D5B3FAEAA02_2.jpg', 'https://www.tanishq.co.in/dw/image/v2/BKCK_PRD/on/demandware.static/-/Sites-Tanishq-product-catalog/default/dw79eab6ff/images/hi-res/50D5B3FAEAA02_3.jpg']",https://www.tanishq.co.in/product/floral-layers-diamond-ring-50d5b3faeaa02.html,True,,output/tanishq_images/uncategorized/50d5b3faeaa02_1.jpg|output/tanishq_images/uncategorized/50d5b3faeaa02_2.jpg|output/tanishq_images/uncategorized/50d5b3faeaa02_3.jpg
3.359,22K,yellow,57241,0.0,gemstone,Full Bloom Ring,51d5b1flplaa182ba000002,"['https://www.tanishq.co.in/on/demandware.static/-/Sites-Tanishq-product-catalog/default/dw2fa1a26d/images/hi-res/51D5B1FLPAA18_1.jpg', 'https://www.tanishq.co.in/dw/image/v2/BKCK_PRD/on/demandware.static/-/Sites-Tanishq-product-catalog/default/dw846a70e0/images/hi-res/51D5B1FLPAA18_2.jpg', 'https://www.tanishq.co.in/dw/image/v2/BKCK_PRD/on/demandware.static/-/Sites-Tanishq-product-catalog/default/dwe3de7c1b/images/hi-res/51D5B1FLPAA18_3.jpg']",https://www.tanishq.co.in/product/full-bloom-ring-51d5b1flpaa18.html,True,,output/tanishq_images/uncategorized/51d5b1flplaa182ba000002_1.jpg|output/tanishq_images/uncategorized/51d5b1flplaa182ba000002_2.jpg|output/tanishq_images/uncategorized/51d5b1flplaa182ba000002_3.jpg
1.547,18K,yellow,29097,0.046,diamond,Fluid Whisper Diamond Ring,50d5h3fulaa09,"['https://www.tanishq.co.in/dw/image/v2/BKCK_PRD/on/demandware.static/-/Sites-Tanishq-product-catalog/default/dw3a020436/images/hi-res/50D5H3FULAA09_1.jpg', 'https://www.tanishq.co.in/dw/image/v2/BKCK_PRD/on/demandware.static/-/Sites-Tanishq-product-catalog/default/dw54727e56/images/hi-res/50D5H3FULAA09_2.jpg', 'https://www.tanishq.co.in/dw/image/v2/BKCK_PRD/on/demandware.static/-/Sites-Tanishq-product-catalog/default/dwcde3029b/images/hi-res/50D5H3FULAA09_3.jpg']",https://www.tanishq.co.in/product/fluid-whisper-diamond-ring-50d5h3fulaa09.html,True,,output/tanishq_images/uncategorized/50d5h3fulaa09_1.jpg|output/tanishq_images/uncategorized/50d5h3fulaa09_2.jpg|output/tanishq_images/uncategorized/50d5h3fulaa09_3.jpg
2.105,18K,yellow,30528,,none,Modern Bead Gold Ring,50m4c1fixaa00,"['https://www.tanishq.co.in/dw/image/v2/BKCK_PRD/on/demandware.static/-/Sites-Tanishq-product-catalog/default/dwa6528b3e/images/hi-res/50M4C1FIXAA00_1.jpg', 'https://www.tanishq.co.in/dw/image/v2/BKCK_PRD/on/demandware.static/-/Sites-Tanishq-product-catalog/default/dwa3b66a81/images/hi-res/50M4C1FIXAA00_2.jpg', 'https://www.tanishq.co.in/dw/image/v2/BKCK_PRD/on/demandware.static/-/Sites-Tanishq-product-catalog/default/dwb445015b/images/hi-res/50M4C1FIXAA00_3.jpg']",https://www.tanishq.co.in/product/modern-bead-gold-ring-50m4c1fixaa00.html,True,,output/tanishq_images/uncategorized/50m4c1fixaa00_1.jpg|output/tanishq_images/uncategorized/50m4c1fixaa00_2.jpg|output/tanishq_images/uncategorized/50m4c1fixaa00_3.jpg
3.578,22K,yellow,62532,,none,Delicate Petal Gold Ring,51e5c1fbvaa00,"['https://www.tanishq.co.in/dw/image/v2/BKCK_PRD/on/demandware.static/-/Sites-Tanishq-product-catalog/default/dw398b3c4e/images/hi-res/51E5C1FBVAA00_1.jpg', 'https://www.tanishq.co.in/dw/image/v2/BKCK_PRD/on/demandware.static/-/Sites-Tanishq-product-catalog/default/dwc941b12b/images/hi-res/51E5C1FBVAA00_2.jpg', 'https://www.tanishq.co.in/dw/image/v2/BKCK_PRD/on/demandware.static/-/Sites-Tanishq-product-catalog/default/dwdfdfa003/images/hi-res/51E5C1FBVAA00_3.jpg']",https://www.tanishq.co.in/product/delicate-petal-gold-ring-51e5c1fbvaa00.html,True,,output/tanishq_images/uncategorized/51e5c1fbvaa00_1.jpg|output/tanishq_images/uncategorized/51e5c1fbvaa00_2.jpg|output/tanishq_images/uncategorized/51e5c1fbvaa00_3.jpg
1.614,18K,Yellow,33037,0.067,diamond,Dainty Diamond Finger Ring,503120fetaa09,"['https://www.tanishq.co.in/dw/image/v2/BKCK_PRD/on/demandware.static/-/Sites-Tanishq-product-catalog/default/dwda38b72e/images/hi-res/503120FETAA09_1.jpg?sw=640&sh=640', 'https://www.tanishq.co.in/dw/image/v2/BKCK_PRD/on/demandware.static/-/Sites-Tanishq-product-catalog/default/dw17091a06/images/hi-res/503120FETAA09_2.jpg?sw=640&sh=640', 'https://www.tanishq.co.in/dw/image/v2/BKCK_PRD/on/demandware.static/-/Sites-Tanishq-product-catalog/default/dw27e60d76/images/hi-res/503120FETAA09_3.jpg?sw=640&sh=640']",https://www.tanishq.co.in/product/dainty-diamond-finger-ring-503120fetaa09.html,True,,output/tanishq_images/uncategorized/503120fetaa09_1.jpg|output/tanishq_images/uncategorized/503120fetaa09_2.jpg|output/tanishq_images/uncategorized/503120fetaa09_3.jpg
5.634,22K,yellow,98065,,none,Hollow Line Carved Gold Finger Ring For Men,51f1kpfnpaa00,"['https://www.tanishq.co.in/dw/image/v2/BKCK_PRD/on/demandware.static/-/Sites-Tanishq-product-catalog/default/dw8ee1d72d/images/hi-res/51F1KPFNPAA00_1.jpg', 'https://www.tanishq.co.in/dw/image/v2/BKCK_PRD/on/demandware.static/-/Sites-Tanishq-product-catalog/default/dwae2a4533/images/hi-res/51F1KPFNPAA00_2.jpg', 'https://www.tanishq.co.in/dw/image/v2/BKCK_PRD/on/demandware.static/-/Sites-Tanishq-product-catalog/default/dwaf2a27ff/images/hi-res/51F1KPFNPAA00_3.jpg']",https://www.tanishq.co.in/product/hollow-line-carved-gold-finger-ring-for-men-51f1kpfnpaa00.html,True,,output/tanishq_images/uncategorized/51f1kpfnpaa00_1.jpg|output/tanishq_images/uncategorized/51f1kpfnpaa00_2.jpg|output/tanishq_images/uncategorized/51f1kpfnpaa00_3.jpg
1.45,22K,yellow,24620,,none,Curved Petal Gold Ring,51d5b2fsvaa00,"['https://www.tanishq.co.in/on/demandware.static/-/Sites-Tanishq-product-catalog/default/dw79aa7f69/images/hi-res/51D5B2FSVAA00_1.jpg', 'https://www.tanishq.co.in/dw/image/v2/BKCK_PRD/on/demandware.static/-/Sites-Tanishq-product-catalog/default/dw071ccec4/images/hi-res/51D5B2FSVAA00_2.jpg', 'https://www.tanishq.co.in/dw/image/v2/BKCK_PRD/on/demandware.static/-/Sites-Tanishq-product-catalog/default/dwecbea1da/images/hi-res/51D5B2FSVAA00_3.jpg']",https://www.tanishq.co.in/product/curved-petal-gold-ring-51d5b2fsvaa00.html,True,,output/tanishq_images/uncategorized/51d5b2fsvaa00_1.jpg|output/tanishq_images/uncategorized/51d5b2fsvaa00_2.jpg|output/tanishq_images/uncategorized/51d5b2fsvaa00_3.jpg
1.865,22K,yellow,30339,,none,Flowing Leaf Gold Ring,51d5m2fsliaa002ja000004,"['https://www.tanishq.co.in/on/demandware.static/-/Sites-Tanishq-product-catalog/default/dw03470c0a/images/hi-res/51D5M2FSLAA00_1.jpg', 'https://www.tanishq.co.in/dw/image/v2/BKCK_PRD/on/demandware.static/-/Sites-Tanishq-product-catalog/default/dwe1bbe67b/images/hi-res/51D5M2FSLAA00_2.jpg', 'https://www.tanishq.co.in/dw/image/v2/BKCK_PRD/on/demandware.static/-/Sites-Tanishq-product-catalog/default/dwf6233487/images/hi-res/51D5M2FSLAA00_3.jpg']",https://www.tanishq.co.in/product/flowing-leaf-gold-ring-51d5m2fslaa00.html,True,,output/tanishq_images/uncategorized/51d5m2fsliaa002ja000004_1.jpg|output/tanishq_images/uncategorized/51d5m2fsliaa002ja000004_2.jpg|output/tanishq_images/uncategorized/51d5m2fsliaa002ja000004_3.jpg
3.224,18K,Yellow,98488,0.299,diamond,Romantic Charm Diamond Finger Ring,50e5b1fekaa02,"['https://www.tanishq.co.in/dw/image/v2/BKCK_PRD/on/demandware.static/-/Sites-Tanishq-product-catalog/default/dw8bedb453/images/hi-res/50E5B1FEKAA02_1.jpg?sw=640&sh=640', 'https://www.tanishq.co.in/dw/image/v2/BKCK_PRD/on/demandware.static/-/Sites-Tanishq-product-catalog/default/dwc8d7ccb6/images/hi-res/50E5B1FEKAA02_2.jpg?sw=640&sh=640', 'https://www.tanishq.co.in/dw/image/v2/BKCK_PRD/on/demandware.static/-/Sites-Tanishq-product-catalog/default/dw6edbf123/images/hi-res/50E5B1FEKAA02_3.jpg?sw=640&sh=640']",https://www.tanishq.co.in/product/romantic-charm-diamond-finger-ring-50e5b1fekaa02.html,True,,output/tanishq_images/uncategorized/50e5b1fekaa02_1.jpg|output/tanishq_images/uncategorized/50e5b1fekaa02_2.jpg|output/tanishq_images/uncategorized/50e5b1fekaa02_3.jpg
1.481,18KT,rose,33153,0.062,diamond,Whispering Elegance Diamond 18KT Rose Gold Ring,504922fnaaa09,"['https://www.tanishq.co.in/dw/image/v2/BKCK_PRD/on/demandware.static/-/Sites-Tanishq-product-catalog/default/dwc77e4b19/images/hi-res/4922FNA_1.jpg?sw=640&sh=640', 'https://www.tanishq.co.in/dw/image/v2/BKCK_PRD/on/demandware.static/-/Sites-Tanishq-product-catalog/default/dwd7f6e46d/images/hi-res/4922FNA_2.jpg?sw=640&sh=640', 'https://www.tanishq.co.in/dw/image/v2/BKCK_PRD/on/demandware.static/-/Sites-Tanishq-product-catalog/default/dwdd6d6956/images/hi-res/4922FNA_3.jpg?sw=640&sh=640']",https://www.tanishq.co.in/product/whispering-elegance-diamond-18kt-rose-gold-ring-504922fnaaa09.html,True,,output/tanishq_images/uncategorized/504922fnaaa09_1.jpg|output/tanishq_images/uncategorized/504922fnaaa09_2.jpg|output/tanishq_images/uncategorized/504922fnaaa09_3.jpg
4.3,22K,yellow,73623,,none,Regal Tradition Ring,51d3c3fiwaa00,"['https://www.tanishq.co.in/dw/image/v2/BKCK_PRD/on/demandware.static/-/Sites-Tanishq-product-catalog/default/dw4be52572/images/hi-res/51D3C3FIWAA00_1.jpg', 'https://www.tanishq.co.in/dw/image/v2/BKCK_PRD/on/demandware.static/-/Sites-Tanishq-product-catalog/default/dwb587c93a/images/hi-res/51D3C3FIWAA00_2.jpg', 'https://www.tanishq.co.in/dw/image/v2/BKCK_PRD/on/demandware.static/-/Sites-Tanishq-product-catalog/default/dw3785ccfe/images/hi-res/51D3C3FIWAA00_3.jpg', 'https://www.tanishq.co.in/dw/image/v2/BKCK_PRD/on/demandware.static/-/Sites-Tanishq-product-catalog/default/dw6c4c0588/images/hi-res/51D3C3FIWAA00_4.jpg']",https://www.tanishq.co.in/product/regal-tradition-ring-51d3c3fiwaa00.html,True,,output/tanishq_images/uncategorized/51d3c3fiwaa00_1.jpg|output/tanishq_images/uncategorized/51d3c3fiwaa00_2.jpg|output/tanishq_images/uncategorized/51d3c3fiwaa00_3.jpg|output/tanishq_images/uncategorized/51d3c3fiwaa00_4.jpg
1.783,18K,yellow,40820,0.105,diamond,Floral Tail Diamond Ring,50d5jsffuaa09,"['https://www.tanishq.co.in/dw/image/v2/BKCK_PRD/on/demandware.static/-/Sites-Tanishq-product-catalog/default/dw9dc936a2/images/hi-res/50D5JSFFUAA09_1.jpg?sw=640&sh=640', 'https://www.tanishq.co.in/dw/image/v2/BKCK_PRD/on/demandware.static/-/Sites-Tanishq-product-catalog/default/dw66eed4e1/images/hi-res/50D5JSFFUAA09_2.jpg?sw=640&sh=640', 'https://www.tanishq.co.in/dw/image/v2/BKCK_PRD/on/demandware.static/-/Sites-Tanishq-product-catalog/default/dwedfadfa3/images/hi-res/50D5JSFFUAA09_3.jpg?sw=640&sh=640', 'https://www.tanishq.co.in/dw/image/v2/BKCK_PRD/on/demandware.static/-/Sites-Tanishq-product-catalog/default/dw0f40c9fa/images/hi-res/50D5JSFFUAA09_4.jpg?sw=640&sh=640']",https://www.tanishq.co.in/product/floral-tail-diamond-ring-50d5jsffuaa09.html,True,,output/tanishq_images/uncategorized/50d5jsffuaa09_1.jpg|output/tanishq_images/uncategorized/50d5jsffuaa09_2.jpg|output/tanishq_images/uncategorized/50d5jsffuaa09_3.jpg|output/tanishq_images/uncategorized/50d5jsffuaa09_4.jpg
2.311,18K,yellow,59386,0.148,diamond,Playful Charm Diamond Finger Ring,50e5b1ffjlaa022jd000016,"['https://www.tanishq.co.in/dw/image/v2/BKCK_PRD/on/demandware.static/-/Sites-Tanishq-product-catalog/default/dwec047b3b/images/hi-res/50E5B1FFJAA02_1.jpg?sw=640&sh=640', 'https://www.tanishq.co.in/dw/image/v2/BKCK_PRD/on/demandware.static/-/Sites-Tanishq-product-catalog/default/dw4fae1eb5/images/hi-res/50E5B1FFJAA02_2.jpg?sw=640&sh=640', 'https://www.tanishq.co.in/dw/image/v2/BKCK_PRD/on/demandware.static/-/Sites-Tanishq-product-catalog/default/dwa7a0311c/images/hi-res/50E5B1FFJAA02_3.jpg?sw=640&sh=640']",https://www.tanishq.co.in/product/playful-charm-diamond-finger-ring-50e5b1ffjaa02.html,True,,output/tanishq_images/uncategorized/50e5b1ffjlaa022jd000016_1.jpg|output/tanishq_images/uncategorized/50e5b1ffjlaa022jd000016_2.jpg|output/tanishq_images/uncategorized/50e5b1ffjlaa022jd000016_3.jpg
1.756,18K,yellow,46634,0.123,diamond,Chic Embrace Diamond Finger Ring,50e5b1fepaa02,"['https://www.tanishq.co.in/dw/image/v2/BKCK_PRD/on/demandware.static/-/Sites-Tanishq-product-catalog/default/dw4837471e/images/hi-res/50E5B1FEPAA02_1.jpg', 'https://www.tanishq.co.in/dw/image/v2/BKCK_PRD/on/demandware.static/-/Sites-Tanishq-product-catalog/default/dwf9570eb7/images/hi-res/50E5B1FEPAA02_2.jpg', 'https://www.tanishq.co.in/dw/image/v2/BKCK_PRD/on/demandware.static/-/Sites-Tanishq-product-catalog/default/dw4c3fa584/images/hi-res/50E5B1FEPAA02_3.jpg']",https://www.tanishq.co.in/product/chic-embrace-diamond-finger-ring-50e5b1fepaa02.html,True,,output/tanishq_images/uncategorized/50e5b1fepaa02_1.jpg|output/tanishq_images/uncategorized/50e5b1fepaa02_2.jpg|output/tanishq_images/uncategorized/50e5b1fepaa02_3.jpg
3.142,18K,yellow,52004,0.045,diamond,Shree Ganeshaya Diamond Ring For Men,50f5gcfbraa02,"['https://www.tanishq.co.in/on/demandware.static/-/Sites-Tanishq-product-catalog/default/dw28d20ce0/images/hi-res/50F5GCFBRAA02_1.jpg', 'https://www.tanishq.co.in/dw/image/v2/BKCK_PRD/on/demandware.static/-/Sites-Tanishq-product-catalog/default/dw6bab7bb0/images/hi-res/50F5GCFBRAA02_2.jpg', 'https://www.tanishq.co.in/dw/image/v2/BKCK_PRD/on/demandware.static/-/Sites-Tanishq-product-catalog/default/dwbebe1bf9/images/hi-res/50F5GCFBRAA02_3.jpg']",https://www.tanishq.co.in/product/shree-ganeshaya-diamond-ring-for-men-50f5gcfbraa02.html,True,,output/tanishq_images/uncategorized/50f5gcfbraa02_1.jpg|output/tanishq_images/uncategorized/50f5gcfbraa02_2.jpg|output/tanishq_images/uncategorized/50f5gcfbraa02_3.jpg
2.326,22K,yellow,40321,,none,Lattice Glow Gold Ring,51d5b1fmfaa00,"['https://www.tanishq.co.in/dw/image/v2/BKCK_PRD/on/demandware.static/-/Sites-Tanishq-product-catalog/default/dw6d101afa/images/hi-res/51D5B1FMFAA00_1.jpg', 'https://www.tanishq.co.in/dw/image/v2/BKCK_PRD/on/demandware.static/-/Sites-Tanishq-product-catalog/default/dwee334e07/images/hi-res/51D5B1FMFAA00_2.jpg', 'https://www.tanishq.co.in/dw/image/v2/BKCK_PRD/on/demandware.static/-/Sites-Tanishq-product-catalog/default/dwfa09bbae/images/hi-res/51D5B1FMFAA00_3.jpg']",https://www.tanishq.co.in/product/lattice-glow-gold-ring-51d5b1fmfaa00.html,True,,output/tanishq_images/uncategorized/51d5b1fmfaa00_1.jpg|output/tanishq_images/uncategorized/51d5b1fmfaa00_2.jpg|output/tanishq_images/uncategorized/51d5b1fmfaa00_3.jpg
3.882,18K,white,51448,,none,Matte Gold Finger Ring,5019lhfalaw00,"['https://www.tanishq.co.in/dw/image/v2/BKCK_PRD/on/demandware.static/-/Sites-Tanishq-product-catalog/default/dw8aa97faa/images/hi-res/5019LHFALAW00_1.jpg', 'https://www.tanishq.co.in/dw/image/v2/BKCK_PRD/on/demandware.static/-/Sites-Tanishq-product-catalog/default/dwd28ec1ad/images/hi-res/5019LHFALAW00_2.jpg', 'https://www.tanishq.co.in/dw/image/v2/BKCK_PRD/on/demandware.static/-/Sites-Tanishq-product-catalog/default/dw5df05ec8/images/hi-res/5019LHFALAW00_3.jpg']",https://www.tanishq.co.in/product/matte-gold-finger-ring-5019lhfalaw00.html,True,,output/tanishq_images/uncategorized/5019lhfalaw00_1.jpg|output/tanishq_images/uncategorized/5019lhfalaw00_2.jpg|output/tanishq_images/uncategorized/5019lhfalaw00_3.jpg
3.682,18K,yellow,84507,0.205,diamond,Regal Rows Diamond Ring,50d5c1fqolaa092ba000005,"['https://www.tanishq.co.in/dw/image/v2/BKCK_PRD/on/demandware.static/-/Sites-Tanishq-product-catalog/default/dwf0e5c7ce/images/hi-res/50D5C1FQOAA09_1.jpg', 'https://www.tanishq.co.in/dw/image/v2/BKCK_PRD/on/demandware.static/-/Sites-Tanishq-product-catalog/default/dw0a0c089b/images/hi-res/50D5C1FQOAA09_2.jpg', 'https://www.tanishq.co.in/dw/image/v2/BKCK_PRD/on/demandware.static/-/Sites-Tanishq-product-catalog/default/dw3642b34e/images/hi-res/50D5C1FQOAA09_3.jpg']",https://www.tanishq.co.in/product/regal-rows-diamond-ring-50d5c1fqoaa09.html,True,,output/tanishq_images/uncategorized/50d5c1fqolaa092ba000005_1.jpg|output/tanishq_images/uncategorized/50d5c1fqolaa092ba000005_2.jpg|output/tanishq_images/uncategorized/50d5c1fqolaa092ba000005_3.jpg
3.224,22K,yellow,55413,,none,Sculpted Floral Gold Ring,51d5b1fyynaacz2ea000014,"['https://www.tanishq.co.in/on/demandware.static/-/Sites-Tanishq-product-catalog/default/dwd9356718/images/hi-res/51D5B1FYYAACZ_1.jpg', 'https://www.tanishq.co.in/dw/image/v2/BKCK_PRD/on/demandware.static/-/Sites-Tanishq-product-catalog/default/dw6080c6de/images/hi-res/51D5B1FYYAACZ_2.jpg', 'https://www.tanishq.co.in/dw/image/v2/BKCK_PRD/on/demandware.static/-/Sites-Tanishq-product-catalog/default/dwb28bc85f/images/hi-res/51D5B1FYYAACZ_3.jpg']",https://www.tanishq.co.in/product/sculpted-floral-gold-ring-51d5b1fyyaacz.html,True,,output/tanishq_images/uncategorized/51d5b1fyynaacz2ea000014_1.jpg|output/tanishq_images/uncategorized/51d5b1fyynaacz2ea000014_2.jpg|output/tanishq_images/uncategorized/51d5b1fyynaacz2ea000014_3.jpg
2.063,18K,yellow,59689,0.168,diamond,Leafy Glow Diamond Finger Ring,50d5b2fhxaa02,"['https://www.tanishq.co.in/on/demandware.static/-/Sites-Tanishq-product-catalog/default/dw3e0030b5/images/hi-res/50D5B2FHXAA02_1.jpg', 'https://www.tanishq.co.in/dw/image/v2/BKCK_PRD/on/demandware.static/-/Sites-Tanishq-product-catalog/default/dw76c813b4/images/hi-res/50D5B2FHXAA02_2.jpg', 'https://www.tanishq.co.in/dw/image/v2/BKCK_PRD/on/demandware.static/-/Sites-Tanishq-product-catalog/default/dw97720e66/images/hi-res/50D5B2FHXAA02_3.jpg']",https://www.tanishq.co.in/product/leafy-glow-diamond-finger-ring-50d5b2fhxaa02.html,True,,output/tanishq_images/uncategorized/50d5b2fhxaa02_1.jpg|output/tanishq_images/uncategorized/50d5b2fhxaa02_2.jpg|output/tanishq_images/uncategorized/50d5b2fhxaa02_3.jpg
1.275,18K,yellow,23750,0.032,diamond,Beaded Band Diamond Ring,50d5l1fteaa02,"['https://www.tanishq.co.in/dw/image/v2/BKCK_PRD/on/demandware.static/-/Sites-Tanishq-product-catalog/default/dw0ccbbbd0/images/hi-res/50D5L1FTEAA02_1.jpg', 'https://www.tanishq.co.in/dw/image/v2/BKCK_PRD/on/demandware.static/-/Sites-Tanishq-product-catalog/default/dw9136e8a1/images/hi-res/50D5L1FTEAA02_2.jpg', 'https://www.tanishq.co.in/dw/image/v2/BKCK_PRD/on/demandware.static/-/Sites-Tanishq-product-catalog/default/dw3d1835ac/images/hi-res/50D5L1FTEAA02_3.jpg']",https://www.tanishq.co.in/product/beaded-band-diamond-ring-50d5l1fteaa02.html,True,,output/tanishq_images/uncategorized/50d5l1fteaa02_1.jpg|output/tanishq_images/uncategorized/50d5l1fteaa02_2.jpg|output/tanishq_images/uncategorized/50d5l1fteaa02_3.jpg
2.57,18K,rose,100573,0.357,diamond,Zigzag Shine Diamond Ring,50d5b2fdzaa02,"['https://www.tanishq.co.in/on/demandware.static/-/Sites-Tanishq-product-catalog/default/dwa50be4ae/images/hi-res/50D5B2FDZAA02_1.jpg', 'https://www.tanishq.co.in/on/demandware.static/-/Sites-Tanishq-product-catalog/default/dw04f22cb3/images/hi-res/50D5B2FDZAA02_2.jpg', 'https://www.tanishq.co.in/on/demandware.static/-/Sites-Tanishq-product-catalog/default/dwb87786fb/images/hi-res/50D5B2FDZAA02_3.jpg']",https://www.tanishq.co.in/product/zigzag-shine-diamond-ring-50d5b2fdzaa02.html,True,,output/tanishq_images/uncategorized/50d5b2fdzaa02_1.jpg|output/tanishq_images/uncategorized/50d5b2fdzaa02_2.jpg|output/tanishq_images/uncategorized/50d5b2fdzaa02_3.jpg
3.048,18K,yellow,56321,0.09,diamond,Sunburst Twist Diamond Ring,50d5l1ffdaa09,"['https://www.tanishq.co.in/dw/image/v2/BKCK_PRD/on/demandware.static/-/Sites-Tanishq-product-catalog/default/dw99644d25/images/hi-res/50D5L1FFDAA09_1.jpg', 'https://www.tanishq.co.in/dw/image/v2/BKCK_PRD/on/demandware.static/-/Sites-Tanishq-product-catalog/default/dw74281256/images/hi-res/50D5L1FFDAA09_2.jpg', 'https://www.tanishq.co.in/dw/image/v2/BKCK_PRD/on/demandware.static/-/Sites-Tanishq-product-catalog/default/dwd38e8a1e/images/hi-res/50D5L1FFDAA09_3.jpg']",https://www.tanishq.co.in/product/sunburst-twist-diamond-ring-50d5l1ffdaa09.html,True,,output/tanishq_images/uncategorized/50d5l1ffdaa09_1.jpg|output/tanishq_images/uncategorized/50d5l1ffdaa09_2.jpg|output/tanishq_images/uncategorized/50d5l1ffdaa09_3.jpg
1.839,18KT,yellow,40697,0.081,diamond,Sparkling Connections 18KT Gold & Diamond Ring,505923fmkaa09,"['https://www.tanishq.co.in/on/demandware.static/-/Sites-Tanishq-product-catalog/default/dw1a493204/images/hi-res/5923FMK.jpg', 'https://www.tanishq.co.in/dw/image/v2/BKCK_PRD/on/demandware.static/-/Sites-Tanishq-product-catalog/default/dw62a4a9da/images/hi-res/5923FMK_1.jpg', 'https://www.tanishq.co.in/dw/image/v2/BKCK_PRD/on/demandware.static/-/Sites-Tanishq-product-catalog/default/dw4f590a35/images/hi-res/5923FMK_2.jpg', 'https://www.tanishq.co.in/dw/image/v2/BKCK_PRD/on/demandware.static/-/Sites-Tanishq-product-catalog/default/dw90dbfe95/images/hi-res/5923FMK_3.jpg']",https://www.tanishq.co.in/product/sparkling-connections-18kt-gold-and-diamond-ring-505923fmkaa09.html,True,,output/tanishq_images/uncategorized/505923fmkaa09_1.jpg|output/tanishq_images/uncategorized/505923fmkaa09_2.jpg|output/tanishq_images/uncategorized/505923fmkaa09_3.jpg|output/tanishq_images/uncategorized/505923fmkaa09_4.jpg
3.506,22K,yellow,61083,,gemstone,Floral Twist Ring,51d5b1flnaa18,"['https://www.tanishq.co.in/on/demandware.static/-/Sites-Tanishq-product-catalog/default/dwa56364c8/images/hi-res/51D5B1FLNAA18_1.jpg', 'https://www.tanishq.co.in/dw/image/v2/BKCK_PRD/on/demandware.static/-/Sites-Tanishq-product-catalog/default/dw27eca914/images/hi-res/51D5B1FLNAA18_2.jpg', 'https://www.tanishq.co.in/dw/image/v2/BKCK_PRD/on/demandware.static/-/Sites-Tanishq-product-catalog/default/dwf5a91bde/images/hi-res/51D5B1FLNAA18_3.jpg']",https://www.tanishq.co.in/product/floral-twist-ring-51d5b1flnaa18.html,True,,output/tanishq_images/uncategorized/51d5b1flnaa18_1.jpg|output/tanishq_images/uncategorized/51d5b1flnaa18_2.jpg|output/tanishq_images/uncategorized/51d5b1flnaa18_3.jpg
4.239,18K,yellow,75937,,gemstone,Orchard Cluster Gold Ring,50d6vrfcjnaa372ba000108,"['https://www.tanishq.co.in/dw/image/v2/BKCK_PRD/on/demandware.static/-/Sites-Tanishq-product-catalog/default/dwa8c26dd5/images/hi-res/50D6VRFCJAA37_1.jpg', 'https://www.tanishq.co.in/dw/image/v2/BKCK_PRD/on/demandware.static/-/Sites-Tanishq-product-catalog/default/dw48d43980/images/hi-res/50D6VRFCJAA37_2.jpg', 'https://www.tanishq.co.in/dw/image/v2/BKCK_PRD/on/demandware.static/-/Sites-Tanishq-product-catalog/default/dw8ca9d838/images/hi-res/50D6VRFCJAA37_3.jpg', 'https://www.tanishq.co.in/dw/image/v2/BKCK_PRD/on/demandware.static/-/Sites-Tanishq-product-catalog/default/dw8fdb77a1/images/hi-res/50D6VRFCJAA37_4.jpg']",https://www.tanishq.co.in/product/orchard-cluster-gold-ring-50d6vrfcjaa37.html,True,,output/tanishq_images/uncategorized/50d6vrfcjnaa372ba000108_1.jpg|output/tanishq_images/uncategorized/50d6vrfcjnaa372ba000108_2.jpg|output/tanishq_images/uncategorized/50d6vrfcjnaa372ba000108_3.jpg|output/tanishq_images/uncategorized/50d6vrfcjnaa372ba000108_4.jpg
4.933,18K,Yellow,104649,0.195,diamond,Winged Arc Diamond Ring,50d5wmfcimaa022bd000035,"['https://www.tanishq.co.in/dw/image/v2/BKCK_PRD/on/demandware.static/-/Sites-Tanishq-product-catalog/default/dw4fdc7527/images/hi-res/50D5WMFCIAA02_1.jpg', 'https://www.tanishq.co.in/dw/image/v2/BKCK_PRD/on/demandware.static/-/Sites-Tanishq-product-catalog/default/dwa4498eaa/images/hi-res/50D5WMFCIAA02_2.jpg', 'https://www.tanishq.co.in/dw/image/v2/BKCK_PRD/on/demandware.static/-/Sites-Tanishq-product-catalog/default/dw8ac2c8c6/images/hi-res/50D5WMFCIAA02_3.jpg', 'https://www.tanishq.co.in/dw/image/v2/BKCK_PRD/on/demandware.static/-/Sites-Tanishq-product-catalog/default/dwdcf1ba28/images/hi-res/50D5WMFCIAA02_4.jpg']",https://www.tanishq.co.in/product/winged-arc-diamond-ring-50d5wmfciaa02.html,True,,output/tanishq_images/uncategorized/50d5wmfcimaa022bd000035_1.jpg|output/tanishq_images/uncategorized/50d5wmfcimaa022bd000035_2.jpg|output/tanishq_images/uncategorized/50d5wmfcimaa022bd000035_3.jpg|output/tanishq_images/uncategorized/50d5wmfcimaa022bd000035_4.jpg
2.345,18K,Rose,60046,0.154,diamond,Scarlet Sway Diamond Ring,50d5s2fakaa29,"['https://www.tanishq.co.in/dw/image/v2/BKCK_PRD/on/demandware.static/-/Sites-Tanishq-product-catalog/default/dw0e641ab0/images/hi-res/50D5S2FAKAA29_1.jpg', 'https://www.tanishq.co.in/dw/image/v2/BKCK_PRD/on/demandware.static/-/Sites-Tanishq-product-catalog/default/dwdeccbff1/images/hi-res/50D5S2FAKAA29_2.jpg', 'https://www.tanishq.co.in/dw/image/v2/BKCK_PRD/on/demandware.static/-/Sites-Tanishq-product-catalog/default/dwf9185efa/images/hi-res/50D5S2FAKAA29_3.jpg']",https://www.tanishq.co.in/product/scarlet-sway-diamond-ring-50d5s2fakaa29.html,True,,output/tanishq_images/uncategorized/50d5s2fakaa29_1.jpg|output/tanishq_images/uncategorized/50d5s2fakaa29_2.jpg|output/tanishq_images/uncategorized/50d5s2fakaa29_3.jpg
3.692,22K,yellow,65574,,none,Geometric Gleam Gold Ring,51d4mpfbtaa00,"['https://www.tanishq.co.in/on/demandware.static/-/Sites-Tanishq-product-catalog/default/dw4603cc34/images/hi-res/51D4MPFBTAA00_1.jpg', 'https://www.tanishq.co.in/dw/image/v2/BKCK_PRD/on/demandware.static/-/Sites-Tanishq-product-catalog/default/dwed0b6b2c/images/hi-res/51D4MPFBTAA00_2.jpg', 'https://www.tanishq.co.in/dw/image/v2/BKCK_PRD/on/demandware.static/-/Sites-Tanishq-product-catalog/default/dw560ca0f6/images/hi-res/51D4MPFBTAA00_3.jpg']",https://www.tanishq.co.in/product/geometric-gleam-gold-ring-51d4mpfbtaa00.html,True,,output/tanishq_images/uncategorized/51d4mpfbtaa00_1.jpg|output/tanishq_images/uncategorized/51d4mpfbtaa00_2.jpg|output/tanishq_images/uncategorized/51d4mpfbtaa00_3.jpg
2.202,22K,yellow,38328,,none,Interlace Flow Gold Ring,51m5i1fbaaa00,"['https://www.tanishq.co.in/dw/image/v2/BKCK_PRD/on/demandware.static/-/Sites-Tanishq-product-catalog/default/dw3f0ecfa2/images/hi-res/51M5I1FBAAA00_1.jpg?sw=640&sh=640', 'https://www.tanishq.co.in/dw/image/v2/BKCK_PRD/on/demandware.static/-/Sites-Tanishq-product-catalog/default/dwf31e5b03/images/hi-res/51M5I1FBAAA00_2.jpg?sw=640&sh=640', 'https://www.tanishq.co.in/dw/image/v2/BKCK_PRD/on/demandware.static/-/Sites-Tanishq-product-catalog/default/dw1ba4ed71/images/hi-res/51M5I1FBAAA00_3.jpg?sw=640&sh=640']",https://www.tanishq.co.in/product/interlace-flow-gold-ring-51m5i1fbaaa00.html,True,,output/tanishq_images/uncategorized/51m5i1fbaaa00_1.jpg|output/tanishq_images/uncategorized/51m5i1fbaaa00_2.jpg|output/tanishq_images/uncategorized/51m5i1fbaaa00_3.jpg
5.508,18K,yellow,79721,,none,Ornate Square Gold Ring,50d5pafcvlaa002eb000011,"['https://www.tanishq.co.in/dw/image/v2/BKCK_PRD/on/demandware.static/-/Sites-Tanishq-product-catalog/default/dwf488288f/images/hi-res/50D5PAFCVAA00_1.jpg', 'https://www.tanishq.co.in/dw/image/v2/BKCK_PRD/on/demandware.static/-/Sites-Tanishq-product-catalog/default/dw4c97e546/images/hi-res/50D5PAFCVAA00_2.jpg', 'https://www.tanishq.co.in/dw/image/v2/BKCK_PRD/on/demandware.static/-/Sites-Tanishq-product-catalog/default/dw26553712/images/hi-res/50D5PAFCVAA00_3.jpg']",https://www.tanishq.co.in/product/ornate-square-gold-ring-50d5pafcvaa00.html,True,,output/tanishq_images/uncategorized/50d5pafcvlaa002eb000011_1.jpg|output/tanishq_images/uncategorized/50d5pafcvlaa002eb000011_2.jpg|output/tanishq_images/uncategorized/50d5pafcvlaa002eb000011_3.jpg
1.106,22K,yellow,19251,,none,Minimalist 22 Karat Yellow Gold Finger Ring,513218fmaaa00,['https://www.tanishq.co.in/on/demandware.static/-/Sites-Tanishq-product-catalog/default/dw5ccaf089/images/hi-res/513218FMAAA00_1.jpg'],https://www.tanishq.co.in/product/minimalist-22-karat-yellow-gold-finger-ring-513218fmaaa00.html,True,,output/tanishq_images/uncategorized/513218fmaaa00_1.jpg
2.857,18K,white,232516,0.4,diamond,Forever Shine Celeste Solitaire Ring,sls3i1fkhlaj793ih000001,"['https://www.tanishq.co.in/dw/image/v2/BKCK_PRD/on/demandware.static/-/Sites-Tanishq-product-catalog/default/dwdd08b193/images/hi-res/SLS3I1FKHAJ79_1.jpg?sw=640&sh=640', 'https://www.tanishq.co.in/dw/image/v2/BKCK_PRD/on/demandware.static/-/Sites-Tanishq-product-catalog/default/dw73590934/images/hi-res/SLS3I1FKHAJ79_2.jpg?sw=640&sh=640', 'https://www.tanishq.co.in/dw/image/v2/BKCK_PRD/on/demandware.static/-/Sites-Tanishq-product-catalog/default/dwb6f55e30/images/hi-res/SLS3I1FKHAJ79_3.jpg?sw=640&sh=640', 'https://www.tanishq.co.in/dw/image/v2/BKCK_PRD/on/demandware.static/-/Sites-Tanishq-product-catalog/default/dw6d9684f3/images/hi-res/SLS3I1FKHAJ79_4.jpg?sw=640&sh=640']",https://www.tanishq.co.in/product/forever-shine-celeste-solitaire-ring-sls3i1fkhaj79.html,True,,output/tanishq_images/uncategorized/sls3i1fkhlaj793ih000001_1.jpg|output/tanishq_images/uncategorized/sls3i1fkhlaj793ih000001_2.jpg|output/tanishq_images/uncategorized/sls3i1fkhlaj793ih000001_3.jpg|output/tanishq_images/uncategorized/sls3i1fkhlaj793ih000001_4.jpg
2.747,22K,yellow,47814,,none,Twisted Rope Gold Ring,51d5l2fewaa00,"['https://www.tanishq.co.in/dw/image/v2/BKCK_PRD/on/demandware.static/-/Sites-Tanishq-product-catalog/default/dwa75ea6ef/images/hi-res/51D5L2FEWAA00_1.jpg', 'https://www.tanishq.co.in/dw/image/v2/BKCK_PRD/on/demandware.static/-/Sites-Tanishq-product-catalog/default/dw92587a24/images/hi-res/51D5L2FEWAA00_2.jpg', 'https://www.tanishq.co.in/dw/image/v2/BKCK_PRD/on/demandware.static/-/Sites-Tanishq-product-catalog/default/dw41f6ebd5/images/hi-res/51D5L2FEWAA00_3.jpg', 'https://www.tanishq.co.in/dw/image/v2/BKCK_PRD/on/demandware.static/-/Sites-Tanishq-product-catalog/default/dwd698de8b/images/hi-res/51D5L2FEWAA00_4.jpg']",https://www.tanishq.co.in/product/twisted-rope-gold-ring-51d5l2fewaa00.html,True,,output/tanishq_images/uncategorized/51d5l2fewaa00_1.jpg|output/tanishq_images/uncategorized/51d5l2fewaa00_2.jpg|output/tanishq_images/uncategorized/51d5l2fewaa00_3.jpg|output/tanishq_images/uncategorized/51d5l2fewaa00_4.jpg
1.52,18K,yellow,26706,0.04,diamond,Petal Crest Diamond Ring,50d5l1flfaa09,"['https://www.tanishq.co.in/dw/image/v2/BKCK_PRD/on/demandware.static/-/Sites-Tanishq-product-catalog/default/dw6bfbf768/images/hi-res/50D5L1FLFAA09_1.jpg', 'https://www.tanishq.co.in/dw/image/v2/BKCK_PRD/on/demandware.static/-/Sites-Tanishq-product-catalog/default/dwfa8fb923/images/hi-res/50D5L1FLFAA09_2.jpg', 'https://www.tanishq.co.in/dw/image/v2/BKCK_PRD/on/demandware.static/-/Sites-Tanishq-product-catalog/default/dw9ab27e00/images/hi-res/50D5L1FLFAA09_3.jpg']",https://www.tanishq.co.in/product/petal-crest-diamond-ring-50d5l1flfaa09.html,True,,output/tanishq_images/uncategorized/50d5l1flfaa09_1.jpg|output/tanishq_images/uncategorized/50d5l1flfaa09_2.jpg|output/tanishq_images/uncategorized/50d5l1flfaa09_3.jpg
2.878,18K,yellow,41822,,none,Abstract Twist Gold Ring,50m5v2fhwaa00,"['https://www.tanishq.co.in/dw/image/v2/BKCK_PRD/on/demandware.static/-/Sites-Tanishq-product-catalog/default/dwad904902/images/hi-res/50M5V2FHWAA00_1.jpg?sw=640&sh=640', 'https://www.tanishq.co.in/dw/image/v2/BKCK_PRD/on/demandware.static/-/Sites-Tanishq-product-catalog/default/dw80f78568/images/hi-res/50M5V2FHWAA00_2.jpg?sw=640&sh=640', 'https://www.tanishq.co.in/dw/image/v2/BKCK_PRD/on/demandware.static/-/Sites-Tanishq-product-catalog/default/dw86150563/images/hi-res/50M5V2FHWAA00_3.jpg?sw=640&sh=640']",https://www.tanishq.co.in/product/abstract-twist-gold-ring-50m5v2fhwaa00.html,True,,output/tanishq_images/uncategorized/50m5v2fhwaa00_1.jpg|output/tanishq_images/uncategorized/50m5v2fhwaa00_2.jpg|output/tanishq_images/uncategorized/50m5v2fhwaa00_3.jpg
3.56,22K,yellow,62218,,none,Cross Knot Gold Ring,51e5c1fboaa00,"['https://www.tanishq.co.in/on/demandware.static/-/Sites-Tanishq-product-catalog/default/dw1d1f7669/images/hi-res/51E5C1FBOAA00_1.jpg', 'https://www.tanishq.co.in/on/demandware.static/-/Sites-Tanishq-product-catalog/default/dw547ea571/images/hi-res/51E5C1FBOAA00_2.jpg', 'https://www.tanishq.co.in/on/demandware.static/-/Sites-Tanishq-product-catalog/default/dw81502f98/images/hi-res/51E5C1FBOAA00_3.jpg']",https://www.tanishq.co.in/product/cross-knot-gold-ring-51e5c1fboaa00.html,True,,output/tanishq_images/uncategorized/51e5c1fboaa00_1.jpg|output/tanishq_images/uncategorized/51e5c1fboaa00_2.jpg|output/tanishq_images/uncategorized/51e5c1fboaa00_3.jpg
3.504,18K,yellow,110552,0.335,diamond,Playful Petal Diamond Finger Ring,50d5b2fffaa02,"['https://www.tanishq.co.in/dw/image/v2/BKCK_PRD/on/demandware.static/-/Sites-Tanishq-product-catalog/default/dw39ded0d1/images/hi-res/50D5B2FFFAA02_1.jpg?sw=640&sh=640', 'https://www.tanishq.co.in/dw/image/v2/BKCK_PRD/on/demandware.static/-/Sites-Tanishq-product-catalog/default/dwf82bf017/images/hi-res/50D5B2FFFAA02_2.jpg?sw=640&sh=640', 'https://www.tanishq.co.in/dw/image/v2/BKCK_PRD/on/demandware.static/-/Sites-Tanishq-product-catalog/default/dwca338de3/images/hi-res/50D5B2FFFAA02_3.jpg?sw=640&sh=640']",https://www.tanishq.co.in/product/playful-petal-diamond-finger-ring-50d5b2fffaa02.html,True,,output/tanishq_images/uncategorized/50d5b2fffaa02_1.jpg|output/tanishq_images/uncategorized/50d5b2fffaa02_2.jpg|output/tanishq_images/uncategorized/50d5b2fffaa02_3.jpg
2.593,18K,yellow,38133,,none,Ribbed Horizon Gold Ring,502920faxae00,"['https://www.tanishq.co.in/on/demandware.static/-/Sites-Tanishq-product-catalog/default/dwb8c9b025/images/hi-res/502920FAXAE00_1.jpg', 'https://www.tanishq.co.in/dw/image/v2/BKCK_PRD/on/demandware.static/-/Sites-Tanishq-product-catalog/default/dw4f0502eb/images/hi-res/502920FAXAE00_2.jpg', 'https://www.tanishq.co.in/dw/image/v2/BKCK_PRD/on/demandware.static/-/Sites-Tanishq-product-catalog/default/dwca9028ca/images/hi-res/502920FAXAE00_3.jpg']",https://www.tanishq.co.in/product/ribbed-horizon-gold-ring-502920faxae00.html,True,,output/tanishq_images/uncategorized/502920faxae00_1.jpg|output/tanishq_images/uncategorized/502920faxae00_2.jpg|output/tanishq_images/uncategorized/502920faxae00_3.jpg
1.52,18K,yellow,26457,,none,Majestic Trunk Gold Ring,51f1kpfgkaa00,"['https://www.tanishq.co.in/dw/image/v2/BKCK_PRD/on/demandware.static/-/Sites-Tanishq-product-catalog/default/dw791a7529/images/hi-res/51F1KPFGKAA00_1.jpg?sw=640&sh=640', 'https://www.tanishq.co.in/dw/image/v2/BKCK_PRD/on/demandware.static/-/Sites-Tanishq-product-catalog/default/dwd7b00b4f/images/hi-res/51F1KPFGKAA00_2.jpg?sw=640&sh=640', 'https://www.tanishq.co.in/dw/image/v2/BKCK_PRD/on/demandware.static/-/Sites-Tanishq-product-catalog/default/dw1a915a91/images/hi-res/51F1KPFGKAA00_3.jpg?sw=640&sh=640']",https://www.tanishq.co.in/product/majestic-trunk-gold-ring-51f1kpfgkaa00.html,True,,output/tanishq_images/uncategorized/51f1kpfgkaa00_1.jpg|output/tanishq_images/uncategorized/51f1kpfgkaa00_2.jpg|output/tanishq_images/uncategorized/51f1kpfgkaa00_3.jpg
3.512,18K,rose,88098,0.2,diamond,Iconic Cluster Diamond Ring For Men,50g5v2fabaa02,"['https://www.tanishq.co.in/on/demandware.static/-/Sites-Tanishq-product-catalog/default/dw521b2071/images/hi-res/50G5V2FABAA02_1.jpg', 'https://www.tanishq.co.in/on/demandware.static/-/Sites-Tanishq-product-catalog/default/dw27fc66ce/images/hi-res/50G5V2FABAA02_2.jpg', 'https://www.tanishq.co.in/on/demandware.static/-/Sites-Tanishq-product-catalog/default/dwcc0850d2/images/hi-res/50G5V2FABAA02_3.jpg']",https://www.tanishq.co.in/product/iconic-cluster-diamond-ring-for-men-50g5v2fabaa02.html,True,,output/tanishq_images/uncategorized/50g5v2fabaa02_1.jpg|output/tanishq_images/uncategorized/50g5v2fabaa02_2.jpg|output/tanishq_images/uncategorized/50g5v2fabaa02_3.jpg
4.535,22K,yellow,80578,,none,Forever Loop Gold Ring,51d5b2fbtaacz,"['https://www.tanishq.co.in/on/demandware.static/-/Sites-Tanishq-product-catalog/default/dwc30baa6c/images/hi-res/51D5B2FBTAACZ_1.jpg', 'https://www.tanishq.co.in/dw/image/v2/BKCK_PRD/on/demandware.static/-/Sites-Tanishq-product-catalog/default/dwb98ee591/images/hi-res/51D5B2FBTAACZ_2.jpg', 'https://www.tanishq.co.in/dw/image/v2/BKCK_PRD/on/demandware.static/-/Sites-Tanishq-product-catalog/default/dwf37fddee/images/hi-res/51D5B2FBTAACZ_3.jpg']",https://www.tanishq.co.in/product/forever-loop-gold-ring-51d5b2fbtaacz.html,True,,output/tanishq_images/uncategorized/51d5b2fbtaacz_1.jpg|output/tanishq_images/uncategorized/51d5b2fbtaacz_2.jpg|output/tanishq_images/uncategorized/51d5b2fbtaacz_3.jpg
1.43,18K,rose,45026,0.13,diamond,Sleek Glint Diamond Finger Ring,50d5b2fgyaa02,"['https://www.tanishq.co.in/on/demandware.static/-/Sites-Tanishq-product-catalog/default/dwab19b966/images/hi-res/50D5B2FGYAA02_1.jpg', 'https://www.tanishq.co.in/dw/image/v2/BKCK_PRD/on/demandware.static/-/Sites-Tanishq-product-catalog/default/dw30bd1329/images/hi-res/50D5B2FGYAA02_2.jpg', 'https://www.tanishq.co.in/dw/image/v2/BKCK_PRD/on/demandware.static/-/Sites-Tanishq-product-catalog/default/dwe59f1f3d/images/hi-res/50D5B2FGYAA02_3.jpg']",https://www.tanishq.co.in/product/sleek-glint-diamond-finger-ring-50d5b2fgyaa02.html,True,,output/tanishq_images/uncategorized/50d5b2fgyaa02_1.jpg|output/tanishq_images/uncategorized/50d5b2fgyaa02_2.jpg|output/tanishq_images/uncategorized/50d5b2fgyaa02_3.jpg
3.144,18K,rose,85817,0.273,diamond,Infinity Embrace Diamond Ring,50d5fdfvh2a09,"['https://www.tanishq.co.in/dw/image/v2/BKCK_PRD/on/demandware.static/-/Sites-Tanishq-product-catalog/default/dw690a990a/images/hi-res/50D5FDFVH2A09_1.jpg', 'https://www.tanishq.co.in/dw/image/v2/BKCK_PRD/on/demandware.static/-/Sites-Tanishq-product-catalog/default/dw7882b9cf/images/hi-res/50D5FDFVH2A09_2.jpg', 'https://www.tanishq.co.in/dw/image/v2/BKCK_PRD/on/demandware.static/-/Sites-Tanishq-product-catalog/default/dwccb80d67/images/hi-res/50D5FDFVH2A09_3.jpg', 'https://www.tanishq.co.in/dw/image/v2/BKCK_PRD/on/demandware.static/-/Sites-Tanishq-product-catalog/default/dw2a9b9df7/images/hi-res/50D5FDFVH2A09_4.jpg', 'https://www.tanishq.co.in/dw/image/v2/BKCK_PRD/on/demandware.static/-/Sites-Tanishq-product-catalog/default/dw7c156e4d/images/hi-res/50D5FDFVH2A09_5.jpg', 'https://www.tanishq.co.in/dw/image/v2/BKCK_PRD/on/demandware.static/-/Sites-Tanishq-product-catalog/default/dw93493be3/images/hi-res/50D5FDFVH2A09_6.jpg', 'https://www.tanishq.co.in/dw/image/v2/BKCK_PRD/on/demandware.static/-/Sites-Tanishq-product-catalog/default/dw1dc3e1ee/images/hi-res/50D5FDFVH2A09_7.jpg']",https://www.tanishq.co.in/product/infinity-embrace-diamond-ring-50d5fdfvh2a09.html,True,,output/tanishq_images/uncategorized/50d5fdfvh2a09_1.jpg|output/tanishq_images/uncategorized/50d5fdfvh2a09_2.jpg|output/tanishq_images/uncategorized/50d5fdfvh2a09_3.jpg|output/tanishq_images/uncategorized/50d5fdfvh2a09_4.jpg|output/tanishq_images/uncategorized/50d5fdfvh2a09_5.jpg|output/tanishq_images/uncategorized/50d5fdfvh2a09_6.jpg|output/tanishq_images/uncategorized/50d5fdfvh2a09_7.jpg
2.072,18K,yellow,63258,0.181,diamond,Whirling Grace Diamond Ring,50e5c1feeaa02,"['https://www.tanishq.co.in/dw/image/v2/BKCK_PRD/on/demandware.static/-/Sites-Tanishq-product-catalog/default/dw4da85e7b/images/hi-res/50E5C1FEEAA02_1.jpg', 'https://www.tanishq.co.in/dw/image/v2/BKCK_PRD/on/demandware.static/-/Sites-Tanishq-product-catalog/default/dw3180fb9d/images/hi-res/50E5C1FEEAA02_2.jpg', 'https://www.tanishq.co.in/dw/image/v2/BKCK_PRD/on/demandware.static/-/Sites-Tanishq-product-catalog/default/dw71e87e18/images/hi-res/50E5C1FEEAA02_3.jpg']",https://www.tanishq.co.in/product/whirling-grace-diamond-ring-50e5c1feeaa02.html,True,,output/tanishq_images/uncategorized/50e5c1feeaa02_1.jpg|output/tanishq_images/uncategorized/50e5c1feeaa02_2.jpg|output/tanishq_images/uncategorized/50e5c1feeaa02_3.jpg
1.816,18K,Yellow and White,29913,0.028,diamond,Linear Spark Diamond Ring,50d5h3fwymaa093ia000031,"['https://www.tanishq.co.in/dw/image/v2/BKCK_PRD/on/demandware.static/-/Sites-Tanishq-product-catalog/default/dw1d4078a4/images/hi-res/50D5H3FWYAA09_1.jpg', 'https://www.tanishq.co.in/dw/image/v2/BKCK_PRD/on/demandware.static/-/Sites-Tanishq-product-catalog/default/dwede0cca0/images/hi-res/50D5H3FWYAA09_2.jpg', 'https://www.tanishq.co.in/dw/image/v2/BKCK_PRD/on/demandware.static/-/Sites-Tanishq-product-catalog/default/dw6ac67557/images/hi-res/50D5H3FWYAA09_3.jpg']",https://www.tanishq.co.in/product/linear-spark-diamond-ring-50d5h3fwyaa09.html,True,,output/tanishq_images/uncategorized/50d5h3fwymaa093ia000031_1.jpg|output/tanishq_images/uncategorized/50d5h3fwymaa093ia000031_2.jpg|output/tanishq_images/uncategorized/50d5h3fwymaa093ia000031_3.jpg
4.149,22K,yellow,74803,,none,Charm Gold Finger Ring,51d4b2fulaacz,"['https://www.tanishq.co.in/on/demandware.static/-/Sites-Tanishq-product-catalog/default/dwb29a0f6a/images/hi-res/51D4B2FULAACZ_1.jpg', 'https://www.tanishq.co.in/dw/image/v2/BKCK_PRD/on/demandware.static/-/Sites-Tanishq-product-catalog/default/dw1f547042/images/hi-res/51D4B2FULAACZ_2.jpg', 'https://www.tanishq.co.in/dw/image/v2/BKCK_PRD/on/demandware.static/-/Sites-Tanishq-product-catalog/default/dwae41841b/images/hi-res/51D4B2FULAACZ_3.jpg']",https://www.tanishq.co.in/product/charm-gold-finger-ring-51d4b2fulaacz.html,True,,output/tanishq_images/uncategorized/51d4b2fulaacz_1.jpg|output/tanishq_images/uncategorized/51d4b2fulaacz_2.jpg|output/tanishq_images/uncategorized/51d4b2fulaacz_3.jpg
2.868,22K,yellow,50939,,none,Ripple Line Gold Ring,51m5i1fexaa00,"['https://www.tanishq.co.in/on/demandware.static/-/Sites-Tanishq-product-catalog/default/dwdffc06ea/images/hi-res/51M5I1FEXAA00_1.jpg', 'https://www.tanishq.co.in/dw/image/v2/BKCK_PRD/on/demandware.static/-/Sites-Tanishq-product-catalog/default/dw21986ab3/images/hi-res/51M5I1FEXAA00_2.jpg', 'https://www.tanishq.co.in/dw/image/v2/BKCK_PRD/on/demandware.static/-/Sites-Tanishq-product-catalog/default/dw00ce9dd5/images/hi-res/51M5I1FEXAA00_3.jpg', 'https://www.tanishq.co.in/dw/image/v2/BKCK_PRD/on/demandware.static/-/Sites-Tanishq-product-catalog/default/dw9a87e3bf/images/hi-res/51M5I1FEXAA00_4.jpg']",https://www.tanishq.co.in/product/ripple-line-gold-ring-51m5i1fexaa00.html,True,,output/tanishq_images/uncategorized/51m5i1fexaa00_1.jpg|output/tanishq_images/uncategorized/51m5i1fexaa00_2.jpg|output/tanishq_images/uncategorized/51m5i1fexaa00_3.jpg|output/tanishq_images/uncategorized/51m5i1fexaa00_4.jpg
1.844,18K,yellow,42712,0.092,diamond,Fluid Spark Diamond Ring,50d5dtfbcaa02,"['https://www.tanishq.co.in/dw/image/v2/BKCK_PRD/on/demandware.static/-/Sites-Tanishq-product-catalog/default/dw9c57b406/images/hi-res/50D5DTFBCAA02_1.jpg?sw=640&sh=640', 'https://www.tanishq.co.in/dw/image/v2/BKCK_PRD/on/demandware.static/-/Sites-Tanishq-product-catalog/default/dw89977ec1/images/hi-res/50D5DTFBCAA02_2.jpg?sw=640&sh=640', 'https://www.tanishq.co.in/dw/image/v2/BKCK_PRD/on/demandware.static/-/Sites-Tanishq-product-catalog/default/dw4c124119/images/hi-res/50D5DTFBCAA02_3.jpg?sw=640&sh=640']",https://www.tanishq.co.in/product/fluid-spark-diamond-ring-50d5dtfbcaa02.html,True,,output/tanishq_images/uncategorized/50d5dtfbcaa02_1.jpg|output/tanishq_images/uncategorized/50d5dtfbcaa02_2.jpg|output/tanishq_images/uncategorized/50d5dtfbcaa02_3.jpg
2.852,18K,Yellow,86754,0.249,diamond,Starlit Bloom Diamond Ring,50d5h2fixlaa022ja000024,"['https://www.tanishq.co.in/dw/image/v2/BKCK_PRD/on/demandware.static/-/Sites-Tanishq-product-catalog/default/dw145d2a6d/images/hi-res/50D5H2FIXAA02_1.jpg?sw=640&sh=640', 'https://www.tanishq.co.in/dw/image/v2/BKCK_PRD/on/demandware.static/-/Sites-Tanishq-product-catalog/default/dwf24bb968/images/hi-res/50D5H2FIXAA02_2.jpg?sw=640&sh=640', 'https://www.tanishq.co.in/dw/image/v2/BKCK_PRD/on/demandware.static/-/Sites-Tanishq-product-catalog/default/dw28d45295/images/hi-res/50D5H2FIXAA02_3.jpg?sw=640&sh=640']",https://www.tanishq.co.in/product/starlit-bloom-diamond-ring-50d5h2fixaa02.html,True,,output/tanishq_images/uncategorized/50d5h2fixlaa022ja000024_1.jpg|output/tanishq_images/uncategorized/50d5h2fixlaa022ja000024_2.jpg|output/tanishq_images/uncategorized/50d5h2fixlaa022ja000024_3.jpg
4.076,18K,yellow,148315,0.51,diamond,Oval Affair Diamond Ring,50e5b1fbd2a022jd000002,"['https://www.tanishq.co.in/dw/image/v2/BKCK_PRD/on/demandware.static/-/Sites-Tanishq-product-catalog/default/dw5080cefb/images/hi-res/50E5B1FBD2A02_1.jpg', 'https://www.tanishq.co.in/dw/image/v2/BKCK_PRD/on/demandware.static/-/Sites-Tanishq-product-catalog/default/dwa7e7639c/images/hi-res/50E5B1FBD2A02_2.jpg', 'https://www.tanishq.co.in/dw/image/v2/BKCK_PRD/on/demandware.static/-/Sites-Tanishq-product-catalog/default/dw69de97dc/images/hi-res/50E5B1FBD2A02_3.jpg', 'https://www.tanishq.co.in/dw/image/v2/BKCK_PRD/on/demandware.static/-/Sites-Tanishq-product-catalog/default/dw08bd9c9d/images/hi-res/50E5B1FBD2A02_4.jpg', 'https://www.tanishq.co.in/dw/image/v2/BKCK_PRD/on/demandware.static/-/Sites-Tanishq-product-catalog/default/dwb546477e/images/hi-res/50E5B1FBD2A02_5.jpg', 'https://www.tanishq.co.in/dw/image/v2/BKCK_PRD/on/demandware.static/-/Sites-Tanishq-product-catalog/default/dwd84c3d43/images/hi-res/50E5B1FBD2A02_6.jpg', 'https://www.tanishq.co.in/dw/image/v2/BKCK_PRD/on/demandware.static/-/Sites-Tanishq-product-catalog/default/dwbc090ee6/images/hi-res/50E5B1FBD2A02_7.jpg']",https://www.tanishq.co.in/product/oval-affair-diamond-ring-50e5b1fbd2a02.html,True,,output/tanishq_images/uncategorized/50e5b1fbd2a022jd000002_1.jpg|output/tanishq_images/uncategorized/50e5b1fbd2a022jd000002_2.jpg|output/tanishq_images/uncategorized/50e5b1fbd2a022jd000002_3.jpg|output/tanishq_images/uncategorized/50e5b1fbd2a022jd000002_4.jpg|output/tanishq_images/uncategorized/50e5b1fbd2a022jd000002_5.jpg|output/tanishq_images/uncategorized/50e5b1fbd2a022jd000002_6.jpg|output/tanishq_images/uncategorized/50e5b1fbd2a022jd000002_7.jpg
2.0,18K,yellow,42505,0.121,diamond,Marquise Charm Diamond Ring,50d5b2ffraa10,"['https://www.tanishq.co.in/dw/image/v2/BKCK_PRD/on/demandware.static/-/Sites-Tanishq-product-catalog/default/dw7ee75789/images/hi-res/50D5B2FFRAA10_1.jpg', 'https://www.tanishq.co.in/dw/image/v2/BKCK_PRD/on/demandware.static/-/Sites-Tanishq-product-catalog/default/dwef49ef32/images/hi-res/50D5B2FFRAA10_2.jpg', 'https://www.tanishq.co.in/dw/image/v2/BKCK_PRD/on/demandware.static/-/Sites-Tanishq-product-catalog/default/dwb10c2193/images/hi-res/50D5B2FFRAA10_3.jpg']",https://www.tanishq.co.in/product/marquise-charm-diamond-ring-50d5b2ffraa10.html,True,,output/tanishq_images/uncategorized/50d5b2ffraa10_1.jpg|output/tanishq_images/uncategorized/50d5b2ffraa10_2.jpg|output/tanishq_images/uncategorized/50d5b2ffraa10_3.jpg
2.346,18K,yellow,40680,0.031,diamond,Infinity Wave Diamond Ring,500005fganaa023ia005295,"['https://www.tanishq.co.in/on/demandware.static/-/Sites-Tanishq-product-catalog/default/dw4c2a5a29/images/hi-res/500005FGAAA02_1.jpg', 'https://www.tanishq.co.in/on/demandware.static/-/Sites-Tanishq-product-catalog/default/dweb6ecbd8/images/hi-res/500005FGAAA02_2.jpg']",https://www.tanishq.co.in/product/infinity-wave-diamond-ring-500005fgaaa02.html,True,,output/tanishq_images/uncategorized/500005fganaa023ia005295_1.jpg|output/tanishq_images/uncategorized/500005fganaa023ia005295_2.jpg
4.291,22K,yellow,67677,,none,Gleaming Textured Gold Ring for Men,510120FLAAA00,"['https://www.tanishq.co.in/on/demandware.static/-/Sites-Tanishq-product-catalog/default/dwf979cbf2/images/hi-res/510120FLAAA00_1.jpg', 'https://www.tanishq.co.in/dw/image/v2/BKCK_PRD/on/demandware.static/-/Sites-Tanishq-product-catalog/default/dwaabbd6ea/images/hi-res/510120FLAAA00_2.jpg', 'https://www.tanishq.co.in/dw/image/v2/BKCK_PRD/on/demandware.static/-/Sites-Tanishq-product-catalog/default/dw664db5b8/images/hi-res/510120FLAAA00_3.jpg']",https://www.tanishq.co.in/product/gleaming-textured-gold-ring-for-men-510120flaaa00.html,True,,output/tanishq_images/uncategorized/510120FLAAA00_1.jpg|output/tanishq_images/uncategorized/510120FLAAA00_2.jpg|output/tanishq_images/uncategorized/510120FLAAA00_3.jpg
2.348,18K,yellow,33684,,none,Wave Whirl Gold Ring,50m5b1fiknaa002jd000002,"['https://www.tanishq.co.in/on/demandware.static/-/Sites-Tanishq-product-catalog/default/dw97a28f7f/images/hi-res/50M5B1FIKAA00_1.jpg', 'https://www.tanishq.co.in/dw/image/v2/BKCK_PRD/on/demandware.static/-/Sites-Tanishq-product-catalog/default/dw0dfd693d/images/hi-res/50M5B1FIKAA00_2.jpg', 'https://www.tanishq.co.in/dw/image/v2/BKCK_PRD/on/demandware.static/-/Sites-Tanishq-product-catalog/default/dw21434907/images/hi-res/50M5B1FIKAA00_3.jpg']",https://www.tanishq.co.in/product/wave-whirl-gold-ring-50m5b1fikaa00.html,True,,output/tanishq_images/uncategorized/50m5b1fiknaa002jd000002_1.jpg|output/tanishq_images/uncategorized/50m5b1fiknaa002jd000002_2.jpg|output/tanishq_images/uncategorized/50m5b1fiknaa002jd000002_3.jpg
5.796,22K,yellow,100884,,none,Flow Edge Gold Ring for Men,51g5b1fggaa00,"['https://www.tanishq.co.in/dw/image/v2/BKCK_PRD/on/demandware.static/-/Sites-Tanishq-product-catalog/default/dw3aa714d0/images/hi-res/51G5B1FGGAA00_1.jpg?sw=640&sh=640', 'https://www.tanishq.co.in/dw/image/v2/BKCK_PRD/on/demandware.static/-/Sites-Tanishq-product-catalog/default/dwfc9a3409/images/hi-res/51G5B1FGGAA00_2.jpg?sw=640&sh=640', 'https://www.tanishq.co.in/dw/image/v2/BKCK_PRD/on/demandware.static/-/Sites-Tanishq-product-catalog/default/dw44386e6c/images/hi-res/51G5B1FGGAA00_3.jpg?sw=640&sh=640']",https://www.tanishq.co.in/product/flow-edge-gold-ring-for-men-51g5b1fggaa00.html,True,,output/tanishq_images/uncategorized/51g5b1fggaa00_1.jpg|output/tanishq_images/uncategorized/51g5b1fggaa00_2.jpg|output/tanishq_images/uncategorized/51g5b1fggaa00_3.jpg
3.745,22K,yellow,65451,,none,Open Loop Gold Ring,51e5c1fcoaa00,"['https://www.tanishq.co.in/dw/image/v2/BKCK_PRD/on/demandware.static/-/Sites-Tanishq-product-catalog/default/dw6bde0464/images/hi-res/51E5C1FCOAA00_1.jpg', 'https://www.tanishq.co.in/dw/image/v2/BKCK_PRD/on/demandware.static/-/Sites-Tanishq-product-catalog/default/dwc25b60c5/images/hi-res/51E5C1FCOAA00_2.jpg', 'https://www.tanishq.co.in/dw/image/v2/BKCK_PRD/on/demandware.static/-/Sites-Tanishq-product-catalog/default/dw788b54c3/images/hi-res/51E5C1FCOAA00_3.jpg']",https://www.tanishq.co.in/product/open-loop-gold-ring-51e5c1fcoaa00.html,True,,output/tanishq_images/uncategorized/51e5c1fcoaa00_1.jpg|output/tanishq_images/uncategorized/51e5c1fcoaa00_2.jpg|output/tanishq_images/uncategorized/51e5c1fcoaa00_3.jpg
2.946,18K,yellow,81738,0.219,diamond,Stylish Bloom Diamond Finger Ring,50e5b1fewaa02,"['https://www.tanishq.co.in/on/demandware.static/-/Sites-Tanishq-product-catalog/default/dw8faf3a85/images/hi-res/50E5B1FEWAA02_1.jpg', 'https://www.tanishq.co.in/dw/image/v2/BKCK_PRD/on/demandware.static/-/Sites-Tanishq-product-catalog/default/dw20af3bda/images/hi-res/50E5B1FEWAA02_2.jpg', 'https://www.tanishq.co.in/dw/image/v2/BKCK_PRD/on/demandware.static/-/Sites-Tanishq-product-catalog/default/dwdadd7961/images/hi-res/50E5B1FEWAA02_3.jpg']",https://www.tanishq.co.in/product/stylish-bloom-diamond-finger-ring-50e5b1fewaa02.html,True,,output/tanishq_images/uncategorized/50e5b1fewaa02_1.jpg|output/tanishq_images/uncategorized/50e5b1fewaa02_2.jpg|output/tanishq_images/uncategorized/50e5b1fewaa02_3.jpg
6.783,22K,yellow,113293,,none,Traditional Gold Finger Band,51d2a3fhfpaa002ea000100,"['https://www.tanishq.co.in/dw/image/v2/BKCK_PRD/on/demandware.static/-/Sites-Tanishq-product-catalog/default/dw9750e0c7/images/hi-res/51D2A3FHFAA00_1.jpg', 'https://www.tanishq.co.in/dw/image/v2/BKCK_PRD/on/demandware.static/-/Sites-Tanishq-product-catalog/default/dw016eca53/images/hi-res/51D2A3FHFAA00_2.jpg', 'https://www.tanishq.co.in/dw/image/v2/BKCK_PRD/on/demandware.static/-/Sites-Tanishq-product-catalog/default/dw5371a9b7/images/hi-res/51D2A3FHFAA00_3.jpg']",https://www.tanishq.co.in/product/traditional-gold-finger-band-51d2a3fhfaa00.html,True,,output/tanishq_images/uncategorized/51d2a3fhfpaa002ea000100_1.jpg|output/tanishq_images/uncategorized/51d2a3fhfpaa002ea000100_2.jpg|output/tanishq_images/uncategorized/51d2a3fhfpaa002ea000100_3.jpg
2.308,18K,yellow,68884,0.193,diamond,Twisted Shine Diamond Ring,50d4pifkvaa32,"['https://www.tanishq.co.in/dw/image/v2/BKCK_PRD/on/demandware.static/-/Sites-Tanishq-product-catalog/default/dw412e0051/images/hi-res/50D4PIFKVAA32_1.jpg', 'https://www.tanishq.co.in/dw/image/v2/BKCK_PRD/on/demandware.static/-/Sites-Tanishq-product-catalog/default/dwf8b392b1/images/hi-res/50D4PIFKVAA32_2.jpg', 'https://www.tanishq.co.in/dw/image/v2/BKCK_PRD/on/demandware.static/-/Sites-Tanishq-product-catalog/default/dwbb470169/images/hi-res/50D4PIFKVAA32_3.jpg']",https://www.tanishq.co.in/product/twisted-shine-diamond-ring-50d4pifkvaa32.html,True,,output/tanishq_images/uncategorized/50d4pifkvaa32_1.jpg|output/tanishq_images/uncategorized/50d4pifkvaa32_2.jpg|output/tanishq_images/uncategorized/50d4pifkvaa32_3.jpg
1.876,18K,yellow,35743,0.039,diamond,Petal Muse Diamond Ring,50d5s2fkdaa29,"['https://www.tanishq.co.in/dw/image/v2/BKCK_PRD/on/demandware.static/-/Sites-Tanishq-product-catalog/default/dw480d784f/images/hi-res/50D5S2FKDAA29_1.jpg', 'https://www.tanishq.co.in/dw/image/v2/BKCK_PRD/on/demandware.static/-/Sites-Tanishq-product-catalog/default/dwfa1a0255/images/hi-res/50D5S2FKDAA29_2.jpg', 'https://www.tanishq.co.in/dw/image/v2/BKCK_PRD/on/demandware.static/-/Sites-Tanishq-product-catalog/default/dwe94576ac/images/hi-res/50D5S2FKDAA29_3.jpg', 'https://www.tanishq.co.in/dw/image/v2/BKCK_PRD/on/demandware.static/-/Sites-Tanishq-product-catalog/default/dw430c17b2/images/hi-res/50D5S2FKDAA29_4.jpg']",https://www.tanishq.co.in/product/petal-muse-diamond-ring-50d5s2fkdaa29.html,True,,output/tanishq_images/uncategorized/50d5s2fkdaa29_1.jpg|output/tanishq_images/uncategorized/50d5s2fkdaa29_2.jpg|output/tanishq_images/uncategorized/50d5s2fkdaa29_3.jpg|output/tanishq_images/uncategorized/50d5s2fkdaa29_4.jpg
3.725,22K,yellow,67219,,none,Regal Chevron Gold Ring For Men,51g5amfceraa002ea000036,"['https://www.tanishq.co.in/dw/image/v2/BKCK_PRD/on/demandware.static/-/Sites-Tanishq-product-catalog/default/dwbef08185/images/hi-res/51G5AMFCEAA00_1.jpg', 'https://www.tanishq.co.in/dw/image/v2/BKCK_PRD/on/demandware.static/-/Sites-Tanishq-product-catalog/default/dwef4ab935/images/hi-res/51G5AMFCEAA00_2.jpg', 'https://www.tanishq.co.in/dw/image/v2/BKCK_PRD/on/demandware.static/-/Sites-Tanishq-product-catalog/default/dw19f59180/images/hi-res/51G5AMFCEAA00_3.jpg']",https://www.tanishq.co.in/product/regal-chevron-gold-ring-for-men-51g5amfceaa00.html,True,,output/tanishq_images/uncategorized/51g5amfceraa002ea000036_1.jpg|output/tanishq_images/uncategorized/51g5amfceraa002ea000036_2.jpg|output/tanishq_images/uncategorized/51g5amfceraa002ea000036_3.jpg
2.712,18K,yellow,39331,,none,Infinity Loop Gold Ring,50m4c1fismaa002jd000022,"['https://www.tanishq.co.in/on/demandware.static/-/Sites-Tanishq-product-catalog/default/dw4f6c909b/images/hi-res/50M4C1FISAA00_1.jpg', 'https://www.tanishq.co.in/on/demandware.static/-/Sites-Tanishq-product-catalog/default/dweb273dc6/images/hi-res/50M4C1FISAA00_2.jpg', 'https://www.tanishq.co.in/on/demandware.static/-/Sites-Tanishq-product-catalog/default/dwe45b69f9/images/hi-res/50M4C1FISAA00_3.jpg']",https://www.tanishq.co.in/product/infinity-loop-gold-ring-50m4c1fisaa00.html,True,,output/tanishq_images/uncategorized/50m4c1fismaa002jd000022_1.jpg|output/tanishq_images/uncategorized/50m4c1fismaa002jd000022_2.jpg|output/tanishq_images/uncategorized/50m4c1fismaa002jd000022_3.jpg
1.514,18K,rose,32971,0.068,diamond,Flowing Heart Diamond Ring,50d5s2fgkaa29,"['https://www.tanishq.co.in/dw/image/v2/BKCK_PRD/on/demandware.static/-/Sites-Tanishq-product-catalog/default/dw24248dc8/images/hi-res/50D5S2FGKAA29_1.jpg', 'https://www.tanishq.co.in/dw/image/v2/BKCK_PRD/on/demandware.static/-/Sites-Tanishq-product-catalog/default/dwab8b53ef/images/hi-res/50D5S2FGKAA29_2.jpg', 'https://www.tanishq.co.in/dw/image/v2/BKCK_PRD/on/demandware.static/-/Sites-Tanishq-product-catalog/default/dwefb1ee3d/images/hi-res/50D5S2FGKAA29_3.jpg']",https://www.tanishq.co.in/product/flowing-heart-diamond-ring-50d5s2fgkaa29.html,True,,output/tanishq_images/uncategorized/50d5s2fgkaa29_1.jpg|output/tanishq_images/uncategorized/50d5s2fgkaa29_2.jpg|output/tanishq_images/uncategorized/50d5s2fgkaa29_3.jpg
2.159,18K,yellow,13285,,none,Modern Minimalistic Ring,503220fwcaa00,"['https://www.tanishq.co.in/on/demandware.static/-/Sites-Tanishq-product-catalog/default/dwab44ca67/images/hi-res/503220FWCAA00_1.jpg', 'https://www.tanishq.co.in/on/demandware.static/-/Sites-Tanishq-product-catalog/default/dwdeb12c27/images/hi-res/503220FWCAA00_2.jpg', 'https://www.tanishq.co.in/on/demandware.static/-/Sites-Tanishq-product-catalog/default/dw857395b1/images/hi-res/503220FWCAA00_3.jpg']",https://www.tanishq.co.in/product/modern-minimalistic-ring-503220fwcaa00.html,True,,output/tanishq_images/uncategorized/503220fwcaa00_1.jpg|output/tanishq_images/uncategorized/503220fwcaa00_2.jpg|output/tanishq_images/uncategorized/503220fwcaa00_3.jpg
2.353,18K,yellow,84514,0.29,diamond,Delightful Diamond Finger Ring,50d3c2fkfaa02,"['https://www.tanishq.co.in/dw/image/v2/BKCK_PRD/on/demandware.static/-/Sites-Tanishq-product-catalog/default/dw2f3dd618/images/hi-res/50D3C2FKFAA02_1.jpg?sw=640&sh=640', 'https://www.tanishq.co.in/dw/image/v2/BKCK_PRD/on/demandware.static/-/Sites-Tanishq-product-catalog/default/dwfe79699c/images/hi-res/50D3C2FKFAA02_2.jpg?sw=640&sh=640', 'https://www.tanishq.co.in/dw/image/v2/BKCK_PRD/on/demandware.static/-/Sites-Tanishq-product-catalog/default/dw1fb36ea3/images/hi-res/50D3C2FKFAA02_3.jpg?sw=640&sh=640']",https://www.tanishq.co.in/product/delightful-diamond-finger-ring-50d3c2fkfaa02.html,True,,output/tanishq_images/uncategorized/50d3c2fkfaa02_1.jpg|output/tanishq_images/uncategorized/50d3c2fkfaa02_2.jpg|output/tanishq_images/uncategorized/50d3c2fkfaa02_3.jpg
4.326,18K,yellow,134364,0.416,diamond,Glam Stack Diamond Ring,50e5b1faz3a02,"['https://www.tanishq.co.in/dw/image/v2/BKCK_PRD/on/demandware.static/-/Sites-Tanishq-product-catalog/default/dw9f164bed/images/hi-res/50E5B1FAZ3A02_1.jpg', 'https://www.tanishq.co.in/dw/image/v2/BKCK_PRD/on/demandware.static/-/Sites-Tanishq-product-catalog/default/dw9be7d6d7/images/hi-res/50E5B1FAZ3A02_2.jpg', 'https://www.tanishq.co.in/dw/image/v2/BKCK_PRD/on/demandware.static/-/Sites-Tanishq-product-catalog/default/dw4d384cb1/images/hi-res/50E5B1FAZ3A02_3.jpg', 'https://www.tanishq.co.in/dw/image/v2/BKCK_PRD/on/demandware.static/-/Sites-Tanishq-product-catalog/default/dwaeecb375/images/hi-res/50E5B1FAZ3A02_4.jpg', 'https://www.tanishq.co.in/dw/image/v2/BKCK_PRD/on/demandware.static/-/Sites-Tanishq-product-catalog/default/dw5eba9ba6/images/hi-res/50E5B1FAZ3A02_5.jpg', 'https://www.tanishq.co.in/dw/image/v2/BKCK_PRD/on/demandware.static/-/Sites-Tanishq-product-catalog/default/dw0edf26cd/images/hi-res/50E5B1FAZ3A02_6.jpg']",https://www.tanishq.co.in/product/glam-stack-diamond-ring-50e5b1faz3a02.html,True,,output/tanishq_images/uncategorized/50e5b1faz3a02_1.jpg|output/tanishq_images/uncategorized/50e5b1faz3a02_2.jpg|output/tanishq_images/uncategorized/50e5b1faz3a02_3.jpg|output/tanishq_images/uncategorized/50e5b1faz3a02_4.jpg|output/tanishq_images/uncategorized/50e5b1faz3a02_5.jpg|output/tanishq_images/uncategorized/50e5b1faz3a02_6.jpg
3.577,22K,yellow,62261,,none,Two Toned Rhodium Finish Gold FInger Ring,512219firaa00,"['https://www.tanishq.co.in/dw/image/v2/BKCK_PRD/on/demandware.static/-/Sites-Tanishq-product-catalog/default/dwefa39721/images/hi-res/512219FIRAA00_1.jpg?sw=640&sh=640', 'https://www.tanishq.co.in/dw/image/v2/BKCK_PRD/on/demandware.static/-/Sites-Tanishq-product-catalog/default/dwb2bfdd48/images/hi-res/512219FIRAA00_2.jpg?sw=640&sh=640', 'https://www.tanishq.co.in/dw/image/v2/BKCK_PRD/on/demandware.static/-/Sites-Tanishq-product-catalog/default/dw00d21b32/images/hi-res/512219FIRAA00_3.jpg?sw=640&sh=640']",https://www.tanishq.co.in/product/two-toned-rhodium-finish-gold-finger-ring-512219firaa00.html,True,,output/tanishq_images/uncategorized/512219firaa00_1.jpg|output/tanishq_images/uncategorized/512219firaa00_2.jpg|output/tanishq_images/uncategorized/512219firaa00_3.jpg
3.948,22K,yellow,68718,,none,Handsome 22 Karat Gold Geometric Band Ring,513515fleaa00,"['https://www.tanishq.co.in/on/demandware.static/-/Sites-Tanishq-product-catalog/default/dw79839039/images/hi-res/513515FLEAA00.jpg', 'https://www.tanishq.co.in/dw/image/v2/BKCK_PRD/on/demandware.static/-/Sites-Tanishq-product-catalog/default/dwc0bf8171/images/hi-res/513515FLEAA00_1.jpg', 'https://www.tanishq.co.in/dw/image/v2/BKCK_PRD/on/demandware.static/-/Sites-Tanishq-product-catalog/default/dwdbaf8b84/images/hi-res/513515FLEAA00_2.jpg', 'https://www.tanishq.co.in/dw/image/v2/BKCK_PRD/on/demandware.static/-/Sites-Tanishq-product-catalog/default/dwb7587954/images/hi-res/513515FLEAA00_3.jpg']",https://www.tanishq.co.in/product/handsome-22-karat-gold-geometric-band-ring-513515fleaa00.html,True,,output/tanishq_images/uncategorized/513515fleaa00_1.jpg|output/tanishq_images/uncategorized/513515fleaa00_2.jpg|output/tanishq_images/uncategorized/513515fleaa00_3.jpg|output/tanishq_images/uncategorized/513515fleaa00_4.jpg
4.539,18K,yellow,112763,0.265,diamond,Bold Rectangular Diamond Ring For Men,50g5v2fbnaa02,"['https://www.tanishq.co.in/dw/image/v2/BKCK_PRD/on/demandware.static/-/Sites-Tanishq-product-catalog/default/dwab2e25fe/images/hi-res/50G5V2FBNAA02_1.jpg?sw=640&sh=640', 'https://www.tanishq.co.in/dw/image/v2/BKCK_PRD/on/demandware.static/-/Sites-Tanishq-product-catalog/default/dwba8459fc/images/hi-res/50G5V2FBNAA02_2.jpg?sw=640&sh=640', 'https://www.tanishq.co.in/dw/image/v2/BKCK_PRD/on/demandware.static/-/Sites-Tanishq-product-catalog/default/dw39d0cde6/images/hi-res/50G5V2FBNAA02_3.jpg?sw=640&sh=640']",https://www.tanishq.co.in/product/bold-rectangular-diamond-ring-for-men-50g5v2fbnaa02.html,True,,output/tanishq_images/uncategorized/50g5v2fbnaa02_1.jpg|output/tanishq_images/uncategorized/50g5v2fbnaa02_2.jpg|output/tanishq_images/uncategorized/50g5v2fbnaa02_3.jpg
5.718,22K,yellow,99527,,none,Wave Crest Gold Ring,51d4mpfbraa00,"['https://www.tanishq.co.in/dw/image/v2/BKCK_PRD/on/demandware.static/-/Sites-Tanishq-product-catalog/default/dw1bc3783d/images/hi-res/51D4MPFBRAA00_1.jpg', 'https://www.tanishq.co.in/dw/image/v2/BKCK_PRD/on/demandware.static/-/Sites-Tanishq-product-catalog/default/dw70603810/images/hi-res/51D4MPFBRAA00_2.jpg', 'https://www.tanishq.co.in/dw/image/v2/BKCK_PRD/on/demandware.static/-/Sites-Tanishq-product-catalog/default/dwb45e5a68/images/hi-res/51D4MPFBRAA00_3.jpg']",https://www.tanishq.co.in/product/wave-crest-gold-ring-51d4mpfbraa00.html,True,,output/tanishq_images/uncategorized/51d4mpfbraa00_1.jpg|output/tanishq_images/uncategorized/51d4mpfbraa00_2.jpg|output/tanishq_images/uncategorized/51d4mpfbraa00_3.jpg
1.829,18K,Yellow and White,33550,0.05,diamond,Petal Orbit Diamond Ring,50d5h3fuuaa09,"['https://www.tanishq.co.in/dw/image/v2/BKCK_PRD/on/demandware.static/-/Sites-Tanishq-product-catalog/default/dw98e19192/images/hi-res/50D5H3FUUAA09_1.jpg', 'https://www.tanishq.co.in/dw/image/v2/BKCK_PRD/on/demandware.static/-/Sites-Tanishq-product-catalog/default/dw3fe57964/images/hi-res/50D5H3FUUAA09_2.jpg', 'https://www.tanishq.co.in/dw/image/v2/BKCK_PRD/on/demandware.static/-/Sites-Tanishq-product-catalog/default/dw0e0b9a4f/images/hi-res/50D5H3FUUAA09_3.jpg']",https://www.tanishq.co.in/product/petal-orbit-diamond-ring-50d5h3fuuaa09.html,True,,output/tanishq_images/uncategorized/50d5h3fuuaa09_1.jpg|output/tanishq_images/uncategorized/50d5h3fuuaa09_2.jpg|output/tanishq_images/uncategorized/50d5h3fuuaa09_3.jpg
3.895,22K,yellow,65921,,gemstone,Floral Vine Ring,51d5b1flqaa18,"['https://www.tanishq.co.in/on/demandware.static/-/Sites-Tanishq-product-catalog/default/dwf0b362f5/images/hi-res/51D5B1FLQAA18_1.jpg', 'https://www.tanishq.co.in/dw/image/v2/BKCK_PRD/on/demandware.static/-/Sites-Tanishq-product-catalog/default/dw1f35f72f/images/hi-res/51D5B1FLQAA18_2.jpg', 'https://www.tanishq.co.in/dw/image/v2/BKCK_PRD/on/demandware.static/-/Sites-Tanishq-product-catalog/default/dwceda9bf0/images/hi-res/51D5B1FLQAA18_3.jpg']",https://www.tanishq.co.in/product/floral-vine-ring-51d5b1flqaa18.html,True,,output/tanishq_images/uncategorized/51d5b1flqaa18_1.jpg|output/tanishq_images/uncategorized/51d5b1flqaa18_2.jpg|output/tanishq_images/uncategorized/51d5b1flqaa18_3.jpg
2.157,18K,Yellow,52949,0.123,diamond,Floral Spark Diamond Ring,50d4arfeaaa02,"['https://www.tanishq.co.in/on/demandware.static/-/Sites-Tanishq-product-catalog/default/dw961b221b/images/hi-res/50D4ARFEAAA02_1.jpg', 'https://www.tanishq.co.in/dw/image/v2/BKCK_PRD/on/demandware.static/-/Sites-Tanishq-product-catalog/default/dw23c5d89f/images/hi-res/50D4ARFEAAA02_2.jpg', 'https://www.tanishq.co.in/dw/image/v2/BKCK_PRD/on/demandware.static/-/Sites-Tanishq-product-catalog/default/dw037b5ce3/images/hi-res/50D4ARFEAAA02_3.jpg']",https://www.tanishq.co.in/product/floral-spark-diamond-ring-50d4arfeaaa02.html,True,,output/tanishq_images/uncategorized/50d4arfeaaa02_1.jpg|output/tanishq_images/uncategorized/50d4arfeaaa02_2.jpg|output/tanishq_images/uncategorized/50d4arfeaaa02_3.jpg
1.407,18K,yellow,27028,0.048,diamond,Floral Burst Diamond Ring,50d5l1fkpaa09,"['https://www.tanishq.co.in/on/demandware.static/-/Sites-Tanishq-product-catalog/default/dw67b626fe/images/hi-res/50D5L1FKPAA09_1.jpg', 'https://www.tanishq.co.in/dw/image/v2/BKCK_PRD/on/demandware.static/-/Sites-Tanishq-product-catalog/default/dw91f02b12/images/hi-res/50D5L1FKPAA09_2.jpg', 'https://www.tanishq.co.in/dw/image/v2/BKCK_PRD/on/demandware.static/-/Sites-Tanishq-product-catalog/default/dw9e17e5db/images/hi-res/50D5L1FKPAA09_3.jpg']",https://www.tanishq.co.in/product/floral-burst-diamond-ring-50d5l1fkpaa09.html,True,,output/tanishq_images/uncategorized/50d5l1fkpaa09_1.jpg|output/tanishq_images/uncategorized/50d5l1fkpaa09_2.jpg|output/tanishq_images/uncategorized/50d5l1fkpaa09_3.jpg
3.455,18K,yellow,128374,0.449,diamond,Radiant Rhombus Diamond Ring,50e5b1fdraa02,"['https://www.tanishq.co.in/dw/image/v2/BKCK_PRD/on/demandware.static/-/Sites-Tanishq-product-catalog/default/dw64cc72fe/images/hi-res/50E5B1FDRAA02_1.jpg?sw=640&sh=640', 'https://www.tanishq.co.in/dw/image/v2/BKCK_PRD/on/demandware.static/-/Sites-Tanishq-product-catalog/default/dwd2515f5e/images/hi-res/50E5B1FDRAA02_2.jpg?sw=640&sh=640', 'https://www.tanishq.co.in/dw/image/v2/BKCK_PRD/on/demandware.static/-/Sites-Tanishq-product-catalog/default/dwde11c814/images/hi-res/50E5B1FDRAA02_3.jpg?sw=640&sh=640']",https://www.tanishq.co.in/product/radiant-rhombus-diamond-ring-50e5b1fdraa02.html,True,,output/tanishq_images/uncategorized/50e5b1fdraa02_1.jpg|output/tanishq_images/uncategorized/50e5b1fdraa02_2.jpg|output/tanishq_images/uncategorized/50e5b1fdraa02_3.jpg
1.663,18K,yellow,50579,0.149,diamond,Radiant Medallion Diamond Ring,50e5c1fdylaa022jd000003,"['https://www.tanishq.co.in/dw/image/v2/BKCK_PRD/on/demandware.static/-/Sites-Tanishq-product-catalog/default/dw1f8c2724/images/hi-res/50E5C1FDYAA02_1.jpg', 'https://www.tanishq.co.in/dw/image/v2/BKCK_PRD/on/demandware.static/-/Sites-Tanishq-product-catalog/default/dw8c0c21e9/images/hi-res/50E5C1FDYAA02_2.jpg', 'https://www.tanishq.co.in/dw/image/v2/BKCK_PRD/on/demandware.static/-/Sites-Tanishq-product-catalog/default/dwdb94b19e/images/hi-res/50E5C1FDYAA02_3.jpg']",https://www.tanishq.co.in/product/radiant-medallion-diamond-ring-50e5c1fdyaa02.html,True,,output/tanishq_images/uncategorized/50e5c1fdylaa022jd000003_1.jpg|output/tanishq_images/uncategorized/50e5c1fdylaa022jd000003_2.jpg|output/tanishq_images/uncategorized/50e5c1fdylaa022jd000003_3.jpg
5.904,18K,yellow,125238,0.236,diamond,Bold Symmetry Diamond Ring For Men,50g5amfdhraa022jd000010,"['https://www.tanishq.co.in/dw/image/v2/BKCK_PRD/on/demandware.static/-/Sites-Tanishq-product-catalog/default/dwc5875408/images/hi-res/50G5AMFDHAA02_1.jpg?sw=640&sh=640', 'https://www.tanishq.co.in/dw/image/v2/BKCK_PRD/on/demandware.static/-/Sites-Tanishq-product-catalog/default/dw62c932b6/images/hi-res/50G5AMFDHAA02_2.jpg?sw=640&sh=640', 'https://www.tanishq.co.in/dw/image/v2/BKCK_PRD/on/demandware.static/-/Sites-Tanishq-product-catalog/default/dw2c75fbc2/images/hi-res/50G5AMFDHAA02_3.jpg?sw=640&sh=640']",https://www.tanishq.co.in/product/bold-symmetry-diamond-ring-for-men-50g5amfdhaa02.html,True,,output/tanishq_images/uncategorized/50g5amfdhraa022jd000010_1.jpg|output/tanishq_images/uncategorized/50g5amfdhraa022jd000010_2.jpg|output/tanishq_images/uncategorized/50g5amfdhraa022jd000010_3.jpg
5.718,22K,yellow,101558,,none,Floral Gold Finger Ring with Jali Work,51ac41facab00,"['https://www.tanishq.co.in/dw/image/v2/BKCK_PRD/on/demandware.static/-/Sites-Tanishq-product-catalog/default/dwcc794559/images/hi-res/51AC41FACAB00_1.jpg', 'https://www.tanishq.co.in/dw/image/v2/BKCK_PRD/on/demandware.static/-/Sites-Tanishq-product-catalog/default/dw0b72038a/images/hi-res/51AC41FACAB00_2.jpg', 'https://www.tanishq.co.in/dw/image/v2/BKCK_PRD/on/demandware.static/-/Sites-Tanishq-product-catalog/default/dwe04e6d26/images/hi-res/51AC41FACAB00_3.jpg', 'https://www.tanishq.co.in/dw/image/v2/BKCK_PRD/on/demandware.static/-/Sites-Tanishq-product-catalog/default/dwcc321064/images/hi-res/51AC41FACAB00_4.jpg']",https://www.tanishq.co.in/product/floral-gold-finger-ring-with-jali-work-51ac41facab00.html,True,,output/tanishq_images/uncategorized/51ac41facab00_1.jpg|output/tanishq_images/uncategorized/51ac41facab00_2.jpg|output/tanishq_images/uncategorized/51ac41facab00_3.jpg|output/tanishq_images/uncategorized/51ac41facab00_4.jpg
3.112,22K,yellow,53946,,none,Quintessential Floral Pattern Gold Finger Ring,511418frgab00,"['https://www.tanishq.co.in/dw/image/v2/BKCK_PRD/on/demandware.static/-/Sites-Tanishq-product-catalog/default/dw569ee84c/images/hi-res/511418FRGAB00_1.jpg?sw=640&sh=640', 'https://www.tanishq.co.in/dw/image/v2/BKCK_PRD/on/demandware.static/-/Sites-Tanishq-product-catalog/default/dwb1d1b9b7/images/hi-res/511418FRGAB00_2.jpg?sw=640&sh=640', 'https://www.tanishq.co.in/dw/image/v2/BKCK_PRD/on/demandware.static/-/Sites-Tanishq-product-catalog/default/dwcf7dc870/images/hi-res/511418FRGAB00_3.jpg?sw=640&sh=640']",https://www.tanishq.co.in/product/quintessential-floral-pattern-gold-finger-ring-511418frgab00.html,True,,output/tanishq_images/uncategorized/511418frgab00_1.jpg|output/tanishq_images/uncategorized/511418frgab00_2.jpg|output/tanishq_images/uncategorized/511418frgab00_3.jpg
4.127,22K,yellow,71834,,none,Sublime Swirling Gold Ring,511036frvaa00,"['https://www.tanishq.co.in/on/demandware.static/-/Sites-Tanishq-product-catalog/default/dwca3e4c5d/images/hi-res/511036FRVAA00_1.jpg', 'https://www.tanishq.co.in/dw/image/v2/BKCK_PRD/on/demandware.static/-/Sites-Tanishq-product-catalog/default/dwd026bc13/images/hi-res/511036FRVAA00_2.jpg', 'https://www.tanishq.co.in/dw/image/v2/BKCK_PRD/on/demandware.static/-/Sites-Tanishq-product-catalog/default/dw0205fe2c/images/hi-res/511036FRVAA00_3.jpg']",https://www.tanishq.co.in/product/sublime-swirling-gold-ring-511036frvaa00.html,True,,output/tanishq_images/uncategorized/511036frvaa00_1.jpg|output/tanishq_images/uncategorized/511036frvaa00_2.jpg|output/tanishq_images/uncategorized/511036frvaa00_3.jpg
1.39,18K,yellow,25606,0.039,diamond,Flowing Vine Diamond Ring,50d5l1fldaa09,"['https://www.tanishq.co.in/dw/image/v2/BKCK_PRD/on/demandware.static/-/Sites-Tanishq-product-catalog/default/dwdd173ff2/images/hi-res/50D5L1FLDAA09_1.jpg', 'https://www.tanishq.co.in/dw/image/v2/BKCK_PRD/on/demandware.static/-/Sites-Tanishq-product-catalog/default/dwc6ff6835/images/hi-res/50D5L1FLDAA09_2.jpg', 'https://www.tanishq.co.in/dw/image/v2/BKCK_PRD/on/demandware.static/-/Sites-Tanishq-product-catalog/default/dw27d2253c/images/hi-res/50D5L1FLDAA09_3.jpg']",https://www.tanishq.co.in/product/flowing-vine-diamond-ring-50d5l1fldaa09.html,True,,output/tanishq_images/uncategorized/50d5l1fldaa09_1.jpg|output/tanishq_images/uncategorized/50d5l1fldaa09_2.jpg|output/tanishq_images/uncategorized/50d5l1fldaa09_3.jpg
3.082,18K,yellow,58222,0.071,diamond,Lord Ganesha Diamond Ring,50f5gcfbsaa02,"['https://www.tanishq.co.in/dw/image/v2/BKCK_PRD/on/demandware.static/-/Sites-Tanishq-product-catalog/default/dw0cd4c253/images/hi-res/50F5GCFBSAA02_1.jpg?sw=640&sh=640', 'https://www.tanishq.co.in/dw/image/v2/BKCK_PRD/on/demandware.static/-/Sites-Tanishq-product-catalog/default/dwec061e1e/images/hi-res/50F5GCFBSAA02_2.jpg?sw=640&sh=640', 'https://www.tanishq.co.in/dw/image/v2/BKCK_PRD/on/demandware.static/-/Sites-Tanishq-product-catalog/default/dw695e25e2/images/hi-res/50F5GCFBSAA02_3.jpg?sw=640&sh=640', 'https://www.tanishq.co.in/dw/image/v2/BKCK_PRD/on/demandware.static/-/Sites-Tanishq-product-catalog/default/dwcd6c76e6/images/hi-res/50F5GCFBSAA02_4.jpg?sw=640&sh=640']",https://www.tanishq.co.in/product/lord-ganesha-diamond-ring-50f5gcfbsaa02.html,True,,output/tanishq_images/uncategorized/50f5gcfbsaa02_1.jpg|output/tanishq_images/uncategorized/50f5gcfbsaa02_2.jpg|output/tanishq_images/uncategorized/50f5gcfbsaa02_3.jpg|output/tanishq_images/uncategorized/50f5gcfbsaa02_4.jpg
6.54,22K,yellow,115069,,none,Bold Ornate Gold Ring For Men,51g5c1fhwaacz,"['https://www.tanishq.co.in/dw/image/v2/BKCK_PRD/on/demandware.static/-/Sites-Tanishq-product-catalog/default/dwcd7fdf19/images/hi-res/51G5C1FHWAACZ_1.jpg', 'https://www.tanishq.co.in/dw/image/v2/BKCK_PRD/on/demandware.static/-/Sites-Tanishq-product-catalog/default/dwd71ff7d1/images/hi-res/51G5C1FHWAACZ_2.jpg', 'https://www.tanishq.co.in/dw/image/v2/BKCK_PRD/on/demandware.static/-/Sites-Tanishq-product-catalog/default/dw63f74af9/images/hi-res/51G5C1FHWAACZ_3.jpg']",https://www.tanishq.co.in/product/bold-ornate-gold-ring-for-men-51g5c1fhwaacz.html,True,,output/tanishq_images/uncategorized/51g5c1fhwaacz_1.jpg|output/tanishq_images/uncategorized/51g5c1fhwaacz_2.jpg|output/tanishq_images/uncategorized/51g5c1fhwaacz_3.jpg
3.355,22K,yellow,58635,,none,Radiant Bloom Gold Ring,51e5c1fdklaa002jd000049,"['https://www.tanishq.co.in/dw/image/v2/BKCK_PRD/on/demandware.static/-/Sites-Tanishq-product-catalog/default/dwf1b89840/images/hi-res/51E5C1FDKAA00_1.jpg', 'https://www.tanishq.co.in/dw/image/v2/BKCK_PRD/on/demandware.static/-/Sites-Tanishq-product-catalog/default/dw764d3e0c/images/hi-res/51E5C1FDKAA00_2.jpg', 'https://www.tanishq.co.in/dw/image/v2/BKCK_PRD/on/demandware.static/-/Sites-Tanishq-product-catalog/default/dw8ad1f351/images/hi-res/51E5C1FDKAA00_3.jpg']",https://www.tanishq.co.in/product/radiant-bloom-gold-ring-51e5c1fdkaa00.html,True,,output/tanishq_images/uncategorized/51e5c1fdklaa002jd000049_1.jpg|output/tanishq_images/uncategorized/51e5c1fdklaa002jd000049_2.jpg|output/tanishq_images/uncategorized/51e5c1fdklaa002jd000049_3.jpg
2.403,22K,yellow,41826,,none,Fluid Interplay Gold Ring,51d5l2fffaa00,"['https://www.tanishq.co.in/dw/image/v2/BKCK_PRD/on/demandware.static/-/Sites-Tanishq-product-catalog/default/dw2b626974/images/hi-res/51D5L2FFFAA00_1.jpg', 'https://www.tanishq.co.in/dw/image/v2/BKCK_PRD/on/demandware.static/-/Sites-Tanishq-product-catalog/default/dw2e749446/images/hi-res/51D5L2FFFAA00_2.jpg', 'https://www.tanishq.co.in/dw/image/v2/BKCK_PRD/on/demandware.static/-/Sites-Tanishq-product-catalog/default/dwb33015e7/images/hi-res/51D5L2FFFAA00_3.jpg', 'https://www.tanishq.co.in/dw/image/v2/BKCK_PRD/on/demandware.static/-/Sites-Tanishq-product-catalog/default/dw95995336/images/hi-res/51D5L2FFFAA00_4.jpg']",https://www.tanishq.co.in/product/fluid-interplay-gold-ring-51d5l2fffaa00.html,True,,output/tanishq_images/uncategorized/51d5l2fffaa00_1.jpg|output/tanishq_images/uncategorized/51d5l2fffaa00_2.jpg|output/tanishq_images/uncategorized/51d5l2fffaa00_3.jpg|output/tanishq_images/uncategorized/51d5l2fffaa00_4.jpg
3.894,18K,yellow,100789,0.266,diamond,Sharp Regal Diamond Finger Ring for Men,50g5b1fctaa022jd000006,"['https://www.tanishq.co.in/dw/image/v2/BKCK_PRD/on/demandware.static/-/Sites-Tanishq-product-catalog/default/dw5d2b3534/images/hi-res/50G5B1FCTAA02_1.jpg?sw=640&sh=640', 'https://www.tanishq.co.in/dw/image/v2/BKCK_PRD/on/demandware.static/-/Sites-Tanishq-product-catalog/default/dwe477c7e4/images/hi-res/50G5B1FCTAA02_2.jpg?sw=640&sh=640', 'https://www.tanishq.co.in/dw/image/v2/BKCK_PRD/on/demandware.static/-/Sites-Tanishq-product-catalog/default/dw448e2cf0/images/hi-res/50G5B1FCTAA02_3.jpg?sw=640&sh=640']",https://www.tanishq.co.in/product/sharp-regal-diamond-finger-ring-for-men-50g5b1fctaa02.html,True,,output/tanishq_images/uncategorized/50g5b1fctaa022jd000006_1.jpg|output/tanishq_images/uncategorized/50g5b1fctaa022jd000006_2.jpg|output/tanishq_images/uncategorized/50g5b1fctaa022jd000006_3.jpg
3.582,22K,yellow,57004,,none,Charming Twisted Motif Gold Ring for Men,511003fekaa00,"['https://www.tanishq.co.in/dw/image/v2/BKCK_PRD/on/demandware.static/-/Sites-Tanishq-product-catalog/default/dw96f2541f/images/hi-res/511003FEKAA00_1.jpg', 'https://www.tanishq.co.in/dw/image/v2/BKCK_PRD/on/demandware.static/-/Sites-Tanishq-product-catalog/default/dw86ef0042/images/hi-res/511003FEKAA00_2.jpg', 'https://www.tanishq.co.in/dw/image/v2/BKCK_PRD/on/demandware.static/-/Sites-Tanishq-product-catalog/default/dw6b93184a/images/hi-res/511003FEKAA00_3.jpg']",https://www.tanishq.co.in/product/charming-twisted-motif-gold-ring-for-men-511003fekaa00.html,True,,output/tanishq_images/uncategorized/511003fekaa00_1.jpg|output/tanishq_images/uncategorized/511003fekaa00_2.jpg|output/tanishq_images/uncategorized/511003fekaa00_3.jpg
6.443,22K,yellow,112146,,none,Enthralling Geometric Gold Ring for Men,512411fceaa00,"['https://www.tanishq.co.in/dw/image/v2/BKCK_PRD/on/demandware.static/-/Sites-Tanishq-product-catalog/default/dw8c27ee5b/images/hi-res/512411FCEAA00_1.jpg', 'https://www.tanishq.co.in/dw/image/v2/BKCK_PRD/on/demandware.static/-/Sites-Tanishq-product-catalog/default/dw05ba3a06/images/hi-res/512411FCEAA00_2.jpg', 'https://www.tanishq.co.in/dw/image/v2/BKCK_PRD/on/demandware.static/-/Sites-Tanishq-product-catalog/default/dw86df743a/images/hi-res/512411FCEAA00_3.jpg']",https://www.tanishq.co.in/product/enthralling-geometric-gold-ring-for-men-512411fceaa00.html,True,,output/tanishq_images/uncategorized/512411fceaa00_1.jpg|output/tanishq_images/uncategorized/512411fceaa00_2.jpg|output/tanishq_images/uncategorized/512411fceaa00_3.jpg
2.477,22K,yellow,43114,,none,Elegant 22 Karat Yellow Gold Interlinked Waves Finger Ring,511107ffaaa00,"['https://www.tanishq.co.in/dw/image/v2/BKCK_PRD/on/demandware.static/-/Sites-Tanishq-product-catalog/default/dwc20c4e36/images/hi-res/511107FFAAA00_1.jpg?sw=640&sh=640', 'https://www.tanishq.co.in/dw/image/v2/BKCK_PRD/on/demandware.static/-/Sites-Tanishq-product-catalog/default/dwafcab338/images/hi-res/511107FFAAA00_2.jpg?sw=640&sh=640', 'https://www.tanishq.co.in/dw/image/v2/BKCK_PRD/on/demandware.static/-/Sites-Tanishq-product-catalog/default/dw23eab218/images/hi-res/511107FFAAA00_3.jpg?sw=640&sh=640']",https://www.tanishq.co.in/product/elegant-22-karat-yellow-gold-interlinked-waves-finger-ring-511107ffaaa00.html,True,,output/tanishq_images/uncategorized/511107ffaaa00_1.jpg|output/tanishq_images/uncategorized/511107ffaaa00_2.jpg|output/tanishq_images/uncategorized/511107ffaaa00_3.jpg
1.799,18K,yellow,31298,0.039,diamond,Aura Flow Diamond Ring,50d5h3fweaa09,"['https://www.tanishq.co.in/dw/image/v2/BKCK_PRD/on/demandware.static/-/Sites-Tanishq-product-catalog/default/dw7d75fec5/images/hi-res/50D5H3FWEAA09_1.jpg', 'https://www.tanishq.co.in/dw/image/v2/BKCK_PRD/on/demandware.static/-/Sites-Tanishq-product-catalog/default/dw30893937/images/hi-res/50D5H3FWEAA09_2.jpg', 'https://www.tanishq.co.in/dw/image/v2/BKCK_PRD/on/demandware.static/-/Sites-Tanishq-product-catalog/default/dwf0751145/images/hi-res/50D5H3FWEAA09_3.jpg']",https://www.tanishq.co.in/product/aura-flow-diamond-ring-50d5h3fweaa09.html,True,,output/tanishq_images/uncategorized/50d5h3fweaa09_1.jpg|output/tanishq_images/uncategorized/50d5h3fweaa09_2.jpg|output/tanishq_images/uncategorized/50d5h3fweaa09_3.jpg
2.206,18K,yellow,32057,,none,Sculpted Knot Gold Ring,50m5v2fefaa00,"['https://www.tanishq.co.in/on/demandware.static/-/Sites-Tanishq-product-catalog/default/dw41cabce9/images/hi-res/50M5V2FEFAA00_1.jpg', 'https://www.tanishq.co.in/on/demandware.static/-/Sites-Tanishq-product-catalog/default/dw02e58cef/images/hi-res/50M5V2FEFAA00_2.jpg', 'https://www.tanishq.co.in/on/demandware.static/-/Sites-Tanishq-product-catalog/default/dw2c3f67f6/images/hi-res/50M5V2FEFAA00_3.jpg']",https://www.tanishq.co.in/product/sculpted-knot-gold-ring-50m5v2fefaa00.html,True,,output/tanishq_images/uncategorized/50m5v2fefaa00_1.jpg|output/tanishq_images/uncategorized/50m5v2fefaa00_2.jpg|output/tanishq_images/uncategorized/50m5v2fefaa00_3.jpg
2.724,18K,yellow,73603,0.175,diamond,Breezy Charm Diamond Finger Ring,50d5b3fdjaa02,"['https://www.tanishq.co.in/on/demandware.static/-/Sites-Tanishq-product-catalog/default/dw26c6ef6b/images/hi-res/50D5B3FDJAA02_1.jpg', 'https://www.tanishq.co.in/dw/image/v2/BKCK_PRD/on/demandware.static/-/Sites-Tanishq-product-catalog/default/dw4f9e6254/images/hi-res/50D5B3FDJAA02_2.jpg', 'https://www.tanishq.co.in/dw/image/v2/BKCK_PRD/on/demandware.static/-/Sites-Tanishq-product-catalog/default/dw04610a0d/images/hi-res/50D5B3FDJAA02_3.jpg']",https://www.tanishq.co.in/product/breezy-charm-diamond-finger-ring-50d5b3fdjaa02.html,True,,output/tanishq_images/uncategorized/50d5b3fdjaa02_1.jpg|output/tanishq_images/uncategorized/50d5b3fdjaa02_2.jpg|output/tanishq_images/uncategorized/50d5b3fdjaa02_3.jpg
2.639,18K,yellow,86238,0.262,diamond,Leaf Whispers Diamond Ring,50e5c1farlaa022jd000048,"['https://www.tanishq.co.in/on/demandware.static/-/Sites-Tanishq-product-catalog/default/dwbed05521/images/hi-res/50E5C1FARAA02_1.jpg', 'https://www.tanishq.co.in/dw/image/v2/BKCK_PRD/on/demandware.static/-/Sites-Tanishq-product-catalog/default/dw4ee1e6e6/images/hi-res/50E5C1FARAA02_2.jpg', 'https://www.tanishq.co.in/dw/image/v2/BKCK_PRD/on/demandware.static/-/Sites-Tanishq-product-catalog/default/dwc2471066/images/hi-res/50E5C1FARAA02_3.jpg']",https://www.tanishq.co.in/product/leaf-whispers-diamond-ring-50e5c1faraa02.html,True,,output/tanishq_images/uncategorized/50e5c1farlaa022jd000048_1.jpg|output/tanishq_images/uncategorized/50e5c1farlaa022jd000048_2.jpg|output/tanishq_images/uncategorized/50e5c1farlaa022jd000048_3.jpg
2.324,18K,yellow,33772,,none,Sculpted Leaf Gold Ring,50m5v2fejlaa002jd000006,"['https://www.tanishq.co.in/on/demandware.static/-/Sites-Tanishq-product-catalog/default/dw079c41d6/images/hi-res/50M5V2FEJAA00_1.jpg', 'https://www.tanishq.co.in/dw/image/v2/BKCK_PRD/on/demandware.static/-/Sites-Tanishq-product-catalog/default/dw1a054032/images/hi-res/50M5V2FEJAA00_2.jpg', 'https://www.tanishq.co.in/dw/image/v2/BKCK_PRD/on/demandware.static/-/Sites-Tanishq-product-catalog/default/dwda0939fe/images/hi-res/50M5V2FEJAA00_3.jpg']",https://www.tanishq.co.in/product/sculpted-leaf-gold-ring-50m5v2fejaa00.html,True,,output/tanishq_images/uncategorized/50m5v2fejlaa002jd000006_1.jpg|output/tanishq_images/uncategorized/50m5v2fejlaa002jd000006_2.jpg|output/tanishq_images/uncategorized/50m5v2fejlaa002jd000006_3.jpg
1.421,22K,yellow,24229,,none,Star Whisper Gold Ring,51d5b2fstaa00,"['https://www.tanishq.co.in/dw/image/v2/BKCK_PRD/on/demandware.static/-/Sites-Tanishq-product-catalog/default/dwa1391789/images/hi-res/51D5B2FSTAA00_1.jpg', 'https://www.tanishq.co.in/dw/image/v2/BKCK_PRD/on/demandware.static/-/Sites-Tanishq-product-catalog/default/dwb5aa2fe7/images/hi-res/51D5B2FSTAA00_2.jpg', 'https://www.tanishq.co.in/dw/image/v2/BKCK_PRD/on/demandware.static/-/Sites-Tanishq-product-catalog/default/dw911da5b1/images/hi-res/51D5B2FSTAA00_3.jpg']",https://www.tanishq.co.in/product/star-whisper-gold-ring-51d5b2fstaa00.html,True,,output/tanishq_images/uncategorized/51d5b2fstaa00_1.jpg|output/tanishq_images/uncategorized/51d5b2fstaa00_2.jpg|output/tanishq_images/uncategorized/51d5b2fstaa00_3.jpg
1.343,18K,yellow,24756,0.041,diamond,Endless Curve Diamond Ring,50d5l1fksaa09,"['https://www.tanishq.co.in/dw/image/v2/BKCK_PRD/on/demandware.static/-/Sites-Tanishq-product-catalog/default/dw8592f77d/images/hi-res/50D5L1FKSAA09_1.jpg', 'https://www.tanishq.co.in/dw/image/v2/BKCK_PRD/on/demandware.static/-/Sites-Tanishq-product-catalog/default/dw7b6511e6/images/hi-res/50D5L1FKSAA09_2.jpg', 'https://www.tanishq.co.in/dw/image/v2/BKCK_PRD/on/demandware.static/-/Sites-Tanishq-product-catalog/default/dw20f8ad94/images/hi-res/50D5L1FKSAA09_3.jpg']",https://www.tanishq.co.in/product/endless-curve-diamond-ring-50d5l1fksaa09.html,True,,output/tanishq_images/uncategorized/50d5l1fksaa09_1.jpg|output/tanishq_images/uncategorized/50d5l1fksaa09_2.jpg|output/tanishq_images/uncategorized/50d5l1fksaa09_3.jpg
1.702,18K,rose,39687,0.105,diamond,Sparkle Encircled Diamond Ring,50d5ptfsglaa092bd000224,"['https://www.tanishq.co.in/dw/image/v2/BKCK_PRD/on/demandware.static/-/Sites-Tanishq-product-catalog/default/dw1ab5f8e3/images/hi-res/50D5PTFSGAA09_1.jpg', 'https://www.tanishq.co.in/dw/image/v2/BKCK_PRD/on/demandware.static/-/Sites-Tanishq-product-catalog/default/dw6fc899db/images/hi-res/50D5PTFSGAA09_2.jpg', 'https://www.tanishq.co.in/dw/image/v2/BKCK_PRD/on/demandware.static/-/Sites-Tanishq-product-catalog/default/dw7688b76a/images/hi-res/50D5PTFSGAA09_3.jpg']",https://www.tanishq.co.in/product/sparkle-encircled-diamond-ring-50d5ptfsgaa09.html,True,,output/tanishq_images/uncategorized/50d5ptfsglaa092bd000224_1.jpg|output/tanishq_images/uncategorized/50d5ptfsglaa092bd000224_2.jpg|output/tanishq_images/uncategorized/50d5ptfsglaa092bd000224_3.jpg
2.649,22K,yellow,46108,,none,Signature Knot Gold Ring,51d5l2ffnaa00,"['https://www.tanishq.co.in/dw/image/v2/BKCK_PRD/on/demandware.static/-/Sites-Tanishq-product-catalog/default/dw77f3fadb/images/hi-res/51D5L2FFNAA00_1.jpg', 'https://www.tanishq.co.in/dw/image/v2/BKCK_PRD/on/demandware.static/-/Sites-Tanishq-product-catalog/default/dw91037659/images/hi-res/51D5L2FFNAA00_2.jpg', 'https://www.tanishq.co.in/dw/image/v2/BKCK_PRD/on/demandware.static/-/Sites-Tanishq-product-catalog/default/dw031fb431/images/hi-res/51D5L2FFNAA00_3.jpg', 'https://www.tanishq.co.in/dw/image/v2/BKCK_PRD/on/demandware.static/-/Sites-Tanishq-product-catalog/default/dw86cb37a4/images/hi-res/51D5L2FFNAA00_4.jpg']",https://www.tanishq.co.in/product/signature-knot-gold-ring-51d5l2ffnaa00.html,True,,output/tanishq_images/uncategorized/51d5l2ffnaa00_1.jpg|output/tanishq_images/uncategorized/51d5l2ffnaa00_2.jpg|output/tanishq_images/uncategorized/51d5l2ffnaa00_3.jpg|output/tanishq_images/uncategorized/51d5l2ffnaa00_4.jpg
4.395,18K,yellow,60754,,gemstone,Orchard Bloom Gold Ring,50d6vrfcmlaa372ba000031,"['https://www.tanishq.co.in/dw/image/v2/BKCK_PRD/on/demandware.static/-/Sites-Tanishq-product-catalog/default/dw409da77c/images/hi-res/50D6VRFCMAA37_1.jpg', 'https://www.tanishq.co.in/dw/image/v2/BKCK_PRD/on/demandware.static/-/Sites-Tanishq-product-catalog/default/dw917eef20/images/hi-res/50D6VRFCMAA37_2.jpg', 'https://www.tanishq.co.in/dw/image/v2/BKCK_PRD/on/demandware.static/-/Sites-Tanishq-product-catalog/default/dw509fb16b/images/hi-res/50D6VRFCMAA37_3.jpg', 'https://www.tanishq.co.in/dw/image/v2/BKCK_PRD/on/demandware.static/-/Sites-Tanishq-product-catalog/default/dw29e73a2a/images/hi-res/50D6VRFCMAA37_4.jpg']",https://www.tanishq.co.in/product/orchard-bloom-gold-ring-50d6vrfcmaa37.html,True,,output/tanishq_images/uncategorized/50d6vrfcmlaa372ba000031_1.jpg|output/tanishq_images/uncategorized/50d6vrfcmlaa372ba000031_2.jpg|output/tanishq_images/uncategorized/50d6vrfcmlaa372ba000031_3.jpg|output/tanishq_images/uncategorized/50d6vrfcmlaa372ba000031_4.jpg
2.843,18K,rose,108902,0.375,diamond,Eternal Knot Diamond Ring,50e5c1faslaa022jd000061,"['https://www.tanishq.co.in/dw/image/v2/BKCK_PRD/on/demandware.static/-/Sites-Tanishq-product-catalog/default/dw1f563df3/images/hi-res/50E5C1FASAA02_1.jpg?sw=640&sh=640', 'https://www.tanishq.co.in/dw/image/v2/BKCK_PRD/on/demandware.static/-/Sites-Tanishq-product-catalog/default/dw29ff59bf/images/hi-res/50E5C1FASAA02_2.jpg?sw=640&sh=640', 'https://www.tanishq.co.in/dw/image/v2/BKCK_PRD/on/demandware.static/-/Sites-Tanishq-product-catalog/default/dw8512d347/images/hi-res/50E5C1FASAA02_3.jpg?sw=640&sh=640']",https://www.tanishq.co.in/product/eternal-knot-diamond-ring-50e5c1fasaa02.html,True,,output/tanishq_images/uncategorized/50e5c1faslaa022jd000061_1.jpg|output/tanishq_images/uncategorized/50e5c1faslaa022jd000061_2.jpg|output/tanishq_images/uncategorized/50e5c1faslaa022jd000061_3.jpg
2.991,22K,yellow,53123,,none,Curve Muse Gold Ring,51d4mpfckaa00,"['https://www.tanishq.co.in/dw/image/v2/BKCK_PRD/on/demandware.static/-/Sites-Tanishq-product-catalog/default/dw7cb75e31/images/hi-res/51D4MPFCKAA00_1.jpg', 'https://www.tanishq.co.in/dw/image/v2/BKCK_PRD/on/demandware.static/-/Sites-Tanishq-product-catalog/default/dwe7705c80/images/hi-res/51D4MPFCKAA00_2.jpg', 'https://www.tanishq.co.in/dw/image/v2/BKCK_PRD/on/demandware.static/-/Sites-Tanishq-product-catalog/default/dw33754b69/images/hi-res/51D4MPFCKAA00_3.jpg']",https://www.tanishq.co.in/product/curve-muse-gold-ring-51d4mpfckaa00.html,True,,output/tanishq_images/uncategorized/51d4mpfckaa00_1.jpg|output/tanishq_images/uncategorized/51d4mpfckaa00_2.jpg|output/tanishq_images/uncategorized/51d4mpfckaa00_3.jpg
5.518,18K,yellow,132096,0.29,diamond,Regal Grid Diamond Ring for Men,50g5b1fcgaa02,"['https://www.tanishq.co.in/dw/image/v2/BKCK_PRD/on/demandware.static/-/Sites-Tanishq-product-catalog/default/dwe489093d/images/hi-res/50G5B1FCGAA02_1.jpg', 'https://www.tanishq.co.in/dw/image/v2/BKCK_PRD/on/demandware.static/-/Sites-Tanishq-product-catalog/default/dw37413e33/images/hi-res/50G5B1FCGAA02_2.jpg', 'https://www.tanishq.co.in/dw/image/v2/BKCK_PRD/on/demandware.static/-/Sites-Tanishq-product-catalog/default/dwf13e12ad/images/hi-res/50G5B1FCGAA02_3.jpg']",https://www.tanishq.co.in/product/regal-grid-diamond-ring-for-men-50g5b1fcgaa02.html,True,,output/tanishq_images/uncategorized/50g5b1fcgaa02_1.jpg|output/tanishq_images/uncategorized/50g5b1fcgaa02_2.jpg|output/tanishq_images/uncategorized/50g5b1fcgaa02_3.jpg
2.078,18K,yellow,34298,0.034,diamond,Floral Poise Diamond Ring,50d5s2fjbaa09,"['https://www.tanishq.co.in/on/demandware.static/-/Sites-Tanishq-product-catalog/default/dw951f6ad3/images/hi-res/50D5S2FJBAA09_1.jpg', 'https://www.tanishq.co.in/dw/image/v2/BKCK_PRD/on/demandware.static/-/Sites-Tanishq-product-catalog/default/dw6ca30cd5/images/hi-res/50D5S2FJBAA09_2.jpg', 'https://www.tanishq.co.in/dw/image/v2/BKCK_PRD/on/demandware.static/-/Sites-Tanishq-product-catalog/default/dw4003edc8/images/hi-res/50D5S2FJBAA09_3.jpg']",https://www.tanishq.co.in/product/floral-poise-diamond-ring-50d5s2fjbaa09.html,True,,output/tanishq_images/uncategorized/50d5s2fjbaa09_1.jpg|output/tanishq_images/uncategorized/50d5s2fjbaa09_2.jpg|output/tanishq_images/uncategorized/50d5s2fjbaa09_3.jpg
1.373,18K,yellow,23247,0.029,diamond,Fluid Curve Diamond Ring,50d5l1flelaa092jd000032,"['https://www.tanishq.co.in/dw/image/v2/BKCK_PRD/on/demandware.static/-/Sites-Tanishq-product-catalog/default/dw5779ade9/images/hi-res/50D5L1FLEAA09_1.jpg?sw=640&sh=640', 'https://www.tanishq.co.in/dw/image/v2/BKCK_PRD/on/demandware.static/-/Sites-Tanishq-product-catalog/default/dwcff0c3a6/images/hi-res/50D5L1FLEAA09_2.jpg?sw=640&sh=640', 'https://www.tanishq.co.in/dw/image/v2/BKCK_PRD/on/demandware.static/-/Sites-Tanishq-product-catalog/default/dw532d7cd6/images/hi-res/50D5L1FLEAA09_3.jpg?sw=640&sh=640']",https://www.tanishq.co.in/product/fluid-curve-diamond-ring-50d5l1fleaa09.html,True,,output/tanishq_images/uncategorized/50d5l1flelaa092jd000032_1.jpg|output/tanishq_images/uncategorized/50d5l1flelaa092jd000032_2.jpg|output/tanishq_images/uncategorized/50d5l1flelaa092jd000032_3.jpg
1.902,18K,yellow,27308,,none,Stellar Twist Gold Ring,50d5pifgwoaa002ea000018,"['https://www.tanishq.co.in/on/demandware.static/-/Sites-Tanishq-product-catalog/default/dw73f0c711/images/hi-res/50D5PIFGWAA00_1.jpg', 'https://www.tanishq.co.in/dw/image/v2/BKCK_PRD/on/demandware.static/-/Sites-Tanishq-product-catalog/default/dw974a2897/images/hi-res/50D5PIFGWAA00_2.jpg', 'https://www.tanishq.co.in/dw/image/v2/BKCK_PRD/on/demandware.static/-/Sites-Tanishq-product-catalog/default/dw6b68cbf7/images/hi-res/50D5PIFGWAA00_3.jpg']",https://www.tanishq.co.in/product/stellar-twist-gold-ring-50d5pifgwaa00.html,True,,output/tanishq_images/uncategorized/50d5pifgwoaa002ea000018_1.jpg|output/tanishq_images/uncategorized/50d5pifgwoaa002ea000018_2.jpg|output/tanishq_images/uncategorized/50d5pifgwoaa002ea000018_3.jpg
2.169,18K,yellow,58991,0.15,diamond,Split Shank Diamond Ring,50d5b2fkplaa022ba000024,"['https://www.tanishq.co.in/dw/image/v2/BKCK_PRD/on/demandware.static/-/Sites-Tanishq-product-catalog/default/dw7c9fffa2/images/hi-res/50D5B2FKPAA02_1.jpg', 'https://www.tanishq.co.in/dw/image/v2/BKCK_PRD/on/demandware.static/-/Sites-Tanishq-product-catalog/default/dw98dec9db/images/hi-res/50D5B2FKPAA02_2.jpg', 'https://www.tanishq.co.in/dw/image/v2/BKCK_PRD/on/demandware.static/-/Sites-Tanishq-product-catalog/default/dwec1fb3de/images/hi-res/50D5B2FKPAA02_3.jpg']",https://www.tanishq.co.in/product/split-shank-diamond-ring-50d5b2fkpaa02.html,True,,output/tanishq_images/uncategorized/50d5b2fkplaa022ba000024_1.jpg|output/tanishq_images/uncategorized/50d5b2fkplaa022ba000024_2.jpg|output/tanishq_images/uncategorized/50d5b2fkplaa022ba000024_3.jpg
2.414,18K,yellow,34378,,none,Smooth Shine Gold Ring,50m5v2ffkaa00,"['https://www.tanishq.co.in/dw/image/v2/BKCK_PRD/on/demandware.static/-/Sites-Tanishq-product-catalog/default/dw993f5343/images/hi-res/50M5V2FFKAA00_1.jpg', 'https://www.tanishq.co.in/dw/image/v2/BKCK_PRD/on/demandware.static/-/Sites-Tanishq-product-catalog/default/dwc0bf876e/images/hi-res/50M5V2FFKAA00_2.jpg', 'https://www.tanishq.co.in/dw/image/v2/BKCK_PRD/on/demandware.static/-/Sites-Tanishq-product-catalog/default/dw304bc9fb/images/hi-res/50M5V2FFKAA00_3.jpg']",https://www.tanishq.co.in/product/smooth-shine-gold-ring-50m5v2ffkaa00.html,True,,output/tanishq_images/uncategorized/50m5v2ffkaa00_1.jpg|output/tanishq_images/uncategorized/50m5v2ffkaa00_2.jpg|output/tanishq_images/uncategorized/50m5v2ffkaa00_3.jpg
2.182,18K,yellow,74559,0.225,diamond,Daisy Duet Diamond Ring,50d5b3fdilaa022bb000005,"['https://www.tanishq.co.in/dw/image/v2/BKCK_PRD/on/demandware.static/-/Sites-Tanishq-product-catalog/default/dw551fefbd/images/hi-res/50D5B3FDIAA02_1.jpg', 'https://www.tanishq.co.in/dw/image/v2/BKCK_PRD/on/demandware.static/-/Sites-Tanishq-product-catalog/default/dw5806bf50/images/hi-res/50D5B3FDIAA02_2.jpg', 'https://www.tanishq.co.in/dw/image/v2/BKCK_PRD/on/demandware.static/-/Sites-Tanishq-product-catalog/default/dwda4bd385/images/hi-res/50D5B3FDIAA02_3.jpg']",https://www.tanishq.co.in/product/daisy-duet-diamond-ring-50d5b3fdiaa02.html,True,,output/tanishq_images/uncategorized/50d5b3fdilaa022bb000005_1.jpg|output/tanishq_images/uncategorized/50d5b3fdilaa022bb000005_2.jpg|output/tanishq_images/uncategorized/50d5b3fdilaa022bb000005_3.jpg
4.28,18K,rose,62196,,none,Sphere Chic Gold Finger Ring,50m4c1fkhlaa002ed000067,"['https://www.tanishq.co.in/on/demandware.static/-/Sites-Tanishq-product-catalog/default/dw6f7cc652/images/hi-res/50M4C1FKHAA00_1.jpg', 'https://www.tanishq.co.in/dw/image/v2/BKCK_PRD/on/demandware.static/-/Sites-Tanishq-product-catalog/default/dw3360a1e3/images/hi-res/50M4C1FKHAA00_2.jpg', 'https://www.tanishq.co.in/dw/image/v2/BKCK_PRD/on/demandware.static/-/Sites-Tanishq-product-catalog/default/dwe680c442/images/hi-res/50M4C1FKHAA00_3.jpg', 'https://www.tanishq.co.in/dw/image/v2/BKCK_PRD/on/demandware.static/-/Sites-Tanishq-product-catalog/default/dw5aac9150/images/hi-res/50M4C1FKHAA00_4.jpg']",https://www.tanishq.co.in/product/sphere-chic-gold-finger-ring-50m4c1fkhaa00.html,True,,output/tanishq_images/uncategorized/50m4c1fkhlaa002ed000067_1.jpg|output/tanishq_images/uncategorized/50m4c1fkhlaa002ed000067_2.jpg|output/tanishq_images/uncategorized/50m4c1fkhlaa002ed000067_3.jpg|output/tanishq_images/uncategorized/50m4c1fkhlaa002ed000067_4.jpg
4.311,22K,yellow,33158,,none,Traditional Gold Beaded Ring,510187fpaaa00,"['https://www.tanishq.co.in/on/demandware.static/-/Sites-Tanishq-product-catalog/default/dw7ce4e1d7/images/hi-res/510187FPAAA00_1.jpg', 'https://www.tanishq.co.in/on/demandware.static/-/Sites-Tanishq-product-catalog/default/dw4a11a2bf/images/hi-res/510187FPAAA00_2.jpg', 'https://www.tanishq.co.in/on/demandware.static/-/Sites-Tanishq-product-catalog/default/dwf3a34775/images/hi-res/510187FPAAA00_3.jpg']",https://www.tanishq.co.in/product/traditional-gold-beaded-ring-510187fpaaa00.html,True,,output/tanishq_images/uncategorized/510187fpaaa00_1.jpg|output/tanishq_images/uncategorized/510187fpaaa00_2.jpg|output/tanishq_images/uncategorized/510187fpaaa00_3.jpg
3.354,18K,yellow,108588,0.335,diamond,Radiant Burst Diamond Finger Ring,50d5b2fhqlaa022jd000003,"['https://www.tanishq.co.in/dw/image/v2/BKCK_PRD/on/demandware.static/-/Sites-Tanishq-product-catalog/default/dwfa61c64f/images/hi-res/50D5B2FHQAA02_1.jpg?sw=640&sh=640', 'https://www.tanishq.co.in/dw/image/v2/BKCK_PRD/on/demandware.static/-/Sites-Tanishq-product-catalog/default/dw32d34ad4/images/hi-res/50D5B2FHQAA02_2.jpg?sw=640&sh=640', 'https://www.tanishq.co.in/dw/image/v2/BKCK_PRD/on/demandware.static/-/Sites-Tanishq-product-catalog/default/dw357c58d3/images/hi-res/50D5B2FHQAA02_3.jpg?sw=640&sh=640']",https://www.tanishq.co.in/product/radiant-burst-diamond-finger-ring-50d5b2fhqaa02.html,True,,output/tanishq_images/uncategorized/50d5b2fhqlaa022jd000003_1.jpg|output/tanishq_images/uncategorized/50d5b2fhqlaa022jd000003_2.jpg|output/tanishq_images/uncategorized/50d5b2fhqlaa022jd000003_3.jpg
2.821,18K,yellow,76808,0.195,diamond,Sunlit Petals Diamond Ring,50d5v2funlaa022jd000033,"['https://www.tanishq.co.in/dw/image/v2/BKCK_PRD/on/demandware.static/-/Sites-Tanishq-product-catalog/default/dwc020fb74/images/hi-res/50D5V2FUNAA02_1.jpg?sw=640&sh=640', 'https://www.tanishq.co.in/dw/image/v2/BKCK_PRD/on/demandware.static/-/Sites-Tanishq-product-catalog/default/dw20d5a8f7/images/hi-res/50D5V2FUNAA02_2.jpg?sw=640&sh=640', 'https://www.tanishq.co.in/dw/image/v2/BKCK_PRD/on/demandware.static/-/Sites-Tanishq-product-catalog/default/dw3fabb01e/images/hi-res/50D5V2FUNAA02_3.jpg?sw=640&sh=640']",https://www.tanishq.co.in/product/sunlit-petals-diamond-ring-50d5v2funaa02.html,True,,output/tanishq_images/uncategorized/50d5v2funlaa022jd000033_1.jpg|output/tanishq_images/uncategorized/50d5v2funlaa022jd000033_2.jpg|output/tanishq_images/uncategorized/50d5v2funlaa022jd000033_3.jpg
4.619,18K,rose,101368,0.195,diamond,Contemporary Square Diamond Ring For Men,50g5v2fadraa022bd000004,"['https://www.tanishq.co.in/dw/image/v2/BKCK_PRD/on/demandware.static/-/Sites-Tanishq-product-catalog/default/dw25c8fbfb/images/hi-res/50G5V2FADAA02_1.jpg?sw=640&sh=640', 'https://www.tanishq.co.in/dw/image/v2/BKCK_PRD/on/demandware.static/-/Sites-Tanishq-product-catalog/default/dw24ab8186/images/hi-res/50G5V2FADAA02_2.jpg?sw=640&sh=640', 'https://www.tanishq.co.in/dw/image/v2/BKCK_PRD/on/demandware.static/-/Sites-Tanishq-product-catalog/default/dw66b37f27/images/hi-res/50G5V2FADAA02_3.jpg?sw=640&sh=640']",https://www.tanishq.co.in/product/contemporary-square-diamond-ring-for-men-50g5v2fadaa02.html,True,,output/tanishq_images/uncategorized/50g5v2fadraa022bd000004_1.jpg|output/tanishq_images/uncategorized/50g5v2fadraa022bd000004_2.jpg|output/tanishq_images/uncategorized/50g5v2fadraa022bd000004_3.jpg
2.336,18K,yellow,50916,0.16,diamond,Blossom Cluster Diamond Ring,50d5b2fljaa10,"['https://www.tanishq.co.in/dw/image/v2/BKCK_PRD/on/demandware.static/-/Sites-Tanishq-product-catalog/default/dwef56f482/images/hi-res/50D5B2FLJAA10_1.jpg?sw=640&sh=640', 'https://www.tanishq.co.in/dw/image/v2/BKCK_PRD/on/demandware.static/-/Sites-Tanishq-product-catalog/default/dw10bc7663/images/hi-res/50D5B2FLJAA10_2.jpg?sw=640&sh=640', 'https://www.tanishq.co.in/dw/image/v2/BKCK_PRD/on/demandware.static/-/Sites-Tanishq-product-catalog/default/dwd488e0a9/images/hi-res/50D5B2FLJAA10_3.jpg?sw=640&sh=640']",https://www.tanishq.co.in/product/blossom-cluster-diamond-ring-50d5b2fljaa10.html,True,,output/tanishq_images/uncategorized/50d5b2fljaa10_1.jpg|output/tanishq_images/uncategorized/50d5b2fljaa10_2.jpg|output/tanishq_images/uncategorized/50d5b2fljaa10_3.jpg
4.943,18K,yellow,67193,,none,Tropical Orchard Gold Ring,50d6vrfbhlaa372bd000003,"['https://www.tanishq.co.in/dw/image/v2/BKCK_PRD/on/demandware.static/-/Sites-Tanishq-product-catalog/default/dw902c8fa0/images/hi-res/50D6VRFBHAA37_1.jpg', 'https://www.tanishq.co.in/dw/image/v2/BKCK_PRD/on/demandware.static/-/Sites-Tanishq-product-catalog/default/dwc482a54f/images/hi-res/50D6VRFBHAA37_2.jpg', 'https://www.tanishq.co.in/dw/image/v2/BKCK_PRD/on/demandware.static/-/Sites-Tanishq-product-catalog/default/dwa0d8af78/images/hi-res/50D6VRFBHAA37_3.jpg', 'https://www.tanishq.co.in/dw/image/v2/BKCK_PRD/on/demandware.static/-/Sites-Tanishq-product-catalog/default/dw79cfdc09/images/hi-res/50D6VRFBHAA37_4.jpg']",https://www.tanishq.co.in/product/tropical-orchard-gold-ring-50d6vrfbhaa37.html,True,,output/tanishq_images/uncategorized/50d6vrfbhlaa372bd000003_1.jpg|output/tanishq_images/uncategorized/50d6vrfbhlaa372bd000003_2.jpg|output/tanishq_images/uncategorized/50d6vrfbhlaa372bd000003_3.jpg|output/tanishq_images/uncategorized/50d6vrfbhlaa372bd000003_4.jpg
11.671,22K,yellow,209050,,none,Minimalist Gold Finger Ring,51d4b2fuoaacz,"['https://www.tanishq.co.in/dw/image/v2/BKCK_PRD/on/demandware.static/-/Sites-Tanishq-product-catalog/default/dw2ad18823/images/hi-res/51D4B2FUOAACZ_1.jpg', 'https://www.tanishq.co.in/dw/image/v2/BKCK_PRD/on/demandware.static/-/Sites-Tanishq-product-catalog/default/dw7f089e71/images/hi-res/51D4B2FUOAACZ_2.jpg', 'https://www.tanishq.co.in/dw/image/v2/BKCK_PRD/on/demandware.static/-/Sites-Tanishq-product-catalog/default/dw02a77da2/images/hi-res/51D4B2FUOAACZ_3.jpg', 'https://www.tanishq.co.in/dw/image/v2/BKCK_PRD/on/demandware.static/-/Sites-Tanishq-product-catalog/default/dwe1d3377c/images/hi-res/51D4B2FUOAACZ_4.jpg', 'https://www.tanishq.co.in/dw/image/v2/BKCK_PRD/on/demandware.static/-/Sites-Tanishq-product-catalog/default/dw94b5e21e/images/hi-res/51D4B2FUOAACZ_5.jpg', 'https://www.tanishq.co.in/dw/image/v2/BKCK_PRD/on/demandware.static/-/Sites-Tanishq-product-catalog/default/dw302615df/images/hi-res/51D4B2FUOAACZ_6.jpg']",https://www.tanishq.co.in/product/minimalist-gold-finger-ring-51d4b2fuoaacz.html,True,,output/tanishq_images/uncategorized/51d4b2fuoaacz_1.jpg|output/tanishq_images/uncategorized/51d4b2fuoaacz_2.jpg|output/tanishq_images/uncategorized/51d4b2fuoaacz_3.jpg|output/tanishq_images/uncategorized/51d4b2fuoaacz_4.jpg|output/tanishq_images/uncategorized/51d4b2fuoaacz_5.jpg|output/tanishq_images/uncategorized/51d4b2fuoaacz_6.jpg
2.022,18K,yellow,42162,0.074,diamond,Cross Line Diamond Ring,50d5l2fohlaa022jd000002,"['https://www.tanishq.co.in/dw/image/v2/BKCK_PRD/on/demandware.static/-/Sites-Tanishq-product-catalog/default/dw3565f100/images/hi-res/50D5L2FOHAA02_1.jpg?sw=640&sh=640', 'https://www.tanishq.co.in/dw/image/v2/BKCK_PRD/on/demandware.static/-/Sites-Tanishq-product-catalog/default/dw22d0c8b1/images/hi-res/50D5L2FOHAA02_2.jpg?sw=640&sh=640', 'https://www.tanishq.co.in/dw/image/v2/BKCK_PRD/on/demandware.static/-/Sites-Tanishq-product-catalog/default/dw565bc1b3/images/hi-res/50D5L2FOHAA02_3.jpg?sw=640&sh=640']",https://www.tanishq.co.in/product/cross-line-diamond-ring-50d5l2fohaa02.html,True,,output/tanishq_images/uncategorized/50d5l2fohlaa022jd000002_1.jpg|output/tanishq_images/uncategorized/50d5l2fohlaa022jd000002_2.jpg|output/tanishq_images/uncategorized/50d5l2fohlaa022jd000002_3.jpg
1.949,18K,yellow,88869,0.278,diamond,Graceful Twist Diamond Finger Ring,50e5b1ffdaa02,"['https://www.tanishq.co.in/on/demandware.static/-/Sites-Tanishq-product-catalog/default/dw0d454af6/images/hi-res/50E5B1FFDAA02_1.jpg', 'https://www.tanishq.co.in/dw/image/v2/BKCK_PRD/on/demandware.static/-/Sites-Tanishq-product-catalog/default/dw9da048d8/images/hi-res/50E5B1FFDAA02_2.jpg', 'https://www.tanishq.co.in/dw/image/v2/BKCK_PRD/on/demandware.static/-/Sites-Tanishq-product-catalog/default/dw933ca8ad/images/hi-res/50E5B1FFDAA02_3.jpg']",https://www.tanishq.co.in/product/graceful-twist-diamond-finger-ring-50e5b1ffdaa02.html,True,,output/tanishq_images/uncategorized/50e5b1ffdaa02_1.jpg|output/tanishq_images/uncategorized/50e5b1ffdaa02_2.jpg|output/tanishq_images/uncategorized/50e5b1ffdaa02_3.jpg
8.73,22K,yellow,151333,,none,Radiant Cross Gold Ring For Men,51g5c1fhxaa00,"['https://www.tanishq.co.in/dw/image/v2/BKCK_PRD/on/demandware.static/-/Sites-Tanishq-product-catalog/default/dw6b9eca96/images/hi-res/51G5C1FHXAA00_1.jpg', 'https://www.tanishq.co.in/dw/image/v2/BKCK_PRD/on/demandware.static/-/Sites-Tanishq-product-catalog/default/dw68236a75/images/hi-res/51G5C1FHXAA00_2.jpg', 'https://www.tanishq.co.in/dw/image/v2/BKCK_PRD/on/demandware.static/-/Sites-Tanishq-product-catalog/default/dw09a863c5/images/hi-res/51G5C1FHXAA00_3.jpg']",https://www.tanishq.co.in/product/radiant-cross-gold-ring-for-men-51g5c1fhxaa00.html,True,,output/tanishq_images/uncategorized/51g5c1fhxaa00_1.jpg|output/tanishq_images/uncategorized/51g5c1fhxaa00_2.jpg|output/tanishq_images/uncategorized/51g5c1fhxaa00_3.jpg
1.482,18KT,rose,27528,0.036,diamond,Rose Brilliance 18KT Ring,504922fmxaa09,"['https://www.tanishq.co.in/on/demandware.static/-/Sites-Tanishq-product-catalog/default/dw0ab18a0c/images/hi-res/4922FMX_1.jpg', 'https://www.tanishq.co.in/dw/image/v2/BKCK_PRD/on/demandware.static/-/Sites-Tanishq-product-catalog/default/dwd844e1ec/images/hi-res/4922FMX_2.jpg', 'https://www.tanishq.co.in/dw/image/v2/BKCK_PRD/on/demandware.static/-/Sites-Tanishq-product-catalog/default/dwc1b7873b/images/hi-res/4922FMX_3.jpg']",https://www.tanishq.co.in/product/rose-brilliance-18kt-ring-504922fmxaa09.html,True,,output/tanishq_images/uncategorized/504922fmxaa09_1.jpg|output/tanishq_images/uncategorized/504922fmxaa09_2.jpg|output/tanishq_images/uncategorized/504922fmxaa09_3.jpg
3.13,18K,rose,55183,0.058,diamond,Twisted Beauty Gold & Diamond Ring,503822foraa09,"['https://www.tanishq.co.in/on/demandware.static/-/Sites-Tanishq-product-catalog/default/dwec76f679/images/Mia/hi-res/3822FOR_1.jpg', 'https://www.tanishq.co.in/dw/image/v2/BKCK_PRD/on/demandware.static/-/Sites-Tanishq-product-catalog/default/dw9644a2f7/images/Mia/hi-res/3822FOR_2.jpg', 'https://www.tanishq.co.in/dw/image/v2/BKCK_PRD/on/demandware.static/-/Sites-Tanishq-product-catalog/default/dw529d51b5/images/Mia/hi-res/3822FOR_3.jpg']",https://www.tanishq.co.in/product/twisted-beauty-gold-and-diamond-ring-503822foraa09.html,True,,output/tanishq_images/uncategorized/503822foraa09_1.jpg|output/tanishq_images/uncategorized/503822foraa09_2.jpg|output/tanishq_images/uncategorized/503822foraa09_3.jpg
2.212,22K,yellow,37716,,none,Whisper Leaf Gold Ring,51d5p1flcaa00,"['https://www.tanishq.co.in/dw/image/v2/BKCK_PRD/on/demandware.static/-/Sites-Tanishq-product-catalog/default/dw2a214f16/images/hi-res/51D5P1FLCAA00_1.jpg', 'https://www.tanishq.co.in/dw/image/v2/BKCK_PRD/on/demandware.static/-/Sites-Tanishq-product-catalog/default/dwb54d22d6/images/hi-res/51D5P1FLCAA00_2.jpg', 'https://www.tanishq.co.in/dw/image/v2/BKCK_PRD/on/demandware.static/-/Sites-Tanishq-product-catalog/default/dwd0429859/images/hi-res/51D5P1FLCAA00_3.jpg']",https://www.tanishq.co.in/product/whisper-leaf-gold-ring-51d5p1flcaa00.html,True,,output/tanishq_images/uncategorized/51d5p1flcaa00_1.jpg|output/tanishq_images/uncategorized/51d5p1flcaa00_2.jpg|output/tanishq_images/uncategorized/51d5p1flcaa00_3.jpg
1.851,18K,Yellow,47287,0.115,diamond,Dreamy Orbit Diamond Finger Ring,50d5b2fyplaa022jd000002,"['https://www.tanishq.co.in/dw/image/v2/BKCK_PRD/on/demandware.static/-/Sites-Tanishq-product-catalog/default/dw99193e6f/images/hi-res/50D5B2FYPAA02_1.jpg?sw=640&sh=640', 'https://www.tanishq.co.in/dw/image/v2/BKCK_PRD/on/demandware.static/-/Sites-Tanishq-product-catalog/default/dw2642d70d/images/hi-res/50D5B2FYPAA02_2.jpg?sw=640&sh=640', 'https://www.tanishq.co.in/dw/image/v2/BKCK_PRD/on/demandware.static/-/Sites-Tanishq-product-catalog/default/dwdd334906/images/hi-res/50D5B2FYPAA02_3.jpg?sw=640&sh=640']",https://www.tanishq.co.in/product/dreamy-orbit-diamond-finger-ring-50d5b2fypaa02.html,True,,output/tanishq_images/uncategorized/50d5b2fyplaa022jd000002_1.jpg|output/tanishq_images/uncategorized/50d5b2fyplaa022jd000002_2.jpg|output/tanishq_images/uncategorized/50d5b2fyplaa022jd000002_3.jpg
2.616,18K,yellow,80641,0.24,diamond,Twined Marquise Diamond Ring,50e5c1feslaa022jd000012,"['https://www.tanishq.co.in/dw/image/v2/BKCK_PRD/on/demandware.static/-/Sites-Tanishq-product-catalog/default/dw21a1680e/images/hi-res/50E5C1FESAA02_1.jpg?sw=640&sh=640', 'https://www.tanishq.co.in/dw/image/v2/BKCK_PRD/on/demandware.static/-/Sites-Tanishq-product-catalog/default/dw8c9c70b8/images/hi-res/50E5C1FESAA02_2.jpg?sw=640&sh=640', 'https://www.tanishq.co.in/dw/image/v2/BKCK_PRD/on/demandware.static/-/Sites-Tanishq-product-catalog/default/dw0ad8e566/images/hi-res/50E5C1FESAA02_3.jpg?sw=640&sh=640']",https://www.tanishq.co.in/product/twined-marquise-diamond-ring-50e5c1fesaa02.html,True,,output/tanishq_images/uncategorized/50e5c1feslaa022jd000012_1.jpg|output/tanishq_images/uncategorized/50e5c1feslaa022jd000012_2.jpg|output/tanishq_images/uncategorized/50e5c1feslaa022jd000012_3.jpg
2.474,22K,yellow,43062,,none,Ornate Bloom Gold Ring,51d5b1fmeaa00,"['https://www.tanishq.co.in/dw/image/v2/BKCK_PRD/on/demandware.static/-/Sites-Tanishq-product-catalog/default/dwf345d9d7/images/hi-res/51D5B1FMEAA00_1.jpg', 'https://www.tanishq.co.in/dw/image/v2/BKCK_PRD/on/demandware.static/-/Sites-Tanishq-product-catalog/default/dw9b84c1d1/images/hi-res/51D5B1FMEAA00_2.jpg', 'https://www.tanishq.co.in/dw/image/v2/BKCK_PRD/on/demandware.static/-/Sites-Tanishq-product-catalog/default/dwb4581b0a/images/hi-res/51D5B1FMEAA00_3.jpg']",https://www.tanishq.co.in/product/ornate-bloom-gold-ring-51d5b1fmeaa00.html,True,,output/tanishq_images/uncategorized/51d5b1fmeaa00_1.jpg|output/tanishq_images/uncategorized/51d5b1fmeaa00_2.jpg|output/tanishq_images/uncategorized/51d5b1fmeaa00_3.jpg
4.763,22K,yellow,81381,,none,Luxe Overlap Gold Ring,51m4b1fkylaa002ee000104,"['https://www.tanishq.co.in/on/demandware.static/-/Sites-Tanishq-product-catalog/default/dw59b14a83/images/hi-res/51M4B1FKYAA00_1.jpg', 'https://www.tanishq.co.in/dw/image/v2/BKCK_PRD/on/demandware.static/-/Sites-Tanishq-product-catalog/default/dw2a831fd6/images/hi-res/51M4B1FKYAA00_2.jpg', 'https://www.tanishq.co.in/dw/image/v2/BKCK_PRD/on/demandware.static/-/Sites-Tanishq-product-catalog/default/dw821b7e5e/images/hi-res/51M4B1FKYAA00_3.jpg']",https://www.tanishq.co.in/product/luxe-overlap-gold-ring-51m4b1fkyaa00.html,True,,output/tanishq_images/uncategorized/51m4b1fkylaa002ee000104_1.jpg|output/tanishq_images/uncategorized/51m4b1fkylaa002ee000104_2.jpg|output/tanishq_images/uncategorized/51m4b1fkylaa002ee000104_3.jpg
1.924,22K,yellow,33489,,none,Sculpted Split Gold Ring,51d5l2fejlaa002ba000001,"['https://www.tanishq.co.in/dw/image/v2/BKCK_PRD/on/demandware.static/-/Sites-Tanishq-product-catalog/default/dwf8f3ec11/images/hi-res/51D5L2FEJAA00_1.jpg?sw=640&sh=640', 'https://www.tanishq.co.in/dw/image/v2/BKCK_PRD/on/demandware.static/-/Sites-Tanishq-product-catalog/default/dw8bbdc8db/images/hi-res/51D5L2FEJAA00_2.jpg?sw=640&sh=640', 'https://www.tanishq.co.in/dw/image/v2/BKCK_PRD/on/demandware.static/-/Sites-Tanishq-product-catalog/default/dwfc633432/images/hi-res/51D5L2FEJAA00_3.jpg?sw=640&sh=640', 'https://www.tanishq.co.in/dw/image/v2/BKCK_PRD/on/demandware.static/-/Sites-Tanishq-product-catalog/default/dw0cbf0a21/images/hi-res/51D5L2FEJAA00_4.jpg?sw=640&sh=640']",https://www.tanishq.co.in/product/sculpted-split-gold-ring-51d5l2fejaa00.html,True,,output/tanishq_images/uncategorized/51d5l2fejlaa002ba000001_1.jpg|output/tanishq_images/uncategorized/51d5l2fejlaa002ba000001_2.jpg|output/tanishq_images/uncategorized/51d5l2fejlaa002ba000001_3.jpg|output/tanishq_images/uncategorized/51d5l2fejlaa002ba000001_4.jpg
1.724,22K,yellow,30008,,none,Feminine Grace Ring,516061FGGAA00,"['https://www.tanishq.co.in/on/demandware.static/-/Sites-Tanishq-product-catalog/default/dwaeaf28e3/images/hi-res/516061FGGAA00_1.jpg', 'https://www.tanishq.co.in/on/demandware.static/-/Sites-Tanishq-product-catalog/default/dw32d2a921/images/hi-res/516061FGGAA00_2.jpg', 'https://www.tanishq.co.in/on/demandware.static/-/Sites-Tanishq-product-catalog/default/dw81b925de/images/hi-res/516061FGGAA00_3.jpg', 'https://www.tanishq.co.in/on/demandware.static/-/Sites-Tanishq-product-catalog/default/dw845022cc/images/hi-res/516061FGGAA00_10.jpg']",https://www.tanishq.co.in/product/feminine-grace-ring-516061fggaa00.html,True,,output/tanishq_images/uncategorized/516061FGGAA00_1.jpg|output/tanishq_images/uncategorized/516061FGGAA00_2.jpg|output/tanishq_images/uncategorized/516061FGGAA00_3.jpg|output/tanishq_images/uncategorized/516061FGGAA00_4.jpg
7.509,18K,yellow,212627,0.545,none,Spiral Serenade Diamond Ring,50o5rvfclaa32,"['https://www.tanishq.co.in/dw/image/v2/BKCK_PRD/on/demandware.static/-/Sites-Tanishq-product-catalog/default/dw213a91dc/images/hi-res/50O5RVFCLAA32_1.jpg', 'https://www.tanishq.co.in/dw/image/v2/BKCK_PRD/on/demandware.static/-/Sites-Tanishq-product-catalog/default/dw558c1383/images/hi-res/50O5RVFCLAA32_2.jpg', 'https://www.tanishq.co.in/dw/image/v2/BKCK_PRD/on/demandware.static/-/Sites-Tanishq-product-catalog/default/dwb50b423e/images/hi-res/50O5RVFCLAA32_3.jpg', 'https://www.tanishq.co.in/dw/image/v2/BKCK_PRD/on/demandware.static/-/Sites-Tanishq-product-catalog/default/dwf68060e6/images/hi-res/50O5RVFCLAA32_4.jpg']",https://www.tanishq.co.in/product/spiral-serenade-diamond-ring-50o5rvfclaa32.html,True,,output/tanishq_images/uncategorized/50o5rvfclaa32_1.jpg|output/tanishq_images/uncategorized/50o5rvfclaa32_2.jpg|output/tanishq_images/uncategorized/50o5rvfclaa32_3.jpg|output/tanishq_images/uncategorized/50o5rvfclaa32_4.jpg
6.217,22K,yellow,108212,,none,Stylish Layered Gold Ring for Men,513218fphaa00,['https://www.tanishq.co.in/on/demandware.static/-/Sites-Tanishq-product-catalog/default/dw2fcd62db/images/hi-res/513218FPHAA00_1.jpg'],https://www.tanishq.co.in/product/stylish-layered-gold-ring-for-men-513218fphaa00.html,True,,output/tanishq_images/uncategorized/513218fphaa00_1.jpg
2.824,22K,yellow,48197,,gemstone,Vine Frame Ring,51d5b1flaaa40,"['https://www.tanishq.co.in/dw/image/v2/BKCK_PRD/on/demandware.static/-/Sites-Tanishq-product-catalog/default/dwf408cf8f/images/hi-res/51D5B1FLAAA40_1.jpg', 'https://www.tanishq.co.in/dw/image/v2/BKCK_PRD/on/demandware.static/-/Sites-Tanishq-product-catalog/default/dwbf27475d/images/hi-res/51D5B1FLAAA40_2.jpg', 'https://www.tanishq.co.in/dw/image/v2/BKCK_PRD/on/demandware.static/-/Sites-Tanishq-product-catalog/default/dw65bc917b/images/hi-res/51D5B1FLAAA40_3.jpg']",https://www.tanishq.co.in/product/vine-frame-ring-51d5b1flaaa40.html,True,,output/tanishq_images/uncategorized/51d5b1flaaa40_1.jpg|output/tanishq_images/uncategorized/51d5b1flaaa40_2.jpg|output/tanishq_images/uncategorized/51d5b1flaaa40_3.jpg
2.689,22K,yellow,46995,,none,Royal Arch Gold Ring,51e5c1fcfaa00,"['https://www.tanishq.co.in/dw/image/v2/BKCK_PRD/on/demandware.static/-/Sites-Tanishq-product-catalog/default/dw17aa586d/images/hi-res/51E5C1FCFAA00_1.jpg', 'https://www.tanishq.co.in/dw/image/v2/BKCK_PRD/on/demandware.static/-/Sites-Tanishq-product-catalog/default/dw8dbf7f69/images/hi-res/51E5C1FCFAA00_2.jpg', 'https://www.tanishq.co.in/dw/image/v2/BKCK_PRD/on/demandware.static/-/Sites-Tanishq-product-catalog/default/dwa9976940/images/hi-res/51E5C1FCFAA00_3.jpg']",https://www.tanishq.co.in/product/royal-arch-gold-ring-51e5c1fcfaa00.html,True,,output/tanishq_images/uncategorized/51e5c1fcfaa00_1.jpg|output/tanishq_images/uncategorized/51e5c1fcfaa00_2.jpg|output/tanishq_images/uncategorized/51e5c1fcfaa00_3.jpg
1.533,18K,yellow,38005,0.105,diamond,Paisley Grace Diamond Ring,50d5jsferlaa092bd000011,"['https://www.tanishq.co.in/dw/image/v2/BKCK_PRD/on/demandware.static/-/Sites-Tanishq-product-catalog/default/dw5dfc6f65/images/hi-res/50D5JSFERAA09_1.jpg?sw=640&sh=640', 'https://www.tanishq.co.in/dw/image/v2/BKCK_PRD/on/demandware.static/-/Sites-Tanishq-product-catalog/default/dw35eb2be3/images/hi-res/50D5JSFERAA09_2.jpg?sw=640&sh=640', 'https://www.tanishq.co.in/dw/image/v2/BKCK_PRD/on/demandware.static/-/Sites-Tanishq-product-catalog/default/dwea62cb97/images/hi-res/50D5JSFERAA09_3.jpg?sw=640&sh=640']",https://www.tanishq.co.in/product/paisley-grace-diamond-ring-50d5jsferaa09.html,True,,output/tanishq_images/uncategorized/50d5jsferlaa092bd000011_1.jpg|output/tanishq_images/uncategorized/50d5jsferlaa092bd000011_2.jpg|output/tanishq_images/uncategorized/50d5jsferlaa092bd000011_3.jpg
3.19,22K,yellow,55525,,none,Golden Bloom Gold Ring,51d5b1futaa00,"['https://www.tanishq.co.in/dw/image/v2/BKCK_PRD/on/demandware.static/-/Sites-Tanishq-product-catalog/default/dwc0a95336/images/hi-res/51D5B1FUTAA00_1.jpg', 'https://www.tanishq.co.in/dw/image/v2/BKCK_PRD/on/demandware.static/-/Sites-Tanishq-product-catalog/default/dw8b075033/images/hi-res/51D5B1FUTAA00_2.jpg', 'https://www.tanishq.co.in/dw/image/v2/BKCK_PRD/on/demandware.static/-/Sites-Tanishq-product-catalog/default/dwd5cb42ba/images/hi-res/51D5B1FUTAA00_3.jpg']",https://www.tanishq.co.in/product/golden-bloom-gold-ring-51d5b1futaa00.html,True,,output/tanishq_images/uncategorized/51d5b1futaa00_1.jpg|output/tanishq_images/uncategorized/51d5b1futaa00_2.jpg|output/tanishq_images/uncategorized/51d5b1futaa00_3.jpg
1.412,18K,Yellow,32984,0.076,diamond,Dream Flight Diamond Ring,50d3i3faqkab022ja000050,"['https://www.tanishq.co.in/dw/image/v2/BKCK_PRD/on/demandware.static/-/Sites-Tanishq-product-catalog/default/dw594c4685/images/hi-res/50D3I3FAQAB02_1.jpg?sw=640&sh=640', 'https://www.tanishq.co.in/dw/image/v2/BKCK_PRD/on/demandware.static/-/Sites-Tanishq-product-catalog/default/dw032491cd/images/hi-res/50D3I3FAQAB02_2.jpg?sw=640&sh=640', 'https://www.tanishq.co.in/dw/image/v2/BKCK_PRD/on/demandware.static/-/Sites-Tanishq-product-catalog/default/dw30658c07/images/hi-res/50D3I3FAQAB02_3.jpg?sw=640&sh=640']",https://www.tanishq.co.in/product/dream-flight-diamond-ring-50d3i3faqab02.html,True,,output/tanishq_images/uncategorized/50d3i3faqkab022ja000050_1.jpg|output/tanishq_images/uncategorized/50d3i3faqkab022ja000050_2.jpg|output/tanishq_images/uncategorized/50d3i3faqkab022ja000050_3.jpg
6.255,22K,yellow,108429,,none,Bold Geometric Gold Ring For Men,51g5c1facaa00,"['https://www.tanishq.co.in/dw/image/v2/BKCK_PRD/on/demandware.static/-/Sites-Tanishq-product-catalog/default/dw06604121/images/hi-res/51G5C1FACAA00_1.jpg?sw=640&sh=640', 'https://www.tanishq.co.in/dw/image/v2/BKCK_PRD/on/demandware.static/-/Sites-Tanishq-product-catalog/default/dwa2422dd9/images/hi-res/51G5C1FACAA00_2.jpg?sw=640&sh=640', 'https://www.tanishq.co.in/dw/image/v2/BKCK_PRD/on/demandware.static/-/Sites-Tanishq-product-catalog/default/dw92456418/images/hi-res/51G5C1FACAA00_3.jpg?sw=640&sh=640']",https://www.tanishq.co.in/product/bold-geometric-gold-ring-for-men-51g5c1facaa00.html,True,,output/tanishq_images/uncategorized/51g5c1facaa00_1.jpg|output/tanishq_images/uncategorized/51g5c1facaa00_2.jpg|output/tanishq_images/uncategorized/51g5c1facaa00_3.jpg
1.755,18K,rose,61195,0.19,diamond,Crest Vanki Diamond Ring,50d4arfaylaa022bd000014,"['https://www.tanishq.co.in/dw/image/v2/BKCK_PRD/on/demandware.static/-/Sites-Tanishq-product-catalog/default/dw6cd8ce94/images/hi-res/50D4ARFAYAA02_1.jpg', 'https://www.tanishq.co.in/dw/image/v2/BKCK_PRD/on/demandware.static/-/Sites-Tanishq-product-catalog/default/dwb618b77f/images/hi-res/50D4ARFAYAA02_2.jpg', 'https://www.tanishq.co.in/dw/image/v2/BKCK_PRD/on/demandware.static/-/Sites-Tanishq-product-catalog/default/dw79b6c0d8/images/hi-res/50D4ARFAYAA02_3.jpg']",https://www.tanishq.co.in/product/crest-vanki-diamond-ring-50d4arfayaa02.html,True,,output/tanishq_images/uncategorized/50d4arfaylaa022bd000014_1.jpg|output/tanishq_images/uncategorized/50d4arfaylaa022bd000014_2.jpg|output/tanishq_images/uncategorized/50d4arfaylaa022bd000014_3.jpg
2.432,18K,rose,67827,0.177,diamond,Blush Circle Diamond Ring,50e5b1fcfaa02,"['https://www.tanishq.co.in/dw/image/v2/BKCK_PRD/on/demandware.static/-/Sites-Tanishq-product-catalog/default/dw055f9b6d/images/hi-res/50E5B1FCFAA02_1.jpg', 'https://www.tanishq.co.in/dw/image/v2/BKCK_PRD/on/demandware.static/-/Sites-Tanishq-product-catalog/default/dwc926f67d/images/hi-res/50E5B1FCFAA02_2.jpg', 'https://www.tanishq.co.in/dw/image/v2/BKCK_PRD/on/demandware.static/-/Sites-Tanishq-product-catalog/default/dw959f5218/images/hi-res/50E5B1FCFAA02_3.jpg']",https://www.tanishq.co.in/product/blush-circle-diamond-ring-50e5b1fcfaa02.html,True,,output/tanishq_images/uncategorized/50e5b1fcfaa02_1.jpg|output/tanishq_images/uncategorized/50e5b1fcfaa02_2.jpg|output/tanishq_images/uncategorized/50e5b1fcfaa02_3.jpg
