product_id,product_name,source,metal_weight_grams,metal_purity,metal_color,metal_type,price_inr,stone_type,diamond_weight_ct,diamond_pcs,diamond_value_inr,diamond_shape,ring_size_us,gender,style,image_url,local_image_paths,making_charges,gross_weight_grams
T_51m5c1faumaa002ea000001,Veil Arc Gold Ring,tanishq,2.529,22KT,Yellow,Gold,44402.0,none,0.0,,,none,,Women,,https://www.tanishq.co.in/dw/image/v2/BKCK_PRD/on/demandware.static/-/Sites-Tanishq-product-catalog/default/dw7f7fe842/images/hi-res/51M5C1FAUAA00_1.jpg,Tanishq_Jewelry_Dataset_Final/images/uncategorized/51m5c1faumaa002ea000001_1.jpg|Tanishq_Jewelry_Dataset_Final/images/uncategorized/51m5c1faumaa002ea000001_2.jpg|Tanishq_Jewelry_Dataset_Final/images/uncategorized/51m5c1faumaa002ea000001_3.jpg|Tanishq_Jewelry_Dataset_Final/images/uncategorized/51m5c1faumaa002ea000001_4.jpg,,
T_51d5l2fenaa00,Knot Flow Gold Ring Gold Ring,tanishq,2.445,22KT,Yellow,Gold,42927.0,none,0.0,,,none,,Women,,https://www.tanishq.co.in/dw/image/v2/BKCK_PRD/on/demandware.static/-/Sites-Tanishq-product-catalog/default/dw793440f6/images/hi-res/51D5L2FENAA00_1.jpg,Tanishq_Jewelry_Dataset_Final/images/uncategorized/51d5l2fenaa00_1.jpg|Tanishq_Jewelry_Dataset_Final/images/uncategorized/51d5l2fenaa00_2.jpg|Tanishq_Jewelry_Dataset_Final/images/uncategorized/51d5l2fenaa00_3.jpg|Tanishq_Jewelry_Dataset_Final/images/uncategorized/51d5l2fenaa00_4.jpg,,
T_51d5l2ffclaa002ba000001,Sculpted Frame Gold Ring,tanishq,1.961,22KT,Yellow,Gold,34430.0,none,0.0,,,none,,Women,,https://www.tanishq.co.in/dw/image/v2/BKCK_PRD/on/demandware.static/-/Sites-Tanishq-product-catalog/default/dw6b4e625f/images/hi-res/51D5L2FFCAA00_1.jpg,Tanishq_Jewelry_Dataset_Final/images/uncategorized/51d5l2ffclaa002ba000001_1.jpg|Tanishq_Jewelry_Dataset_Final/images/uncategorized/51d5l2ffclaa002ba000001_2.jpg|Tanishq_Jewelry_Dataset_Final/images/uncategorized/51d5l2ffclaa002ba000001_3.jpg|Tanishq_Jewelry_Dataset_Final/images/uncategorized/51d5l2ffclaa002ba000001_4.jpg,,
T_51D6M1FLZAA00,Leaf Rhythm Gold Ring,tanishq,1.906,22KT,Yellow,Gold,31006.0,none,0.0,,,none,,Women,,https://www.tanishq.co.in/dw/image/v2/BKCK_PRD/on/demandware.static/-/Sites-Tanishq-product-catalog/default/dw1dd10b2a/images/hi-res/51D6M1FLZAA00_1.jpg,Tanishq_Jewelry_Dataset_Final/images/uncategorized/51D6M1FLZAA00_1.jpg|Tanishq_Jewelry_Dataset_Final/images/uncategorized/51D6M1FLZAA00_2.jpg|Tanishq_Jewelry_Dataset_Final/images/uncategorized/51D6M1FLZAA00_3.jpg|Tanishq_Jewelry_Dataset_Final/images/uncategorized/51D6M1FLZAA00_4.jpg,,
T_51d5l2fgclaa002ba000001,Twin Wing Gold Ring,tanishq,2.125,22KT,Yellow,Gold,37309.0,none,0.0,,,none,,Women,,https://www.tanishq.co.in/dw/image/v2/BKCK_PRD/on/demandware.static/-/Sites-Tanishq-product-catalog/default/dw92e40c09/images/hi-res/51D5L2FGCAA00_1.jpg,Tanishq_Jewelry_Dataset_Final/images/uncategorized/51d5l2fgclaa002ba000001_1.jpg|Tanishq_Jewelry_Dataset_Final/images/uncategorized/51d5l2fgclaa002ba000001_2.jpg|Tanishq_Jewelry_Dataset_Final/images/uncategorized/51d5l2fgclaa002ba000001_3.jpg|Tanishq_Jewelry_Dataset_Final/images/uncategorized/51d5l2fgclaa002ba000001_4.jpg,,
T_51D5C1FOCAA00,Bloom Curve Gold Ring,tanishq,1.668,22KT,Yellow,Gold,30003.0,none,0.0,,,none,,Women,,https://www.tanishq.co.in/dw/image/v2/BKCK_PRD/on/demandware.static/-/Sites-Tanishq-product-catalog/default/dw48d15c6e/images/hi-res/51D5C1FOCAA00_1.jpg,Tanishq_Jewelry_Dataset_Final/images/uncategorized/51D5C1FOCAA00_1.jpg|Tanishq_Jewelry_Dataset_Final/images/uncategorized/51D5C1FOCAA00_2.jpg|Tanishq_Jewelry_Dataset_Final/images/uncategorized/51D5C1FOCAA00_3.jpg|Tanishq_Jewelry_Dataset_Final/images/uncategorized/51D5C1FOCAA00_4.jpg,,
T_51d5l2ffplaa002ba000001,Sculpted Leaf Gold Ring,tanishq,2.654,22KT,Yellow,Gold,46597.0,none,0.0,,,none,,Women,,https://www.tanishq.co.in/dw/image/v2/BKCK_PRD/on/demandware.static/-/Sites-Tanishq-product-catalog/default/dw205bd5d4/images/hi-res/51D5L2FFPAA00_1.jpg,Tanishq_Jewelry_Dataset_Final/images/uncategorized/51d5l2ffplaa002ba000001_1.jpg|Tanishq_Jewelry_Dataset_Final/images/uncategorized/51d5l2ffplaa002ba000001_2.jpg|Tanishq_Jewelry_Dataset_Final/images/uncategorized/51d5l2ffplaa002ba000001_3.jpg|Tanishq_Jewelry_Dataset_Final/images/uncategorized/51d5l2ffplaa002ba000001_4.jpg,,
T_51d5l2ffaaa00,Sculpted Grid Gold Ring,tanishq,2.783,22KT,Yellow,Gold,48862.0,none,0.0,,,none,,Women,,https://www.tanishq.co.in/dw/image/v2/BKCK_PRD/on/demandware.static/-/Sites-Tanishq-product-catalog/default/dwd0a48482/images/hi-res/51D5L2FFAAA00_1.jpg,Tanishq_Jewelry_Dataset_Final/images/uncategorized/51d5l2ffaaa00_1.jpg|Tanishq_Jewelry_Dataset_Final/images/uncategorized/51d5l2ffaaa00_2.jpg|Tanishq_Jewelry_Dataset_Final/images/uncategorized/51d5l2ffaaa00_3.jpg|Tanishq_Jewelry_Dataset_Final/images/uncategorized/51d5l2ffaaa00_4.jpg,,
T_51d4mpfcla600,Crest Curve Gold Ring,tanishq,1.688,22KT,Yellow,Gold,29637.0,none,0.0,,,none,,Women,,https://www.tanishq.co.in/dw/image/v2/BKCK_PRD/on/demandware.static/-/Sites-Tanishq-product-catalog/default/dw9c35766e/images/hi-res/51D4MPFCLA600_1.jpg,Tanishq_Jewelry_Dataset_Final/images/uncategorized/51d4mpfcla600_1.jpg|Tanishq_Jewelry_Dataset_Final/images/uncategorized/51d4mpfcla600_2.jpg|Tanishq_Jewelry_Dataset_Final/images/uncategorized/51d4mpfcla600_3.jpg,,
T_51d5l2ffbaa00,Whisper Wave Gold Ring,tanishq,1.794,22KT,Yellow,Gold,31498.0,none,0.0,,,none,,Women,,https://www.tanishq.co.in/dw/image/v2/BKCK_PRD/on/demandware.static/-/Sites-Tanishq-product-catalog/default/dwc89415d7/images/hi-res/51D5L2FFBAA00_1.jpg,Tanishq_Jewelry_Dataset_Final/images/uncategorized/51d5l2ffbaa00_1.jpg|Tanishq_Jewelry_Dataset_Final/images/uncategorized/51d5l2ffbaa00_2.jpg|Tanishq_Jewelry_Dataset_Final/images/uncategorized/51d5l2ffbaa00_3.jpg|Tanishq_Jewelry_Dataset_Final/images/uncategorized/51d5l2ffbaa00_4.jpg,,
T_51d5l2ffdaa00,Textured Wave Gold Ring,tanishq,2.614,22KT,Yellow,Gold,45895.0,none,0.0,,,none,,Women,,https://www.tanishq.co.in/dw/image/v2/BKCK_PRD/on/demandware.static/-/Sites-Tanishq-product-catalog/default/dw63ecf347/images/hi-res/51D5L2FFDAA00_1.jpg,Tanishq_Jewelry_Dataset_Final/images/uncategorized/51d5l2ffdaa00_1.jpg|Tanishq_Jewelry_Dataset_Final/images/uncategorized/51d5l2ffdaa00_2.jpg|Tanishq_Jewelry_Dataset_Final/images/uncategorized/51d5l2ffdaa00_3.jpg|Tanishq_Jewelry_Dataset_Final/images/uncategorized/51d5l2ffdaa00_4.jpg,,
T_51d5l2fekaa00,Endless Heart Gold Ring,tanishq,2.071,22KT,Yellow,Gold,36361.0,none,0.0,,,none,,Women,,https://www.tanishq.co.in/dw/image/v2/BKCK_PRD/on/demandware.static/-/Sites-Tanishq-product-catalog/default/dwf5222403/images/hi-res/51D5L2FEKAA00_1.jpg,Tanishq_Jewelry_Dataset_Final/images/uncategorized/51d5l2fekaa00_1.jpg|Tanishq_Jewelry_Dataset_Final/images/uncategorized/51d5l2fekaa00_2.jpg|Tanishq_Jewelry_Dataset_Final/images/uncategorized/51d5l2fekaa00_3.jpg|Tanishq_Jewelry_Dataset_Final/images/uncategorized/51d5l2fekaa00_4.jpg,,
T_51d5l2ffsaa00,Linked Curve Gold Ring,tanishq,2.32,22KT,Yellow,Gold,40733.0,none,0.0,,,none,,Women,,https://www.tanishq.co.in/dw/image/v2/BKCK_PRD/on/demandware.static/-/Sites-Tanishq-product-catalog/default/dweded5219/images/hi-res/51D5L2FFSAA00_1.jpg,Tanishq_Jewelry_Dataset_Final/images/uncategorized/51d5l2ffsaa00_1.jpg|Tanishq_Jewelry_Dataset_Final/images/uncategorized/51d5l2ffsaa00_2.jpg|Tanishq_Jewelry_Dataset_Final/images/uncategorized/51d5l2ffsaa00_3.jpg|Tanishq_Jewelry_Dataset_Final/images/uncategorized/51d5l2ffsaa00_4.jpg,,
T_51d4mpfbzkpj002ja000001,Sculpt Ridge Gold Ring,tanishq,5.803,22KT,Yellow,Gold,103964.0,none,0.0,,,none,,Women,,https://www.tanishq.co.in/dw/image/v2/BKCK_PRD/on/demandware.static/-/Sites-Tanishq-product-catalog/default/dw4361e969/images/hi-res/51D4MPFBZPJ00_1.jpg,Tanishq_Jewelry_Dataset_Final/images/uncategorized/51d4mpfbzkpj002ja000001_1.jpg|Tanishq_Jewelry_Dataset_Final/images/uncategorized/51d4mpfbzkpj002ja000001_2.jpg|Tanishq_Jewelry_Dataset_Final/images/uncategorized/51d4mpfbzkpj002ja000001_3.jpg|Tanishq_Jewelry_Dataset_Final/images/uncategorized/51d4mpfbzkpj002ja000001_4.jpg,,
T_511719fqotav002ee000001,Ornate Weave Gold Ring,tanishq,5.15,22KT,Yellow,Gold,90420.0,none,0.0,,,none,,Women,,https://www.tanishq.co.in/dw/image/v2/BKCK_PRD/on/demandware.static/-/Sites-Tanishq-product-catalog/default/dw4c984281/images/hi-res/511719FQOAV00_1.jpg,Tanishq_Jewelry_Dataset_Final/images/uncategorized/511719fqotav002ee000001_1.jpg|Tanishq_Jewelry_Dataset_Final/images/uncategorized/511719fqotav002ee000001_2.jpg|Tanishq_Jewelry_Dataset_Final/images/uncategorized/511719fqotav002ee000001_3.jpg|Tanishq_Jewelry_Dataset_Final/images/uncategorized/511719fqotav002ee000001_4.jpg|Tanishq_Jewelry_Dataset_Final/images/uncategorized/511719fqotav002ee000001_5.jpg,,
T_51d5l2ffnaa00,Signature Knot Gold Ring,tanishq,2.649,22KT,Yellow,Gold,46509.0,none,0.0,,,none,,Women,,https://www.tanishq.co.in/dw/image/v2/BKCK_PRD/on/demandware.static/-/Sites-Tanishq-product-catalog/default/dw77f3fadb/images/hi-res/51D5L2FFNAA00_1.jpg,Tanishq_Jewelry_Dataset_Final/images/uncategorized/51d5l2ffnaa00_1.jpg|Tanishq_Jewelry_Dataset_Final/images/uncategorized/51d5l2ffnaa00_2.jpg|Tanishq_Jewelry_Dataset_Final/images/uncategorized/51d5l2ffnaa00_3.jpg|Tanishq_Jewelry_Dataset_Final/images/uncategorized/51d5l2ffnaa00_4.jpg,,
T_50m5b1fdgam00,Interlace Flow Gold Ring,tanishq,3.5,18KT,Yellow,Gold,50647.0,none,0.0,,,none,,Women,,https://www.tanishq.co.in/dw/image/v2/BKCK_PRD/on/demandware.static/-/Sites-Tanishq-product-catalog/default/dw105f8241/images/hi-res/50M5B1FDGAM00_1.jpg,Tanishq_Jewelry_Dataset_Final/images/uncategorized/50m5b1fdgam00_1.jpg|Tanishq_Jewelry_Dataset_Final/images/uncategorized/50m5b1fdgam00_2.jpg|Tanishq_Jewelry_Dataset_Final/images/uncategorized/50m5b1fdgam00_3.jpg,,
T_51d5c1foeaa00,Fluid Weave Gold Ring,tanishq,1.836,22KT,Yellow,Gold,33025.0,none,0.0,,,none,,Women,,https://www.tanishq.co.in/dw/image/v2/BKCK_PRD/on/demandware.static/-/Sites-Tanishq-product-catalog/default/dw50082b33/images/hi-res/51D5C1FOEAA00_1.jpg,Tanishq_Jewelry_Dataset_Final/images/uncategorized/51d5c1foeaa00_1.jpg|Tanishq_Jewelry_Dataset_Final/images/uncategorized/51d5c1foeaa00_2.jpg|Tanishq_Jewelry_Dataset_Final/images/uncategorized/51d5c1foeaa00_3.jpg|Tanishq_Jewelry_Dataset_Final/images/uncategorized/51d5c1foeaa00_4.jpg,,
T_51d6m1fjmlaa002ja000004,Petal Whisper Gold Ring,tanishq,2.24,22KT,Yellow,Gold,36439.0,none,0.0,,,none,,Women,,https://www.tanishq.co.in/dw/image/v2/BKCK_PRD/on/demandware.static/-/Sites-Tanishq-product-catalog/default/dw78920e9e/images/hi-res/51D6M1FJMAA00_1.jpg,Tanishq_Jewelry_Dataset_Final/images/uncategorized/51d6m1fjmlaa002ja000004_1.jpg|Tanishq_Jewelry_Dataset_Final/images/uncategorized/51d6m1fjmlaa002ja000004_2.jpg|Tanishq_Jewelry_Dataset_Final/images/uncategorized/51d6m1fjmlaa002ja000004_3.jpg|Tanishq_Jewelry_Dataset_Final/images/uncategorized/51d6m1fjmlaa002ja000004_4.jpg,,
T_51m5c1fataa00,Twist Vine Gold Ring,tanishq,3.913,22KT,Yellow,Gold,68702.0,none,0.0,,,none,,Women,,https://www.tanishq.co.in/dw/image/v2/BKCK_PRD/on/demandware.static/-/Sites-Tanishq-product-catalog/default/dwb83a3ceb/images/hi-res/51M5C1FATAA00_1.jpg,Tanishq_Jewelry_Dataset_Final/images/uncategorized/51m5c1fataa00_1.jpg|Tanishq_Jewelry_Dataset_Final/images/uncategorized/51m5c1fataa00_2.jpg|Tanishq_Jewelry_Dataset_Final/images/uncategorized/51m5c1fataa00_3.jpg|Tanishq_Jewelry_Dataset_Final/images/uncategorized/51m5c1fataa00_4.jpg,,
T_51d5l2feraa00,Blossom Frame Gold Ring,tanishq,2.757,22KT,Yellow,Gold,48405.0,none,0.0,,,none,,Women,,https://www.tanishq.co.in/dw/image/v2/BKCK_PRD/on/demandware.static/-/Sites-Tanishq-product-catalog/default/dw5dd75d7f/images/hi-res/51D5L2FERAA00_1.jpg,Tanishq_Jewelry_Dataset_Final/images/uncategorized/51d5l2feraa00_1.jpg|Tanishq_Jewelry_Dataset_Final/images/uncategorized/51d5l2feraa00_2.jpg|Tanishq_Jewelry_Dataset_Final/images/uncategorized/51d5l2feraa00_3.jpg|Tanishq_Jewelry_Dataset_Final/images/uncategorized/51d5l2feraa00_4.jpg,,
T_51d6m1fmnaa00,Swirl Bloom Gold Ring,tanishq,1.773,22KT,Yellow,Gold,28842.0,none,0.0,,,none,,Women,,https://www.tanishq.co.in/dw/image/v2/BKCK_PRD/on/demandware.static/-/Sites-Tanishq-product-catalog/default/dwc9219451/images/hi-res/51D6M1FMNAA00_1.jpg,Tanishq_Jewelry_Dataset_Final/images/uncategorized/51d6m1fmnaa00_1.jpg|Tanishq_Jewelry_Dataset_Final/images/uncategorized/51d6m1fmnaa00_2.jpg|Tanishq_Jewelry_Dataset_Final/images/uncategorized/51d6m1fmnaa00_3.jpg,,
T_51d5c1foaaa00,Lattice Flow Gold Ring,tanishq,1.922,22KT,Yellow,Gold,34571.0,none,0.0,,,none,,Women,,https://www.tanishq.co.in/dw/image/v2/BKCK_PRD/on/demandware.static/-/Sites-Tanishq-product-catalog/default/dw21104c1d/images/hi-res/51D5C1FOAAA00_1.jpg,Tanishq_Jewelry_Dataset_Final/images/uncategorized/51d5c1foaaa00_1.jpg|Tanishq_Jewelry_Dataset_Final/images/uncategorized/51d5c1foaaa00_2.jpg|Tanishq_Jewelry_Dataset_Final/images/uncategorized/51d5c1foaaa00_3.jpg|Tanishq_Jewelry_Dataset_Final/images/uncategorized/51d5c1foaaa00_4.jpg,,
T_51d5l2fetlaa002ba000001,Layered Curve Gold Ring,tanishq,2.796,22KT,Yellow,Gold,49090.0,none,0.0,,,none,,Women,,https://www.tanishq.co.in/dw/image/v2/BKCK_PRD/on/demandware.static/-/Sites-Tanishq-product-catalog/default/dwb1c3d6aa/images/hi-res/51D5L2FETAA00_1.jpg,Tanishq_Jewelry_Dataset_Final/images/uncategorized/51d5l2fetlaa002ba000001_1.jpg|Tanishq_Jewelry_Dataset_Final/images/uncategorized/51d5l2fetlaa002ba000001_2.jpg|Tanishq_Jewelry_Dataset_Final/images/uncategorized/51d5l2fetlaa002ba000001_3.jpg|Tanishq_Jewelry_Dataset_Final/images/uncategorized/51d5l2fetlaa002ba000001_4.jpg,,
T_50d5ffdaaaba322bx000024,Pink Paradise Diamond Drop Earrings,tanishq,3.404,18KT,Rose,Gold,116214.0,none,0.26,,,none,,Women,,https://www.tanishq.co.in/dw/image/v2/BKCK_PRD/on/demandware.static/-/Sites-Tanishq-product-catalog/default/dwa5fdd6f7/images/hi-res/50D5FFDAAABA32_1.jpg,Tanishq_Jewelry_Dataset_Final/images/uncategorized/50d5ffdaaaba322bx000024_1.jpg|Tanishq_Jewelry_Dataset_Final/images/uncategorized/50d5ffdaaaba322bx000024_2.jpg|Tanishq_Jewelry_Dataset_Final/images/uncategorized/50d5ffdaaaba322bx000024_3.jpg|Tanishq_Jewelry_Dataset_Final/images/uncategorized/50d5ffdaaaba322bx000024_4.jpg|Tanishq_Jewelry_Dataset_Final/images/uncategorized/50d5ffdaaaba322bx000024_5.jpg,,
T_50d5h3hqeafa02,Vine Curve Diamond Hoop Earrings,tanishq,1.552,18KT,Yellow+White,Gold,27009.0,diamond,0.049,,,Round,,Women,,https://www.tanishq.co.in/dw/image/v2/BKCK_PRD/on/demandware.static/-/Sites-Tanishq-product-catalog/default/dw9977782f/images/hi-res/50D5H3HQEAFA02_1.jpg,Tanishq_Jewelry_Dataset_Final/images/uncategorized/50d5h3hqeafa02_1.jpg|Tanishq_Jewelry_Dataset_Final/images/uncategorized/50d5h3hqeafa02_2.jpg|Tanishq_Jewelry_Dataset_Final/images/uncategorized/50d5h3hqeafa02_3.jpg,,
T_51f5jypcpaaa002ee000005,Sacred Swing Gold Pendant,tanishq,3.467,22KT,Yellow,Gold,61119.0,none,0.0,,,none,,Women,,https://www.tanishq.co.in/on/demandware.static/-/Sites-Tanishq-product-catalog/default/dw7086810f/images/hi-res/51F5JYPCPAAA00_1.jpg,Tanishq_Jewelry_Dataset_Final/images/uncategorized/51f5jypcpaaa002ee000005_1.jpg|Tanishq_Jewelry_Dataset_Final/images/uncategorized/51f5jypcpaaa002ee000005_2.jpg,,
T_51d5c1dirabacz2ea000001,Spiral Frame Gold Drop Earrings,tanishq,3.7,22KT,Yellow,Gold,65873.0,none,0.0,,,none,,Women,,https://www.tanishq.co.in/dw/image/v2/BKCK_PRD/on/demandware.static/-/Sites-Tanishq-product-catalog/default/dwad039ffd/images/hi-res/51D5C1DIRABACZ_1.jpg,Tanishq_Jewelry_Dataset_Final/images/uncategorized/51d5c1dirabacz2ea000001_1.jpg|Tanishq_Jewelry_Dataset_Final/images/uncategorized/51d5c1dirabacz2ea000001_2.jpg,,
T_51d4mpdcxada00,Rhombus Flair Gold Drop Earrings,tanishq,3.78,22KT,Yellow,Gold,67585.0,none,0.0,,,none,,Women,,https://www.tanishq.co.in/on/demandware.static/-/Sites-Tanishq-product-catalog/default/dwd1dd0886/images/hi-res/51D4MPDCXADA00_1.jpg,Tanishq_Jewelry_Dataset_Final/images/uncategorized/51d4mpdcxada00_1.jpg|Tanishq_Jewelry_Dataset_Final/images/uncategorized/51d4mpdcxada00_2.jpg,,
T_50d5l1pssaaa022ba000001,Fluid Triangle Diamond Pendant,tanishq,1.325,18KT,Yellow,Gold,25300.0,diamond,0.035,,,Round,,Women,,https://www.tanishq.co.in/on/demandware.static/-/Sites-Tanishq-product-catalog/default/dw97a70673/images/hi-res/50D5L1PSSAAA02_1.jpg,Tanishq_Jewelry_Dataset_Final/images/uncategorized/50d5l1pssaaa022ba000001_1.jpg|Tanishq_Jewelry_Dataset_Final/images/uncategorized/50d5l1pssaaa022ba000001_2.jpg,,
T_51d6ptpcnaaa00,Blooming Grace Gold Pendant,tanishq,1.821,22KT,Yellow,Gold,32755.0,none,0.0,,,none,,Women,,https://www.tanishq.co.in/on/demandware.static/-/Sites-Tanishq-product-catalog/default/dwe6a9f4a5/images/hi-res/51D6PTPCNAAA00_1.jpg,Tanishq_Jewelry_Dataset_Final/images/uncategorized/51d6ptpcnaaa00_1.jpg|Tanishq_Jewelry_Dataset_Final/images/uncategorized/51d6ptpcnaaa00_2.jpg,,
T_51d5b1dobaba00,Crescent Floral Gold Drop Earrings,tanishq,6.63,22KT,Yellow,Gold,116405.0,none,0.0,,,none,,Women,,https://www.tanishq.co.in/on/demandware.static/-/Sites-Tanishq-product-catalog/default/dw5e022a58/images/hi-res/51D5B1DOBABA00_1.jpg,Tanishq_Jewelry_Dataset_Final/images/uncategorized/51d5b1dobaba00_1.jpg|Tanishq_Jewelry_Dataset_Final/images/uncategorized/51d5b1dobaba00_2.jpg,,
T_50d5jsdekaga29,Bloom Trail Diamond Drop Earrings,tanishq,3.629,18KT,Yellow,Gold,75121.0,diamond,0.185,,,Round,,Women,,https://www.tanishq.co.in/on/demandware.static/-/Sites-Tanishq-product-catalog/default/dwb9e12ea9/images/hi-res/50D5JSDEKAGA29_1.jpg,Tanishq_Jewelry_Dataset_Final/images/uncategorized/50d5jsdekaga29_1.jpg|Tanishq_Jewelry_Dataset_Final/images/uncategorized/50d5jsdekaga29_2.jpg,,
T_50d5pihfoaaa00,Stellar Embrace Gold Hoop Earrings,tanishq,4.222,18KT,Yellow,Gold,61392.0,none,0.0,,,none,,Women,,https://www.tanishq.co.in/on/demandware.static/-/Sites-Tanishq-product-catalog/default/dwf2e484d4/images/hi-res/50D5PIHFOAAA00_1.jpg,Tanishq_Jewelry_Dataset_Final/images/uncategorized/50d5pihfoaaa00_1.jpg|Tanishq_Jewelry_Dataset_Final/images/uncategorized/50d5pihfoaaa00_2.jpg|Tanishq_Jewelry_Dataset_Final/images/uncategorized/50d5pihfoaaa00_3.jpg,,
T_51d4mpsfwada00,Swirl Knot Gold Stud Earrings,tanishq,5.572,22KT,Yellow,Gold,99826.0,none,0.0,,,none,,Women,,https://www.tanishq.co.in/dw/image/v2/BKCK_PRD/on/demandware.static/-/Sites-Tanishq-product-catalog/default/dwd7168de3/images/hi-res/51D4MPSFWADA00_1.jpg,Tanishq_Jewelry_Dataset_Final/images/uncategorized/51d4mpsfwada00_1.jpg|Tanishq_Jewelry_Dataset_Final/images/uncategorized/51d4mpsfwada00_2.jpg,,
T_51m4d11flaga002bd000014,Geometric Chevron Gold Pendant and Earrings Set,tanishq,5.07,22KT,Yellow,Gold,89015.0,none,0.0,,,none,,Women,,https://www.tanishq.co.in/on/demandware.static/-/Sites-Tanishq-product-catalog/default/dwd0ecefc8/images/hi-res/51M4D11FLAGA00_1.jpg,Tanishq_Jewelry_Dataset_Final/images/uncategorized/51m4d11flaga002bd000014_1.jpg|Tanishq_Jewelry_Dataset_Final/images/uncategorized/51m4d11flaga002bd000014_2.jpg|Tanishq_Jewelry_Dataset_Final/images/uncategorized/51m4d11flaga002bd000014_3.jpg|Tanishq_Jewelry_Dataset_Final/images/uncategorized/51m4d11flaga002bd000014_4.jpg|Tanishq_Jewelry_Dataset_Final/images/uncategorized/51m4d11flaga002bd000014_5.jpg,,
T_50d5vdsaaaga09,Infinity Heartbeat Diamond Stud Earrings,tanishq,1.717,18KT,Yellow,Gold,46574.0,diamond,0.15,,,Round,,Women,,https://www.tanishq.co.in/dw/image/v2/BKCK_PRD/on/demandware.static/-/Sites-Tanishq-product-catalog/default/dw861776d8/images/hi-res/50D5VDSAAAGA09_1.jpg,Tanishq_Jewelry_Dataset_Final/images/uncategorized/50d5vdsaaaga09_1.jpg|Tanishq_Jewelry_Dataset_Final/images/uncategorized/50d5vdsaaaga09_2.jpg|Tanishq_Jewelry_Dataset_Final/images/uncategorized/50d5vdsaaaga09_3.jpg,,
T_50d5flpagaaa02,Versatile Muse Diamond Pendant,tanishq,3.935,18KT,Yellow,Gold,89811.0,diamond,0.175,,,Round,,Women,,https://www.tanishq.co.in/dw/image/v2/BKCK_PRD/on/demandware.static/-/Sites-Tanishq-product-catalog/default/dw9d372131/images/hi-res/50D5FLPAGAAA02_1.jpg?sw=640&sh=640,Tanishq_Jewelry_Dataset_Final/images/uncategorized/50d5flpagaaa02_1.jpg|Tanishq_Jewelry_Dataset_Final/images/uncategorized/50d5flpagaaa02_2.jpg|Tanishq_Jewelry_Dataset_Final/images/uncategorized/50d5flpagaaa02_3.jpg|Tanishq_Jewelry_Dataset_Final/images/uncategorized/50d5flpagaaa02_4.jpg,,
T_51d2d1dcxaba002ea002043,Modern Chic Drop Earrings,tanishq,5.298,22KT,Yellow,Gold,94917.0,none,0.0,,,none,,Women,,https://www.tanishq.co.in/on/demandware.static/-/Sites-Tanishq-product-catalog/default/dw6bc57398/images/hi-res/51D2D1DCXABA00_1.jpg,Tanishq_Jewelry_Dataset_Final/images/uncategorized/51d2d1dcxaba002ea002043_1.jpg|Tanishq_Jewelry_Dataset_Final/images/uncategorized/51d2d1dcxaba002ea002043_2.jpg,,
T_50f5c1pboaaa022jd000077,Auspicious Ganesha Diamond Pendant,tanishq,2.203,18KT,Yellow,Gold,45479.0,diamond,0.078,,,Round,,Women,,https://www.tanishq.co.in/on/demandware.static/-/Sites-Tanishq-product-catalog/default/dwddede9f8/images/hi-res/50F5C1PBOAAA02_1.jpg,Tanishq_Jewelry_Dataset_Final/images/uncategorized/50f5c1pboaaa022jd000077_1.jpg|Tanishq_Jewelry_Dataset_Final/images/uncategorized/50f5c1pboaaa022jd000077_2.jpg,,
T_51f5b1pbhaaa00,Serpent Ganesha Gold Pendant,tanishq,4.54,22KT,Yellow,Gold,80035.0,none,0.0,,,none,,Women,,https://www.tanishq.co.in/on/demandware.static/-/Sites-Tanishq-product-catalog/default/dw5e962858/images/hi-res/51F5B1PBHAAA00_1.jpg,Tanishq_Jewelry_Dataset_Final/images/uncategorized/51f5b1pbhaaa00_1.jpg|Tanishq_Jewelry_Dataset_Final/images/uncategorized/51f5b1pbhaaa00_2.jpg,,
T_50d5s2fjonaa093ia000001,Whispering Leaf Diamond Ring,tanishq,1.571,18KT,Yellow,Gold,31821.0,diamond,0.064,,,Round,,Women,,https://www.tanishq.co.in/dw/image/v2/BKCK_PRD/on/demandware.static/-/Sites-Tanishq-product-catalog/default/dw5c396420/images/hi-res/50D5S2FJOAA09_1.jpg,Tanishq_Jewelry_Dataset_Final/images/uncategorized/50d5s2fjonaa093ia000001_1.jpg|Tanishq_Jewelry_Dataset_Final/images/uncategorized/50d5s2fjonaa093ia000001_2.jpg|Tanishq_Jewelry_Dataset_Final/images/uncategorized/50d5s2fjonaa093ia000001_3.jpg,,
T_51d5mghbmada00,Lattice Curve Gold Hoop Earrings,tanishq,2.662,22KT,Yellow,Gold,47691.0,none,0.0,,,none,,Women,,https://www.tanishq.co.in/dw/image/v2/BKCK_PRD/on/demandware.static/-/Sites-Tanishq-product-catalog/default/dw2a3f84e2/images/hi-res/51D5MGHBMADA00_1.jpg,Tanishq_Jewelry_Dataset_Final/images/uncategorized/51d5mghbmada00_1.jpg|Tanishq_Jewelry_Dataset_Final/images/uncategorized/51d5mghbmada00_2.jpg|Tanishq_Jewelry_Dataset_Final/images/uncategorized/51d5mghbmada00_3.jpg,,
T_513218dbaaba002ea000859,Glamorous Gold Drop Earrings,tanishq,3.886,22KT,Yellow,Gold,29064.0,none,0.0,,,none,,Women,,https://www.tanishq.co.in/on/demandware.static/-/Sites-Tanishq-product-catalog/default/dw839c250b/images/hi-res/513218DBAABA00_1.jpg,Tanishq_Jewelry_Dataset_Final/images/uncategorized/513218dbaaba002ea000859_1.jpg|Tanishq_Jewelry_Dataset_Final/images/uncategorized/513218dbaaba002ea000859_2.jpg,,
T_515090jdnaga00,Enthralling Gold Jhumka Earrings,tanishq,3.455,22KT,Yellow,Gold,62146.0,none,0.0,,,none,,Women,,https://www.tanishq.co.in/dw/image/v2/BKCK_PRD/on/demandware.static/-/Sites-Tanishq-product-catalog/default/dw153f0c5e/images/hi-res/515090JDNAGA00_1.jpg,Tanishq_Jewelry_Dataset_Final/images/uncategorized/515090jdnaga00_1.jpg|Tanishq_Jewelry_Dataset_Final/images/uncategorized/515090jdnaga00_2.jpg,,
T_50e5c1fbiaa02,Twisted Elegance Diamond Ring,tanishq,2.714,18KT,Rose,Gold,98151.0,diamond,0.329,,,Round,,Women,,https://www.tanishq.co.in/on/demandware.static/-/Sites-Tanishq-product-catalog/default/dw10b84975/images/hi-res/50E5C1FBIAA02_1.jpg,Tanishq_Jewelry_Dataset_Final/images/uncategorized/50e5c1fbiaa02_1.jpg|Tanishq_Jewelry_Dataset_Final/images/uncategorized/50e5c1fbiaa02_2.jpg|Tanishq_Jewelry_Dataset_Final/images/uncategorized/50e5c1fbiaa02_3.jpg,,
T_511069polaaa00,Delicate Floral Gold Pendant,tanishq,0.735,22KT,Yellow,Gold,12589.0,none,0.0,,,none,,Women,,https://www.tanishq.co.in/on/demandware.static/-/Sites-Tanishq-product-catalog/default/dw55fc08fa/images/hi-res/511069POLAAA00_1.jpg,Tanishq_Jewelry_Dataset_Final/images/uncategorized/511069polaaa00_1.jpg|Tanishq_Jewelry_Dataset_Final/images/uncategorized/511069polaaa00_2.jpg,,
T_50d5jsgemaa29,Petal Twist Diamond Pendant with Chain,tanishq,5.515,18KT,Yellow,Gold,98422.0,diamond,0.14,,,Round,,Women,,https://www.tanishq.co.in/dw/image/v2/BKCK_PRD/on/demandware.static/-/Sites-Tanishq-product-catalog/default/dw21101d5b/images/hi-res/50D5JSGEMAA29_1.jpg,Tanishq_Jewelry_Dataset_Final/images/uncategorized/50d5jsgemaa29_1.jpg|Tanishq_Jewelry_Dataset_Final/images/uncategorized/50d5jsgemaa29_2.jpg|Tanishq_Jewelry_Dataset_Final/images/uncategorized/50d5jsgemaa29_3.jpg,,
T_50d5l1fexaa29,Whisper Bloom Diamond Ring,tanishq,5.503,18KT,Rose,Gold,94160.0,diamond,0.105,,,Round,,Women,,https://www.tanishq.co.in/dw/image/v2/BKCK_PRD/on/demandware.static/-/Sites-Tanishq-product-catalog/default/dw04f7592c/images/hi-res/50D5L1FEXAA29_1.jpg,Tanishq_Jewelry_Dataset_Final/images/uncategorized/50d5l1fexaa29_1.jpg|Tanishq_Jewelry_Dataset_Final/images/uncategorized/50d5l1fexaa29_2.jpg|Tanishq_Jewelry_Dataset_Final/images/uncategorized/50d5l1fexaa29_3.jpg,,
T_511240pawaaa00,Serene Love Pendant,tanishq,0.828,22KT,Yellow,Gold,14181.0,none,0.0,,,none,,Women,,https://www.tanishq.co.in/on/demandware.static/-/Sites-Tanishq-product-catalog/default/dwda969d1e/images/hi-res/511240PAWAAA00_1.jpg,Tanishq_Jewelry_Dataset_Final/images/uncategorized/511240pawaaa00_1.jpg|Tanishq_Jewelry_Dataset_Final/images/uncategorized/511240pawaaa00_2.jpg,,
T_50m5v2fadlaa002bd000018,Sculpted Square Gold Ring,tanishq,2.578,18KT,Rose,Gold,37789.0,none,0.0,,,none,,Women,,https://www.tanishq.co.in/on/demandware.static/-/Sites-Tanishq-product-catalog/default/dw18c60a61/images/hi-res/50M5V2FADAA00_1.jpg,Tanishq_Jewelry_Dataset_Final/images/uncategorized/50m5v2fadlaa002bd000018_1.jpg|Tanishq_Jewelry_Dataset_Final/images/uncategorized/50m5v2fadlaa002bd000018_2.jpg|Tanishq_Jewelry_Dataset_Final/images/uncategorized/50m5v2fadlaa002bd000018_3.jpg,,
T_51e5c1fdsaa00,Knotted Heart Gold Ring,tanishq,2.764,22KT,Yellow,Gold,48726.0,none,0.0,,,none,,Women,,https://www.tanishq.co.in/on/demandware.static/-/Sites-Tanishq-product-catalog/default/dw9f1ef0fd/images/hi-res/51E5C1FDSAA00_1.jpg,Tanishq_Jewelry_Dataset_Final/images/uncategorized/51e5c1fdsaa00_1.jpg|Tanishq_Jewelry_Dataset_Final/images/uncategorized/51e5c1fdsaa00_2.jpg|Tanishq_Jewelry_Dataset_Final/images/uncategorized/51e5c1fdsaa00_3.jpg,,
T_50g5b1fcrraa02,Regal Crest Diamond Finger Ring for Men,tanishq,4.348,18KT,Yellow,Gold,120080.0,diamond,0.29,,,Round,,Men,,https://www.tanishq.co.in/dw/image/v2/BKCK_PRD/on/demandware.static/-/Sites-Tanishq-product-catalog/default/dw0001e1e8/images/hi-res/50G5B1FCRAA02_1.jpg,Tanishq_Jewelry_Dataset_Final/images/uncategorized/50g5b1fcrraa02_1.jpg|Tanishq_Jewelry_Dataset_Final/images/uncategorized/50g5b1fcrraa02_2.jpg|Tanishq_Jewelry_Dataset_Final/images/uncategorized/50g5b1fcrraa02_3.jpg,,
T_510433shaaga00,Chic Rhombic Gold Stud Earrings for Kids,tanishq,1.132,22KT,Yellow,Gold,19794.0,none,0.0,,,none,,Women,,https://www.tanishq.co.in/on/demandware.static/-/Sites-Tanishq-product-catalog/default/dwadfcfd81/images/hi-res/510433SHAAGA00_1.jpg,Tanishq_Jewelry_Dataset_Final/images/uncategorized/510433shaaga00_1.jpg|Tanishq_Jewelry_Dataset_Final/images/uncategorized/510433shaaga00_2.jpg|Tanishq_Jewelry_Dataset_Final/images/uncategorized/510433shaaga00_3.jpg,,
T_51e5c1fcjlaa002jd000045,Flowing Leaves Gold Ring,tanishq,3.053,22KT,Yellow,Gold,53357.0,none,0.0,,,none,,Women,,https://www.tanishq.co.in/on/demandware.static/-/Sites-Tanishq-product-catalog/default/dw99d6cab4/images/hi-res/51E5C1FCJAA00_1.jpg,Tanishq_Jewelry_Dataset_Final/images/uncategorized/51e5c1fcjlaa002jd000045_1.jpg|Tanishq_Jewelry_Dataset_Final/images/uncategorized/51e5c1fcjlaa002jd000045_2.jpg|Tanishq_Jewelry_Dataset_Final/images/uncategorized/51e5c1fcjlaa002jd000045_3.jpg,,
T_50e5b1feqlaa022jd000031,Sleek Whisper Diamond Finger Ring,tanishq,1.579,18KT,Yellow,Gold,48351.0,diamond,0.144,,,Round,,Women,,https://www.tanishq.co.in/on/demandware.static/-/Sites-Tanishq-product-catalog/default/dwec88f61e/images/hi-res/50E5B1FEQAA02_1.jpg,Tanishq_Jewelry_Dataset_Final/images/uncategorized/50e5b1feqlaa022jd000031_1.jpg|Tanishq_Jewelry_Dataset_Final/images/uncategorized/50e5b1feqlaa022jd000031_2.jpg|Tanishq_Jewelry_Dataset_Final/images/uncategorized/50e5b1feqlaa022jd000031_3.jpg,,
T_511099fimnaap12ea009706,Classy 22 Karat Yellow Gold Spiral Ring,tanishq,5.683,22KT,Yellow,Gold,103848.0,none,0.0,,,none,,Women,,https://www.tanishq.co.in/dw/image/v2/BKCK_PRD/on/demandware.static/-/Sites-Tanishq-product-catalog/default/dw95c983f4/images/hi-res/511099FIMAAP1_1.jpg,Tanishq_Jewelry_Dataset_Final/images/uncategorized/511099fimnaap12ea009706_1.jpg|Tanishq_Jewelry_Dataset_Final/images/uncategorized/511099fimnaap12ea009706_2.jpg|Tanishq_Jewelry_Dataset_Final/images/uncategorized/511099fimnaap12ea009706_3.jpg,,
T_51d5l2ffjlaa002ba000001,Geometric Edge Gold Ring,tanishq,2.217,22KT,Yellow,Gold,38589.0,none,0.0,,,none,,Women,,https://www.tanishq.co.in/dw/image/v2/BKCK_PRD/on/demandware.static/-/Sites-Tanishq-product-catalog/default/dwd9a41faf/images/hi-res/51D5L2FFJAA00_1.jpg,Tanishq_Jewelry_Dataset_Final/images/uncategorized/51d5l2ffjlaa002ba000001_1.jpg|Tanishq_Jewelry_Dataset_Final/images/uncategorized/51d5l2ffjlaa002ba000001_2.jpg|Tanishq_Jewelry_Dataset_Final/images/uncategorized/51d5l2ffjlaa002ba000001_3.jpg|Tanishq_Jewelry_Dataset_Final/images/uncategorized/51d5l2ffjlaa002ba000001_4.jpg,,
T_50d5l1ffelaa092bx000016,Luminous Drift Diamond Ring,tanishq,2.454,18KT,Yellow,Gold,44754.0,diamond,0.065,,,Round,,Women,,https://www.tanishq.co.in/dw/image/v2/BKCK_PRD/on/demandware.static/-/Sites-Tanishq-product-catalog/default/dw8c0ec9e6/images/hi-res/50D5L1FFEAA09_1.jpg,Tanishq_Jewelry_Dataset_Final/images/uncategorized/50d5l1ffelaa092bx000016_1.jpg|Tanishq_Jewelry_Dataset_Final/images/uncategorized/50d5l1ffelaa092bx000016_2.jpg|Tanishq_Jewelry_Dataset_Final/images/uncategorized/50d5l1ffelaa092bx000016_3.jpg,,
T_505923fmiaa09,Stellar Link 18KT Gold & Diamond Ring,tanishq,1.411,18KT,Yellow,Gold,33793.0,diamond,0.075,,,Round,,Women,,https://www.tanishq.co.in/on/demandware.static/-/Sites-Tanishq-product-catalog/default/dw647f5a38/images/hi-res/5923FMI.jpg,Tanishq_Jewelry_Dataset_Final/images/uncategorized/505923fmiaa09_1.jpg|Tanishq_Jewelry_Dataset_Final/images/uncategorized/505923fmiaa09_2.jpg|Tanishq_Jewelry_Dataset_Final/images/uncategorized/505923fmiaa09_3.jpg|Tanishq_Jewelry_Dataset_Final/images/uncategorized/505923fmiaa09_4.jpg,,
T_50d5s2fjgaa09,Bloom Crest Diamond Ring,tanishq,2.031,18KT,Yellow,Gold,33667.0,diamond,0.033,,,Round,,Women,,https://www.tanishq.co.in/dw/image/v2/BKCK_PRD/on/demandware.static/-/Sites-Tanishq-product-catalog/default/dwb3237e42/images/hi-res/50D5S2FJGAA09_1.jpg,Tanishq_Jewelry_Dataset_Final/images/uncategorized/50d5s2fjgaa09_1.jpg|Tanishq_Jewelry_Dataset_Final/images/uncategorized/50d5s2fjgaa09_2.jpg|Tanishq_Jewelry_Dataset_Final/images/uncategorized/50d5s2fjgaa09_3.jpg,,
T_51m4c1fhil6acz2ea000081,Modern Muse Gold Ring,tanishq,4.5,22KT,Yellow,Gold,80140.0,none,0.0,,,none,,Women,,https://www.tanishq.co.in/dw/image/v2/BKCK_PRD/on/demandware.static/-/Sites-Tanishq-product-catalog/default/dw0ea4aab5/images/hi-res/51M4C1FHI6ACZ_1.jpg,Tanishq_Jewelry_Dataset_Final/images/uncategorized/51m4c1fhil6acz2ea000081_1.jpg|Tanishq_Jewelry_Dataset_Final/images/uncategorized/51m4c1fhil6acz2ea000081_2.jpg|Tanishq_Jewelry_Dataset_Final/images/uncategorized/51m4c1fhil6acz2ea000081_3.jpg|Tanishq_Jewelry_Dataset_Final/images/uncategorized/51m4c1fhil6acz2ea000081_4.jpg|Tanishq_Jewelry_Dataset_Final/images/uncategorized/51m4c1fhil6acz2ea000081_5.jpg|Tanishq_Jewelry_Dataset_Final/images/uncategorized/51m4c1fhil6acz2ea000081_6.jpg,,
T_50e4plfbgaa02,Overlapping Vanki Diamond Ring,tanishq,2.333,18KT,Yellow,Gold,51774.0,diamond,0.102,,,Round,,Women,,https://www.tanishq.co.in/dw/image/v2/BKCK_PRD/on/demandware.static/-/Sites-Tanishq-product-catalog/default/dwcd0fb6d5/images/hi-res/50E4PLFBGAA02_1.jpg,Tanishq_Jewelry_Dataset_Final/images/uncategorized/50e4plfbgaa02_1.jpg|Tanishq_Jewelry_Dataset_Final/images/uncategorized/50e4plfbgaa02_2.jpg|Tanishq_Jewelry_Dataset_Final/images/uncategorized/50e4plfbgaa02_3.jpg,,
T_50e5c1favaa02,Interwoven Vows Diamond Ring,tanishq,2.981,18KT,Yellow,Gold,99008.0,diamond,0.311,,,Round,,Women,,https://www.tanishq.co.in/on/demandware.static/-/Sites-Tanishq-product-catalog/default/dw9e1ba9bd/images/hi-res/50E5C1FAVAA02_1.jpg,Tanishq_Jewelry_Dataset_Final/images/uncategorized/50e5c1favaa02_1.jpg|Tanishq_Jewelry_Dataset_Final/images/uncategorized/50e5c1favaa02_2.jpg|Tanishq_Jewelry_Dataset_Final/images/uncategorized/50e5c1favaa02_3.jpg,,
T_50d5b2fgvlaa022bd000137,Wave Whisper Diamond Ring,tanishq,2.063,18KT,Rose,Gold,65905.0,diamond,0.19,,,Round,,Women,,https://www.tanishq.co.in/on/demandware.static/-/Sites-Tanishq-product-catalog/default/dw3b9aed49/images/hi-res/50D5B2FGVAA02_1.jpg,Tanishq_Jewelry_Dataset_Final/images/uncategorized/50d5b2fgvlaa022bd000137_1.jpg|Tanishq_Jewelry_Dataset_Final/images/uncategorized/50d5b2fgvlaa022bd000137_2.jpg|Tanishq_Jewelry_Dataset_Final/images/uncategorized/50d5b2fgvlaa022bd000137_3.jpg,,
T_51d3c3fihaa00,Visual Symphony Ring,tanishq,4.068,22KT,Yellow,Gold,69651.0,none,0.0,,,none,,Women,,https://www.tanishq.co.in/on/demandware.static/-/Sites-Tanishq-product-catalog/default/dwdda37437/images/hi-res/51D3C3FIHAA00_1.jpg,Tanishq_Jewelry_Dataset_Final/images/uncategorized/51d3c3fihaa00_1.jpg|Tanishq_Jewelry_Dataset_Final/images/uncategorized/51d3c3fihaa00_2.jpg|Tanishq_Jewelry_Dataset_Final/images/uncategorized/51d3c3fihaa00_3.jpg|Tanishq_Jewelry_Dataset_Final/images/uncategorized/51d3c3fihaa00_4.jpg,,
T_50e5c1facaa02,Woven Dreams Diamond Ring,tanishq,2.9,18KT,Yellow,Gold,90900.0,diamond,0.277,,,Round,,Women,,https://www.tanishq.co.in/on/demandware.static/-/Sites-Tanishq-product-catalog/default/dw001aeec5/images/hi-res/50E5C1FACAA02_1.jpg,Tanishq_Jewelry_Dataset_Final/images/uncategorized/50e5c1facaa02_1.jpg|Tanishq_Jewelry_Dataset_Final/images/uncategorized/50e5c1facaa02_2.jpg|Tanishq_Jewelry_Dataset_Final/images/uncategorized/50e5c1facaa02_3.jpg,,
T_501518fciaa00,Sublime Yellow Gold Conch Finger Ring,tanishq,2.872,18KT,Yellow,Gold,40901.0,none,0.0,,,none,,Women,,https://www.tanishq.co.in/on/demandware.static/-/Sites-Tanishq-product-catalog/default/dw384d7457/images/hi-res/501518FCIAA00_1.jpg,Tanishq_Jewelry_Dataset_Final/images/uncategorized/501518fciaa00_1.jpg|Tanishq_Jewelry_Dataset_Final/images/uncategorized/501518fciaa00_2.jpg|Tanishq_Jewelry_Dataset_Final/images/uncategorized/501518fciaa00_3.jpg|Tanishq_Jewelry_Dataset_Final/images/uncategorized/501518fciaa00_4.jpg,,
T_50m4i1fhdnaa002ja000017,Linear Luxe Gold Finger Ring,tanishq,2.599,18KT,Yellow,Gold,37519.0,none,0.0,,,none,,Women,,https://www.tanishq.co.in/on/demandware.static/-/Sites-Tanishq-product-catalog/default/dw5855a669/images/hi-res/50M4I1FHDAA00_1.jpg,Tanishq_Jewelry_Dataset_Final/images/uncategorized/50m4i1fhdnaa002ja000017_1.jpg|Tanishq_Jewelry_Dataset_Final/images/uncategorized/50m4i1fhdnaa002ja000017_2.jpg|Tanishq_Jewelry_Dataset_Final/images/uncategorized/50m4i1fhdnaa002ja000017_3.jpg,,
T_50d5b2fflaa02,Dreamy Halo Diamond Finger Ring,tanishq,2.606,18KT,Rose,Gold,105341.0,diamond,0.335,,,Round,,Women,,https://www.tanishq.co.in/dw/image/v2/BKCK_PRD/on/demandware.static/-/Sites-Tanishq-product-catalog/default/dw5ba8282d/images/hi-res/50D5B2FFLAA02_1.jpg?sw=640&sh=640,Tanishq_Jewelry_Dataset_Final/images/uncategorized/50d5b2fflaa02_1.jpg|Tanishq_Jewelry_Dataset_Final/images/uncategorized/50d5b2fflaa02_2.jpg|Tanishq_Jewelry_Dataset_Final/images/uncategorized/50d5b2fflaa02_3.jpg,,
T_50d4arfbfaa02,Mandala Petal Diamond Ring,tanishq,2.94,18KT,Rose,Gold,107297.0,diamond,0.36,,,Round,,Women,,https://www.tanishq.co.in/on/demandware.static/-/Sites-Tanishq-product-catalog/default/dw8ae833a0/images/hi-res/50D4ARFBFAA02_1.jpg,Tanishq_Jewelry_Dataset_Final/images/uncategorized/50d4arfbfaa02_1.jpg|Tanishq_Jewelry_Dataset_Final/images/uncategorized/50d4arfbfaa02_2.jpg|Tanishq_Jewelry_Dataset_Final/images/uncategorized/50d4arfbfaa02_3.jpg,,
T_50d5b1fbbaa02,Cheeky Radiance Diamond Finger Ring,tanishq,2.44,18KT,Rose,Gold,100749.0,diamond,0.36,,,Round,,Women,,https://www.tanishq.co.in/on/demandware.static/-/Sites-Tanishq-product-catalog/default/dw9c49f134/images/hi-res/50D5B1FBBAA02_1.jpg,Tanishq_Jewelry_Dataset_Final/images/uncategorized/50d5b1fbbaa02_1.jpg|Tanishq_Jewelry_Dataset_Final/images/uncategorized/50d5b1fbbaa02_2.jpg|Tanishq_Jewelry_Dataset_Final/images/uncategorized/50d5b1fbbaa02_3.jpg,,
T_51d5mgfaemaa002ja000004,Sculpt Twist Gold Ring,tanishq,2.399,22KT,Yellow,Gold,42609.0,none,0.0,,,none,,Women,,https://www.tanishq.co.in/dw/image/v2/BKCK_PRD/on/demandware.static/-/Sites-Tanishq-product-catalog/default/dw25799112/images/hi-res/51D5MGFAEAA00_1.jpg?sw=640&sh=640,Tanishq_Jewelry_Dataset_Final/images/uncategorized/51d5mgfaemaa002ja000004_1.jpg|Tanishq_Jewelry_Dataset_Final/images/uncategorized/51d5mgfaemaa002ja000004_2.jpg|Tanishq_Jewelry_Dataset_Final/images/uncategorized/51d5mgfaemaa002ja000004_3.jpg,,
T_51d2i1femaa00,Heart And Triangle Gold Finger Ring,tanishq,1.865,22KT,Yellow,Gold,33124.0,none,0.0,,,none,,Women,,https://www.tanishq.co.in/dw/image/v2/BKCK_PRD/on/demandware.static/-/Sites-Tanishq-product-catalog/default/dw9a11fde7/images/hi-res/51D2I1FEMAA00_1.jpg,Tanishq_Jewelry_Dataset_Final/images/uncategorized/51d2i1femaa00_1.jpg|Tanishq_Jewelry_Dataset_Final/images/uncategorized/51d2i1femaa00_2.jpg|Tanishq_Jewelry_Dataset_Final/images/uncategorized/51d2i1femaa00_3.jpg,,
T_51t815fcxaa00,Lustrous Minimalistic Gold Ring for Men,tanishq,4.435,22KT,Yellow,Gold,77195.0,none,0.0,,,none,,Men,,https://www.tanishq.co.in/dw/image/v2/BKCK_PRD/on/demandware.static/-/Sites-Tanishq-product-catalog/default/dw693768ed/images/hi-res/51T815FCXAA00.jpg?sw=640&sh=640,Tanishq_Jewelry_Dataset_Final/images/uncategorized/51t815fcxaa00_1.jpg|Tanishq_Jewelry_Dataset_Final/images/uncategorized/51t815fcxaa00_2.jpg|Tanishq_Jewelry_Dataset_Final/images/uncategorized/51t815fcxaa00_3.jpg|Tanishq_Jewelry_Dataset_Final/images/uncategorized/51t815fcxaa00_4.jpg,,
T_51d3c3fillaa002eb000104,Vintage Splendor Ring,tanishq,4.63,22KT,Yellow,Gold,79273.0,none,0.0,,,none,,Women,,https://www.tanishq.co.in/dw/image/v2/BKCK_PRD/on/demandware.static/-/Sites-Tanishq-product-catalog/default/dwfc0f17e4/images/hi-res/51D3C3FILAA00_1.jpg,Tanishq_Jewelry_Dataset_Final/images/uncategorized/51d3c3fillaa002eb000104_1.jpg|Tanishq_Jewelry_Dataset_Final/images/uncategorized/51d3c3fillaa002eb000104_2.jpg|Tanishq_Jewelry_Dataset_Final/images/uncategorized/51d3c3fillaa002eb000104_3.jpg|Tanishq_Jewelry_Dataset_Final/images/uncategorized/51d3c3fillaa002eb000104_4.jpg,,
T_51d5b1fuqaa00,Ornate Lattice Gold Ring,tanishq,4.2,22KT,Yellow,Gold,72806.0,none,0.0,,,none,,Women,,https://www.tanishq.co.in/on/demandware.static/-/Sites-Tanishq-product-catalog/default/dwdae38f0e/images/hi-res/51D5B1FUQAA00_1.jpg,Tanishq_Jewelry_Dataset_Final/images/uncategorized/51d5b1fuqaa00_1.jpg|Tanishq_Jewelry_Dataset_Final/images/uncategorized/51d5b1fuqaa00_2.jpg|Tanishq_Jewelry_Dataset_Final/images/uncategorized/51d5b1fuqaa00_3.jpg,,
T_51e5c1fbylaa002jd000052,Bloom Fan Gold Ring,tanishq,3.682,22KT,Yellow,Gold,64350.0,none,0.0,,,none,,Women,,https://www.tanishq.co.in/on/demandware.static/-/Sites-Tanishq-product-catalog/default/dwd17516c9/images/hi-res/51E5C1FBYAA00_1.jpg,Tanishq_Jewelry_Dataset_Final/images/uncategorized/51e5c1fbylaa002jd000052_1.jpg|Tanishq_Jewelry_Dataset_Final/images/uncategorized/51e5c1fbylaa002jd000052_2.jpg|Tanishq_Jewelry_Dataset_Final/images/uncategorized/51e5c1fbylaa002jd000052_3.jpg,,
T_502112fcmmab453ih000001,Dazzling 18 Karat Yellow Gold Solitaire Finger Ring,tanishq,2.31,18KT,Yellow,Gold,316422.0,diamond,0.582,,,Round,,Women,,https://www.tanishq.co.in/dw/image/v2/BKCK_PRD/on/demandware.static/-/Sites-Tanishq-product-catalog/default/dwb886dc43/images/hi-res/502112FCMAB45_1.jpg,Tanishq_Jewelry_Dataset_Final/images/uncategorized/502112fcmmab453ih000001_1.jpg|Tanishq_Jewelry_Dataset_Final/images/uncategorized/502112fcmmab453ih000001_2.jpg,,
T_50d5d2fbnaa02,Interlaced Glow Diamond Ring,tanishq,2.26,18KT,Yellow,Gold,57137.0,diamond,0.133,,,Round,,Women,,https://www.tanishq.co.in/on/demandware.static/-/Sites-Tanishq-product-catalog/default/dw0e3421fa/images/hi-res/50D5D2FBNAA02_1.jpg,Tanishq_Jewelry_Dataset_Final/images/uncategorized/50d5d2fbnaa02_1.jpg|Tanishq_Jewelry_Dataset_Final/images/uncategorized/50d5d2fbnaa02_2.jpg|Tanishq_Jewelry_Dataset_Final/images/uncategorized/50d5d2fbnaa02_3.jpg,,
T_50dff1facaa02,Vertical Glow Diamond Ring,tanishq,2.324,18KT,Yellow,Gold,45838.0,diamond,0.07,,,Round,,Women,,https://www.tanishq.co.in/dw/image/v2/BKCK_PRD/on/demandware.static/-/Sites-Tanishq-product-catalog/default/dwbea6225f/images/hi-res/50DFF1FACAA02_1.jpg,Tanishq_Jewelry_Dataset_Final/images/uncategorized/50dff1facaa02_1.jpg|Tanishq_Jewelry_Dataset_Final/images/uncategorized/50dff1facaa02_2.jpg|Tanishq_Jewelry_Dataset_Final/images/uncategorized/50dff1facaa02_3.jpg,,
T_50e5b1ffbaa02,Luxe Halo Diamond Finger Ring,tanishq,2.708,18KT,Yellow,Gold,124044.0,diamond,0.421,,,Round,,Women,,https://www.tanishq.co.in/dw/image/v2/BKCK_PRD/on/demandware.static/-/Sites-Tanishq-product-catalog/default/dw29c5d044/images/hi-res/50E5B1FFBAA02_1.jpg?sw=640&sh=640,Tanishq_Jewelry_Dataset_Final/images/uncategorized/50e5b1ffbaa02_1.jpg|Tanishq_Jewelry_Dataset_Final/images/uncategorized/50e5b1ffbaa02_2.jpg|Tanishq_Jewelry_Dataset_Final/images/uncategorized/50e5b1ffbaa02_3.jpg,,
T_50d5wxfbwl3b322bd000002,Stepping Stackable Diamond Ring,tanishq,6.414,18KT,Yellow,Gold,102579.0,none,0.065,,,none,,Women,,https://www.tanishq.co.in/dw/image/v2/BKCK_PRD/on/demandware.static/-/Sites-Tanishq-product-catalog/default/dw8dd67a0e/images/hi-res/50D5WXFBW3B32_1.jpg,Tanishq_Jewelry_Dataset_Final/images/uncategorized/50d5wxfbwl3b322bd000002_1.jpg|Tanishq_Jewelry_Dataset_Final/images/uncategorized/50d5wxfbwl3b322bd000002_2.jpg|Tanishq_Jewelry_Dataset_Final/images/uncategorized/50d5wxfbwl3b322bd000002_3.jpg|Tanishq_Jewelry_Dataset_Final/images/uncategorized/50d5wxfbwl3b322bd000002_4.jpg|Tanishq_Jewelry_Dataset_Final/images/uncategorized/50d5wxfbwl3b322bd000002_5.jpg|Tanishq_Jewelry_Dataset_Final/images/uncategorized/50d5wxfbwl3b322bd000002_6.jpg,,
T_50e5a1fammaa022jh000002,Chic Minimal Diamond Finger Ring,tanishq,2.674,18KT,Yellow,Gold,72591.0,diamond,0.162,,,Round,,Women,,https://www.tanishq.co.in/dw/image/v2/BKCK_PRD/on/demandware.static/-/Sites-Tanishq-product-catalog/default/dw872eae06/images/hi-res/50E5A1FAMAA02_1.jpg?sw=640&sh=640,Tanishq_Jewelry_Dataset_Final/images/uncategorized/50e5a1fammaa022jh000002_1.jpg|Tanishq_Jewelry_Dataset_Final/images/uncategorized/50e5a1fammaa022jh000002_2.jpg|Tanishq_Jewelry_Dataset_Final/images/uncategorized/50e5a1fammaa022jh000002_3.jpg,,
T_51d5b1fuvaa00,Royal Legacy Gold Ring,tanishq,2.8,22KT,Yellow,Gold,48736.0,none,0.0,,,none,,Women,,https://www.tanishq.co.in/on/demandware.static/-/Sites-Tanishq-product-catalog/default/dw99e3058d/images/hi-res/51D5B1FUVAA00_1.jpg,Tanishq_Jewelry_Dataset_Final/images/uncategorized/51d5b1fuvaa00_1.jpg|Tanishq_Jewelry_Dataset_Final/images/uncategorized/51d5b1fuvaa00_2.jpg|Tanishq_Jewelry_Dataset_Final/images/uncategorized/51d5b1fuvaa00_3.jpg,,
T_50d5s2fafaa09,Eclipse Shine Diamond Ring,tanishq,3.034,18KT,Yellow,Gold,75916.0,diamond,0.191,,,Round,,Women,,https://www.tanishq.co.in/dw/image/v2/BKCK_PRD/on/demandware.static/-/Sites-Tanishq-product-catalog/default/dw10813578/images/hi-res/50D5S2FAFAA09_1.jpg?sw=640&sh=640,Tanishq_Jewelry_Dataset_Final/images/uncategorized/50d5s2fafaa09_1.jpg|Tanishq_Jewelry_Dataset_Final/images/uncategorized/50d5s2fafaa09_2.jpg|Tanishq_Jewelry_Dataset_Final/images/uncategorized/50d5s2fafaa09_3.jpg,,
T_50g5b1fjkraa022jd000005,Bold Chevron Diamond Finger Ring for Men,tanishq,4.727,18KT,Yellow,Gold,129240.0,diamond,0.332,,,Round,,Men,,https://www.tanishq.co.in/dw/image/v2/BKCK_PRD/on/demandware.static/-/Sites-Tanishq-product-catalog/default/dw69a27840/images/hi-res/50G5B1FJKAA02_1.jpg,Tanishq_Jewelry_Dataset_Final/images/uncategorized/50g5b1fjkraa022jd000005_1.jpg|Tanishq_Jewelry_Dataset_Final/images/uncategorized/50g5b1fjkraa022jd000005_2.jpg|Tanishq_Jewelry_Dataset_Final/images/uncategorized/50g5b1fjkraa022jd000005_3.jpg,,
T_51d5p1fahaa00,Floral Swirl Gold Ring,tanishq,3.189,22KT,Yellow,Gold,54374.0,none,0.0,,,none,,Women,,https://www.tanishq.co.in/on/demandware.static/-/Sites-Tanishq-product-catalog/default/dwa5023ec9/images/hi-res/51D5P1FAHAA00_1.jpg,Tanishq_Jewelry_Dataset_Final/images/uncategorized/51d5p1fahaa00_1.jpg|Tanishq_Jewelry_Dataset_Final/images/uncategorized/51d5p1fahaa00_2.jpg|Tanishq_Jewelry_Dataset_Final/images/uncategorized/51d5p1fahaa00_3.jpg,,
T_51e5c1fbuaa00,Petal Layer Gold Ring,tanishq,3.652,22KT,Yellow,Gold,63826.0,none,0.0,,,none,,Women,,https://www.tanishq.co.in/dw/image/v2/BKCK_PRD/on/demandware.static/-/Sites-Tanishq-product-catalog/default/dwb4a4757f/images/hi-res/51E5C1FBUAA00_1.jpg?sw=640&sh=640,Tanishq_Jewelry_Dataset_Final/images/uncategorized/51e5c1fbuaa00_1.jpg|Tanishq_Jewelry_Dataset_Final/images/uncategorized/51e5c1fbuaa00_2.jpg|Tanishq_Jewelry_Dataset_Final/images/uncategorized/51e5c1fbuaa00_3.jpg,,
T_50e5c1fanlaa022jd000002,Floral Chevron Diamond Ring,tanishq,1.74,18KT,Yellow,Gold,68962.0,diamond,0.238,,,Round,,Women,,https://www.tanishq.co.in/on/demandware.static/-/Sites-Tanishq-product-catalog/default/dwe97f6694/images/hi-res/50E5C1FANAA02_1.jpg,Tanishq_Jewelry_Dataset_Final/images/uncategorized/50e5c1fanlaa022jd000002_1.jpg|Tanishq_Jewelry_Dataset_Final/images/uncategorized/50e5c1fanlaa022jd000002_2.jpg|Tanishq_Jewelry_Dataset_Final/images/uncategorized/50e5c1fanlaa022jd000002_3.jpg,,
T_50d5s2fchaa09,Twist Lattice Diamond Ring,tanishq,2.043,18KT,Yellow,Gold,51308.0,diamond,0.142,,,Round,,Women,,https://www.tanishq.co.in/dw/image/v2/BKCK_PRD/on/demandware.static/-/Sites-Tanishq-product-catalog/default/dwdd77b45e/images/hi-res/50D5S2FCHAA09_1.jpg,Tanishq_Jewelry_Dataset_Final/images/uncategorized/50d5s2fchaa09_1.jpg|Tanishq_Jewelry_Dataset_Final/images/uncategorized/50d5s2fchaa09_2.jpg|Tanishq_Jewelry_Dataset_Final/images/uncategorized/50d5s2fchaa09_3.jpg,,
T_50g5b1fcdaa02,Hexa Cluster Diamond Ring for Men,tanishq,4.938,18KT,Yellow,Gold,121062.0,diamond,0.274,,,Round,,Men,,https://www.tanishq.co.in/on/demandware.static/-/Sites-Tanishq-product-catalog/default/dwa886b2c4/images/hi-res/50G5B1FCDAA02_1.jpg,Tanishq_Jewelry_Dataset_Final/images/uncategorized/50g5b1fcdaa02_1.jpg|Tanishq_Jewelry_Dataset_Final/images/uncategorized/50g5b1fcdaa02_2.jpg|Tanishq_Jewelry_Dataset_Final/images/uncategorized/50g5b1fcdaa02_3.jpg,,
T_51f1kpfbgraa002ea001189,Unique Star Carved Gold Finger Ring For Men,tanishq,6.337,22KT,Yellow,Gold,110301.0,none,0.0,,,none,,Men,,https://www.tanishq.co.in/dw/image/v2/BKCK_PRD/on/demandware.static/-/Sites-Tanishq-product-catalog/default/dw20628fb7/images/hi-res/51F1KPFBGAA00_1.jpg,Tanishq_Jewelry_Dataset_Final/images/uncategorized/51f1kpfbgraa002ea001189_1.jpg|Tanishq_Jewelry_Dataset_Final/images/uncategorized/51f1kpfbgraa002ea001189_2.jpg|Tanishq_Jewelry_Dataset_Final/images/uncategorized/51f1kpfbgraa002ea001189_3.jpg,,
T_51e5c1fdmlaa002jd000003,Enchanted Twig Gold Ring,tanishq,2.777,22KT,Yellow,Gold,48533.0,none,0.0,,,none,,Women,,https://www.tanishq.co.in/on/demandware.static/-/Sites-Tanishq-product-catalog/default/dwfdb569c4/images/hi-res/51E5C1FDMAA00_1.jpg,Tanishq_Jewelry_Dataset_Final/images/uncategorized/51e5c1fdmlaa002jd000003_1.jpg|Tanishq_Jewelry_Dataset_Final/images/uncategorized/51e5c1fdmlaa002jd000003_2.jpg|Tanishq_Jewelry_Dataset_Final/images/uncategorized/51e5c1fdmlaa002jd000003_3.jpg,,
T_51d5b1fjklaa172ba000007,Vivid Whimsy Emerald Finger Ring,tanishq,2.378,22KT,Yellow,Gold,41280.0,gemstone,0.0,,,none,,Women,,https://www.tanishq.co.in/dw/image/v2/BKCK_PRD/on/demandware.static/-/Sites-Tanishq-product-catalog/default/dw2d5b2b96/images/hi-res/51D5B1FJKAA17_1.jpg,Tanishq_Jewelry_Dataset_Final/images/uncategorized/51d5b1fjklaa172ba000007_1.jpg|Tanishq_Jewelry_Dataset_Final/images/uncategorized/51d5b1fjklaa172ba000007_2.jpg|Tanishq_Jewelry_Dataset_Final/images/uncategorized/51d5b1fjklaa172ba000007_3.jpg,,
T_51g5c1fbdaa00,Hexagonal Grid Gold Ring for Men,tanishq,4.893,22KT,Yellow,Gold,85862.0,none,0.0,,,none,,Men,,https://www.tanishq.co.in/on/demandware.static/-/Sites-Tanishq-product-catalog/default/dw22b40bb6/images/hi-res/51G5C1FBDAA00_1.jpg,Tanishq_Jewelry_Dataset_Final/images/uncategorized/51g5c1fbdaa00_1.jpg|Tanishq_Jewelry_Dataset_Final/images/uncategorized/51g5c1fbdaa00_2.jpg|Tanishq_Jewelry_Dataset_Final/images/uncategorized/51g5c1fbdaa00_3.jpg,,
T_503117fuyaa04,Bold Stylish Diamond Ring for Men,tanishq,5.449,18KT,Yellow,Gold,53383.0,diamond,0.058,,,Round,,Men,,https://www.tanishq.co.in/on/demandware.static/-/Sites-Tanishq-product-catalog/default/dwd674e38d/images/hi-res/503117FUYAA04_1.jpg,Tanishq_Jewelry_Dataset_Final/images/uncategorized/503117fuyaa04_1.jpg|Tanishq_Jewelry_Dataset_Final/images/uncategorized/503117fuyaa04_2.jpg|Tanishq_Jewelry_Dataset_Final/images/uncategorized/503117fuyaa04_3.jpg|Tanishq_Jewelry_Dataset_Final/images/uncategorized/503117fuyaa04_4.jpg,,
T_50e5c1fayaa02,Elegant Sweep Diamond Ring,tanishq,2.432,18KT,Rose,Gold,103626.0,diamond,0.381,,,Round,,Women,,https://www.tanishq.co.in/dw/image/v2/BKCK_PRD/on/demandware.static/-/Sites-Tanishq-product-catalog/default/dwcd3e9a92/images/hi-res/50E5C1FAYAA02_1.jpg,Tanishq_Jewelry_Dataset_Final/images/uncategorized/50e5c1fayaa02_1.jpg|Tanishq_Jewelry_Dataset_Final/images/uncategorized/50e5c1fayaa02_2.jpg|Tanishq_Jewelry_Dataset_Final/images/uncategorized/50e5c1fayaa02_3.jpg,,
T_50e5c1fdxaa02,Clover Bloom Diamond Ring,tanishq,1.611,18KT,Yellow,Gold,49308.0,diamond,0.141,,,Round,,Women,,https://www.tanishq.co.in/on/demandware.static/-/Sites-Tanishq-product-catalog/default/dwa8f5f844/images/hi-res/50E5C1FDXAA02_1.jpg,Tanishq_Jewelry_Dataset_Final/images/uncategorized/50e5c1fdxaa02_1.jpg|Tanishq_Jewelry_Dataset_Final/images/uncategorized/50e5c1fdxaa02_2.jpg|Tanishq_Jewelry_Dataset_Final/images/uncategorized/50e5c1fdxaa02_3.jpg,,
T_513017fbxab00,Opulent Floral Gold Finger Ring,tanishq,8.288,22KT,Yellow,Gold,145437.0,none,0.0,,,none,,Women,,https://www.tanishq.co.in/on/demandware.static/-/Sites-Tanishq-product-catalog/default/dw1013f528/images/hi-res/513017FBXAB00_1.jpg,Tanishq_Jewelry_Dataset_Final/images/uncategorized/513017fbxab00_1.jpg|Tanishq_Jewelry_Dataset_Final/images/uncategorized/513017fbxab00_2.jpg|Tanishq_Jewelry_Dataset_Final/images/uncategorized/513017fbxab00_3.jpg|Tanishq_Jewelry_Dataset_Final/images/uncategorized/513017fbxab00_4.jpg,,
T_51d4mpfcjlaa002ja000190,Statement Gold Finger Ring,tanishq,3.804,22KT,Yellow,Gold,66212.0,none,0.0,,,none,,Men,,https://www.tanishq.co.in/on/demandware.static/-/Sites-Tanishq-product-catalog/default/dwbcf729e4/images/hi-res/51D4MPFCJAA00_1.jpg,Tanishq_Jewelry_Dataset_Final/images/uncategorized/51d4mpfcjlaa002ja000190_1.jpg|Tanishq_Jewelry_Dataset_Final/images/uncategorized/51d4mpfcjlaa002ja000190_2.jpg|Tanishq_Jewelry_Dataset_Final/images/uncategorized/51d4mpfcjlaa002ja000190_3.jpg,,
T_51d5m2fubaa00,Floral Drift Gold Ring,tanishq,1.806,22KT,Yellow,Gold,29125.0,none,0.0,,,none,,Women,,https://www.tanishq.co.in/dw/image/v2/BKCK_PRD/on/demandware.static/-/Sites-Tanishq-product-catalog/default/dw9d2fbe9d/images/hi-res/51D5M2FUBAA00_1.jpg,Tanishq_Jewelry_Dataset_Final/images/uncategorized/51d5m2fubaa00_1.jpg|Tanishq_Jewelry_Dataset_Final/images/uncategorized/51d5m2fubaa00_2.jpg|Tanishq_Jewelry_Dataset_Final/images/uncategorized/51d5m2fubaa00_3.jpg,,
T_511138fxjab00,Broad Wave Pattern Finger Ring,tanishq,3.257,22KT,Yellow,Gold,58311.0,none,0.0,,,none,,Women,,https://www.tanishq.co.in/dw/image/v2/BKCK_PRD/on/demandware.static/-/Sites-Tanishq-product-catalog/default/dwb4bb6c06/images/hi-res/511138FXJAB00_1.jpg?sw=640&sh=640,Tanishq_Jewelry_Dataset_Final/images/uncategorized/511138fxjab00_1.jpg|Tanishq_Jewelry_Dataset_Final/images/uncategorized/511138fxjab00_2.jpg|Tanishq_Jewelry_Dataset_Final/images/uncategorized/511138fxjab00_3.jpg,,
T_50d5b2fhuaa02,Whimsical Bloom Diamond Finger Ring,tanishq,3.104,18KT,Yellow,Gold,124749.0,diamond,0.451,,,Round,,Women,,https://www.tanishq.co.in/on/demandware.static/-/Sites-Tanishq-product-catalog/default/dw0bc9cb6e/images/hi-res/50D5B2FHUAA02_1.jpg,Tanishq_Jewelry_Dataset_Final/images/uncategorized/50d5b2fhuaa02_1.jpg|Tanishq_Jewelry_Dataset_Final/images/uncategorized/50d5b2fhuaa02_2.jpg|Tanishq_Jewelry_Dataset_Final/images/uncategorized/50d5b2fhuaa02_3.jpg,,
T_51d3c3fhsaa00,Sophisticated Elegance Ring,tanishq,4.7,22KT,Yellow,Gold,80472.0,none,0.0,,,none,,Women,,https://www.tanishq.co.in/dw/image/v2/BKCK_PRD/on/demandware.static/-/Sites-Tanishq-product-catalog/default/dw98109e91/images/hi-res/51D3C3FHSAA00_1.jpg,Tanishq_Jewelry_Dataset_Final/images/uncategorized/51d3c3fhsaa00_1.jpg|Tanishq_Jewelry_Dataset_Final/images/uncategorized/51d3c3fhsaa00_2.jpg|Tanishq_Jewelry_Dataset_Final/images/uncategorized/51d3c3fhsaa00_3.jpg,,
T_51d5b2fdmaacz,Forever Love Gold Finger Ring,tanishq,2.24,22KT,Yellow,Gold,38911.0,none,0.0,,,none,,Women,,https://www.tanishq.co.in/dw/image/v2/BKCK_PRD/on/demandware.static/-/Sites-Tanishq-product-catalog/default/dw9f88a837/images/hi-res/51D5B2FDMAACZ_1.jpg,Tanishq_Jewelry_Dataset_Final/images/uncategorized/51d5b2fdmaacz_1.jpg|Tanishq_Jewelry_Dataset_Final/images/uncategorized/51d5b2fdmaacz_2.jpg|Tanishq_Jewelry_Dataset_Final/images/uncategorized/51d5b2fdmaacz_3.jpg,,
T_51m4i1ffiaa00,Lattice Luxe Gold Finger Ring,tanishq,3.542,22KT,Yellow,Gold,61651.0,none,0.0,,,none,,Women,,https://www.tanishq.co.in/on/demandware.static/-/Sites-Tanishq-product-catalog/default/dw7eeac504/images/hi-res/51M4I1FFIAA00_1.jpg,Tanishq_Jewelry_Dataset_Final/images/uncategorized/51m4i1ffiaa00_1.jpg|Tanishq_Jewelry_Dataset_Final/images/uncategorized/51m4i1ffiaa00_2.jpg|Tanishq_Jewelry_Dataset_Final/images/uncategorized/51m4i1ffiaa00_3.jpg|Tanishq_Jewelry_Dataset_Final/images/uncategorized/51m4i1ffiaa00_4.jpg,,
T_50e5b1fbiaa02,Sleek Octet Diamond Ring for Men,tanishq,4.451,18KT,Yellow,Gold,70261.0,diamond,0.035,,,Round,,Men,,https://www.tanishq.co.in/dw/image/v2/BKCK_PRD/on/demandware.static/-/Sites-Tanishq-product-catalog/default/dwb56314d1/images/hi-res/50E5B1FBIAA02_1.jpg?sw=640&sh=640,Tanishq_Jewelry_Dataset_Final/images/uncategorized/50e5b1fbiaa02_1.jpg|Tanishq_Jewelry_Dataset_Final/images/uncategorized/50e5b1fbiaa02_2.jpg|Tanishq_Jewelry_Dataset_Final/images/uncategorized/50e5b1fbiaa02_3.jpg,,
T_51f1kpfndaa00,Stunning Guitar Carved Gold Finger Ring For Men,tanishq,7.6,22KT,Yellow,Gold,65595.0,none,0.0,,,none,,Men,,https://www.tanishq.co.in/dw/image/v2/BKCK_PRD/on/demandware.static/-/Sites-Tanishq-product-catalog/default/dw9e1a30d5/images/hi-res/51F1KPFNDAA00_1.jpg,Tanishq_Jewelry_Dataset_Final/images/uncategorized/51f1kpfndaa00_1.jpg|Tanishq_Jewelry_Dataset_Final/images/uncategorized/51f1kpfndaa00_2.jpg|Tanishq_Jewelry_Dataset_Final/images/uncategorized/51f1kpfndaa00_3.jpg,,
T_50d5l1ffyaa09,Square Buckle Diamond Ring,tanishq,1.309,18KT,Rose,Gold,24145.0,diamond,0.035,,,Round,,Women,,https://www.tanishq.co.in/on/demandware.static/-/Sites-Tanishq-product-catalog/default/dw352b595d/images/hi-res/50D5L1FFYAA09_1.jpg,Tanishq_Jewelry_Dataset_Final/images/uncategorized/50d5l1ffyaa09_1.jpg|Tanishq_Jewelry_Dataset_Final/images/uncategorized/50d5l1ffyaa09_2.jpg|Tanishq_Jewelry_Dataset_Final/images/uncategorized/50d5l1ffyaa09_3.jpg,,
T_50d5l2frmmaa022jd000006,Floral Embrace Diamond Ring,tanishq,3.733,18KT,Rose,Gold,109983.0,diamond,0.313,,,Round,,Women,,https://www.tanishq.co.in/on/demandware.static/-/Sites-Tanishq-product-catalog/default/dw5ee8c9eb/images/hi-res/50D5L2FRMAA02_1.jpg,Tanishq_Jewelry_Dataset_Final/images/uncategorized/50d5l2frmmaa022jd000006_1.jpg|Tanishq_Jewelry_Dataset_Final/images/uncategorized/50d5l2frmmaa022jd000006_2.jpg|Tanishq_Jewelry_Dataset_Final/images/uncategorized/50d5l2frmmaa022jd000006_3.jpg,,
T_50d5b2fyrlaa022jd000034,Chic Weave Diamond Finger Ring,tanishq,2.175,18KT,Yellow,Gold,59804.0,diamond,0.164,,,Round,,Women,,https://www.tanishq.co.in/on/demandware.static/-/Sites-Tanishq-product-catalog/default/dwe0667d5f/images/hi-res/50D5B2FYRAA02_1.jpg,Tanishq_Jewelry_Dataset_Final/images/uncategorized/50d5b2fyrlaa022jd000034_1.jpg|Tanishq_Jewelry_Dataset_Final/images/uncategorized/50d5b2fyrlaa022jd000034_2.jpg|Tanishq_Jewelry_Dataset_Final/images/uncategorized/50d5b2fyrlaa022jd000034_3.jpg,,
T_50d4arfefaa02,Layered Bloom Diamond Ring,tanishq,1.835,18KT,Yellow,Gold,52773.0,diamond,0.142,,,Round,,Women,,https://www.tanishq.co.in/dw/image/v2/BKCK_PRD/on/demandware.static/-/Sites-Tanishq-product-catalog/default/dw5e53f4f4/images/hi-res/50D4ARFEFAA02_1.jpg,Tanishq_Jewelry_Dataset_Final/images/uncategorized/50d4arfefaa02_1.jpg|Tanishq_Jewelry_Dataset_Final/images/uncategorized/50d4arfefaa02_2.jpg|Tanishq_Jewelry_Dataset_Final/images/uncategorized/50d4arfefaa02_3.jpg,,
T_501719fqraa00,Floral Filigree Finger Ring,tanishq,3.66,18KT,Yellow,Gold,52123.0,none,0.0,,,none,,Women,,https://www.tanishq.co.in/on/demandware.static/-/Sites-Tanishq-product-catalog/default/dw375da29f/images/hi-res/501719FQRAA00_1.jpg,Tanishq_Jewelry_Dataset_Final/images/uncategorized/501719fqraa00_1.jpg|Tanishq_Jewelry_Dataset_Final/images/uncategorized/501719fqraa00_2.jpg|Tanishq_Jewelry_Dataset_Final/images/uncategorized/501719fqraa00_3.jpg|Tanishq_Jewelry_Dataset_Final/images/uncategorized/501719fqraa00_4.jpg,,
T_512822ftnaa00,22KT Yellow Gold Striking Abstract Ring,tanishq,2.87,22KT,Yellow,Gold,51994.0,none,0.0,,,none,,Women,,https://www.tanishq.co.in/dw/image/v2/BKCK_PRD/on/demandware.static/-/Sites-Tanishq-product-catalog/default/dwfebcfdb4/images/hi-res/2822FTN.jpg?sw=640&sh=640,Tanishq_Jewelry_Dataset_Final/images/uncategorized/512822ftnaa00_1.jpg|Tanishq_Jewelry_Dataset_Final/images/uncategorized/512822ftnaa00_2.jpg|Tanishq_Jewelry_Dataset_Final/images/uncategorized/512822ftnaa00_3.jpg|Tanishq_Jewelry_Dataset_Final/images/uncategorized/512822ftnaa00_4.jpg,,
T_50g5v2fbpaa02,Octagonal Brilliance Diamond Ring For Men,tanishq,6.991,18KT,Yellow,Gold,147882.0,diamond,0.279,,,Round,,Men,,https://www.tanishq.co.in/dw/image/v2/BKCK_PRD/on/demandware.static/-/Sites-Tanishq-product-catalog/default/dw2484458f/images/hi-res/50G5V2FBPAA02_1.jpg,Tanishq_Jewelry_Dataset_Final/images/uncategorized/50g5v2fbpaa02_1.jpg|Tanishq_Jewelry_Dataset_Final/images/uncategorized/50g5v2fbpaa02_2.jpg|Tanishq_Jewelry_Dataset_Final/images/uncategorized/50g5v2fbpaa02_3.jpg,,
T_51d5b2fdaaacz,Gleaming Aura Gold Finger Ring,tanishq,3.602,22KT,Yellow,Gold,63349.0,none,0.0,,,none,,Women,,https://www.tanishq.co.in/dw/image/v2/BKCK_PRD/on/demandware.static/-/Sites-Tanishq-product-catalog/default/dw8dfbad29/images/hi-res/51D5B2FDAAACZ_1.jpg,Tanishq_Jewelry_Dataset_Final/images/uncategorized/51d5b2fdaaacz_1.jpg|Tanishq_Jewelry_Dataset_Final/images/uncategorized/51d5b2fdaaacz_2.jpg|Tanishq_Jewelry_Dataset_Final/images/uncategorized/51d5b2fdaaacz_3.jpg,,
T_510120faavaa002ja006664,Sublime 22 Karat Yellow Gold Oval Finger Ring,tanishq,5.332,22KT,Yellow,Gold,84853.0,none,0.0,,,none,,Women,,https://www.tanishq.co.in/dw/image/v2/BKCK_PRD/on/demandware.static/-/Sites-Tanishq-product-catalog/default/dw7a06078e/images/hi-res/510120FAAAA00_1.jpg,Tanishq_Jewelry_Dataset_Final/images/uncategorized/510120faavaa002ja006664_1.jpg|Tanishq_Jewelry_Dataset_Final/images/uncategorized/510120faavaa002ja006664_2.jpg|Tanishq_Jewelry_Dataset_Final/images/uncategorized/510120faavaa002ja006664_3.jpg,,
T_50d5l1ffgaa29,Classic Halo Diamond Ring,tanishq,2.4,18KT,Yellow,Gold,39636.0,diamond,0.045,,,Round,,Women,,https://www.tanishq.co.in/dw/image/v2/BKCK_PRD/on/demandware.static/-/Sites-Tanishq-product-catalog/default/dw308b4002/images/hi-res/50D5L1FFGAA29_1.jpg,Tanishq_Jewelry_Dataset_Final/images/uncategorized/50d5l1ffgaa29_1.jpg|Tanishq_Jewelry_Dataset_Final/images/uncategorized/50d5l1ffgaa29_2.jpg|Tanishq_Jewelry_Dataset_Final/images/uncategorized/50d5l1ffgaa29_3.jpg,,
T_51d5l2ffiaa00,Angular Ridge Gold Ring,tanishq,2.8,22KT,Yellow,Gold,48736.0,none,0.0,,,none,,Women,,https://www.tanishq.co.in/dw/image/v2/BKCK_PRD/on/demandware.static/-/Sites-Tanishq-product-catalog/default/dw3b69a95f/images/hi-res/51D5L2FFIAA00_1.jpg?sw=640&sh=640,Tanishq_Jewelry_Dataset_Final/images/uncategorized/51d5l2ffiaa00_1.jpg|Tanishq_Jewelry_Dataset_Final/images/uncategorized/51d5l2ffiaa00_2.jpg|Tanishq_Jewelry_Dataset_Final/images/uncategorized/51d5l2ffiaa00_3.jpg|Tanishq_Jewelry_Dataset_Final/images/uncategorized/51d5l2ffiaa00_4.jpg,,
T_50g5c1ffzaa02,Modern Geometry Diamond Ring For Men,tanishq,5.336,18KT,Yellow,Gold,121007.0,diamond,0.253,,,Round,,Men,,https://www.tanishq.co.in/dw/image/v2/BKCK_PRD/on/demandware.static/-/Sites-Tanishq-product-catalog/default/dwb023dae0/images/hi-res/50G5C1FFZAA02_1.jpg?sw=640&sh=640,Tanishq_Jewelry_Dataset_Final/images/uncategorized/50g5c1ffzaa02_1.jpg|Tanishq_Jewelry_Dataset_Final/images/uncategorized/50g5c1ffzaa02_2.jpg|Tanishq_Jewelry_Dataset_Final/images/uncategorized/50g5c1ffzaa02_3.jpg,,
T_50d5pafcrlaa002eb000017,Royal Crest Gold Ring,tanishq,5.172,18KT,Yellow,Gold,74858.0,none,0.0,,,none,,Women,,https://www.tanishq.co.in/on/demandware.static/-/Sites-Tanishq-product-catalog/default/dwf6e4db12/images/hi-res/50D5PAFCRAA00_1.jpg,Tanishq_Jewelry_Dataset_Final/images/uncategorized/50d5pafcrlaa002eb000017_1.jpg|Tanishq_Jewelry_Dataset_Final/images/uncategorized/50d5pafcrlaa002eb000017_2.jpg|Tanishq_Jewelry_Dataset_Final/images/uncategorized/50d5pafcrlaa002eb000017_3.jpg,,
T_51f1d1fltaa00,Lovely Floral Gold Ring,tanishq,5.082,22KT,Yellow,Gold,39010.0,none,0.0,,,none,,Women,,https://www.tanishq.co.in/dw/image/v2/BKCK_PRD/on/demandware.static/-/Sites-Tanishq-product-catalog/default/dw034d6ff9/images/hi-res/51F1D1FLTAA00_1.jpg,Tanishq_Jewelry_Dataset_Final/images/uncategorized/51f1d1fltaa00_1.jpg|Tanishq_Jewelry_Dataset_Final/images/uncategorized/51f1d1fltaa00_2.jpg,,
T_50d5l1fnelaa092jd000041,Intertwined Grace Diamond Ring,tanishq,1.745,18KT,Yellow,Gold,29133.0,diamond,0.035,,,Round,,Women,,https://www.tanishq.co.in/dw/image/v2/BKCK_PRD/on/demandware.static/-/Sites-Tanishq-product-catalog/default/dwac97ce94/images/hi-res/50D5L1FNEAA09_1.jpg?sw=640&sh=640,Tanishq_Jewelry_Dataset_Final/images/uncategorized/50d5l1fnelaa092jd000041_1.jpg|Tanishq_Jewelry_Dataset_Final/images/uncategorized/50d5l1fnelaa092jd000041_2.jpg|Tanishq_Jewelry_Dataset_Final/images/uncategorized/50d5l1fnelaa092jd000041_3.jpg,,
T_50e5b1fbkraa022jd000003,Diagonal Dash Diamond Ring for Men,tanishq,4.841,18KT,Yellow,Gold,83786.0,diamond,0.076,,,Round,,Men,,https://www.tanishq.co.in/dw/image/v2/BKCK_PRD/on/demandware.static/-/Sites-Tanishq-product-catalog/default/dwc9a5c6ec/images/hi-res/50E5B1FBKAA02_1.jpg,Tanishq_Jewelry_Dataset_Final/images/uncategorized/50e5b1fbkraa022jd000003_1.jpg|Tanishq_Jewelry_Dataset_Final/images/uncategorized/50e5b1fbkraa022jd000003_2.jpg|Tanishq_Jewelry_Dataset_Final/images/uncategorized/50e5b1fbkraa022jd000003_3.jpg,,
T_51d5c1focaa00,Bloom Curve Gold Ring,tanishq,1.668,22KT,Yellow,Gold,29744.0,none,0.0,,,none,,Women,,https://www.tanishq.co.in/dw/image/v2/BKCK_PRD/on/demandware.static/-/Sites-Tanishq-product-catalog/default/dw48d15c6e/images/hi-res/51D5C1FOCAA00_1.jpg,Tanishq_Jewelry_Dataset_Final/images/uncategorized/51d5c1focaa00_1.jpg|Tanishq_Jewelry_Dataset_Final/images/uncategorized/51d5c1focaa00_2.jpg|Tanishq_Jewelry_Dataset_Final/images/uncategorized/51d5c1focaa00_3.jpg|Tanishq_Jewelry_Dataset_Final/images/uncategorized/51d5c1focaa00_4.jpg,,
T_51m5b1fdclaa002ed000006,Weave Flow Gold Ring,tanishq,4.359,22KT,Yellow,Gold,76429.0,none,0.0,,,none,,Women,,https://www.tanishq.co.in/dw/image/v2/BKCK_PRD/on/demandware.static/-/Sites-Tanishq-product-catalog/default/dw57255542/images/hi-res/51M5B1FDCAA00_1.jpg,Tanishq_Jewelry_Dataset_Final/images/uncategorized/51m5b1fdclaa002ed000006_1.jpg|Tanishq_Jewelry_Dataset_Final/images/uncategorized/51m5b1fdclaa002ed000006_2.jpg|Tanishq_Jewelry_Dataset_Final/images/uncategorized/51m5b1fdclaa002ed000006_3.jpg,,
T_513218fmbbaa002ea000708,Fun Gold Kid's Finger Ring,tanishq,1.14,22KT,Yellow,Gold,19843.0,none,0.0,,,none,,Women,,https://www.tanishq.co.in/on/demandware.static/-/Sites-Tanishq-product-catalog/default/dwac14c139/images/hi-res/513218FMBAA00_1.jpg,Tanishq_Jewelry_Dataset_Final/images/uncategorized/513218fmbbaa002ea000708_1.jpg|Tanishq_Jewelry_Dataset_Final/images/uncategorized/513218fmbbaa002ea000708_2.jpg,,
T_51d5m2ftrlaa002ja000009,Soft Structure Gold Ring,tanishq,2.578,22KT,Yellow,Gold,41576.0,none,0.0,,,none,,Women,,https://www.tanishq.co.in/dw/image/v2/BKCK_PRD/on/demandware.static/-/Sites-Tanishq-product-catalog/default/dwd3a54457/images/hi-res/51D5M2FTRAA00_1.jpg,Tanishq_Jewelry_Dataset_Final/images/uncategorized/51d5m2ftrlaa002ja000009_1.jpg|Tanishq_Jewelry_Dataset_Final/images/uncategorized/51d5m2ftrlaa002ja000009_2.jpg|Tanishq_Jewelry_Dataset_Final/images/uncategorized/51d5m2ftrlaa002ja000009_3.jpg,,
T_510120fraaa00,Delicate 22 Karat Yellow Gold Finger Ring,tanishq,4.278,22KT,Yellow,Gold,69190.0,none,0.0,,,none,,Women,,https://www.tanishq.co.in/dw/image/v2/BKCK_PRD/on/demandware.static/-/Sites-Tanishq-product-catalog/default/dw4e94d86a/images/hi-res/510120FRAAA00_1.jpg?sw=640&sh=640,Tanishq_Jewelry_Dataset_Final/images/uncategorized/510120fraaa00_1.jpg|Tanishq_Jewelry_Dataset_Final/images/uncategorized/510120fraaa00_2.jpg|Tanishq_Jewelry_Dataset_Final/images/uncategorized/510120fraaa00_3.jpg,,
T_512311fpwaa00,Slender Tiered Gold Ring,tanishq,2.022,22KT,Yellow,Gold,33040.0,none,0.0,,,none,,Women,,https://www.tanishq.co.in/dw/image/v2/BKCK_PRD/on/demandware.static/-/Sites-Tanishq-product-catalog/default/dwb09cde92/images/hi-res/512311FPWAA00_1.jpg?sw=640&sh=640,Tanishq_Jewelry_Dataset_Final/images/uncategorized/512311fpwaa00_1.jpg|Tanishq_Jewelry_Dataset_Final/images/uncategorized/512311fpwaa00_2.jpg|Tanishq_Jewelry_Dataset_Final/images/uncategorized/512311fpwaa00_3.jpg|Tanishq_Jewelry_Dataset_Final/images/uncategorized/512311fpwaa00_4.jpg,,
T_50e5b1fcgaa02,Glimmer Rows Diamond Ring,tanishq,2.688,18KT,Rose,Gold,102140.0,diamond,0.35,,,Round,,Women,,https://www.tanishq.co.in/on/demandware.static/-/Sites-Tanishq-product-catalog/default/dwcea163ff/images/hi-res/50E5B1FCGAA02_1.jpg,Tanishq_Jewelry_Dataset_Final/images/uncategorized/50e5b1fcgaa02_1.jpg|Tanishq_Jewelry_Dataset_Final/images/uncategorized/50e5b1fcgaa02_2.jpg|Tanishq_Jewelry_Dataset_Final/images/uncategorized/50e5b1fcgaa02_3.jpg,,
T_50d5h2fitlaa022ja000021,Gleaming Horizon Diamond Ring,tanishq,2.816,18KT,Yellow,Gold,58857.0,diamond,0.1,,,Round,,Women,,https://www.tanishq.co.in/dw/image/v2/BKCK_PRD/on/demandware.static/-/Sites-Tanishq-product-catalog/default/dwed151892/images/hi-res/50D5H2FITAA02_1.jpg,Tanishq_Jewelry_Dataset_Final/images/uncategorized/50d5h2fitlaa022ja000021_1.jpg|Tanishq_Jewelry_Dataset_Final/images/uncategorized/50d5h2fitlaa022ja000021_2.jpg|Tanishq_Jewelry_Dataset_Final/images/uncategorized/50d5h2fitlaa022ja000021_3.jpg,,
T_51m5d1fcaaa00,Regal Shield Gold Ring,tanishq,2.582,22KT,Yellow,Gold,46226.0,none,0.0,,,none,,Women,,https://www.tanishq.co.in/on/demandware.static/-/Sites-Tanishq-product-catalog/default/dw254e2912/images/hi-res/51M5D1FCAAA00_1.jpg,Tanishq_Jewelry_Dataset_Final/images/uncategorized/51m5d1fcaaa00_1.jpg|Tanishq_Jewelry_Dataset_Final/images/uncategorized/51m5d1fcaaa00_2.jpg|Tanishq_Jewelry_Dataset_Final/images/uncategorized/51m5d1fcaaa00_3.jpg,,
T_51e5c1fcxaa00,Geometric Filigree Gold Ring,tanishq,3.102,22KT,Yellow,Gold,54213.0,none,0.0,,,none,,Women,,https://www.tanishq.co.in/dw/image/v2/BKCK_PRD/on/demandware.static/-/Sites-Tanishq-product-catalog/default/dwa35632a5/images/hi-res/51E5C1FCXAA00_1.jpg,Tanishq_Jewelry_Dataset_Final/images/uncategorized/51e5c1fcxaa00_1.jpg|Tanishq_Jewelry_Dataset_Final/images/uncategorized/51e5c1fcxaa00_2.jpg|Tanishq_Jewelry_Dataset_Final/images/uncategorized/51e5c1fcxaa00_3.jpg,,
T_511137fzbaa00,Dapper 22 Karat Yellow Gold Concentric Patterned Finger Ring,tanishq,4.534,22KT,Yellow,Gold,72154.0,none,0.0,,,none,,Women,,https://www.tanishq.co.in/dw/image/v2/BKCK_PRD/on/demandware.static/-/Sites-Tanishq-product-catalog/default/dw7be71729/images/hi-res/511137FZBAA00_1.jpg,Tanishq_Jewelry_Dataset_Final/images/uncategorized/511137fzbaa00_1.jpg|Tanishq_Jewelry_Dataset_Final/images/uncategorized/511137fzbaa00_2.jpg|Tanishq_Jewelry_Dataset_Final/images/uncategorized/511137fzbaa00_3.jpg,,
T_50d5h2fselaa322ja000022,Eternal Blossom Diamond Ring,tanishq,3.269,18KT,Yellow,Gold,92301.0,none,0.202,,,none,,Women,,https://www.tanishq.co.in/dw/image/v2/BKCK_PRD/on/demandware.static/-/Sites-Tanishq-product-catalog/default/dwdabeecd5/images/hi-res/50D5H2FSEAA32_1.jpg,Tanishq_Jewelry_Dataset_Final/images/uncategorized/50d5h2fselaa322ja000022_1.jpg|Tanishq_Jewelry_Dataset_Final/images/uncategorized/50d5h2fselaa322ja000022_2.jpg|Tanishq_Jewelry_Dataset_Final/images/uncategorized/50d5h2fselaa322ja000022_3.jpg|Tanishq_Jewelry_Dataset_Final/images/uncategorized/50d5h2fselaa322ja000022_4.jpg,,
T_50e5b1fbmlaa022bd000014,Radiant Crest Diamond Ring,tanishq,3.357,18KT,Yellow+White,Gold,107141.0,diamond,0.31,,,Round,,Women,,https://www.tanishq.co.in/dw/image/v2/BKCK_PRD/on/demandware.static/-/Sites-Tanishq-product-catalog/default/dwa93f78f3/images/hi-res/50E5B1FBMAA02_1.jpg?sw=640&sh=640,Tanishq_Jewelry_Dataset_Final/images/uncategorized/50e5b1fbmlaa022bd000014_1.jpg|Tanishq_Jewelry_Dataset_Final/images/uncategorized/50e5b1fbmlaa022bd000014_2.jpg|Tanishq_Jewelry_Dataset_Final/images/uncategorized/50e5b1fbmlaa022bd000014_3.jpg,,
T_50e5b1fcuraa02,Radiant Facets Diamond Finger Ring for Men,tanishq,3.321,18KT,Yellow,Gold,100340.0,diamond,0.29,,,Round,,Men,,https://www.tanishq.co.in/dw/image/v2/BKCK_PRD/on/demandware.static/-/Sites-Tanishq-product-catalog/default/dw076ee785/images/hi-res/50E5B1FCUAA02_1.jpg,Tanishq_Jewelry_Dataset_Final/images/uncategorized/50e5b1fcuraa02_1.jpg|Tanishq_Jewelry_Dataset_Final/images/uncategorized/50e5b1fcuraa02_2.jpg|Tanishq_Jewelry_Dataset_Final/images/uncategorized/50e5b1fcuraa02_3.jpg,,
T_50e5c1feaaa02,Swirl Symphony Diamond Ring,tanishq,2.124,18KT,Yellow,Gold,57670.0,diamond,0.144,,,Round,,Women,,https://www.tanishq.co.in/dw/image/v2/BKCK_PRD/on/demandware.static/-/Sites-Tanishq-product-catalog/default/dw9110978f/images/hi-res/50E5C1FEAAA02_1.jpg,Tanishq_Jewelry_Dataset_Final/images/uncategorized/50e5c1feaaa02_1.jpg|Tanishq_Jewelry_Dataset_Final/images/uncategorized/50e5c1feaaa02_2.jpg|Tanishq_Jewelry_Dataset_Final/images/uncategorized/50e5c1feaaa02_3.jpg,,
T_51m5i1favlaa002ja000052,Woven Elegance Gold Ring,tanishq,2.709,22KT,Yellow,Gold,48115.0,none,0.0,,,none,,Women,,https://www.tanishq.co.in/dw/image/v2/BKCK_PRD/on/demandware.static/-/Sites-Tanishq-product-catalog/default/dw8243b318/images/hi-res/51M5I1FAVAA00_1.jpg,Tanishq_Jewelry_Dataset_Final/images/uncategorized/51m5i1favlaa002ja000052_1.jpg|Tanishq_Jewelry_Dataset_Final/images/uncategorized/51m5i1favlaa002ja000052_2.jpg|Tanishq_Jewelry_Dataset_Final/images/uncategorized/51m5i1favlaa002ja000052_3.jpg|Tanishq_Jewelry_Dataset_Final/images/uncategorized/51m5i1favlaa002ja000052_4.jpg,,
T_51g5c1fhtaa00,Floral Medallion Gold Ring For Men,tanishq,4.49,22KT,Yellow,Gold,77833.0,none,0.0,,,none,,Men,,https://www.tanishq.co.in/dw/image/v2/BKCK_PRD/on/demandware.static/-/Sites-Tanishq-product-catalog/default/dwb57556fd/images/hi-res/51G5C1FHTAA00_1.jpg,Tanishq_Jewelry_Dataset_Final/images/uncategorized/51g5c1fhtaa00_1.jpg|Tanishq_Jewelry_Dataset_Final/images/uncategorized/51g5c1fhtaa00_2.jpg|Tanishq_Jewelry_Dataset_Final/images/uncategorized/51g5c1fhtaa00_3.jpg,,
T_510784fnalaa002ja013526,Entrancing Leaf Pattern Gold Finger Ring,tanishq,1.319,22KT,Yellow,Gold,22396.0,none,0.0,,,none,,Women,,https://www.tanishq.co.in/on/demandware.static/-/Sites-Tanishq-product-catalog/default/dw1daa7926/images/hi-res/510784FNAAA00_1.jpg,Tanishq_Jewelry_Dataset_Final/images/uncategorized/510784fnalaa002ja013526_1.jpg|Tanishq_Jewelry_Dataset_Final/images/uncategorized/510784fnalaa002ja013526_2.jpg|Tanishq_Jewelry_Dataset_Final/images/uncategorized/510784fnalaa002ja013526_3.jpg|Tanishq_Jewelry_Dataset_Final/images/uncategorized/510784fnalaa002ja013526_4.jpg|Tanishq_Jewelry_Dataset_Final/images/uncategorized/510784fnalaa002ja013526_5.jpg,,
T_51f1kpfreaa00,Geometric Ring for Men,tanishq,3.679,22KT,Yellow,Gold,64036.0,none,0.0,,,none,,Men,,https://www.tanishq.co.in/dw/image/v2/BKCK_PRD/on/demandware.static/-/Sites-Tanishq-product-catalog/default/dwe5b0fc04/images/hi-res/51F1KPFREAA00_1.jpg,Tanishq_Jewelry_Dataset_Final/images/uncategorized/51f1kpfreaa00_1.jpg|Tanishq_Jewelry_Dataset_Final/images/uncategorized/51f1kpfreaa00_2.jpg|Tanishq_Jewelry_Dataset_Final/images/uncategorized/51f1kpfreaa00_3.jpg,,
T_50d5b2ffhlaa022bd000168,Hexa Halo Diamond Ring,tanishq,2.662,18KT,Rose,Gold,99589.0,diamond,0.325,,,Round,,Women,,https://www.tanishq.co.in/dw/image/v2/BKCK_PRD/on/demandware.static/-/Sites-Tanishq-product-catalog/default/dw8de902cb/images/hi-res/50D5B2FFHAA02_1.jpg,Tanishq_Jewelry_Dataset_Final/images/uncategorized/50d5b2ffhlaa022bd000168_1.jpg|Tanishq_Jewelry_Dataset_Final/images/uncategorized/50d5b2ffhlaa022bd000168_2.jpg|Tanishq_Jewelry_Dataset_Final/images/uncategorized/50d5b2ffhlaa022bd000168_3.jpg,,
T_512311fihaa00,Leaf Pattern Sleek Gold Finger Ring,tanishq,2.808,22KT,Yellow,Gold,48876.0,none,0.0,,,none,,Women,,https://www.tanishq.co.in/dw/image/v2/BKCK_PRD/on/demandware.static/-/Sites-Tanishq-product-catalog/default/dwe120d1e0/images/hi-res/512311FIHAA00_1.jpg?sw=640&sh=640,Tanishq_Jewelry_Dataset_Final/images/uncategorized/512311fihaa00_1.jpg|Tanishq_Jewelry_Dataset_Final/images/uncategorized/512311fihaa00_2.jpg|Tanishq_Jewelry_Dataset_Final/images/uncategorized/512311fihaa00_3.jpg,,
T_513018fmjaa00,Stunning Geometric Gold Ring for Men,tanishq,5.196,22KT,Yellow,Gold,91179.0,none,0.0,,,none,,Men,,https://www.tanishq.co.in/dw/image/v2/BKCK_PRD/on/demandware.static/-/Sites-Tanishq-product-catalog/default/dw4be93bd6/images/hi-res/513018FMJAA00_1.jpg?sw=640&sh=640,Tanishq_Jewelry_Dataset_Final/images/uncategorized/513018fmjaa00_1.jpg|Tanishq_Jewelry_Dataset_Final/images/uncategorized/513018fmjaa00_2.jpg|Tanishq_Jewelry_Dataset_Final/images/uncategorized/513018fmjaa00_3.jpg|Tanishq_Jewelry_Dataset_Final/images/uncategorized/513018fmjaa00_4.jpg,,
T_50d6vdfalaa09,Love Loop Diamond Ring,tanishq,1.631,18KT,Rose,Gold,34943.0,diamond,0.08,,,Round,,Women,,https://www.tanishq.co.in/dw/image/v2/BKCK_PRD/on/demandware.static/-/Sites-Tanishq-product-catalog/default/dweadba951/images/hi-res/50D6VDFALAA09_1.jpg?sw=640&sh=640,Tanishq_Jewelry_Dataset_Final/images/uncategorized/50d6vdfalaa09_1.jpg|Tanishq_Jewelry_Dataset_Final/images/uncategorized/50d6vdfalaa09_2.jpg|Tanishq_Jewelry_Dataset_Final/images/uncategorized/50d6vdfalaa09_3.jpg|Tanishq_Jewelry_Dataset_Final/images/uncategorized/50d6vdfalaa09_4.jpg,,
T_511920fanaa00,Contemporary Floral Pattern Gold Finger Ring,tanishq,3.55,22KT,Yellow,Gold,63556.0,none,0.0,,,none,,Women,,https://www.tanishq.co.in/dw/image/v2/BKCK_PRD/on/demandware.static/-/Sites-Tanishq-product-catalog/default/dwac2d2286/images/hi-res/511920FANAA00_1.jpg,Tanishq_Jewelry_Dataset_Final/images/uncategorized/511920fanaa00_1.jpg|Tanishq_Jewelry_Dataset_Final/images/uncategorized/511920fanaa00_2.jpg|Tanishq_Jewelry_Dataset_Final/images/uncategorized/511920fanaa00_3.jpg,,
T_50d5fdfvl2a09,Interlaced Wave Diamond Ring,tanishq,4.327,18KT,Yellow,Gold,104656.0,diamond,0.277,,,Round,,Women,,https://www.tanishq.co.in/dw/image/v2/BKCK_PRD/on/demandware.static/-/Sites-Tanishq-product-catalog/default/dwc9338f9d/images/hi-res/50D5FDFVL2A09_1.jpg,Tanishq_Jewelry_Dataset_Final/images/uncategorized/50d5fdfvl2a09_1.jpg|Tanishq_Jewelry_Dataset_Final/images/uncategorized/50d5fdfvl2a09_2.jpg|Tanishq_Jewelry_Dataset_Final/images/uncategorized/50d5fdfvl2a09_3.jpg|Tanishq_Jewelry_Dataset_Final/images/uncategorized/50d5fdfvl2a09_4.jpg|Tanishq_Jewelry_Dataset_Final/images/uncategorized/50d5fdfvl2a09_5.jpg|Tanishq_Jewelry_Dataset_Final/images/uncategorized/50d5fdfvl2a09_6.jpg,,
T_50d5wmfbyaa32,Layered Wings Diamond Ring,tanishq,2.609,18KT,Yellow,Gold,91844.0,none,0.29,,,none,,Women,,https://www.tanishq.co.in/on/demandware.static/-/Sites-Tanishq-product-catalog/default/dw40841081/images/hi-res/50D5WMFBYAA32_1.jpg,Tanishq_Jewelry_Dataset_Final/images/uncategorized/50d5wmfbyaa32_1.jpg|Tanishq_Jewelry_Dataset_Final/images/uncategorized/50d5wmfbyaa32_2.jpg|Tanishq_Jewelry_Dataset_Final/images/uncategorized/50d5wmfbyaa32_3.jpg|Tanishq_Jewelry_Dataset_Final/images/uncategorized/50d5wmfbyaa32_4.jpg,,
T_51m5b1fjbaa00,Pulse Line Gold Ring,tanishq,1.303,22KT,Yellow,Gold,22680.0,none,0.0,,,none,,Women,,https://www.tanishq.co.in/on/demandware.static/-/Sites-Tanishq-product-catalog/default/dwd0b04548/images/hi-res/51M5B1FJBAA00_1.jpg,Tanishq_Jewelry_Dataset_Final/images/uncategorized/51m5b1fjbaa00_1.jpg|Tanishq_Jewelry_Dataset_Final/images/uncategorized/51m5b1fjbaa00_2.jpg|Tanishq_Jewelry_Dataset_Final/images/uncategorized/51m5b1fjbaa00_3.jpg|Tanishq_Jewelry_Dataset_Final/images/uncategorized/51m5b1fjbaa00_4.jpg,,
T_50e5a1fakaa32,Stylish Curve Diamond Finger Ring,tanishq,3.178,18KT,Yellow,Gold,116422.0,none,0.368,,,none,,Women,,https://www.tanishq.co.in/on/demandware.static/-/Sites-Tanishq-product-catalog/default/dw1b25b1a4/images/hi-res/50E5A1FAKAA32_1.jpg,Tanishq_Jewelry_Dataset_Final/images/uncategorized/50e5a1fakaa32_1.jpg|Tanishq_Jewelry_Dataset_Final/images/uncategorized/50e5a1fakaa32_2.jpg|Tanishq_Jewelry_Dataset_Final/images/uncategorized/50e5a1fakaa32_3.jpg,,
T_50d5dtfatkaa022jd000003,Petite Bloom Diamond Ring,tanishq,1.354,18KT,Yellow,Gold,34959.0,diamond,0.085,,,Round,,Women,,https://www.tanishq.co.in/dw/image/v2/BKCK_PRD/on/demandware.static/-/Sites-Tanishq-product-catalog/default/dw06678266/images/hi-res/50D5DTFATAA02_1.jpg?sw=640&sh=640,Tanishq_Jewelry_Dataset_Final/images/uncategorized/50d5dtfatkaa022jd000003_1.jpg|Tanishq_Jewelry_Dataset_Final/images/uncategorized/50d5dtfatkaa022jd000003_2.jpg|Tanishq_Jewelry_Dataset_Final/images/uncategorized/50d5dtfatkaa022jd000003_3.jpg,,
T_50d5pafhbmaa002ea000033,Petite Floral Gold Ring,tanishq,1.6,18KT,Yellow,Gold,23344.0,none,0.0,,,none,,Women,,https://www.tanishq.co.in/on/demandware.static/-/Sites-Tanishq-product-catalog/default/dw5ccea8e8/images/hi-res/50D5PAFHBAA00_1.jpg,Tanishq_Jewelry_Dataset_Final/images/uncategorized/50d5pafhbmaa002ea000033_1.jpg|Tanishq_Jewelry_Dataset_Final/images/uncategorized/50d5pafhbmaa002ea000033_2.jpg|Tanishq_Jewelry_Dataset_Final/images/uncategorized/50d5pafhbmaa002ea000033_3.jpg,,
T_51d5b1ffxaa40,Vibrant Regal Emerald Finger Ring,tanishq,2.608,22KT,Yellow,Gold,45202.0,gemstone,0.0,,,none,,Women,,https://www.tanishq.co.in/dw/image/v2/BKCK_PRD/on/demandware.static/-/Sites-Tanishq-product-catalog/default/dw4826a33d/images/hi-res/51D5B1FFXAA40_1.jpg,Tanishq_Jewelry_Dataset_Final/images/uncategorized/51d5b1ffxaa40_1.jpg|Tanishq_Jewelry_Dataset_Final/images/uncategorized/51d5b1ffxaa40_2.jpg|Tanishq_Jewelry_Dataset_Final/images/uncategorized/51d5b1ffxaa40_3.jpg,,
T_50e5c1famlaa022jd000004,Chevron Crown Diamond Ring,tanishq,2.336,18KT,Yellow,Gold,77936.0,diamond,0.247,,,Round,,Women,,https://www.tanishq.co.in/dw/image/v2/BKCK_PRD/on/demandware.static/-/Sites-Tanishq-product-catalog/default/dw9426f102/images/hi-res/50E5C1FAMAA02_1.jpg,Tanishq_Jewelry_Dataset_Final/images/uncategorized/50e5c1famlaa022jd000004_1.jpg|Tanishq_Jewelry_Dataset_Final/images/uncategorized/50e5c1famlaa022jd000004_2.jpg|Tanishq_Jewelry_Dataset_Final/images/uncategorized/50e5c1famlaa022jd000004_3.jpg,,
T_51f1kpfpraa00,Bold Eagle Ring for Men,tanishq,4.572,22KT,Yellow,Gold,80229.0,none,0.0,,,none,,Men,,https://www.tanishq.co.in/dw/image/v2/BKCK_PRD/on/demandware.static/-/Sites-Tanishq-product-catalog/default/dwfadf79a8/images/hi-res/51F1KPFPRAA00_1.jpg?sw=640&sh=640,Tanishq_Jewelry_Dataset_Final/images/uncategorized/51f1kpfpraa00_1.jpg|Tanishq_Jewelry_Dataset_Final/images/uncategorized/51f1kpfpraa00_2.jpg|Tanishq_Jewelry_Dataset_Final/images/uncategorized/51f1kpfpraa00_3.jpg,,
T_50d4arfenlaa022jd000004,Aurora Spark Diamond Ring,tanishq,1.427,18KT,Yellow,Gold,46983.0,diamond,0.15,,,Round,,Women,,https://www.tanishq.co.in/dw/image/v2/BKCK_PRD/on/demandware.static/-/Sites-Tanishq-product-catalog/default/dw5241f123/images/hi-res/50D4ARFENAA02_1.jpg?sw=640&sh=640,Tanishq_Jewelry_Dataset_Final/images/uncategorized/50d4arfenlaa022jd000004_1.jpg|Tanishq_Jewelry_Dataset_Final/images/uncategorized/50d4arfenlaa022jd000004_2.jpg|Tanishq_Jewelry_Dataset_Final/images/uncategorized/50d4arfenlaa022jd000004_3.jpg,,
T_50d5v2fatlaa022jd000056,Regal Vanki Diamond Ring,tanishq,2.702,18KT,Yellow,Gold,61236.0,diamond,0.12,,,Round,,Women,,https://www.tanishq.co.in/dw/image/v2/BKCK_PRD/on/demandware.static/-/Sites-Tanishq-product-catalog/default/dwd6b2f948/images/hi-res/50D5V2FATAA02_1.jpg,Tanishq_Jewelry_Dataset_Final/images/uncategorized/50d5v2fatlaa022jd000056_1.jpg|Tanishq_Jewelry_Dataset_Final/images/uncategorized/50d5v2fatlaa022jd000056_2.jpg|Tanishq_Jewelry_Dataset_Final/images/uncategorized/50d5v2fatlaa022jd000056_3.jpg,,
T_51m5i1fhnlaa002ja000004,Sunburst Charm Gold Ring,tanishq,2.324,22KT,Yellow,Gold,41277.0,none,0.0,,,none,,Women,,https://www.tanishq.co.in/on/demandware.static/-/Sites-Tanishq-product-catalog/default/dwd92b3ce2/images/hi-res/51M5I1FHNAA00_1.jpg,Tanishq_Jewelry_Dataset_Final/images/uncategorized/51m5i1fhnlaa002ja000004_1.jpg|Tanishq_Jewelry_Dataset_Final/images/uncategorized/51m5i1fhnlaa002ja000004_2.jpg|Tanishq_Jewelry_Dataset_Final/images/uncategorized/51m5i1fhnlaa002ja000004_3.jpg,,
T_50e5c1faglaa022jd000025,Eternal Shine Diamond Ring,tanishq,1.895,18KT,Yellow,Gold,68144.0,diamond,0.222,,,Round,,Women,,https://www.tanishq.co.in/dw/image/v2/BKCK_PRD/on/demandware.static/-/Sites-Tanishq-product-catalog/default/dw97fc89a3/images/hi-res/50E5C1FAGAA02_1.jpg,Tanishq_Jewelry_Dataset_Final/images/uncategorized/50e5c1faglaa022jd000025_1.jpg|Tanishq_Jewelry_Dataset_Final/images/uncategorized/50e5c1faglaa022jd000025_2.jpg|Tanishq_Jewelry_Dataset_Final/images/uncategorized/50e5c1faglaa022jd000025_3.jpg,,
T_50d5plfxylaa002ed000013,Blossom Aura Gold Ring,tanishq,3.553,18KT,Yellow,Gold,50392.0,none,0.0,,,none,,Women,,https://www.tanishq.co.in/dw/image/v2/BKCK_PRD/on/demandware.static/-/Sites-Tanishq-product-catalog/default/dwbd5dea4b/images/hi-res/50D5PLFXYAA00_1.jpg,Tanishq_Jewelry_Dataset_Final/images/uncategorized/50d5plfxylaa002ed000013_1.jpg|Tanishq_Jewelry_Dataset_Final/images/uncategorized/50d5plfxylaa002ed000013_2.jpg|Tanishq_Jewelry_Dataset_Final/images/uncategorized/50d5plfxylaa002ed000013_3.jpg,,
T_51d5p1fldaa00,Eternal Leaf Gold Ring,tanishq,2.044,22KT,Yellow,Gold,32964.0,none,0.0,,,none,,Women,,https://www.tanishq.co.in/dw/image/v2/BKCK_PRD/on/demandware.static/-/Sites-Tanishq-product-catalog/default/dwce10fa60/images/hi-res/51D5P1FLDAA00_1.jpg,Tanishq_Jewelry_Dataset_Final/images/uncategorized/51d5p1fldaa00_1.jpg|Tanishq_Jewelry_Dataset_Final/images/uncategorized/51d5p1fldaa00_2.jpg|Tanishq_Jewelry_Dataset_Final/images/uncategorized/51d5p1fldaa00_3.jpg,,
T_50d4arfeplaa022jd000004,Petal Poise Diamond Ring,tanishq,1.609,18KT,Yellow,Gold,42867.0,diamond,0.107,,,Round,,Women,,https://www.tanishq.co.in/on/demandware.static/-/Sites-Tanishq-product-catalog/default/dw6b84cd40/images/hi-res/50D4ARFEPAA02_1.jpg,Tanishq_Jewelry_Dataset_Final/images/uncategorized/50d4arfeplaa022jd000004_1.jpg|Tanishq_Jewelry_Dataset_Final/images/uncategorized/50d4arfeplaa022jd000004_2.jpg|Tanishq_Jewelry_Dataset_Final/images/uncategorized/50d4arfeplaa022jd000004_3.jpg,,
T_500816fqauab023ia000599,Charismatic Men's Square Matt Diamond Finger Ring,tanishq,5.973,18KT,Yellow,Gold,155213.0,diamond,0.359,,,Round,,Men,,https://www.tanishq.co.in/dw/image/v2/BKCK_PRD/on/demandware.static/-/Sites-Tanishq-product-catalog/default/dw39d688c6/images/hi-res/500816FQAAB02_1.jpg,Tanishq_Jewelry_Dataset_Final/images/uncategorized/500816fqauab023ia000599_1.jpg|Tanishq_Jewelry_Dataset_Final/images/uncategorized/500816fqauab023ia000599_2.jpg|Tanishq_Jewelry_Dataset_Final/images/uncategorized/500816fqauab023ia000599_3.jpg,,
T_513218foyaa00,Timeless Textured Gold Challa Ring for Men,tanishq,5.631,22KT,Yellow,Gold,98012.0,none,0.0,,,none,,Men,,https://www.tanishq.co.in/dw/image/v2/BKCK_PRD/on/demandware.static/-/Sites-Tanishq-product-catalog/default/dw4870b61b/images/hi-res/513218FOYAA00_1.jpg,Tanishq_Jewelry_Dataset_Final/images/uncategorized/513218foyaa00_1.jpg|Tanishq_Jewelry_Dataset_Final/images/uncategorized/513218foyaa00_2.jpg,,
T_503119fbnaa02,Glorious 18 Karat Rose Gold And Diamond Square Ring,tanishq,5.511,18KT,Rose,Gold,139402.0,diamond,0.395,,,Round,,Women,,https://www.tanishq.co.in/on/demandware.static/-/Sites-Tanishq-product-catalog/default/dwf6754bc0/images/hi-res/503119FBNAA02_1.jpg,Tanishq_Jewelry_Dataset_Final/images/uncategorized/503119fbnaa02_1.jpg,,
T_50d5jsfeeaa09,Minimal Bloom Diamond Ring,tanishq,1.158,18KT,Yellow,Gold,31374.0,diamond,0.095,,,Round,,Women,,https://www.tanishq.co.in/dw/image/v2/BKCK_PRD/on/demandware.static/-/Sites-Tanishq-product-catalog/default/dw2fcf0dff/images/hi-res/50D5JSFEEAA09_1.jpg,Tanishq_Jewelry_Dataset_Final/images/uncategorized/50d5jsfeeaa09_1.jpg|Tanishq_Jewelry_Dataset_Final/images/uncategorized/50d5jsfeeaa09_2.jpg|Tanishq_Jewelry_Dataset_Final/images/uncategorized/50d5jsfeeaa09_3.jpg|Tanishq_Jewelry_Dataset_Final/images/uncategorized/50d5jsfeeaa09_4.jpg,,
T_50d5l1framaa092jd000002,Star Bloom Diamond Ring,tanishq,1.367,18KT,Yellow,Gold,24811.0,diamond,0.036,,,Round,,Women,,https://www.tanishq.co.in/dw/image/v2/BKCK_PRD/on/demandware.static/-/Sites-Tanishq-product-catalog/default/dwb618a8c3/images/hi-res/50D5L1FRAAA09_1.jpg,Tanishq_Jewelry_Dataset_Final/images/uncategorized/50d5l1framaa092jd000002_1.jpg|Tanishq_Jewelry_Dataset_Final/images/uncategorized/50d5l1framaa092jd000002_2.jpg|Tanishq_Jewelry_Dataset_Final/images/uncategorized/50d5l1framaa092jd000002_3.jpg,,
T_50d5h3frdaa09,Geometric Bow Diamond Ring,tanishq,1.311,18KT,Yellow,Gold,24133.0,diamond,0.032,,,Round,,Women,,https://www.tanishq.co.in/dw/image/v2/BKCK_PRD/on/demandware.static/-/Sites-Tanishq-product-catalog/default/dw40090bf2/images/hi-res/50D5H3FRDAA09_1.jpg,Tanishq_Jewelry_Dataset_Final/images/uncategorized/50d5h3frdaa09_1.jpg|Tanishq_Jewelry_Dataset_Final/images/uncategorized/50d5h3frdaa09_2.jpg|Tanishq_Jewelry_Dataset_Final/images/uncategorized/50d5h3frdaa09_3.jpg,,
T_511017FEVAB00,Sculpted Gold Finger Ring for Men,tanishq,5.159,22KT,Yellow,Gold,82100.0,none,0.0,,,none,,Men,,https://www.tanishq.co.in/dw/image/v2/BKCK_PRD/on/demandware.static/-/Sites-Tanishq-product-catalog/default/dw21058e50/images/hi-res/511017FEVAB00_1.jpg,Tanishq_Jewelry_Dataset_Final/images/uncategorized/511017FEVAB00_1.jpg|Tanishq_Jewelry_Dataset_Final/images/uncategorized/511017FEVAB00_2.jpg|Tanishq_Jewelry_Dataset_Final/images/uncategorized/511017FEVAB00_3.jpg,,
T_50d5s2fcmlaa092ja000049,Sparkle Tide Diamond Ring,tanishq,2.284,18KT,Yellow,Gold,65567.0,diamond,0.227,,,Round,,Women,,https://www.tanishq.co.in/on/demandware.static/-/Sites-Tanishq-product-catalog/default/dwc35c8f0b/images/hi-res/50D5S2FCMAA09_1.jpg,Tanishq_Jewelry_Dataset_Final/images/uncategorized/50d5s2fcmlaa092ja000049_1.jpg|Tanishq_Jewelry_Dataset_Final/images/uncategorized/50d5s2fcmlaa092ja000049_2.jpg|Tanishq_Jewelry_Dataset_Final/images/uncategorized/50d5s2fcmlaa092ja000049_3.jpg,,
T_51e5c1fdgaa00,Royal Halo Gold Ring,tanishq,3.017,22KT,Yellow,Gold,52728.0,none,0.0,,,none,,Women,,https://www.tanishq.co.in/dw/image/v2/BKCK_PRD/on/demandware.static/-/Sites-Tanishq-product-catalog/default/dwe3e93358/images/hi-res/51E5C1FDGAA00_1.jpg?sw=640&sh=640,Tanishq_Jewelry_Dataset_Final/images/uncategorized/51e5c1fdgaa00_1.jpg|Tanishq_Jewelry_Dataset_Final/images/uncategorized/51e5c1fdgaa00_2.jpg|Tanishq_Jewelry_Dataset_Final/images/uncategorized/51e5c1fdgaa00_3.jpg,,
T_50d5l1ffkaa29,Delicate Charm Diamond Ring,tanishq,2.695,18KT,Yellow,Gold,41328.0,diamond,0.025,,,Round,,Women,,https://www.tanishq.co.in/dw/image/v2/BKCK_PRD/on/demandware.static/-/Sites-Tanishq-product-catalog/default/dwdd48bc56/images/hi-res/50D5L1FFKAA29_1.jpg,Tanishq_Jewelry_Dataset_Final/images/uncategorized/50d5l1ffkaa29_1.jpg|Tanishq_Jewelry_Dataset_Final/images/uncategorized/50d5l1ffkaa29_2.jpg|Tanishq_Jewelry_Dataset_Final/images/uncategorized/50d5l1ffkaa29_3.jpg,,
T_51d5l2feslaa002ba000001,Twin Leaf Gold Ring,tanishq,2.433,22KT,Yellow,Gold,42348.0,none,0.0,,,none,,Women,,https://www.tanishq.co.in/dw/image/v2/BKCK_PRD/on/demandware.static/-/Sites-Tanishq-product-catalog/default/dwcac9b21d/images/hi-res/51D5L2FESAA00_1.jpg?sw=640&sh=640,Tanishq_Jewelry_Dataset_Final/images/uncategorized/51d5l2feslaa002ba000001_1.jpg|Tanishq_Jewelry_Dataset_Final/images/uncategorized/51d5l2feslaa002ba000001_2.jpg|Tanishq_Jewelry_Dataset_Final/images/uncategorized/51d5l2feslaa002ba000001_3.jpg|Tanishq_Jewelry_Dataset_Final/images/uncategorized/51d5l2feslaa002ba000001_4.jpg,,
T_512619fgoaa00,Eternal Om Gold Finger Ring,tanishq,0.792,22KT,Yellow,Gold,13448.0,none,0.0,,,none,,Women,,https://www.tanishq.co.in/dw/image/v2/BKCK_PRD/on/demandware.static/-/Sites-Tanishq-product-catalog/default/dw18e615c3/images/hi-res/512619FGOAA00_1.jpg?sw=640&sh=640,Tanishq_Jewelry_Dataset_Final/images/uncategorized/512619fgoaa00_1.jpg|Tanishq_Jewelry_Dataset_Final/images/uncategorized/512619fgoaa00_2.jpg|Tanishq_Jewelry_Dataset_Final/images/uncategorized/512619fgoaa00_3.jpg,,
T_50d5b1fbdaa02,Chic Regal Diamond Finger Ring,tanishq,3.343,18KT,Yellow,Gold,119063.0,diamond,0.4,,,Round,,Women,,https://www.tanishq.co.in/dw/image/v2/BKCK_PRD/on/demandware.static/-/Sites-Tanishq-product-catalog/default/dwfe873f46/images/hi-res/50D5B1FBDAA02_1.jpg,Tanishq_Jewelry_Dataset_Final/images/uncategorized/50d5b1fbdaa02_1.jpg|Tanishq_Jewelry_Dataset_Final/images/uncategorized/50d5b1fbdaa02_2.jpg|Tanishq_Jewelry_Dataset_Final/images/uncategorized/50d5b1fbdaa02_3.jpg,,
T_50d5dtfarlaa022jd000022,Urban Edge Diamond Ring,tanishq,1.666,18KT,Yellow,Gold,44646.0,diamond,0.114,,,Round,,Women,,https://www.tanishq.co.in/dw/image/v2/BKCK_PRD/on/demandware.static/-/Sites-Tanishq-product-catalog/default/dw99673f16/images/hi-res/50D5DTFARAA02_1.jpg?sw=640&sh=640,Tanishq_Jewelry_Dataset_Final/images/uncategorized/50d5dtfarlaa022jd000022_1.jpg|Tanishq_Jewelry_Dataset_Final/images/uncategorized/50d5dtfarlaa022jd000022_2.jpg|Tanishq_Jewelry_Dataset_Final/images/uncategorized/50d5dtfarlaa022jd000022_3.jpg,,
T_50m5v2fhvaa00,Dual Curve Gold Ring,tanishq,3.391,18KT,Yellow,Gold,49277.0,none,0.0,,,none,,Women,,https://www.tanishq.co.in/dw/image/v2/BKCK_PRD/on/demandware.static/-/Sites-Tanishq-product-catalog/default/dw143c8432/images/hi-res/50M5V2FHVAA00_1.jpg?sw=640&sh=640,Tanishq_Jewelry_Dataset_Final/images/uncategorized/50m5v2fhvaa00_1.jpg|Tanishq_Jewelry_Dataset_Final/images/uncategorized/50m5v2fhvaa00_2.jpg|Tanishq_Jewelry_Dataset_Final/images/uncategorized/50m5v2fhvaa00_3.jpg,,
T_50d5b2febaa02,Parallel Sparkle Diamond Ring,tanishq,2.398,18KT,Rose,Gold,67512.0,diamond,0.18,,,Round,,Women,,https://www.tanishq.co.in/dw/image/v2/BKCK_PRD/on/demandware.static/-/Sites-Tanishq-product-catalog/default/dwfb638e16/images/hi-res/50D5B2FEBAA02_1.jpg,Tanishq_Jewelry_Dataset_Final/images/uncategorized/50d5b2febaa02_1.jpg|Tanishq_Jewelry_Dataset_Final/images/uncategorized/50d5b2febaa02_2.jpg|Tanishq_Jewelry_Dataset_Final/images/uncategorized/50d5b2febaa02_3.jpg,,
T_50d3i1fhelaa093ia000055,Radiant Curve Diamond Finger Ring,tanishq,2.461,18KT,Rose,Gold,50535.0,diamond,0.105,,,Round,,Women,,https://www.tanishq.co.in/dw/image/v2/BKCK_PRD/on/demandware.static/-/Sites-Tanishq-product-catalog/default/dw6f7c8b2f/images/hi-res/50D3I1FHEAA09_1.jpg,Tanishq_Jewelry_Dataset_Final/images/uncategorized/50d3i1fhelaa093ia000055_1.jpg|Tanishq_Jewelry_Dataset_Final/images/uncategorized/50d3i1fhelaa093ia000055_2.jpg|Tanishq_Jewelry_Dataset_Final/images/uncategorized/50d3i1fhelaa093ia000055_3.jpg,,
T_50g5b1fjvaa02,Edgy Matrix Diamond Finger Ring for Men,tanishq,3.622,18KT,Rose,Gold,121989.0,diamond,0.36,,,Round,,Men,,https://www.tanishq.co.in/dw/image/v2/BKCK_PRD/on/demandware.static/-/Sites-Tanishq-product-catalog/default/dw6b4af2e8/images/hi-res/50G5B1FJVAA02_1.jpg?sw=640&sh=640,Tanishq_Jewelry_Dataset_Final/images/uncategorized/50g5b1fjvaa02_1.jpg|Tanishq_Jewelry_Dataset_Final/images/uncategorized/50g5b1fjvaa02_2.jpg|Tanishq_Jewelry_Dataset_Final/images/uncategorized/50g5b1fjvaa02_3.jpg,,
T_51d6m1fmclaa002ja000003,Luminous Axis Gold Ring,tanishq,2.221,22KT,Yellow,Gold,35818.0,none,0.0,,,none,,Women,,https://www.tanishq.co.in/dw/image/v2/BKCK_PRD/on/demandware.static/-/Sites-Tanishq-product-catalog/default/dw4add98ea/images/hi-res/51D6M1FMCAA00_1.jpg?sw=640&sh=640,Tanishq_Jewelry_Dataset_Final/images/uncategorized/51d6m1fmclaa002ja000003_1.jpg|Tanishq_Jewelry_Dataset_Final/images/uncategorized/51d6m1fmclaa002ja000003_2.jpg|Tanishq_Jewelry_Dataset_Final/images/uncategorized/51d6m1fmclaa002ja000003_3.jpg|Tanishq_Jewelry_Dataset_Final/images/uncategorized/51d6m1fmclaa002ja000003_4.jpg,,
T_51g5c1fhuaacz,Modern Crest Gold Ring for Men,tanishq,3.253,22KT,Yellow,Gold,56492.0,none,0.0,,,none,,Men,,https://www.tanishq.co.in/on/demandware.static/-/Sites-Tanishq-product-catalog/default/dw3492a3e7/images/hi-res/51G5C1FHUAACZ_1.jpg,Tanishq_Jewelry_Dataset_Final/images/uncategorized/51g5c1fhuaacz_1.jpg|Tanishq_Jewelry_Dataset_Final/images/uncategorized/51g5c1fhuaacz_2.jpg|Tanishq_Jewelry_Dataset_Final/images/uncategorized/51g5c1fhuaacz_3.jpg,,
T_513518FCMAA00,Grand Filigree Finger Ring,tanishq,7.624,22KT,Yellow,Gold,136494.0,none,0.0,,,none,,Women,,https://www.tanishq.co.in/dw/image/v2/BKCK_PRD/on/demandware.static/-/Sites-Tanishq-product-catalog/default/dwc53dbe4a/images/hi-res/513518FCMAA00_1.jpg,Tanishq_Jewelry_Dataset_Final/images/uncategorized/513518FCMAA00_1.jpg|Tanishq_Jewelry_Dataset_Final/images/uncategorized/513518FCMAA00_2.jpg|Tanishq_Jewelry_Dataset_Final/images/uncategorized/513518FCMAA00_3.jpg,,
T_502011felab02,Traditional Pointer Single Stone Diamond Ring for Men,tanishq,5.436,18KT,Yellow,Gold,90401.0,diamond,0.095,,,Round,,Men,,https://www.tanishq.co.in/dw/image/v2/BKCK_PRD/on/demandware.static/-/Sites-Tanishq-product-catalog/default/dwae119b35/images/hi-res/502011FELAB02_1.jpg,Tanishq_Jewelry_Dataset_Final/images/uncategorized/502011felab02_1.jpg|Tanishq_Jewelry_Dataset_Final/images/uncategorized/502011felab02_2.jpg|Tanishq_Jewelry_Dataset_Final/images/uncategorized/502011felab02_3.jpg,,
T_50d4arfelaa02,Eternal Glow Diamond Ring,tanishq,1.937,18KT,Yellow,Gold,55806.0,diamond,0.15,,,Round,,Women,,https://www.tanishq.co.in/dw/image/v2/BKCK_PRD/on/demandware.static/-/Sites-Tanishq-product-catalog/default/dwb6aed622/images/hi-res/50D4ARFELAA02_1.jpg?sw=640&sh=640,Tanishq_Jewelry_Dataset_Final/images/uncategorized/50d4arfelaa02_1.jpg|Tanishq_Jewelry_Dataset_Final/images/uncategorized/50d4arfelaa02_2.jpg|Tanishq_Jewelry_Dataset_Final/images/uncategorized/50d4arfelaa02_3.jpg,,
T_51d5b1flslaa182ba000002,Climber Spark Ring,tanishq,3.03,22KT,Yellow,Gold,51092.0,none,0.0,,,none,,Women,,https://www.tanishq.co.in/on/demandware.static/-/Sites-Tanishq-product-catalog/default/dw4d1dd21b/images/hi-res/51D5B1FLSAA18_1.jpg,Tanishq_Jewelry_Dataset_Final/images/uncategorized/51d5b1flslaa182ba000002_1.jpg|Tanishq_Jewelry_Dataset_Final/images/uncategorized/51d5b1flslaa182ba000002_2.jpg|Tanishq_Jewelry_Dataset_Final/images/uncategorized/51d5b1flslaa182ba000002_3.jpg,,
T_50d5v2fbglaa022bd000020,Eternal Petals Diamond Ring,tanishq,2.551,18KT,Rose,Gold,90692.0,diamond,0.3,,,Round,,Women,,https://www.tanishq.co.in/dw/image/v2/BKCK_PRD/on/demandware.static/-/Sites-Tanishq-product-catalog/default/dwfb755f82/images/hi-res/50D5V2FBGAA02_1.jpg,Tanishq_Jewelry_Dataset_Final/images/uncategorized/50d5v2fbglaa022bd000020_1.jpg|Tanishq_Jewelry_Dataset_Final/images/uncategorized/50d5v2fbglaa022bd000020_2.jpg|Tanishq_Jewelry_Dataset_Final/images/uncategorized/50d5v2fbglaa022bd000020_3.jpg|Tanishq_Jewelry_Dataset_Final/images/uncategorized/50d5v2fbglaa022bd000020_4.jpg,,
T_51d5b1floaa18,Cross Floral Ring,tanishq,2.9,22KT,Yellow,Gold,50354.0,gemstone,0.0,,,none,,Women,,https://www.tanishq.co.in/on/demandware.static/-/Sites-Tanishq-product-catalog/default/dw4714c609/images/hi-res/51D5B1FLOAA18_1.jpg,Tanishq_Jewelry_Dataset_Final/images/uncategorized/51d5b1floaa18_1.jpg|Tanishq_Jewelry_Dataset_Final/images/uncategorized/51d5b1floaa18_2.jpg|Tanishq_Jewelry_Dataset_Final/images/uncategorized/51d5b1floaa18_3.jpg,,
T_51e5c1fcaaa00,Ornate Arch Gold Ring,tanishq,3.34,22KT,Yellow,Gold,58373.0,none,0.0,,,none,,Women,,https://www.tanishq.co.in/dw/image/v2/BKCK_PRD/on/demandware.static/-/Sites-Tanishq-product-catalog/default/dwe56ec211/images/hi-res/51E5C1FCAAA00_1.jpg,Tanishq_Jewelry_Dataset_Final/images/uncategorized/51e5c1fcaaa00_1.jpg|Tanishq_Jewelry_Dataset_Final/images/uncategorized/51e5c1fcaaa00_2.jpg|Tanishq_Jewelry_Dataset_Final/images/uncategorized/51e5c1fcaaa00_3.jpg,,
T_50d5d2fdfaa02,Sparkling Petal Diamond Ring,tanishq,3.441,18KT,Yellow,Gold,84992.0,diamond,0.198,,,Round,,Women,,https://www.tanishq.co.in/on/demandware.static/-/Sites-Tanishq-product-catalog/default/dw37cc911c/images/hi-res/50D5D2FDFAA02_1.jpg,Tanishq_Jewelry_Dataset_Final/images/uncategorized/50d5d2fdfaa02_1.jpg|Tanishq_Jewelry_Dataset_Final/images/uncategorized/50d5d2fdfaa02_2.jpg|Tanishq_Jewelry_Dataset_Final/images/uncategorized/50d5d2fdfaa02_3.jpg,,
T_50d5fdfcelaa092bd000004,Blossom Halo Diamond Ring,tanishq,1.126,18KT,Rose,Gold,25588.0,diamond,0.07,,,Round,,Women,,https://www.tanishq.co.in/on/demandware.static/-/Sites-Tanishq-product-catalog/default/dw6887e4aa/images/hi-res/50D5FDFCEAA09_1.jpg,Tanishq_Jewelry_Dataset_Final/images/uncategorized/50d5fdfcelaa092bd000004_1.jpg|Tanishq_Jewelry_Dataset_Final/images/uncategorized/50d5fdfcelaa092bd000004_2.jpg|Tanishq_Jewelry_Dataset_Final/images/uncategorized/50d5fdfcelaa092bd000004_3.jpg,,
T_50d5pafctaa00,Mandala Bloom Gold Ring,tanishq,5.427,18KT,Yellow,Gold,78549.0,none,0.0,,,none,,Women,,https://www.tanishq.co.in/on/demandware.static/-/Sites-Tanishq-product-catalog/default/dw2d94987c/images/hi-res/50D5PAFCTAA00_1.jpg,Tanishq_Jewelry_Dataset_Final/images/uncategorized/50d5pafctaa00_1.jpg|Tanishq_Jewelry_Dataset_Final/images/uncategorized/50d5pafctaa00_2.jpg|Tanishq_Jewelry_Dataset_Final/images/uncategorized/50d5pafctaa00_3.jpg,,
T_504015folaa02,Modern Charm Diamond Ring For Men,tanishq,5.501,18KT,Rose,Gold,124755.0,diamond,0.2,,,Round,,Men,,https://www.tanishq.co.in/dw/image/v2/BKCK_PRD/on/demandware.static/-/Sites-Tanishq-product-catalog/default/dw50371308/images/hi-res/504015FOLAA02_1.jpg?sw=640&sh=640,Tanishq_Jewelry_Dataset_Final/images/uncategorized/504015folaa02_1.jpg|Tanishq_Jewelry_Dataset_Final/images/uncategorized/504015folaa02_2.jpg|Tanishq_Jewelry_Dataset_Final/images/uncategorized/504015folaa02_3.jpg,,
T_51g5amfcctaa002ja000008,Wave Crest Gold Ring For Men,tanishq,7.389,22KT,Yellow,Gold,133336.0,none,0.0,,,none,,Men,,https://www.tanishq.co.in/dw/image/v2/BKCK_PRD/on/demandware.static/-/Sites-Tanishq-product-catalog/default/dw1e729c67/images/hi-res/51G5AMFCCAA00_1.jpg,Tanishq_Jewelry_Dataset_Final/images/uncategorized/51g5amfcctaa002ja000008_1.jpg|Tanishq_Jewelry_Dataset_Final/images/uncategorized/51g5amfcctaa002ja000008_2.jpg|Tanishq_Jewelry_Dataset_Final/images/uncategorized/51g5amfcctaa002ja000008_3.jpg,,
T_50g5c1fgjraa022jd000017,Bold Lattice Diamond Ring For Men,tanishq,6.119,18KT,Yellow,Gold,131503.0,diamond,0.259,,,Round,,Men,,https://www.tanishq.co.in/dw/image/v2/BKCK_PRD/on/demandware.static/-/Sites-Tanishq-product-catalog/default/dw9e5346a1/images/hi-res/50G5C1FGJAA02_1.jpg,Tanishq_Jewelry_Dataset_Final/images/uncategorized/50g5c1fgjraa022jd000017_1.jpg|Tanishq_Jewelry_Dataset_Final/images/uncategorized/50g5c1fgjraa022jd000017_2.jpg|Tanishq_Jewelry_Dataset_Final/images/uncategorized/50g5c1fgjraa022jd000017_3.jpg,,
T_512d18fbeaa00,Stylish Gold Mesh Ring for Men,tanishq,3.33,22KT,Yellow,Gold,58435.0,none,0.0,,,none,,Men,,https://www.tanishq.co.in/dw/image/v2/BKCK_PRD/on/demandware.static/-/Sites-Tanishq-product-catalog/default/dwbf08ef65/images/hi-res/512D18FBEAA00_1.jpg,Tanishq_Jewelry_Dataset_Final/images/uncategorized/512d18fbeaa00_1.jpg|Tanishq_Jewelry_Dataset_Final/images/uncategorized/512d18fbeaa00_2.jpg|Tanishq_Jewelry_Dataset_Final/images/uncategorized/512d18fbeaa00_3.jpg,,
T_51d1scfgtlaa002ja001211,Effortless Chic Ring,tanishq,2.306,22KT,Yellow,Gold,40138.0,none,0.0,,,none,,Women,,https://www.tanishq.co.in/dw/image/v2/BKCK_PRD/on/demandware.static/-/Sites-Tanishq-product-catalog/default/dw69bcc2b8/images/hi-res/51D1SCFGTAA00_1.jpg,Tanishq_Jewelry_Dataset_Final/images/uncategorized/51d1scfgtlaa002ja001211_1.jpg|Tanishq_Jewelry_Dataset_Final/images/uncategorized/51d1scfgtlaa002ja001211_2.jpg|Tanishq_Jewelry_Dataset_Final/images/uncategorized/51d1scfgtlaa002ja001211_3.jpg,,
T_50d5l1ffbaa09,Luminous Orbit Diamond Ring,tanishq,3.97,18KT,Yellow,Gold,68214.0,diamond,0.08,,,Round,,Women,,https://www.tanishq.co.in/dw/image/v2/BKCK_PRD/on/demandware.static/-/Sites-Tanishq-product-catalog/default/dw096f74ca/images/hi-res/50D5L1FFBAA09_1.jpg,Tanishq_Jewelry_Dataset_Final/images/uncategorized/50d5l1ffbaa09_1.jpg|Tanishq_Jewelry_Dataset_Final/images/uncategorized/50d5l1ffbaa09_2.jpg|Tanishq_Jewelry_Dataset_Final/images/uncategorized/50d5l1ffbaa09_3.jpg,,
T_50d5jsfegaa29,Scarlet Petal Diamond Ring,tanishq,2.125,18KT,Yellow,Gold,44918.0,diamond,0.11,,,Round,,Women,,https://www.tanishq.co.in/dw/image/v2/BKCK_PRD/on/demandware.static/-/Sites-Tanishq-product-catalog/default/dw82e741e5/images/hi-res/50D5JSFEGAA29_1.jpg,Tanishq_Jewelry_Dataset_Final/images/uncategorized/50d5jsfegaa29_1.jpg|Tanishq_Jewelry_Dataset_Final/images/uncategorized/50d5jsfegaa29_2.jpg|Tanishq_Jewelry_Dataset_Final/images/uncategorized/50d5jsfegaa29_3.jpg,,
T_50d5pafcjlaa002eb000012,Floral Crown Gold Ring,tanishq,5.912,18KT,Yellow,Gold,85225.0,none,0.0,,,none,,Women,,https://www.tanishq.co.in/dw/image/v2/BKCK_PRD/on/demandware.static/-/Sites-Tanishq-product-catalog/default/dwb89dc5b7/images/hi-res/50D5PAFCJAA00_1.jpg?sw=640&sh=640,Tanishq_Jewelry_Dataset_Final/images/uncategorized/50d5pafcjlaa002eb000012_1.jpg|Tanishq_Jewelry_Dataset_Final/images/uncategorized/50d5pafcjlaa002eb000012_2.jpg|Tanishq_Jewelry_Dataset_Final/images/uncategorized/50d5pafcjlaa002eb000012_3.jpg,,
T_50d4arfeiaa02,Geometric Gleam Diamond Ring,tanishq,1.625,18KT,Yellow,Gold,50661.0,diamond,0.15,,,Round,,Women,,https://www.tanishq.co.in/on/demandware.static/-/Sites-Tanishq-product-catalog/default/dw6804bef2/images/hi-res/50D4ARFEIAA02_1.jpg,Tanishq_Jewelry_Dataset_Final/images/uncategorized/50d4arfeiaa02_1.jpg|Tanishq_Jewelry_Dataset_Final/images/uncategorized/50d4arfeiaa02_2.jpg|Tanishq_Jewelry_Dataset_Final/images/uncategorized/50d4arfeiaa02_3.jpg,,
T_512313fjqaa00,Simple Gold Ring,tanishq,0.729,22KT,Yellow,Gold,11705.0,none,0.0,,,none,,Women,,https://www.tanishq.co.in/on/demandware.static/-/Sites-Tanishq-product-catalog/default/dwcac376d4/images/hi-res/512313FJQAA00_1.jpg,Tanishq_Jewelry_Dataset_Final/images/uncategorized/512313fjqaa00_1.jpg|Tanishq_Jewelry_Dataset_Final/images/uncategorized/512313fjqaa00_2.jpg|Tanishq_Jewelry_Dataset_Final/images/uncategorized/512313fjqaa00_3.jpg,,
T_50d5b2feaaa02,Enchanted Bloom Diamond Ring,tanishq,2.291,18KT,Rose,Gold,93265.0,diamond,0.337,,,Round,,Women,,https://www.tanishq.co.in/dw/image/v2/BKCK_PRD/on/demandware.static/-/Sites-Tanishq-product-catalog/default/dw8aa2f470/images/hi-res/50D5B2FEAAA02_1.jpg?sw=640&sh=640,Tanishq_Jewelry_Dataset_Final/images/uncategorized/50d5b2feaaa02_1.jpg|Tanishq_Jewelry_Dataset_Final/images/uncategorized/50d5b2feaaa02_2.jpg|Tanishq_Jewelry_Dataset_Final/images/uncategorized/50d5b2feaaa02_3.jpg,,
T_50e5b1fefaa02,Luxe Knot Diamond Finger Ring,tanishq,2.915,18KT,Yellow,Gold,79062.0,diamond,0.209,,,Round,,Women,,https://www.tanishq.co.in/dw/image/v2/BKCK_PRD/on/demandware.static/-/Sites-Tanishq-product-catalog/default/dw84b36530/images/hi-res/50E5B1FEFAA02_1.jpg?sw=640&sh=640,Tanishq_Jewelry_Dataset_Final/images/uncategorized/50e5b1fefaa02_1.jpg|Tanishq_Jewelry_Dataset_Final/images/uncategorized/50e5b1fefaa02_2.jpg|Tanishq_Jewelry_Dataset_Final/images/uncategorized/50e5b1fefaa02_3.jpg,,
T_51m4c1fffaa00,Grace Wrap Gold Ring,tanishq,1.522,22KT,Yellow,Gold,26492.0,none,0.0,,,none,,Women,,https://www.tanishq.co.in/on/demandware.static/-/Sites-Tanishq-product-catalog/default/dwc33213e5/images/hi-res/51M4C1FFFAA00_1.jpg,Tanishq_Jewelry_Dataset_Final/images/uncategorized/51m4c1fffaa00_1.jpg|Tanishq_Jewelry_Dataset_Final/images/uncategorized/51m4c1fffaa00_2.jpg|Tanishq_Jewelry_Dataset_Final/images/uncategorized/51m4c1fffaa00_3.jpg,,
T_500494fwapaa023ia708070,Ridged Single Stone Diamond Ring,tanishq,3.599,18KT,Yellow,Gold,73631.0,diamond,0.128,,,Round,,Women,,https://www.tanishq.co.in/dw/image/v2/BKCK_PRD/on/demandware.static/-/Sites-Tanishq-product-catalog/default/dw78e1166d/images/hi-res/500494FWAAA02_1.jpg,Tanishq_Jewelry_Dataset_Final/images/uncategorized/500494fwapaa023ia708070_1.jpg|Tanishq_Jewelry_Dataset_Final/images/uncategorized/500494fwapaa023ia708070_2.jpg|Tanishq_Jewelry_Dataset_Final/images/uncategorized/500494fwapaa023ia708070_3.jpg,,
T_51e5c1fcsaa00,Rope Lattice Gold Ring,tanishq,3.574,22KT,Yellow,Gold,62462.0,none,0.0,,,none,,Women,,https://www.tanishq.co.in/dw/image/v2/BKCK_PRD/on/demandware.static/-/Sites-Tanishq-product-catalog/default/dw029fb3bb/images/hi-res/51E5C1FCSAA00_1.jpg,Tanishq_Jewelry_Dataset_Final/images/uncategorized/51e5c1fcsaa00_1.jpg|Tanishq_Jewelry_Dataset_Final/images/uncategorized/51e5c1fcsaa00_2.jpg|Tanishq_Jewelry_Dataset_Final/images/uncategorized/51e5c1fcsaa00_3.jpg,,
T_512619fhfaa00,Leaf Gold Finger Ring,tanishq,1.29,22KT,Yellow,Gold,22637.0,none,0.0,,,none,,Women,,https://www.tanishq.co.in/on/demandware.static/-/Sites-Tanishq-product-catalog/default/dwd4dbcf88/images/hi-res/512619FHFAA00_1.jpg,Tanishq_Jewelry_Dataset_Final/images/uncategorized/512619fhfaa00_1.jpg|Tanishq_Jewelry_Dataset_Final/images/uncategorized/512619fhfaa00_2.jpg|Tanishq_Jewelry_Dataset_Final/images/uncategorized/512619fhfaa00_3.jpg,,
T_50d5fdfvk3a09,Sculpted Beadwork Diamond Ring,tanishq,4.3,18KT,Yellow,Gold,100372.0,diamond,0.268,,,Round,,Women,,https://www.tanishq.co.in/dw/image/v2/BKCK_PRD/on/demandware.static/-/Sites-Tanishq-product-catalog/default/dwe571f83e/images/hi-res/50D5FDFVK3A09_1.jpg,Tanishq_Jewelry_Dataset_Final/images/uncategorized/50d5fdfvk3a09_1.jpg|Tanishq_Jewelry_Dataset_Final/images/uncategorized/50d5fdfvk3a09_2.jpg|Tanishq_Jewelry_Dataset_Final/images/uncategorized/50d5fdfvk3a09_3.jpg|Tanishq_Jewelry_Dataset_Final/images/uncategorized/50d5fdfvk3a09_4.jpg|Tanishq_Jewelry_Dataset_Final/images/uncategorized/50d5fdfvk3a09_5.jpg|Tanishq_Jewelry_Dataset_Final/images/uncategorized/50d5fdfvk3a09_6.jpg,,
T_512218fdhaa00,Regal 22 Karat Gold Ganesha Ring,tanishq,6.909,22KT,Yellow,Gold,121239.0,none,0.0,,,none,,Women,,https://www.tanishq.co.in/on/demandware.static/-/Sites-Tanishq-product-catalog/default/dw01a3fcd4/images/hi-res/512218FDHAA00_1.jpg,Tanishq_Jewelry_Dataset_Final/images/uncategorized/512218fdhaa00_1.jpg|Tanishq_Jewelry_Dataset_Final/images/uncategorized/512218fdhaa00_2.jpg|Tanishq_Jewelry_Dataset_Final/images/uncategorized/512218fdhaa00_3.jpg,,
T_516061FGNAA00,Sophisticated Chic Ring,tanishq,2.351,22KT,Yellow,Gold,40921.0,none,0.0,,,none,,Women,,https://www.tanishq.co.in/dw/image/v2/BKCK_PRD/on/demandware.static/-/Sites-Tanishq-product-catalog/default/dwb003d1a9/images/hi-res/516061FGNAA00_1.jpg,Tanishq_Jewelry_Dataset_Final/images/uncategorized/516061FGNAA00_1.jpg|Tanishq_Jewelry_Dataset_Final/images/uncategorized/516061FGNAA00_2.jpg|Tanishq_Jewelry_Dataset_Final/images/uncategorized/516061FGNAA00_3.jpg|Tanishq_Jewelry_Dataset_Final/images/uncategorized/516061FGNAA00_4.jpg,,
T_50d5b2fhvaa02,Chic Prism Diamond Finger Ring,tanishq,2.605,18KT,Yellow,Gold,96611.0,diamond,0.33,,,Round,,Women,,https://www.tanishq.co.in/dw/image/v2/BKCK_PRD/on/demandware.static/-/Sites-Tanishq-product-catalog/default/dwb9a3de95/images/hi-res/50D5B2FHVAA02_1.jpg,Tanishq_Jewelry_Dataset_Final/images/uncategorized/50d5b2fhvaa02_1.jpg|Tanishq_Jewelry_Dataset_Final/images/uncategorized/50d5b2fhvaa02_2.jpg|Tanishq_Jewelry_Dataset_Final/images/uncategorized/50d5b2fhvaa02_3.jpg,,
T_50d5h2fqllaa022ja000018,Serene Wave Diamond Ring,tanishq,4.312,18KT,Yellow,Gold,87197.0,diamond,0.14,,,Round,,Women,,https://www.tanishq.co.in/dw/image/v2/BKCK_PRD/on/demandware.static/-/Sites-Tanishq-product-catalog/default/dw104529c4/images/hi-res/50D5H2FQLAA02_1.jpg,Tanishq_Jewelry_Dataset_Final/images/uncategorized/50d5h2fqllaa022ja000018_1.jpg|Tanishq_Jewelry_Dataset_Final/images/uncategorized/50d5h2fqllaa022ja000018_2.jpg|Tanishq_Jewelry_Dataset_Final/images/uncategorized/50d5h2fqllaa022ja000018_3.jpg|Tanishq_Jewelry_Dataset_Final/images/uncategorized/50d5h2fqllaa022ja000018_4.jpg,,
T_50e5a1faanaa322jh000002,Gleaming Twin Diamond Finger Ring,tanishq,2.959,18KT,Yellow,Gold,72637.0,diamond,0.156,,,Round,,Women,,https://www.tanishq.co.in/on/demandware.static/-/Sites-Tanishq-product-catalog/default/dw1ec7887b/images/hi-res/50E5A1FAAAA32_1.jpg,Tanishq_Jewelry_Dataset_Final/images/uncategorized/50e5a1faanaa322jh000002_1.jpg|Tanishq_Jewelry_Dataset_Final/images/uncategorized/50e5a1faanaa322jh000002_2.jpg|Tanishq_Jewelry_Dataset_Final/images/uncategorized/50e5a1faanaa322jh000002_3.jpg,,
T_51d5l2feaaa00,Eternal Curve Gold Ring,tanishq,2.142,22KT,Yellow,Gold,37283.0,none,0.0,,,none,,Women,,https://www.tanishq.co.in/dw/image/v2/BKCK_PRD/on/demandware.static/-/Sites-Tanishq-product-catalog/default/dw7a0c815b/images/hi-res/51D5L2FEAAA00_1.jpg?sw=640&sh=640,Tanishq_Jewelry_Dataset_Final/images/uncategorized/51d5l2feaaa00_1.jpg|Tanishq_Jewelry_Dataset_Final/images/uncategorized/51d5l2feaaa00_2.jpg|Tanishq_Jewelry_Dataset_Final/images/uncategorized/51d5l2feaaa00_3.jpg|Tanishq_Jewelry_Dataset_Final/images/uncategorized/51d5l2feaaa00_4.jpg,,
T_50d5v2fcclaa022jd000032,Radiant Leaves Diamond Ring,tanishq,3.092,18KT,Rose,Gold,88694.0,diamond,0.242,,,Round,,Women,,https://www.tanishq.co.in/dw/image/v2/BKCK_PRD/on/demandware.static/-/Sites-Tanishq-product-catalog/default/dw7fcfec47/images/hi-res/50D5V2FCCAA02_1.jpg,Tanishq_Jewelry_Dataset_Final/images/uncategorized/50d5v2fcclaa022jd000032_1.jpg|Tanishq_Jewelry_Dataset_Final/images/uncategorized/50d5v2fcclaa022jd000032_2.jpg|Tanishq_Jewelry_Dataset_Final/images/uncategorized/50d5v2fcclaa022jd000032_3.jpg,,
T_51m4c1ffilaa002bd000084,Spiral Edge Gold Ring,tanishq,3.264,18KT,Yellow,Gold,57972.0,none,0.0,,,none,,Women,,https://www.tanishq.co.in/dw/image/v2/BKCK_PRD/on/demandware.static/-/Sites-Tanishq-product-catalog/default/dwa50022ca/images/hi-res/51M4C1FFIAA00_1.jpg?sw=640&sh=640,Tanishq_Jewelry_Dataset_Final/images/uncategorized/51m4c1ffilaa002bd000084_1.jpg|Tanishq_Jewelry_Dataset_Final/images/uncategorized/51m4c1ffilaa002bd000084_2.jpg|Tanishq_Jewelry_Dataset_Final/images/uncategorized/51m4c1ffilaa002bd000084_3.jpg|Tanishq_Jewelry_Dataset_Final/images/uncategorized/51m4c1ffilaa002bd000084_4.jpg,,
T_50d5l1flgaa09,Flow Crest Diamond Ring,tanishq,1.584,18KT,Yellow,Gold,26633.0,diamond,0.032,,,Round,,Women,,https://www.tanishq.co.in/dw/image/v2/BKCK_PRD/on/demandware.static/-/Sites-Tanishq-product-catalog/default/dw5e608c40/images/hi-res/50D5L1FLGAA09_1.jpg?sw=640&sh=640,Tanishq_Jewelry_Dataset_Final/images/uncategorized/50d5l1flgaa09_1.jpg|Tanishq_Jewelry_Dataset_Final/images/uncategorized/50d5l1flgaa09_2.jpg|Tanishq_Jewelry_Dataset_Final/images/uncategorized/50d5l1flgaa09_3.jpg,,
T_51e5c1fdeaa00,Divine Blossom Gold Ring,tanishq,3.556,22KT,Yellow,Gold,62148.0,none,0.0,,,none,,Women,,https://www.tanishq.co.in/dw/image/v2/BKCK_PRD/on/demandware.static/-/Sites-Tanishq-product-catalog/default/dwfaa10139/images/hi-res/51E5C1FDEAA00_1.jpg?sw=640&sh=640,Tanishq_Jewelry_Dataset_Final/images/uncategorized/51e5c1fdeaa00_1.jpg|Tanishq_Jewelry_Dataset_Final/images/uncategorized/51e5c1fdeaa00_2.jpg|Tanishq_Jewelry_Dataset_Final/images/uncategorized/51e5c1fdeaa00_3.jpg,,
T_51e5c1fbxaa00,Floral Vine Gold Ring,tanishq,3.279,22KT,Yellow,Gold,57307.0,none,0.0,,,none,,Women,,https://www.tanishq.co.in/dw/image/v2/BKCK_PRD/on/demandware.static/-/Sites-Tanishq-product-catalog/default/dw711edb2e/images/hi-res/51E5C1FBXAA00_1.jpg,Tanishq_Jewelry_Dataset_Final/images/uncategorized/51e5c1fbxaa00_1.jpg|Tanishq_Jewelry_Dataset_Final/images/uncategorized/51e5c1fbxaa00_2.jpg|Tanishq_Jewelry_Dataset_Final/images/uncategorized/51e5c1fbxaa00_3.jpg,,
T_50m5v2fegaa00,Sculpted Layer Gold Ring,tanishq,2.097,18KT,Yellow,Gold,30473.0,none,0.0,,,none,,Women,,https://www.tanishq.co.in/on/demandware.static/-/Sites-Tanishq-product-catalog/default/dwd2b86789/images/hi-res/50M5V2FEGAA00_1.jpg,Tanishq_Jewelry_Dataset_Final/images/uncategorized/50m5v2fegaa00_1.jpg|Tanishq_Jewelry_Dataset_Final/images/uncategorized/50m5v2fegaa00_2.jpg|Tanishq_Jewelry_Dataset_Final/images/uncategorized/50m5v2fegaa00_3.jpg,,
T_50g5c1fgcaa02,Bold Double Diamond Ring For Men,tanishq,3.873,18KT,Yellow,Gold,102831.0,diamond,0.268,,,Round,,Men,,https://www.tanishq.co.in/dw/image/v2/BKCK_PRD/on/demandware.static/-/Sites-Tanishq-product-catalog/default/dw30ae0fa8/images/hi-res/50G5C1FGCAA02_1.jpg,Tanishq_Jewelry_Dataset_Final/images/uncategorized/50g5c1fgcaa02_1.jpg|Tanishq_Jewelry_Dataset_Final/images/uncategorized/50g5c1fgcaa02_2.jpg|Tanishq_Jewelry_Dataset_Final/images/uncategorized/50g5c1fgcaa02_3.jpg,,
T_51d3c3fiuaa00,Royal Gold Finger Ring,tanishq,6.056,22KT,Yellow,Gold,103689.0,none,0.0,,,none,,Women,,https://www.tanishq.co.in/dw/image/v2/BKCK_PRD/on/demandware.static/-/Sites-Tanishq-product-catalog/default/dw8f02b014/images/hi-res/51D3C3FIUAA00_1.jpg,Tanishq_Jewelry_Dataset_Final/images/uncategorized/51d3c3fiuaa00_1.jpg|Tanishq_Jewelry_Dataset_Final/images/uncategorized/51d3c3fiuaa00_2.jpg|Tanishq_Jewelry_Dataset_Final/images/uncategorized/51d3c3fiuaa00_3.jpg|Tanishq_Jewelry_Dataset_Final/images/uncategorized/51d3c3fiuaa00_4.jpg,,
T_50e5b1fchaa02,Circle Pop Diamond Ring,tanishq,3.592,18KT,Rose,Gold,112940.0,diamond,0.357,,,Round,,Women,,https://www.tanishq.co.in/dw/image/v2/BKCK_PRD/on/demandware.static/-/Sites-Tanishq-product-catalog/default/dw6b9cbc58/images/hi-res/50E5B1FCHAA02_1.jpg,Tanishq_Jewelry_Dataset_Final/images/uncategorized/50e5b1fchaa02_1.jpg|Tanishq_Jewelry_Dataset_Final/images/uncategorized/50e5b1fchaa02_2.jpg|Tanishq_Jewelry_Dataset_Final/images/uncategorized/50e5b1fchaa02_3.jpg,,
T_50e5b1fciaa02,Marquise Muse Diamond Ring,tanishq,3.838,18KT,Rose,Gold,113326.0,diamond,0.33,,,Round,,Women,,https://www.tanishq.co.in/dw/image/v2/BKCK_PRD/on/demandware.static/-/Sites-Tanishq-product-catalog/default/dw0bf45210/images/hi-res/50E5B1FCIAA02_1.jpg,Tanishq_Jewelry_Dataset_Final/images/uncategorized/50e5b1fciaa02_1.jpg|Tanishq_Jewelry_Dataset_Final/images/uncategorized/50e5b1fciaa02_2.jpg|Tanishq_Jewelry_Dataset_Final/images/uncategorized/50e5b1fciaa02_3.jpg,,
T_50d5c1fqmlaa092ba000003,Interwoven Sparkle Diamond Ring,tanishq,2.126,18KT,Yellow,Gold,67105.0,diamond,0.235,,,Round,,Women,,https://www.tanishq.co.in/dw/image/v2/BKCK_PRD/on/demandware.static/-/Sites-Tanishq-product-catalog/default/dw8b11c60b/images/hi-res/50D5C1FQMAA09_1.jpg?sw=640&sh=640,Tanishq_Jewelry_Dataset_Final/images/uncategorized/50d5c1fqmlaa092ba000003_1.jpg|Tanishq_Jewelry_Dataset_Final/images/uncategorized/50d5c1fqmlaa092ba000003_2.jpg|Tanishq_Jewelry_Dataset_Final/images/uncategorized/50d5c1fqmlaa092ba000003_3.jpg,,
T_51e5c1fdaaa00,Regal Lattice Gold Ring,tanishq,3.591,22KT,Yellow,Gold,62760.0,none,0.0,,,none,,Women,,https://www.tanishq.co.in/dw/image/v2/BKCK_PRD/on/demandware.static/-/Sites-Tanishq-product-catalog/default/dwbe0b09a1/images/hi-res/51E5C1FDAAA00_1.jpg?sw=640&sh=640,Tanishq_Jewelry_Dataset_Final/images/uncategorized/51e5c1fdaaa00_1.jpg|Tanishq_Jewelry_Dataset_Final/images/uncategorized/51e5c1fdaaa00_2.jpg|Tanishq_Jewelry_Dataset_Final/images/uncategorized/51e5c1fdaaa00_3.jpg,,
T_512c17fddaa00,Breathtaking Scarlet Meenakari 22 Karat Gold Ring,tanishq,7.876,22KT,Yellow,Gold,141005.0,none,0.0,,,none,,Women,,https://www.tanishq.co.in/dw/image/v2/BKCK_PRD/on/demandware.static/-/Sites-Tanishq-product-catalog/default/dwb276026a/images/hi-res/512C17FDDAA00.jpg,Tanishq_Jewelry_Dataset_Final/images/uncategorized/512c17fddaa00_1.jpg|Tanishq_Jewelry_Dataset_Final/images/uncategorized/512c17fddaa00_2.jpg|Tanishq_Jewelry_Dataset_Final/images/uncategorized/512c17fddaa00_3.jpg|Tanishq_Jewelry_Dataset_Final/images/uncategorized/512c17fddaa00_4.jpg,,
T_50d2i1fdlaa02,Subtle Infinity Diamond Finger Ring,tanishq,1.828,18KT,Rose,Gold,33182.0,diamond,0.044,,,Round,,Women,,https://www.tanishq.co.in/on/demandware.static/-/Sites-Tanishq-product-catalog/default/dw036dbd5d/images/hi-res/50D2I1FDLAA02_1.jpg,Tanishq_Jewelry_Dataset_Final/images/uncategorized/50d2i1fdlaa02_1.jpg|Tanishq_Jewelry_Dataset_Final/images/uncategorized/50d2i1fdlaa02_2.jpg|Tanishq_Jewelry_Dataset_Final/images/uncategorized/50d2i1fdlaa02_3.jpg,,
T_50d5pafhcoaa002ea000026,Maple Muse Gold Ring,tanishq,1.746,18KT,Yellow,Gold,25474.0,none,0.0,,,none,,Women,,https://www.tanishq.co.in/dw/image/v2/BKCK_PRD/on/demandware.static/-/Sites-Tanishq-product-catalog/default/dw1a37516c/images/hi-res/50D5PAFHCAA00_1.jpg,Tanishq_Jewelry_Dataset_Final/images/uncategorized/50d5pafhcoaa002ea000026_1.jpg|Tanishq_Jewelry_Dataset_Final/images/uncategorized/50d5pafhcoaa002ea000026_2.jpg|Tanishq_Jewelry_Dataset_Final/images/uncategorized/50d5pafhcoaa002ea000026_3.jpg,,
T_50g3i1fhwaa02,Eternal Spark Diamond Finger Ring,tanishq,5.899,18KT,Yellow,Gold,139755.0,diamond,0.309,,,Round,,Women,,https://www.tanishq.co.in/dw/image/v2/BKCK_PRD/on/demandware.static/-/Sites-Tanishq-product-catalog/default/dwccbc5642/images/hi-res/50G3I1FHWAA02_1.jpg?sw=640&sh=640,Tanishq_Jewelry_Dataset_Final/images/uncategorized/50g3i1fhwaa02_1.jpg|Tanishq_Jewelry_Dataset_Final/images/uncategorized/50g3i1fhwaa02_2.jpg|Tanishq_Jewelry_Dataset_Final/images/uncategorized/50g3i1fhwaa02_3.jpg,,
T_51d2i2fakaa00,Infinity Embrace Gold Ring,tanishq,2.005,22KT,Yellow,Gold,34899.0,none,0.0,,,none,,Women,,https://www.tanishq.co.in/dw/image/v2/BKCK_PRD/on/demandware.static/-/Sites-Tanishq-product-catalog/default/dwad50f4c5/images/hi-res/51D2I2FAKAA00_1.jpg,Tanishq_Jewelry_Dataset_Final/images/uncategorized/51d2i2fakaa00_1.jpg|Tanishq_Jewelry_Dataset_Final/images/uncategorized/51d2i2fakaa00_2.jpg|Tanishq_Jewelry_Dataset_Final/images/uncategorized/51d2i2fakaa00_3.jpg,,
T_50e5b1feuaa02,Infinite Vanki Diamond Ring,tanishq,1.675,18KT,Yellow,Gold,50316.0,diamond,0.143,,,Round,,Women,,https://www.tanishq.co.in/dw/image/v2/BKCK_PRD/on/demandware.static/-/Sites-Tanishq-product-catalog/default/dwc8dad069/images/hi-res/50E5B1FEUAA02_1.jpg?sw=640&sh=640,Tanishq_Jewelry_Dataset_Final/images/uncategorized/50e5b1feuaa02_1.jpg|Tanishq_Jewelry_Dataset_Final/images/uncategorized/50e5b1feuaa02_2.jpg|Tanishq_Jewelry_Dataset_Final/images/uncategorized/50e5b1feuaa02_3.jpg,,
T_50g3i1figraa023ia000107,Lustrous Cluster Diamond Finger Ring,tanishq,5.339,18KT,Yellow,Gold,135621.0,diamond,0.337,,,Round,,Women,,https://www.tanishq.co.in/dw/image/v2/BKCK_PRD/on/demandware.static/-/Sites-Tanishq-product-catalog/default/dw11875e58/images/hi-res/50G3I1FIGAA02_1.jpg?sw=640&sh=640,Tanishq_Jewelry_Dataset_Final/images/uncategorized/50g3i1figraa023ia000107_1.jpg|Tanishq_Jewelry_Dataset_Final/images/uncategorized/50g3i1figraa023ia000107_2.jpg|Tanishq_Jewelry_Dataset_Final/images/uncategorized/50g3i1figraa023ia000107_3.jpg,,
T_50d4arfbqaa02,Imperial Gleam Diamond Finger Ring,tanishq,2.718,18KT,Yellow,Gold,119735.0,diamond,0.462,,,Round,,Women,,https://www.tanishq.co.in/dw/image/v2/BKCK_PRD/on/demandware.static/-/Sites-Tanishq-product-catalog/default/dw9c232860/images/hi-res/50D4ARFBQAA02_1.jpg?sw=640&sh=640,Tanishq_Jewelry_Dataset_Final/images/uncategorized/50d4arfbqaa02_1.jpg|Tanishq_Jewelry_Dataset_Final/images/uncategorized/50d4arfbqaa02_2.jpg|Tanishq_Jewelry_Dataset_Final/images/uncategorized/50d4arfbqaa02_3.jpg,,
T_51f5h2fazaa32,Navaratna Vanki Diamond Ring,tanishq,4.649,22KT,Yellow,Gold,88961.0,gemstone,0.036,,,none,,Women,,https://www.tanishq.co.in/dw/image/v2/BKCK_PRD/on/demandware.static/-/Sites-Tanishq-product-catalog/default/dw44459cc8/images/hi-res/51F5H2FAZAA32_1.jpg,Tanishq_Jewelry_Dataset_Final/images/uncategorized/51f5h2fazaa32_1.jpg|Tanishq_Jewelry_Dataset_Final/images/uncategorized/51f5h2fazaa32_2.jpg|Tanishq_Jewelry_Dataset_Final/images/uncategorized/51f5h2fazaa32_3.jpg|Tanishq_Jewelry_Dataset_Final/images/uncategorized/51f5h2fazaa32_4.jpg,,
T_51d1scffhlaa002ja002028,Essence Of Eternal Love Ring,tanishq,2.586,22KT,Yellow,Gold,45012.0,none,0.0,,,none,,Women,,https://www.tanishq.co.in/on/demandware.static/-/Sites-Tanishq-product-catalog/default/dw5ef291a0/images/hi-res/51D1SCFFHAA00_1.jpg,Tanishq_Jewelry_Dataset_Final/images/uncategorized/51d1scffhlaa002ja002028_1.jpg|Tanishq_Jewelry_Dataset_Final/images/uncategorized/51d1scffhlaa002ja002028_2.jpg|Tanishq_Jewelry_Dataset_Final/images/uncategorized/51d1scffhlaa002ja002028_3.jpg,,
T_51d5b1fynaacz,Dual Leaf Gold Ring,tanishq,2.862,22KT,Yellow,Gold,49105.0,none,0.0,,,none,,Women,,https://www.tanishq.co.in/on/demandware.static/-/Sites-Tanishq-product-catalog/default/dwccae99aa/images/hi-res/51D5B1FYNAACZ_1.jpg,Tanishq_Jewelry_Dataset_Final/images/uncategorized/51d5b1fynaacz_1.jpg|Tanishq_Jewelry_Dataset_Final/images/uncategorized/51d5b1fynaacz_2.jpg|Tanishq_Jewelry_Dataset_Final/images/uncategorized/51d5b1fynaacz_3.jpg,,
T_50d5pafcelaa002eb000021,Imperial Petals Gold Ring,tanishq,5.168,18KT,Yellow,Gold,74800.0,none,0.0,,,none,,Women,,https://www.tanishq.co.in/on/demandware.static/-/Sites-Tanishq-product-catalog/default/dw74152fa8/images/hi-res/50D5PAFCEAA00_1.jpg,Tanishq_Jewelry_Dataset_Final/images/uncategorized/50d5pafcelaa002eb000021_1.jpg|Tanishq_Jewelry_Dataset_Final/images/uncategorized/50d5pafcelaa002eb000021_2.jpg|Tanishq_Jewelry_Dataset_Final/images/uncategorized/50d5pafcelaa002eb000021_3.jpg,,
T_50e5c1fbgaa02,Sunburst Glow Diamond Ring,tanishq,3.083,18KT,Yellow,Gold,112232.0,diamond,0.383,,,Round,,Women,,https://www.tanishq.co.in/dw/image/v2/BKCK_PRD/on/demandware.static/-/Sites-Tanishq-product-catalog/default/dwefb38fec/images/hi-res/50E5C1FBGAA02_1.jpg?sw=640&sh=640,Tanishq_Jewelry_Dataset_Final/images/uncategorized/50e5c1fbgaa02_1.jpg|Tanishq_Jewelry_Dataset_Final/images/uncategorized/50e5c1fbgaa02_2.jpg|Tanishq_Jewelry_Dataset_Final/images/uncategorized/50e5c1fbgaa02_3.jpg,,
T_51d5b1fjraa18,Swirling Bold Ruby Finger Ring,tanishq,2.588,22KT,Yellow,Gold,45564.0,gemstone,0.0,,,none,,Women,,https://www.tanishq.co.in/on/demandware.static/-/Sites-Tanishq-product-catalog/default/dwa88905f3/images/hi-res/51D5B1FJRAA18_1.jpg,Tanishq_Jewelry_Dataset_Final/images/uncategorized/51d5b1fjraa18_1.jpg|Tanishq_Jewelry_Dataset_Final/images/uncategorized/51d5b1fjraa18_2.jpg|Tanishq_Jewelry_Dataset_Final/images/uncategorized/51d5b1fjraa18_3.jpg,,
T_51d3b1fxaaa00,Two Hearts Ring,tanishq,2.336,22KT,Yellow,Gold,40660.0,none,0.0,,,none,,Women,,https://www.tanishq.co.in/on/demandware.static/-/Sites-Tanishq-product-catalog/default/dw281bbb23/images/hi-res/51D3B1FXAAA00_1.jpg,Tanishq_Jewelry_Dataset_Final/images/uncategorized/51d3b1fxaaa00_1.jpg|Tanishq_Jewelry_Dataset_Final/images/uncategorized/51d3b1fxaaa00_2.jpg|Tanishq_Jewelry_Dataset_Final/images/uncategorized/51d3b1fxaaa00_3.jpg,,
T_50d5b2flraa02,Curved Glow Diamond Ring,tanishq,2.223,18KT,Yellow,Gold,73997.0,diamond,0.228,,,Round,,Women,,https://www.tanishq.co.in/on/demandware.static/-/Sites-Tanishq-product-catalog/default/dw986597d6/images/hi-res/50D5B2FLRAA02_1.jpg,Tanishq_Jewelry_Dataset_Final/images/uncategorized/50d5b2flraa02_1.jpg|Tanishq_Jewelry_Dataset_Final/images/uncategorized/50d5b2flraa02_2.jpg|Tanishq_Jewelry_Dataset_Final/images/uncategorized/50d5b2flraa02_3.jpg,,
T_50e5b1fbjraa022jd000003,Twin Trail Diamond Ring for Men,tanishq,5.041,18KT,Yellow,Gold,84418.0,diamond,0.061,,,Round,,Men,,https://www.tanishq.co.in/dw/image/v2/BKCK_PRD/on/demandware.static/-/Sites-Tanishq-product-catalog/default/dw6a3667fe/images/hi-res/50E5B1FBJAA02_1.jpg,Tanishq_Jewelry_Dataset_Final/images/uncategorized/50e5b1fbjraa022jd000003_1.jpg|Tanishq_Jewelry_Dataset_Final/images/uncategorized/50e5b1fbjraa022jd000003_2.jpg|Tanishq_Jewelry_Dataset_Final/images/uncategorized/50e5b1fbjraa022jd000003_3.jpg,,
T_50d4arfdjlaa092bd000004,Chic Petal Diamond Finger Ring,tanishq,1.429,18KT,Yellow,Gold,37442.0,diamond,0.115,,,Round,,Women,,https://www.tanishq.co.in/dw/image/v2/BKCK_PRD/on/demandware.static/-/Sites-Tanishq-product-catalog/default/dw4babeff1/images/hi-res/50D4ARFDJAA09_1.jpg?sw=640&sh=640,Tanishq_Jewelry_Dataset_Final/images/uncategorized/50d4arfdjlaa092bd000004_1.jpg|Tanishq_Jewelry_Dataset_Final/images/uncategorized/50d4arfdjlaa092bd000004_2.jpg|Tanishq_Jewelry_Dataset_Final/images/uncategorized/50d4arfdjlaa092bd000004_3.jpg,,
T_50d5l1ffimaa292bx000009,Aura Floral Diamond Ring,tanishq,3.422,18KT,Rose,Gold,56081.0,diamond,0.05,,,Round,,Women,,https://www.tanishq.co.in/dw/image/v2/BKCK_PRD/on/demandware.static/-/Sites-Tanishq-product-catalog/default/dw8da49056/images/hi-res/50D5L1FFIAA29_1.jpg,Tanishq_Jewelry_Dataset_Final/images/uncategorized/50d5l1ffimaa292bx000009_1.jpg|Tanishq_Jewelry_Dataset_Final/images/uncategorized/50d5l1ffimaa292bx000009_2.jpg|Tanishq_Jewelry_Dataset_Final/images/uncategorized/50d5l1ffimaa292bx000009_3.jpg,,
T_50d5h2fojaa02,Twinning Flora Diamond Ring,tanishq,2.001,18KT,Yellow,Gold,58784.0,diamond,0.163,,,Round,,Women,,https://www.tanishq.co.in/dw/image/v2/BKCK_PRD/on/demandware.static/-/Sites-Tanishq-product-catalog/default/dw9d99f9d9/images/hi-res/50D5H2FOJAA02_1.jpg,Tanishq_Jewelry_Dataset_Final/images/uncategorized/50d5h2fojaa02_1.jpg|Tanishq_Jewelry_Dataset_Final/images/uncategorized/50d5h2fojaa02_2.jpg|Tanishq_Jewelry_Dataset_Final/images/uncategorized/50d5h2fojaa02_3.jpg|Tanishq_Jewelry_Dataset_Final/images/uncategorized/50d5h2fojaa02_4.jpg,,
T_50d5pifgtaa00,Floral Grandeur Gold Ring,tanishq,5.439,18KT,Yellow,Gold,78090.0,none,0.0,,,none,,Women,,https://www.tanishq.co.in/dw/image/v2/BKCK_PRD/on/demandware.static/-/Sites-Tanishq-product-catalog/default/dw985aa304/images/hi-res/50D5PIFGTAA00_1.jpg,Tanishq_Jewelry_Dataset_Final/images/uncategorized/50d5pifgtaa00_1.jpg|Tanishq_Jewelry_Dataset_Final/images/uncategorized/50d5pifgtaa00_2.jpg|Tanishq_Jewelry_Dataset_Final/images/uncategorized/50d5pifgtaa00_3.jpg,,
T_50g5c1fcwaa02,Modern Minimalist Diamond Ring For Men,tanishq,4.593,18KT,White,Gold,109768.0,diamond,0.185,,,Round,,Men,,https://www.tanishq.co.in/dw/image/v2/BKCK_PRD/on/demandware.static/-/Sites-Tanishq-product-catalog/default/dw274867b5/images/hi-res/50G5C1FCWAA02_1.jpg,Tanishq_Jewelry_Dataset_Final/images/uncategorized/50g5c1fcwaa02_1.jpg|Tanishq_Jewelry_Dataset_Final/images/uncategorized/50g5c1fcwaa02_2.jpg|Tanishq_Jewelry_Dataset_Final/images/uncategorized/50g5c1fcwaa02_3.jpg,,
T_50d5pifhdaa00,Twin Triad Gold Ring,tanishq,1.712,18KT,Yellow,Gold,24580.0,none,0.0,,,none,,Women,,https://www.tanishq.co.in/on/demandware.static/-/Sites-Tanishq-product-catalog/default/dwe81e867b/images/hi-res/50D5PIFHDAA00_1.jpg,Tanishq_Jewelry_Dataset_Final/images/uncategorized/50d5pifhdaa00_1.jpg|Tanishq_Jewelry_Dataset_Final/images/uncategorized/50d5pifhdaa00_2.jpg|Tanishq_Jewelry_Dataset_Final/images/uncategorized/50d5pifhdaa00_3.jpg,,
T_511518fbuoaa002ea000191,Eclectic 22 Karat Yellow Gold Leaf Finger Ring,tanishq,4.167,22KT,Yellow,Gold,30132.0,none,0.0,,,none,,Women,,https://www.tanishq.co.in/on/demandware.static/-/Sites-Tanishq-product-catalog/default/dwca8725f3/images/hi-res/511518FBUAA00_1.jpg,Tanishq_Jewelry_Dataset_Final/images/uncategorized/511518fbuoaa002ea000191_1.jpg|Tanishq_Jewelry_Dataset_Final/images/uncategorized/511518fbuoaa002ea000191_2.jpg|Tanishq_Jewelry_Dataset_Final/images/uncategorized/511518fbuoaa002ea000191_3.jpg,,
T_50e5c1fazlaa022jd000039,Classic Dual Diamond Ring,tanishq,2.586,18KT,Yellow+White,Gold,73043.0,diamond,0.196,,,Round,,Women,,https://www.tanishq.co.in/dw/image/v2/BKCK_PRD/on/demandware.static/-/Sites-Tanishq-product-catalog/default/dwb2411538/images/hi-res/50E5C1FAZAA02_1.jpg,Tanishq_Jewelry_Dataset_Final/images/uncategorized/50e5c1fazlaa022jd000039_1.jpg|Tanishq_Jewelry_Dataset_Final/images/uncategorized/50e5c1fazlaa022jd000039_2.jpg|Tanishq_Jewelry_Dataset_Final/images/uncategorized/50e5c1fazlaa022jd000039_3.jpg,,
T_50dxwmfccnaa022bd000009,Celestial Wing Diamond Ring,tanishq,2.975,18KT,Yellow,Gold,80964.0,diamond,0.215,,,Round,,Women,,https://www.tanishq.co.in/dw/image/v2/BKCK_PRD/on/demandware.static/-/Sites-Tanishq-product-catalog/default/dwf038f7ee/images/hi-res/50DXWMFCCAA02_1.jpg?sw=640&sh=640,Tanishq_Jewelry_Dataset_Final/images/uncategorized/50dxwmfccnaa022bd000009_1.jpg|Tanishq_Jewelry_Dataset_Final/images/uncategorized/50dxwmfccnaa022bd000009_2.jpg|Tanishq_Jewelry_Dataset_Final/images/uncategorized/50dxwmfccnaa022bd000009_3.jpg|Tanishq_Jewelry_Dataset_Final/images/uncategorized/50dxwmfccnaa022bd000009_4.jpg,,
T_51e5c1fdoaa00,Oval Frame Gold Ring,tanishq,3.94,22KT,Yellow,Gold,68859.0,none,0.0,,,none,,Women,,https://www.tanishq.co.in/dw/image/v2/BKCK_PRD/on/demandware.static/-/Sites-Tanishq-product-catalog/default/dw4315172f/images/hi-res/51E5C1FDOAA00_1.jpg?sw=640&sh=640,Tanishq_Jewelry_Dataset_Final/images/uncategorized/51e5c1fdoaa00_1.jpg|Tanishq_Jewelry_Dataset_Final/images/uncategorized/51e5c1fdoaa00_2.jpg|Tanishq_Jewelry_Dataset_Final/images/uncategorized/51e5c1fdoaa00_3.jpg,,
T_50d5b2fnmlaa022bb000273,Dainty Curve Diamond Finger Ring,tanishq,2.265,18KT,Rose,Gold,77358.0,diamond,0.235,,,Round,,Women,,https://www.tanishq.co.in/dw/image/v2/BKCK_PRD/on/demandware.static/-/Sites-Tanishq-product-catalog/default/dw975c0722/images/hi-res/50D5B2FNMAA02_1.jpg,Tanishq_Jewelry_Dataset_Final/images/uncategorized/50d5b2fnmlaa022bb000273_1.jpg|Tanishq_Jewelry_Dataset_Final/images/uncategorized/50d5b2fnmlaa022bb000273_2.jpg|Tanishq_Jewelry_Dataset_Final/images/uncategorized/50d5b2fnmlaa022bb000273_3.jpg,,
T_511418frenab002eb004540,Heavenly Floral Gold Finger Ring,tanishq,3.94,22KT,Yellow,Gold,68299.0,none,0.0,,,none,,Women,,https://www.tanishq.co.in/dw/image/v2/BKCK_PRD/on/demandware.static/-/Sites-Tanishq-product-catalog/default/dw325c65a2/images/hi-res/511418FREAB00_1.jpg,Tanishq_Jewelry_Dataset_Final/images/uncategorized/511418frenab002eb004540_1.jpg|Tanishq_Jewelry_Dataset_Final/images/uncategorized/511418frenab002eb004540_2.jpg|Tanishq_Jewelry_Dataset_Final/images/uncategorized/511418frenab002eb004540_3.jpg,,
T_50e5a1fajlaa323ih000002,Tanzanite Muse Diamond Ring,tanishq,2.6,18KT,Yellow,Gold,84988.0,gemstone,0.248,,,none,,Women,,https://www.tanishq.co.in/on/demandware.static/-/Sites-Tanishq-product-catalog/default/dw211f5bfb/images/hi-res/50E5A1FAJAA32_1.jpg,Tanishq_Jewelry_Dataset_Final/images/uncategorized/50e5a1fajlaa323ih000002_1.jpg|Tanishq_Jewelry_Dataset_Final/images/uncategorized/50e5a1fajlaa323ih000002_2.jpg|Tanishq_Jewelry_Dataset_Final/images/uncategorized/50e5a1fajlaa323ih000002_3.jpg,,
T_50d5flfagaa02,Petal Play Diamond Ring,tanishq,4.164,18KT,Yellow,Gold,88826.0,diamond,0.165,,,Round,,Women,,https://www.tanishq.co.in/dw/image/v2/BKCK_PRD/on/demandware.static/-/Sites-Tanishq-product-catalog/default/dw4e15bece/images/hi-res/50D5FLFAGAA02_1.jpg,Tanishq_Jewelry_Dataset_Final/images/uncategorized/50d5flfagaa02_1.jpg|Tanishq_Jewelry_Dataset_Final/images/uncategorized/50d5flfagaa02_2.jpg|Tanishq_Jewelry_Dataset_Final/images/uncategorized/50d5flfagaa02_3.jpg|Tanishq_Jewelry_Dataset_Final/images/uncategorized/50d5flfagaa02_4.jpg|Tanishq_Jewelry_Dataset_Final/images/uncategorized/50d5flfagaa02_5.jpg|Tanishq_Jewelry_Dataset_Final/images/uncategorized/50d5flfagaa02_6.jpg,,
T_50e5a1fatlaa022jh000002,Elegant Radiance Diamond Finger Ring,tanishq,2.989,18KT,Yellow,Gold,104264.0,diamond,0.317,,,Round,,Women,,https://www.tanishq.co.in/dw/image/v2/BKCK_PRD/on/demandware.static/-/Sites-Tanishq-product-catalog/default/dw316ef2bc/images/hi-res/50E5A1FATAA02_1.jpg,Tanishq_Jewelry_Dataset_Final/images/uncategorized/50e5a1fatlaa022jh000002_1.jpg|Tanishq_Jewelry_Dataset_Final/images/uncategorized/50e5a1fatlaa022jh000002_2.jpg|Tanishq_Jewelry_Dataset_Final/images/uncategorized/50e5a1fatlaa022jh000002_3.jpg,,
T_50d5h3ftiaa09,Interlaced Bloom Diamond Ring,tanishq,1.559,18KT,Yellow+White,Gold,27289.0,diamond,0.035,,,Round,,Women,,https://www.tanishq.co.in/dw/image/v2/BKCK_PRD/on/demandware.static/-/Sites-Tanishq-product-catalog/default/dwa6a6682b/images/hi-res/50D5H3FTIAA09_1.jpg,Tanishq_Jewelry_Dataset_Final/images/uncategorized/50d5h3ftiaa09_1.jpg|Tanishq_Jewelry_Dataset_Final/images/uncategorized/50d5h3ftiaa09_2.jpg|Tanishq_Jewelry_Dataset_Final/images/uncategorized/50d5h3ftiaa09_3.jpg,,
T_50g5b1fcnaa02,Urban Armour Diamond Ring for Men,tanishq,4.485,18KT,Yellow,Gold,90389.0,diamond,0.14,,,Round,,Men,,https://www.tanishq.co.in/dw/image/v2/BKCK_PRD/on/demandware.static/-/Sites-Tanishq-product-catalog/default/dwdaef7f7c/images/hi-res/50G5B1FCNAA02_1.jpg?sw=640&sh=640,Tanishq_Jewelry_Dataset_Final/images/uncategorized/50g5b1fcnaa02_1.jpg|Tanishq_Jewelry_Dataset_Final/images/uncategorized/50g5b1fcnaa02_2.jpg|Tanishq_Jewelry_Dataset_Final/images/uncategorized/50g5b1fcnaa02_3.jpg,,
T_50e5c1fecaa02,Twin Orbit Diamond Ring,tanishq,2.064,18KT,Yellow,Gold,61282.0,diamond,0.174,,,Round,,Women,,https://www.tanishq.co.in/dw/image/v2/BKCK_PRD/on/demandware.static/-/Sites-Tanishq-product-catalog/default/dwaf13f2d8/images/hi-res/50E5C1FECAA02_1.jpg,Tanishq_Jewelry_Dataset_Final/images/uncategorized/50e5c1fecaa02_1.jpg|Tanishq_Jewelry_Dataset_Final/images/uncategorized/50e5c1fecaa02_2.jpg|Tanishq_Jewelry_Dataset_Final/images/uncategorized/50e5c1fecaa02_3.jpg,,
T_501719fqvaa00,Sunlit Dome Gold Ring,tanishq,2.8,18KT,Yellow,Gold,40689.0,none,0.0,,,none,,Women,,https://www.tanishq.co.in/dw/image/v2/BKCK_PRD/on/demandware.static/-/Sites-Tanishq-product-catalog/default/dwe5d87919/images/hi-res/501719FQVAA00_1.jpg,Tanishq_Jewelry_Dataset_Final/images/uncategorized/501719fqvaa00_1.jpg|Tanishq_Jewelry_Dataset_Final/images/uncategorized/501719fqvaa00_2.jpg|Tanishq_Jewelry_Dataset_Final/images/uncategorized/501719fqvaa00_3.jpg|Tanishq_Jewelry_Dataset_Final/images/uncategorized/501719fqvaa00_4.jpg,,
T_50d5flfabaa02,Petal Pop Diamond Ring,tanishq,5.105,18KT,Yellow,Gold,102109.0,diamond,0.159,,,Round,,Women,,https://www.tanishq.co.in/dw/image/v2/BKCK_PRD/on/demandware.static/-/Sites-Tanishq-product-catalog/default/dw578d6f73/images/hi-res/50D5FLFABAA02_1.jpg,Tanishq_Jewelry_Dataset_Final/images/uncategorized/50d5flfabaa02_1.jpg|Tanishq_Jewelry_Dataset_Final/images/uncategorized/50d5flfabaa02_2.jpg|Tanishq_Jewelry_Dataset_Final/images/uncategorized/50d5flfabaa02_3.jpg|Tanishq_Jewelry_Dataset_Final/images/uncategorized/50d5flfabaa02_4.jpg|Tanishq_Jewelry_Dataset_Final/images/uncategorized/50d5flfabaa02_5.jpg|Tanishq_Jewelry_Dataset_Final/images/uncategorized/50d5flfabaa02_6.jpg,,
T_510783fhaaa00,Elegant 22 Karat Matte Yellow Gold Ring,tanishq,2.185,22KT,Yellow,Gold,38032.0,none,0.0,,,none,,Women,,https://www.tanishq.co.in/dw/image/v2/BKCK_PRD/on/demandware.static/-/Sites-Tanishq-product-catalog/default/dw2f8b3854/images/hi-res/510783FHAAA00_1.jpg,Tanishq_Jewelry_Dataset_Final/images/uncategorized/510783fhaaa00_1.jpg|Tanishq_Jewelry_Dataset_Final/images/uncategorized/510783fhaaa00_2.jpg|Tanishq_Jewelry_Dataset_Final/images/uncategorized/510783fhaaa00_3.jpg,,
T_50e5c1fahaa02,Forever Linked Diamond Ring,tanishq,2.134,18KT,Yellow,Gold,65392.0,diamond,0.188,,,Round,,Women,,https://www.tanishq.co.in/dw/image/v2/BKCK_PRD/on/demandware.static/-/Sites-Tanishq-product-catalog/default/dw6ca4f46f/images/hi-res/50E5C1FAHAA02_1.jpg,Tanishq_Jewelry_Dataset_Final/images/uncategorized/50e5c1fahaa02_1.jpg|Tanishq_Jewelry_Dataset_Final/images/uncategorized/50e5c1fahaa02_2.jpg|Tanishq_Jewelry_Dataset_Final/images/uncategorized/50e5c1fahaa02_3.jpg,,
T_50g5b1fcqaa02,Textured Majesty Diamond Finger Ring for Men,tanishq,4.27,18KT,Yellow,Gold,134403.0,diamond,0.388,,,Round,,Men,,https://www.tanishq.co.in/dw/image/v2/BKCK_PRD/on/demandware.static/-/Sites-Tanishq-product-catalog/default/dwba11e4c9/images/hi-res/50G5B1FCQAA02_1.jpg?sw=640&sh=640,Tanishq_Jewelry_Dataset_Final/images/uncategorized/50g5b1fcqaa02_1.jpg|Tanishq_Jewelry_Dataset_Final/images/uncategorized/50g5b1fcqaa02_2.jpg|Tanishq_Jewelry_Dataset_Final/images/uncategorized/50g5b1fcqaa02_3.jpg,,
T_50d5h2fkslaa022ja000023,Timeless Halo Diamond Ring,tanishq,3.423,18KT,Yellow,Gold,86957.0,diamond,0.208,,,Round,,Women,,https://www.tanishq.co.in/dw/image/v2/BKCK_PRD/on/demandware.static/-/Sites-Tanishq-product-catalog/default/dw16c49d40/images/hi-res/50D5H2FKSAA02_1.jpg?sw=640&sh=640,Tanishq_Jewelry_Dataset_Final/images/uncategorized/50d5h2fkslaa022ja000023_1.jpg|Tanishq_Jewelry_Dataset_Final/images/uncategorized/50d5h2fkslaa022ja000023_2.jpg|Tanishq_Jewelry_Dataset_Final/images/uncategorized/50d5h2fkslaa022ja000023_3.jpg,,
T_51d3d2fvuaacz,Symphony of Colour Finger Ring,tanishq,2.863,22KT,Yellow,Gold,49781.0,none,0.0,,,none,,Women,,https://www.tanishq.co.in/dw/image/v2/BKCK_PRD/on/demandware.static/-/Sites-Tanishq-product-catalog/default/dw47307295/images/hi-res/51D3D2FVUAACZ_1.jpg,Tanishq_Jewelry_Dataset_Final/images/uncategorized/51d3d2fvuaacz_1.jpg|Tanishq_Jewelry_Dataset_Final/images/uncategorized/51d3d2fvuaacz_2.jpg|Tanishq_Jewelry_Dataset_Final/images/uncategorized/51d3d2fvuaacz_3.jpg,,
T_51d4mpfbqaa00,Versatile Bypass Ring,tanishq,8.179,22KT,Yellow,Gold,73811.0,none,0.0,,,none,,Women,,https://www.tanishq.co.in/dw/image/v2/BKCK_PRD/on/demandware.static/-/Sites-Tanishq-product-catalog/default/dwe3daf435/images/hi-res/51D4MPFBQAA00_1.jpg,Tanishq_Jewelry_Dataset_Final/images/uncategorized/51d4mpfbqaa00_1.jpg|Tanishq_Jewelry_Dataset_Final/images/uncategorized/51d4mpfbqaa00_2.jpg|Tanishq_Jewelry_Dataset_Final/images/uncategorized/51d4mpfbqaa00_3.jpg|Tanishq_Jewelry_Dataset_Final/images/uncategorized/51d4mpfbqaa00_4.jpg,,
T_50d5v2fcblaa022jd000033,Celestial Vine Diamond Ring,tanishq,2.4,18KT,Rose,Gold,78474.0,diamond,0.234,,,Round,,Women,,https://www.tanishq.co.in/dw/image/v2/BKCK_PRD/on/demandware.static/-/Sites-Tanishq-product-catalog/default/dwafdd38e3/images/hi-res/50D5V2FCBAA02_1.jpg,Tanishq_Jewelry_Dataset_Final/images/uncategorized/50d5v2fcblaa022jd000033_1.jpg|Tanishq_Jewelry_Dataset_Final/images/uncategorized/50d5v2fcblaa022jd000033_2.jpg|Tanishq_Jewelry_Dataset_Final/images/uncategorized/50d5v2fcblaa022jd000033_3.jpg,,
T_51e5c1fddaa00,Lotus Crown Gold Ring,tanishq,2.703,22KT,Yellow,Gold,47240.0,none,0.0,,,none,,Women,,https://www.tanishq.co.in/dw/image/v2/BKCK_PRD/on/demandware.static/-/Sites-Tanishq-product-catalog/default/dwe76a945c/images/hi-res/51E5C1FDDAA00_1.jpg?sw=640&sh=640,Tanishq_Jewelry_Dataset_Final/images/uncategorized/51e5c1fddaa00_1.jpg|Tanishq_Jewelry_Dataset_Final/images/uncategorized/51e5c1fddaa00_2.jpg|Tanishq_Jewelry_Dataset_Final/images/uncategorized/51e5c1fddaa00_3.jpg,,
T_50g5b1fbzaa02,Diagonal Power Diamond Ring for Men,tanishq,5.647,18KT,Yellow,Gold,129700.0,diamond,0.293,,,Round,,Men,,https://www.tanishq.co.in/on/demandware.static/-/Sites-Tanishq-product-catalog/default/dwbcb91ba3/images/hi-res/50G5B1FBZAA02_1.jpg,Tanishq_Jewelry_Dataset_Final/images/uncategorized/50g5b1fbzaa02_1.jpg|Tanishq_Jewelry_Dataset_Final/images/uncategorized/50g5b1fbzaa02_2.jpg|Tanishq_Jewelry_Dataset_Final/images/uncategorized/50g5b1fbzaa02_3.jpg,,
T_50g5b1fjlaa02,Sleek Hexagon Diamond Finger Ring for Men,tanishq,3.267,18KT,Yellow,Gold,100074.0,diamond,0.29,,,Round,,Men,,https://www.tanishq.co.in/on/demandware.static/-/Sites-Tanishq-product-catalog/default/dwb943abf8/images/hi-res/50G5B1FJLAA02_1.jpg,Tanishq_Jewelry_Dataset_Final/images/uncategorized/50g5b1fjlaa02_1.jpg|Tanishq_Jewelry_Dataset_Final/images/uncategorized/50g5b1fjlaa02_2.jpg|Tanishq_Jewelry_Dataset_Final/images/uncategorized/50g5b1fjlaa02_3.jpg,,
T_510187fgaab00,Majestic Yellow Gold Roped Square Finger Ring,tanishq,3.928,22KT,Yellow,Gold,68928.0,none,0.0,,,none,,Women,,https://www.tanishq.co.in/dw/image/v2/BKCK_PRD/on/demandware.static/-/Sites-Tanishq-product-catalog/default/dwaacac7e9/images/hi-res/510187FGAAB00_1.jpg,Tanishq_Jewelry_Dataset_Final/images/uncategorized/510187fgaab00_1.jpg|Tanishq_Jewelry_Dataset_Final/images/uncategorized/510187fgaab00_2.jpg|Tanishq_Jewelry_Dataset_Final/images/uncategorized/510187fgaab00_3.jpg,,
T_50e5b1fcpaa02,Bold Precision Diamond Finger Ring for Men,tanishq,4.401,18KT,Yellow,Gold,135578.0,diamond,0.41,,,Round,,Men,,https://www.tanishq.co.in/dw/image/v2/BKCK_PRD/on/demandware.static/-/Sites-Tanishq-product-catalog/default/dw135f44f4/images/hi-res/50E5B1FCPAA02_1.jpg?sw=640&sh=640,Tanishq_Jewelry_Dataset_Final/images/uncategorized/50e5b1fcpaa02_1.jpg|Tanishq_Jewelry_Dataset_Final/images/uncategorized/50e5b1fcpaa02_2.jpg|Tanishq_Jewelry_Dataset_Final/images/uncategorized/50e5b1fcpaa02_3.jpg,,
T_50f5gcfedaa02,Spiritual Radiance Diamond Ring,tanishq,4.513,18KT,Yellow,Gold,73406.0,diamond,0.053,,,Round,,Women,,https://www.tanishq.co.in/on/demandware.static/-/Sites-Tanishq-product-catalog/default/dw4ee3c51a/images/hi-res/50F5GCFEDAA02_1.jpg,Tanishq_Jewelry_Dataset_Final/images/uncategorized/50f5gcfedaa02_1.jpg|Tanishq_Jewelry_Dataset_Final/images/uncategorized/50f5gcfedaa02_2.jpg|Tanishq_Jewelry_Dataset_Final/images/uncategorized/50f5gcfedaa02_3.jpg,,
T_50d4arfazaa02,Entwine Illusion Diamond Ring,tanishq,2.186,18KT,Rose,Gold,100274.0,diamond,0.38,,,Round,,Women,,https://www.tanishq.co.in/on/demandware.static/-/Sites-Tanishq-product-catalog/default/dwe18ee3a8/images/hi-res/50D4ARFAZAA02_1.jpg,Tanishq_Jewelry_Dataset_Final/images/uncategorized/50d4arfazaa02_1.jpg|Tanishq_Jewelry_Dataset_Final/images/uncategorized/50d4arfazaa02_2.jpg|Tanishq_Jewelry_Dataset_Final/images/uncategorized/50d4arfazaa02_3.jpg,,
T_51m4c1falmaa002ed000014,Angled Form Gold Ring,tanishq,6.123,22KT,Yellow,Gold,106576.0,none,0.0,,,none,,Women,,https://www.tanishq.co.in/on/demandware.static/-/Sites-Tanishq-product-catalog/default/dw79d86f06/images/hi-res/51M4C1FALAA00_1.jpg,Tanishq_Jewelry_Dataset_Final/images/uncategorized/51m4c1falmaa002ed000014_1.jpg|Tanishq_Jewelry_Dataset_Final/images/uncategorized/51m4c1falmaa002ed000014_2.jpg|Tanishq_Jewelry_Dataset_Final/images/uncategorized/51m4c1falmaa002ed000014_3.jpg|Tanishq_Jewelry_Dataset_Final/images/uncategorized/51m4c1falmaa002ed000014_4.jpg,,
T_50d5s2fcplaa093ia000042,Sparkle Twist Diamond Ring,tanishq,2.439,18KT,Rose,Gold,51836.0,diamond,0.13,,,Round,,Women,,https://www.tanishq.co.in/on/demandware.static/-/Sites-Tanishq-product-catalog/default/dw13d8d7c3/images/hi-res/50D5S2FCPAA09_1.jpg,Tanishq_Jewelry_Dataset_Final/images/uncategorized/50d5s2fcplaa093ia000042_1.jpg|Tanishq_Jewelry_Dataset_Final/images/uncategorized/50d5s2fcplaa093ia000042_2.jpg|Tanishq_Jewelry_Dataset_Final/images/uncategorized/50d5s2fcplaa093ia000042_3.jpg,,
T_50e5b1fdyaa02,Radiant Lattice Diamond Finger Ring,tanishq,2.141,18KT,Yellow,Gold,88284.0,diamond,0.31,,,Round,,Women,,https://www.tanishq.co.in/dw/image/v2/BKCK_PRD/on/demandware.static/-/Sites-Tanishq-product-catalog/default/dw00d4bc6f/images/hi-res/50E5B1FDYAA02_1.jpg,Tanishq_Jewelry_Dataset_Final/images/uncategorized/50e5b1fdyaa02_1.jpg|Tanishq_Jewelry_Dataset_Final/images/uncategorized/50e5b1fdyaa02_2.jpg|Tanishq_Jewelry_Dataset_Final/images/uncategorized/50e5b1fdyaa02_3.jpg,,
T_50d5l1ftgaa09,Drift Curve Diamond Ring,tanishq,1.312,18KT,Yellow,Gold,24658.0,diamond,0.04,,,Round,,Women,,https://www.tanishq.co.in/dw/image/v2/BKCK_PRD/on/demandware.static/-/Sites-Tanishq-product-catalog/default/dw4a73cdb2/images/hi-res/50D5L1FTGAA09_1.jpg,Tanishq_Jewelry_Dataset_Final/images/uncategorized/50d5l1ftgaa09_1.jpg|Tanishq_Jewelry_Dataset_Final/images/uncategorized/50d5l1ftgaa09_2.jpg|Tanishq_Jewelry_Dataset_Final/images/uncategorized/50d5l1ftgaa09_3.jpg,,
T_50d5dtfbakaa022jd000009,Whisper Arc Diamond Ring,tanishq,1.362,18KT,Yellow,Gold,35719.0,diamond,0.089,,,Round,,Women,,https://www.tanishq.co.in/dw/image/v2/BKCK_PRD/on/demandware.static/-/Sites-Tanishq-product-catalog/default/dw02c16ec4/images/hi-res/50D5DTFBAAA02_1.jpg,Tanishq_Jewelry_Dataset_Final/images/uncategorized/50d5dtfbakaa022jd000009_1.jpg|Tanishq_Jewelry_Dataset_Final/images/uncategorized/50d5dtfbakaa022jd000009_2.jpg|Tanishq_Jewelry_Dataset_Final/images/uncategorized/50d5dtfbakaa022jd000009_3.jpg,,
T_51d3d2fqaaa00,Encircling Dreams Finger Ring,tanishq,1.745,22KT,Yellow,Gold,30993.0,none,0.0,,,none,,Women,,https://www.tanishq.co.in/on/demandware.static/-/Sites-Tanishq-product-catalog/default/dw5320440c/images/hi-res/51D3D2FQAAA00_1.jpg,Tanishq_Jewelry_Dataset_Final/images/uncategorized/51d3d2fqaaa00_1.jpg|Tanishq_Jewelry_Dataset_Final/images/uncategorized/51d3d2fqaaa00_2.jpg|Tanishq_Jewelry_Dataset_Final/images/uncategorized/51d3d2fqaaa00_3.jpg,,
T_51m5b1fdblaa002ed000010,Twisted Wire Gold Ring,tanishq,4.807,22KT,Yellow,Gold,84285.0,none,0.0,,,none,,Women,,https://www.tanishq.co.in/on/demandware.static/-/Sites-Tanishq-product-catalog/default/dwfb3bf316/images/hi-res/51M5B1FDBAA00_1.jpg,Tanishq_Jewelry_Dataset_Final/images/uncategorized/51m5b1fdblaa002ed000010_1.jpg|Tanishq_Jewelry_Dataset_Final/images/uncategorized/51m5b1fdblaa002ed000010_2.jpg|Tanishq_Jewelry_Dataset_Final/images/uncategorized/51m5b1fdblaa002ed000010_3.jpg,,
T_50d5ptfhsaa09,Mirage Curve Diamond Ring,tanishq,2.488,18KT,Rose,Gold,56772.0,diamond,0.147,,,Round,,Women,,https://www.tanishq.co.in/dw/image/v2/BKCK_PRD/on/demandware.static/-/Sites-Tanishq-product-catalog/default/dwfdc3b33c/images/hi-res/50D5PTFHSAA09_1.jpg,Tanishq_Jewelry_Dataset_Final/images/uncategorized/50d5ptfhsaa09_1.jpg|Tanishq_Jewelry_Dataset_Final/images/uncategorized/50d5ptfhsaa09_2.jpg|Tanishq_Jewelry_Dataset_Final/images/uncategorized/50d5ptfhsaa09_3.jpg,,
T_50m4i1fhlmaa002ja000024,Spiral Charm Gold Finger Ring,tanishq,3.892,18KT,Yellow,Gold,56227.0,none,0.0,,,none,,Women,,https://www.tanishq.co.in/on/demandware.static/-/Sites-Tanishq-product-catalog/default/dw37838f8c/images/hi-res/50M4I1FHLAA00_1.jpg,Tanishq_Jewelry_Dataset_Final/images/uncategorized/50m4i1fhlmaa002ja000024_1.jpg|Tanishq_Jewelry_Dataset_Final/images/uncategorized/50m4i1fhlmaa002ja000024_2.jpg|Tanishq_Jewelry_Dataset_Final/images/uncategorized/50m4i1fhlmaa002ja000024_3.jpg,,
T_50e5b1fbhraa022jd000002,Bold Band Diamond Ring for Men,tanishq,4.542,18KT,Yellow,Gold,75692.0,diamond,0.053,,,Round,,Men,,https://www.tanishq.co.in/dw/image/v2/BKCK_PRD/on/demandware.static/-/Sites-Tanishq-product-catalog/default/dwec0aeaac/images/hi-res/50E5B1FBHAA02_1.jpg,Tanishq_Jewelry_Dataset_Final/images/uncategorized/50e5b1fbhraa022jd000002_1.jpg|Tanishq_Jewelry_Dataset_Final/images/uncategorized/50e5b1fbhraa022jd000002_2.jpg|Tanishq_Jewelry_Dataset_Final/images/uncategorized/50e5b1fbhraa022jd000002_3.jpg,,
T_51d5p1flqaa00,Dotted Gleam Gold Ring,tanishq,1.921,22KT,Yellow,Gold,32754.0,none,0.0,,,none,,Women,,https://www.tanishq.co.in/dw/image/v2/BKCK_PRD/on/demandware.static/-/Sites-Tanishq-product-catalog/default/dw4535652c/images/hi-res/51D5P1FLQAA00_1.jpg?sw=640&sh=640,Tanishq_Jewelry_Dataset_Final/images/uncategorized/51d5p1flqaa00_1.jpg|Tanishq_Jewelry_Dataset_Final/images/uncategorized/51d5p1flqaa00_2.jpg|Tanishq_Jewelry_Dataset_Final/images/uncategorized/51d5p1flqaa00_3.jpg,,
T_50d5fdfvj2a09,Serene Tiara Diamond Ring,tanishq,3.535,18KT,Rose,Gold,94659.0,diamond,0.304,,,Round,,Women,,https://www.tanishq.co.in/dw/image/v2/BKCK_PRD/on/demandware.static/-/Sites-Tanishq-product-catalog/default/dw9efbf029/images/hi-res/50D5FDFVJ2A09_1.jpg?sw=640&sh=640,Tanishq_Jewelry_Dataset_Final/images/uncategorized/50d5fdfvj2a09_1.jpg|Tanishq_Jewelry_Dataset_Final/images/uncategorized/50d5fdfvj2a09_2.jpg|Tanishq_Jewelry_Dataset_Final/images/uncategorized/50d5fdfvj2a09_3.jpg|Tanishq_Jewelry_Dataset_Final/images/uncategorized/50d5fdfvj2a09_4.jpg|Tanishq_Jewelry_Dataset_Final/images/uncategorized/50d5fdfvj2a09_5.jpg|Tanishq_Jewelry_Dataset_Final/images/uncategorized/50d5fdfvj2a09_6.jpg|Tanishq_Jewelry_Dataset_Final/images/uncategorized/50d5fdfvj2a09_7.jpg,,
T_51d5b2foqaa00,Sunlit Heritage Gold Ring,tanishq,2.664,22KT,Yellow,Gold,43909.0,none,0.0,,,none,,Women,,https://www.tanishq.co.in/dw/image/v2/BKCK_PRD/on/demandware.static/-/Sites-Tanishq-product-catalog/default/dw93c46583/images/hi-res/51D5B2FOQAA00_1.jpg?sw=640&sh=640,Tanishq_Jewelry_Dataset_Final/images/uncategorized/51d5b2foqaa00_1.jpg|Tanishq_Jewelry_Dataset_Final/images/uncategorized/51d5b2foqaa00_2.jpg|Tanishq_Jewelry_Dataset_Final/images/uncategorized/51d5b2foqaa00_3.jpg,,
T_51d5p1faekaa002ja000012,Tranquillity Twist Gold Ring,tanishq,2.092,22KT,Yellow,Gold,35670.0,none,0.0,,,none,,Women,,https://www.tanishq.co.in/dw/image/v2/BKCK_PRD/on/demandware.static/-/Sites-Tanishq-product-catalog/default/dw00e544cb/images/hi-res/51D5P1FAEAA00_1.jpg,Tanishq_Jewelry_Dataset_Final/images/uncategorized/51d5p1faekaa002ja000012_1.jpg|Tanishq_Jewelry_Dataset_Final/images/uncategorized/51d5p1faekaa002ja000012_2.jpg|Tanishq_Jewelry_Dataset_Final/images/uncategorized/51d5p1faekaa002ja000012_3.jpg,,
T_51m5i1fayaa00,Beaded Bliss Gold Ring,tanishq,1.321,22KT,Yellow,Gold,22993.0,none,0.0,,,none,,Women,,https://www.tanishq.co.in/on/demandware.static/-/Sites-Tanishq-product-catalog/default/dw549a6ff2/images/hi-res/51M5I1FAYAA00_1.jpg,Tanishq_Jewelry_Dataset_Final/images/uncategorized/51m5i1fayaa00_1.jpg|Tanishq_Jewelry_Dataset_Final/images/uncategorized/51m5i1fayaa00_2.jpg|Tanishq_Jewelry_Dataset_Final/images/uncategorized/51m5i1fayaa00_3.jpg,,
T_50d3fffcoaa09,Center of Attraction Finger Ring,tanishq,2.611,18KT,Yellow,Gold,54847.0,diamond,0.118,,,Round,,Women,,https://www.tanishq.co.in/dw/image/v2/BKCK_PRD/on/demandware.static/-/Sites-Tanishq-product-catalog/default/dw867f70d5/images/hi-res/50D3FFFCOAA09_1.jpg,Tanishq_Jewelry_Dataset_Final/images/uncategorized/50d3fffcoaa09_1.jpg|Tanishq_Jewelry_Dataset_Final/images/uncategorized/50d3fffcoaa09_2.jpg|Tanishq_Jewelry_Dataset_Final/images/uncategorized/50d3fffcoaa09_3.jpg,,
T_51d5l2fedlaa002ba000001,Vine Loop Gold Ring,tanishq,2.643,22KT,Yellow,Gold,46004.0,none,0.0,,,none,,Women,,https://www.tanishq.co.in/dw/image/v2/BKCK_PRD/on/demandware.static/-/Sites-Tanishq-product-catalog/default/dw97d6fa90/images/hi-res/51D5L2FEDAA00_1.jpg?sw=640&sh=640,Tanishq_Jewelry_Dataset_Final/images/uncategorized/51d5l2fedlaa002ba000001_1.jpg|Tanishq_Jewelry_Dataset_Final/images/uncategorized/51d5l2fedlaa002ba000001_2.jpg|Tanishq_Jewelry_Dataset_Final/images/uncategorized/51d5l2fedlaa002ba000001_3.jpg|Tanishq_Jewelry_Dataset_Final/images/uncategorized/51d5l2fedlaa002ba000001_4.jpg,,
T_50g5b1fjhaa02,Classy Regal Diamond Finger Ring for Men,tanishq,4.663,18KT,Yellow,Gold,135635.0,diamond,0.363,,,Round,,Men,,https://www.tanishq.co.in/dw/image/v2/BKCK_PRD/on/demandware.static/-/Sites-Tanishq-product-catalog/default/dw9fad5e5e/images/hi-res/50G5B1FJHAA02_1.jpg?sw=640&sh=640,Tanishq_Jewelry_Dataset_Final/images/uncategorized/50g5b1fjhaa02_1.jpg|Tanishq_Jewelry_Dataset_Final/images/uncategorized/50g5b1fjhaa02_2.jpg|Tanishq_Jewelry_Dataset_Final/images/uncategorized/50g5b1fjhaa02_3.jpg,,
T_50e5b1felaa02,Eternal Hearts Diamond Finger Ring,tanishq,3.217,18KT,Yellow,Gold,97830.0,diamond,0.291,,,Round,,Women,,https://www.tanishq.co.in/dw/image/v2/BKCK_PRD/on/demandware.static/-/Sites-Tanishq-product-catalog/default/dw724e4762/images/hi-res/50E5B1FELAA02_1.jpg?sw=640&sh=640,Tanishq_Jewelry_Dataset_Final/images/uncategorized/50e5b1felaa02_1.jpg|Tanishq_Jewelry_Dataset_Final/images/uncategorized/50e5b1felaa02_2.jpg|Tanishq_Jewelry_Dataset_Final/images/uncategorized/50e5b1felaa02_3.jpg,,
T_50e5b1fffaa02,Regal Glint Diamond Finger Ring,tanishq,2.163,18KT,Yellow,Gold,102952.0,diamond,0.345,,,Round,,Women,,https://www.tanishq.co.in/dw/image/v2/BKCK_PRD/on/demandware.static/-/Sites-Tanishq-product-catalog/default/dw3d6de9db/images/hi-res/50E5B1FFFAA02_1.jpg?sw=640&sh=640,Tanishq_Jewelry_Dataset_Final/images/uncategorized/50e5b1fffaa02_1.jpg|Tanishq_Jewelry_Dataset_Final/images/uncategorized/50e5b1fffaa02_2.jpg|Tanishq_Jewelry_Dataset_Final/images/uncategorized/50e5b1fffaa02_3.jpg,,
T_50d2ptfiuaa02,Twisted Glint Diamond Ring,tanishq,2.646,18KT,Yellow,Gold,64204.0,diamond,0.149,,,Round,,Women,,https://www.tanishq.co.in/dw/image/v2/BKCK_PRD/on/demandware.static/-/Sites-Tanishq-product-catalog/default/dwf7eb9b82/images/hi-res/50D2PTFIUAA02_1.jpg,Tanishq_Jewelry_Dataset_Final/images/uncategorized/50d2ptfiuaa02_1.jpg|Tanishq_Jewelry_Dataset_Final/images/uncategorized/50d2ptfiuaa02_2.jpg|Tanishq_Jewelry_Dataset_Final/images/uncategorized/50d2ptfiuaa02_3.jpg,,
T_51e5c1fbqaa00,Bold Loop Gold Ring,tanishq,3.423,22KT,Yellow,Gold,59823.0,none,0.0,,,none,,Women,,https://www.tanishq.co.in/dw/image/v2/BKCK_PRD/on/demandware.static/-/Sites-Tanishq-product-catalog/default/dw2374bbc8/images/hi-res/51E5C1FBQAA00_1.jpg,Tanishq_Jewelry_Dataset_Final/images/uncategorized/51e5c1fbqaa00_1.jpg|Tanishq_Jewelry_Dataset_Final/images/uncategorized/51e5c1fbqaa00_2.jpg|Tanishq_Jewelry_Dataset_Final/images/uncategorized/51e5c1fbqaa00_3.jpg,,
T_51g5c1fbeaa00,Statement Ripple Gold Ring for Men,tanishq,5.934,22KT,Yellow,Gold,104129.0,none,0.0,,,none,,Men,,https://www.tanishq.co.in/dw/image/v2/BKCK_PRD/on/demandware.static/-/Sites-Tanishq-product-catalog/default/dw6f84d10e/images/hi-res/51G5C1FBEAA00_1.jpg,Tanishq_Jewelry_Dataset_Final/images/uncategorized/51g5c1fbeaa00_1.jpg|Tanishq_Jewelry_Dataset_Final/images/uncategorized/51g5c1fbeaa00_2.jpg|Tanishq_Jewelry_Dataset_Final/images/uncategorized/51g5c1fbeaa00_3.jpg,,
T_50g5b1fcuaa022jd000003,Bold Regal Diamond Finger Ring for Men,tanishq,4.439,18KT,Yellow,Gold,123857.0,diamond,0.334,,,Round,,Men,,https://www.tanishq.co.in/dw/image/v2/BKCK_PRD/on/demandware.static/-/Sites-Tanishq-product-catalog/default/dwd145870f/images/hi-res/50G5B1FCUAA02_1.jpg?sw=640&sh=640,Tanishq_Jewelry_Dataset_Final/images/uncategorized/50g5b1fcuaa022jd000003_1.jpg|Tanishq_Jewelry_Dataset_Final/images/uncategorized/50g5b1fcuaa022jd000003_2.jpg|Tanishq_Jewelry_Dataset_Final/images/uncategorized/50g5b1fcuaa022jd000003_3.jpg,,
T_50e5b1feilaa022jd000002,Radiant Weave Diamond Finger Ring,tanishq,3.265,18KT,Yellow,Gold,118430.0,diamond,0.4,,,Round,,Women,,https://www.tanishq.co.in/dw/image/v2/BKCK_PRD/on/demandware.static/-/Sites-Tanishq-product-catalog/default/dwfbb1590b/images/hi-res/50E5B1FEIAA02_1.jpg?sw=640&sh=640,Tanishq_Jewelry_Dataset_Final/images/uncategorized/50e5b1feilaa022jd000002_1.jpg|Tanishq_Jewelry_Dataset_Final/images/uncategorized/50e5b1feilaa022jd000002_2.jpg|Tanishq_Jewelry_Dataset_Final/images/uncategorized/50e5b1feilaa022jd000002_3.jpg,,
T_50g5c1fgtaa02,Vertical Groove Diamond Ring For Men,tanishq,4.048,18KT,Yellow,Gold,82108.0,diamond,0.13,,,Round,,Men,,https://www.tanishq.co.in/dw/image/v2/BKCK_PRD/on/demandware.static/-/Sites-Tanishq-product-catalog/default/dw45e83a9f/images/hi-res/50G5C1FGTAA02_1.jpg,Tanishq_Jewelry_Dataset_Final/images/uncategorized/50g5c1fgtaa02_1.jpg|Tanishq_Jewelry_Dataset_Final/images/uncategorized/50g5c1fgtaa02_2.jpg|Tanishq_Jewelry_Dataset_Final/images/uncategorized/50g5c1fgtaa02_3.jpg,,
T_50e5c1faolaa022jd000057,Radiant Oval Diamond Ring,tanishq,2.602,18KT,Yellow,Gold,76124.0,diamond,0.215,,,Round,,Women,,https://www.tanishq.co.in/on/demandware.static/-/Sites-Tanishq-product-catalog/default/dwbf35fb83/images/hi-res/50E5C1FAOAA02_1.jpg,Tanishq_Jewelry_Dataset_Final/images/uncategorized/50e5c1faolaa022jd000057_1.jpg|Tanishq_Jewelry_Dataset_Final/images/uncategorized/50e5c1faolaa022jd000057_2.jpg|Tanishq_Jewelry_Dataset_Final/images/uncategorized/50e5c1faolaa022jd000057_3.jpg,,
T_51d5l2ffhlaa002ba000001,Angular Crest Gold Ring,tanishq,2.613,22KT,Yellow,Gold,45481.0,none,0.0,,,none,,Women,,https://www.tanishq.co.in/dw/image/v2/BKCK_PRD/on/demandware.static/-/Sites-Tanishq-product-catalog/default/dwf2918bdd/images/hi-res/51D5L2FFHAA00_1.jpg?sw=640&sh=640,Tanishq_Jewelry_Dataset_Final/images/uncategorized/51d5l2ffhlaa002ba000001_1.jpg|Tanishq_Jewelry_Dataset_Final/images/uncategorized/51d5l2ffhlaa002ba000001_2.jpg|Tanishq_Jewelry_Dataset_Final/images/uncategorized/51d5l2ffhlaa002ba000001_3.jpg|Tanishq_Jewelry_Dataset_Final/images/uncategorized/51d5l2ffhlaa002ba000001_4.jpg,,
T_51m4b1fkqaa00,Twin Arc Gold Ring,tanishq,3.401,22KT,Yellow,Gold,59197.0,none,0.0,,,none,,Women,,https://www.tanishq.co.in/dw/image/v2/BKCK_PRD/on/demandware.static/-/Sites-Tanishq-product-catalog/default/dw1167351d/images/hi-res/51M4B1FKQAA00_1.jpg?sw=640&sh=640,Tanishq_Jewelry_Dataset_Final/images/uncategorized/51m4b1fkqaa00_1.jpg|Tanishq_Jewelry_Dataset_Final/images/uncategorized/51m4b1fkqaa00_2.jpg|Tanishq_Jewelry_Dataset_Final/images/uncategorized/51m4b1fkqaa00_3.jpg,,
T_50e5b1fedaa02,Infinite Spark Diamond Finger Ring,tanishq,3.619,18KT,Yellow,Gold,125814.0,diamond,0.419,,,Round,,Women,,https://www.tanishq.co.in/dw/image/v2/BKCK_PRD/on/demandware.static/-/Sites-Tanishq-product-catalog/default/dw006aaac1/images/hi-res/50E5B1FEDAA02_1.jpg,Tanishq_Jewelry_Dataset_Final/images/uncategorized/50e5b1fedaa02_1.jpg|Tanishq_Jewelry_Dataset_Final/images/uncategorized/50e5b1fedaa02_2.jpg|Tanishq_Jewelry_Dataset_Final/images/uncategorized/50e5b1fedaa02_3.jpg,,
T_50g3i1ficraa023ih000101,Royal Majesty Diamond Finger Ring,tanishq,6.397,18KT,Yellow,Gold,146203.0,diamond,0.313,,,Round,,Women,,https://www.tanishq.co.in/dw/image/v2/BKCK_PRD/on/demandware.static/-/Sites-Tanishq-product-catalog/default/dwa04fe562/images/hi-res/50G3I1FICAA02_1.jpg,Tanishq_Jewelry_Dataset_Final/images/uncategorized/50g3i1ficraa023ih000101_1.jpg|Tanishq_Jewelry_Dataset_Final/images/uncategorized/50g3i1ficraa023ih000101_2.jpg|Tanishq_Jewelry_Dataset_Final/images/uncategorized/50g3i1ficraa023ih000101_3.jpg,,
T_50e5c1fallaa022jd000006,Graceful Crown Diamond Ring,tanishq,2.018,18KT,Rose,Gold,51478.0,diamond,0.13,,,Round,,Women,,https://www.tanishq.co.in/dw/image/v2/BKCK_PRD/on/demandware.static/-/Sites-Tanishq-product-catalog/default/dw1c18209e/images/hi-res/50E5C1FALAA02_1.jpg?sw=640&sh=640,Tanishq_Jewelry_Dataset_Final/images/uncategorized/50e5c1fallaa022jd000006_1.jpg|Tanishq_Jewelry_Dataset_Final/images/uncategorized/50e5c1fallaa022jd000006_2.jpg|Tanishq_Jewelry_Dataset_Final/images/uncategorized/50e5c1fallaa022jd000006_3.jpg,,
T_51m5i1faulaa002ja000030,Ripple Twist Gold Ring,tanishq,3.444,22KT,Yellow,Gold,59946.0,none,0.0,,,none,,Women,,https://www.tanishq.co.in/on/demandware.static/-/Sites-Tanishq-product-catalog/default/dwa9455499/images/hi-res/51M5I1FAUAA00_1.jpg,Tanishq_Jewelry_Dataset_Final/images/uncategorized/51m5i1faulaa002ja000030_1.jpg|Tanishq_Jewelry_Dataset_Final/images/uncategorized/51m5i1faulaa002ja000030_2.jpg|Tanishq_Jewelry_Dataset_Final/images/uncategorized/51m5i1faulaa002ja000030_3.jpg,,
T_50d5b2fmclaa022jd000002,Marquise Majesty Diamond Ring,tanishq,2.229,18KT,Yellow,Gold,66544.0,diamond,0.183,,,Round,,Women,,https://www.tanishq.co.in/dw/image/v2/BKCK_PRD/on/demandware.static/-/Sites-Tanishq-product-catalog/default/dw4b74f74f/images/hi-res/50D5B2FMCAA02_1.jpg?sw=640&sh=640,Tanishq_Jewelry_Dataset_Final/images/uncategorized/50d5b2fmclaa022jd000002_1.jpg|Tanishq_Jewelry_Dataset_Final/images/uncategorized/50d5b2fmclaa022jd000002_2.jpg|Tanishq_Jewelry_Dataset_Final/images/uncategorized/50d5b2fmclaa022jd000002_3.jpg,,
T_51g5c1fbcaa00,Bold Square Gold Ring for Men,tanishq,4.876,22KT,Yellow,Gold,85564.0,none,0.0,,,none,,Men,,https://www.tanishq.co.in/dw/image/v2/BKCK_PRD/on/demandware.static/-/Sites-Tanishq-product-catalog/default/dwe9619896/images/hi-res/51G5C1FBCAA00_1.jpg,Tanishq_Jewelry_Dataset_Final/images/uncategorized/51g5c1fbcaa00_1.jpg|Tanishq_Jewelry_Dataset_Final/images/uncategorized/51g5c1fbcaa00_2.jpg|Tanishq_Jewelry_Dataset_Final/images/uncategorized/51g5c1fbcaa00_3.jpg,,
T_50d5b1fbalaa022bd000022,Radiant Sunburst Diamond Finger Ring,tanishq,2.955,18KT,Yellow,Gold,102795.0,diamond,0.33,,,Round,,Women,,https://www.tanishq.co.in/dw/image/v2/BKCK_PRD/on/demandware.static/-/Sites-Tanishq-product-catalog/default/dwf9df12d6/images/hi-res/50D5B1FBAAA02_1.jpg?sw=640&sh=640,Tanishq_Jewelry_Dataset_Final/images/uncategorized/50d5b1fbalaa022bd000022_1.jpg|Tanishq_Jewelry_Dataset_Final/images/uncategorized/50d5b1fbalaa022bd000022_2.jpg|Tanishq_Jewelry_Dataset_Final/images/uncategorized/50d5b1fbalaa022bd000022_3.jpg,,
T_50d5b2flnaa02,Flow Lines Diamond Ring,tanishq,2.691,18KT,Yellow,Gold,81498.0,diamond,0.235,,,Round,,Women,,https://www.tanishq.co.in/on/demandware.static/-/Sites-Tanishq-product-catalog/default/dw469edb5e/images/hi-res/50D5B2FLNAA02_1.jpg,Tanishq_Jewelry_Dataset_Final/images/uncategorized/50d5b2flnaa02_1.jpg|Tanishq_Jewelry_Dataset_Final/images/uncategorized/50d5b2flnaa02_2.jpg|Tanishq_Jewelry_Dataset_Final/images/uncategorized/50d5b2flnaa02_3.jpg,,
T_51d5b1fjgaa18,Graceful Arch Ruby Finger Ring,tanishq,2.271,22KT,Yellow,Gold,39720.0,gemstone,0.0,,,none,,Women,,https://www.tanishq.co.in/dw/image/v2/BKCK_PRD/on/demandware.static/-/Sites-Tanishq-product-catalog/default/dw795f8994/images/hi-res/51D5B1FJGAA18_1.jpg?sw=640&sh=640,Tanishq_Jewelry_Dataset_Final/images/uncategorized/51d5b1fjgaa18_1.jpg|Tanishq_Jewelry_Dataset_Final/images/uncategorized/51d5b1fjgaa18_2.jpg|Tanishq_Jewelry_Dataset_Final/images/uncategorized/51d5b1fjgaa18_3.jpg,,
T_51e5c1fdhlaa002jd000003,Majestic Crown Gold Ring,tanishq,2.417,22KT,Yellow,Gold,42242.0,none,0.0,,,none,,Women,,https://www.tanishq.co.in/on/demandware.static/-/Sites-Tanishq-product-catalog/default/dw7c7d3f19/images/hi-res/51E5C1FDHAA00_1.jpg,Tanishq_Jewelry_Dataset_Final/images/uncategorized/51e5c1fdhlaa002jd000003_1.jpg|Tanishq_Jewelry_Dataset_Final/images/uncategorized/51e5c1fdhlaa002jd000003_2.jpg|Tanishq_Jewelry_Dataset_Final/images/uncategorized/51e5c1fdhlaa002jd000003_3.jpg,,
T_50d5b2fhzlaa022jd000003,Trendy Mesh Diamond Finger Ring,tanishq,2.951,18KT,Yellow,Gold,94928.0,diamond,0.29,,,Round,,Women,,https://www.tanishq.co.in/dw/image/v2/BKCK_PRD/on/demandware.static/-/Sites-Tanishq-product-catalog/default/dwf607bd65/images/hi-res/50D5B2FHZAA02_1.jpg,Tanishq_Jewelry_Dataset_Final/images/uncategorized/50d5b2fhzlaa022jd000003_1.jpg|Tanishq_Jewelry_Dataset_Final/images/uncategorized/50d5b2fhzlaa022jd000003_2.jpg|Tanishq_Jewelry_Dataset_Final/images/uncategorized/50d5b2fhzlaa022jd000003_3.jpg,,
T_50g5b1fcaaa02,Hexa Bold Diamond Ring for men,tanishq,4.198,18KT,Yellow,Gold,129077.0,diamond,0.262,,,Round,,Men,,https://www.tanishq.co.in/dw/image/v2/BKCK_PRD/on/demandware.static/-/Sites-Tanishq-product-catalog/default/dw1950164a/images/hi-res/50G5B1FCAAA02_1.jpg,Tanishq_Jewelry_Dataset_Final/images/uncategorized/50g5b1fcaaa02_1.jpg|Tanishq_Jewelry_Dataset_Final/images/uncategorized/50g5b1fcaaa02_2.jpg|Tanishq_Jewelry_Dataset_Final/images/uncategorized/50g5b1fcaaa02_3.jpg,,
T_50d5flfafaa32,Starburst Spin Diamond Ring,tanishq,5.858,18KT,Yellow,Gold,125593.0,diamond,0.215,,,Round,,Women,,https://www.tanishq.co.in/dw/image/v2/BKCK_PRD/on/demandware.static/-/Sites-Tanishq-product-catalog/default/dw30f78361/images/hi-res/50D5FLFAFAA32_1.jpg,Tanishq_Jewelry_Dataset_Final/images/uncategorized/50d5flfafaa32_1.jpg|Tanishq_Jewelry_Dataset_Final/images/uncategorized/50d5flfafaa32_2.jpg|Tanishq_Jewelry_Dataset_Final/images/uncategorized/50d5flfafaa32_3.jpg|Tanishq_Jewelry_Dataset_Final/images/uncategorized/50d5flfafaa32_4.jpg|Tanishq_Jewelry_Dataset_Final/images/uncategorized/50d5flfafaa32_5.jpg|Tanishq_Jewelry_Dataset_Final/images/uncategorized/50d5flfafaa32_6.jpg,,
T_51m4c1fhjl4acz2ea000052,Spark Sequence Gold Ring,tanishq,5.347,22KT,Yellow,Gold,95044.0,none,0.0,,,none,,Women,,https://www.tanishq.co.in/dw/image/v2/BKCK_PRD/on/demandware.static/-/Sites-Tanishq-product-catalog/default/dwdf678b68/images/hi-res/51M4C1FHJ4ACZ_1.jpg,Tanishq_Jewelry_Dataset_Final/images/uncategorized/51m4c1fhjl4acz2ea000052_1.jpg|Tanishq_Jewelry_Dataset_Final/images/uncategorized/51m4c1fhjl4acz2ea000052_2.jpg|Tanishq_Jewelry_Dataset_Final/images/uncategorized/51m4c1fhjl4acz2ea000052_3.jpg|Tanishq_Jewelry_Dataset_Final/images/uncategorized/51m4c1fhjl4acz2ea000052_4.jpg|Tanishq_Jewelry_Dataset_Final/images/uncategorized/51m4c1fhjl4acz2ea000052_5.jpg|Tanishq_Jewelry_Dataset_Final/images/uncategorized/51m4c1fhjl4acz2ea000052_6.jpg,,
T_512822funaa00,Sleek Textured Gold Ring,tanishq,1.8,22KT,Yellow,Gold,32609.0,none,0.0,,,none,,Women,,https://www.tanishq.co.in/on/demandware.static/-/Sites-Tanishq-product-catalog/default/dwd9df9ef5/images/Mia/hi-res/2822FUN_1.jpg,Tanishq_Jewelry_Dataset_Final/images/uncategorized/512822funaa00_1.jpg|Tanishq_Jewelry_Dataset_Final/images/uncategorized/512822funaa00_2.jpg|Tanishq_Jewelry_Dataset_Final/images/uncategorized/512822funaa00_3.jpg|Tanishq_Jewelry_Dataset_Final/images/uncategorized/512822funaa00_4.jpg,,
T_50f5gcfeclaa022jd000013,Divine Glow Diamond Ring,tanishq,5.388,18KT,Yellow,Gold,91893.0,diamond,0.092,,,Round,,Women,,https://www.tanishq.co.in/dw/image/v2/BKCK_PRD/on/demandware.static/-/Sites-Tanishq-product-catalog/default/dw383f83a0/images/hi-res/50F5GCFECAA02_1.jpg?sw=640&sh=640,Tanishq_Jewelry_Dataset_Final/images/uncategorized/50f5gcfeclaa022jd000013_1.jpg|Tanishq_Jewelry_Dataset_Final/images/uncategorized/50f5gcfeclaa022jd000013_2.jpg|Tanishq_Jewelry_Dataset_Final/images/uncategorized/50f5gcfeclaa022jd000013_3.jpg,,
T_50d5b2fmgaa02,Twisted Floral Diamond Ring,tanishq,2.63,18KT,Rose,Gold,78574.0,diamond,0.224,,,Round,,Women,,https://www.tanishq.co.in/on/demandware.static/-/Sites-Tanishq-product-catalog/default/dw33bdb0ca/images/hi-res/50D5B2FMGAA02_1.jpg,Tanishq_Jewelry_Dataset_Final/images/uncategorized/50d5b2fmgaa02_1.jpg|Tanishq_Jewelry_Dataset_Final/images/uncategorized/50d5b2fmgaa02_2.jpg|Tanishq_Jewelry_Dataset_Final/images/uncategorized/50d5b2fmgaa02_3.jpg,,
T_500784fkafaa002ja001270,Contemporary Wavy Gold Ring,tanishq,0.843,18KT,Yellow,Gold,12005.0,none,0.0,,,none,,Women,,https://www.tanishq.co.in/on/demandware.static/-/Sites-Tanishq-product-catalog/default/dwd3dde6e8/images/hi-res/500784FKAAA00_1.jpg,Tanishq_Jewelry_Dataset_Final/images/uncategorized/500784fkafaa002ja001270_1.jpg|Tanishq_Jewelry_Dataset_Final/images/uncategorized/500784fkafaa002ja001270_2.jpg|Tanishq_Jewelry_Dataset_Final/images/uncategorized/500784fkafaa002ja001270_3.jpg|Tanishq_Jewelry_Dataset_Final/images/uncategorized/500784fkafaa002ja001270_4.jpg,,
T_50d5v2ffyaa29,Brilliance Burst Diamond Ring,tanishq,2.78,18KT,Yellow,Gold,85645.0,diamond,0.315,,,Round,,Women,,https://www.tanishq.co.in/dw/image/v2/BKCK_PRD/on/demandware.static/-/Sites-Tanishq-product-catalog/default/dw344fdc66/images/hi-res/50D5V2FFYAA29_1.jpg,Tanishq_Jewelry_Dataset_Final/images/uncategorized/50d5v2ffyaa29_1.jpg|Tanishq_Jewelry_Dataset_Final/images/uncategorized/50d5v2ffyaa29_2.jpg|Tanishq_Jewelry_Dataset_Final/images/uncategorized/50d5v2ffyaa29_3.jpg|Tanishq_Jewelry_Dataset_Final/images/uncategorized/50d5v2ffyaa29_4.jpg,,
T_50d5wmfamlaa322bd000010,Aerial Poise Diamond Ring,tanishq,2.088,18KT,Yellow,Gold,76084.0,diamond,0.245,,,Round,,Women,,https://www.tanishq.co.in/dw/image/v2/BKCK_PRD/on/demandware.static/-/Sites-Tanishq-product-catalog/default/dwb904b65b/images/hi-res/50D5WMFAMAA32_1.jpg,Tanishq_Jewelry_Dataset_Final/images/uncategorized/50d5wmfamlaa322bd000010_1.jpg|Tanishq_Jewelry_Dataset_Final/images/uncategorized/50d5wmfamlaa322bd000010_2.jpg|Tanishq_Jewelry_Dataset_Final/images/uncategorized/50d5wmfamlaa322bd000010_3.jpg|Tanishq_Jewelry_Dataset_Final/images/uncategorized/50d5wmfamlaa322bd000010_4.jpg,,
T_51e5c1fcmlaa002jd000047,Delicate Flower Gold Ring,tanishq,3.949,22KT,Yellow,Gold,69016.0,none,0.0,,,none,,Women,,https://www.tanishq.co.in/dw/image/v2/BKCK_PRD/on/demandware.static/-/Sites-Tanishq-product-catalog/default/dw92041a14/images/hi-res/51E5C1FCMAA00_1.jpg?sw=640&sh=640,Tanishq_Jewelry_Dataset_Final/images/uncategorized/51e5c1fcmlaa002jd000047_1.jpg|Tanishq_Jewelry_Dataset_Final/images/uncategorized/51e5c1fcmlaa002jd000047_2.jpg|Tanishq_Jewelry_Dataset_Final/images/uncategorized/51e5c1fcmlaa002jd000047_3.jpg,,
T_51m3ptfieaa002ee000227,Entwined Elegance Finger Ring,tanishq,5.456,22KT,Yellow,Gold,93222.0,none,0.0,,,none,,Women,,https://www.tanishq.co.in/on/demandware.static/-/Sites-Tanishq-product-catalog/default/dw2e81e8ae/images/hi-res/51M3PTFIEAA00_1.jpg,Tanishq_Jewelry_Dataset_Final/images/uncategorized/51m3ptfieaa002ee000227_1.jpg|Tanishq_Jewelry_Dataset_Final/images/uncategorized/51m3ptfieaa002ee000227_2.jpg|Tanishq_Jewelry_Dataset_Final/images/uncategorized/51m3ptfieaa002ee000227_3.jpg,,
T_50d5pafhinaa002ea000005,Breezy Bloom Gold Ring,tanishq,1.484,18KT,Yellow,Gold,21651.0,none,0.0,,,none,,Women,,https://www.tanishq.co.in/dw/image/v2/BKCK_PRD/on/demandware.static/-/Sites-Tanishq-product-catalog/default/dw7fcedb45/images/hi-res/50D5PAFHIAA00_1.jpg,Tanishq_Jewelry_Dataset_Final/images/uncategorized/50d5pafhinaa002ea000005_1.jpg|Tanishq_Jewelry_Dataset_Final/images/uncategorized/50d5pafhinaa002ea000005_2.jpg|Tanishq_Jewelry_Dataset_Final/images/uncategorized/50d5pafhinaa002ea000005_3.jpg,,
T_51g5amfcraa00,Nautical Glory Gold Ring For Men,tanishq,6.913,22KT,Yellow,Gold,124747.0,none,0.0,,,none,,Men,,https://www.tanishq.co.in/dw/image/v2/BKCK_PRD/on/demandware.static/-/Sites-Tanishq-product-catalog/default/dw4fa3c600/images/hi-res/51G5AMFCRAA00_1.jpg?sw=640&sh=640,Tanishq_Jewelry_Dataset_Final/images/uncategorized/51g5amfcraa00_1.jpg|Tanishq_Jewelry_Dataset_Final/images/uncategorized/51g5amfcraa00_2.jpg|Tanishq_Jewelry_Dataset_Final/images/uncategorized/51g5amfcraa00_3.jpg,,
T_50d5h2fqdaa02,Sparkling Radiance Diamond Ring,tanishq,2.664,18KT,Yellow,Gold,59178.0,diamond,0.117,,,Round,,Women,,https://www.tanishq.co.in/dw/image/v2/BKCK_PRD/on/demandware.static/-/Sites-Tanishq-product-catalog/default/dwef75990d/images/hi-res/50D5H2FQDAA02_1.jpg,Tanishq_Jewelry_Dataset_Final/images/uncategorized/50d5h2fqdaa02_1.jpg|Tanishq_Jewelry_Dataset_Final/images/uncategorized/50d5h2fqdaa02_2.jpg|Tanishq_Jewelry_Dataset_Final/images/uncategorized/50d5h2fqdaa02_3.jpg,,
T_51e5c1fcdaa00,Chevron Vanki Gold Ring,tanishq,2.797,22KT,Yellow,Gold,48883.0,none,0.0,,,none,,Women,,https://www.tanishq.co.in/on/demandware.static/-/Sites-Tanishq-product-catalog/default/dwf635626f/images/hi-res/51E5C1FCDAA00_1.jpg,Tanishq_Jewelry_Dataset_Final/images/uncategorized/51e5c1fcdaa00_1.jpg|Tanishq_Jewelry_Dataset_Final/images/uncategorized/51e5c1fcdaa00_2.jpg|Tanishq_Jewelry_Dataset_Final/images/uncategorized/51e5c1fcdaa00_3.jpg,,
T_503024fhfaa09,Spiral Triangular Gold & Diamond Ring,tanishq,3.125,18KT,Yellow,Gold,107442.0,diamond,0.409,,,Round,,Women,,https://www.tanishq.co.in/dw/image/v2/BKCK_PRD/on/demandware.static/-/Sites-Tanishq-product-catalog/default/dw26d1f5e3/images/Mia/hi-res/3024FHF.jpg?sw=640&sh=640,Tanishq_Jewelry_Dataset_Final/images/uncategorized/503024fhfaa09_1.jpg|Tanishq_Jewelry_Dataset_Final/images/uncategorized/503024fhfaa09_2.jpg|Tanishq_Jewelry_Dataset_Final/images/uncategorized/503024fhfaa09_3.jpg,,
T_50d5dtfaumaa022jd000017,Celestial Bloom Diamond Ring,tanishq,2.041,18KT,Yellow,Gold,57033.0,diamond,0.15,,,Round,,Women,,https://www.tanishq.co.in/dw/image/v2/BKCK_PRD/on/demandware.static/-/Sites-Tanishq-product-catalog/default/dwc1592bad/images/hi-res/50D5DTFAUAA02_1.jpg,Tanishq_Jewelry_Dataset_Final/images/uncategorized/50d5dtfaumaa022jd000017_1.jpg|Tanishq_Jewelry_Dataset_Final/images/uncategorized/50d5dtfaumaa022jd000017_2.jpg|Tanishq_Jewelry_Dataset_Final/images/uncategorized/50d5dtfaumaa022jd000017_3.jpg,,
T_51d6m1flzaa00,Leaf Rhythm Gold Ring,tanishq,1.906,22KT,Yellow,Gold,30738.0,none,0.0,,,none,,Women,,https://www.tanishq.co.in/dw/image/v2/BKCK_PRD/on/demandware.static/-/Sites-Tanishq-product-catalog/default/dw1dd10b2a/images/hi-res/51D6M1FLZAA00_1.jpg,Tanishq_Jewelry_Dataset_Final/images/uncategorized/51d6m1flzaa00_1.jpg|Tanishq_Jewelry_Dataset_Final/images/uncategorized/51d6m1flzaa00_2.jpg|Tanishq_Jewelry_Dataset_Final/images/uncategorized/51d6m1flzaa00_3.jpg|Tanishq_Jewelry_Dataset_Final/images/uncategorized/51d6m1flzaa00_4.jpg,,
T_50d5v2fxilaa022jd000024,Lattice Luxe Diamond Ring,tanishq,2.06,18KT,Yellow,Gold,75323.0,diamond,0.247,,,Round,,Women,,https://www.tanishq.co.in/on/demandware.static/-/Sites-Tanishq-product-catalog/default/dw617915d0/images/hi-res/50D5V2FXIAA02_1.jpg,Tanishq_Jewelry_Dataset_Final/images/uncategorized/50d5v2fxilaa022jd000024_1.jpg|Tanishq_Jewelry_Dataset_Final/images/uncategorized/50d5v2fxilaa022jd000024_2.jpg|Tanishq_Jewelry_Dataset_Final/images/uncategorized/50d5v2fxilaa022jd000024_3.jpg,,
T_sls3a1fapan74,Sparkling Swirl Solitaire Finger Ring,tanishq,3.309,18KT,Yellow,Gold,342801.0,diamond,0.51,,,Round,,Women,,https://www.tanishq.co.in/dw/image/v2/BKCK_PRD/on/demandware.static/-/Sites-Tanishq-product-catalog/default/dw95f04980/images/hi-res/SLS3A1FAPAN74_1.jpg,Tanishq_Jewelry_Dataset_Final/images/uncategorized/sls3a1fapan74_1.jpg|Tanishq_Jewelry_Dataset_Final/images/uncategorized/sls3a1fapan74_2.jpg|Tanishq_Jewelry_Dataset_Final/images/uncategorized/sls3a1fapan74_3.jpg|Tanishq_Jewelry_Dataset_Final/images/uncategorized/sls3a1fapan74_4.jpg,,
T_50d3plfujlaa022jd000012,Marvel Vanki Diamond Finger Ring,tanishq,2.88,18KT,Rose,Gold,49986.0,diamond,0.053,,,Round,,Women,,https://www.tanishq.co.in/dw/image/v2/BKCK_PRD/on/demandware.static/-/Sites-Tanishq-product-catalog/default/dw0736104b/images/hi-res/50D3PLFUJAA02_1.jpg?sw=640&sh=640,Tanishq_Jewelry_Dataset_Final/images/uncategorized/50d3plfujlaa022jd000012_1.jpg|Tanishq_Jewelry_Dataset_Final/images/uncategorized/50d3plfujlaa022jd000012_2.jpg|Tanishq_Jewelry_Dataset_Final/images/uncategorized/50d3plfujlaa022jd000012_3.jpg|Tanishq_Jewelry_Dataset_Final/images/uncategorized/50d3plfujlaa022jd000012_4.jpg,,
T_50d5b2fylaa02,Chic Entwine Diamond Finger Ring,tanishq,1.686,18KT,Yellow,Gold,39613.0,diamond,0.085,,,Round,,Women,,https://www.tanishq.co.in/dw/image/v2/BKCK_PRD/on/demandware.static/-/Sites-Tanishq-product-catalog/default/dwe3347f25/images/hi-res/50D5B2FYLAA02_1.jpg?sw=640&sh=640,Tanishq_Jewelry_Dataset_Final/images/uncategorized/50d5b2fylaa02_1.jpg|Tanishq_Jewelry_Dataset_Final/images/uncategorized/50d5b2fylaa02_2.jpg|Tanishq_Jewelry_Dataset_Final/images/uncategorized/50d5b2fylaa02_3.jpg,,
T_512d18fbkaa00,Auspicious 22 Karat Gold Finger Ring,tanishq,5.151,22KT,Yellow,Gold,89657.0,none,0.0,,,none,,Women,,https://www.tanishq.co.in/dw/image/v2/BKCK_PRD/on/demandware.static/-/Sites-Tanishq-product-catalog/default/dwb01c318a/images/hi-res/512D18FBKAA00_1.jpg,Tanishq_Jewelry_Dataset_Final/images/uncategorized/512d18fbkaa00_1.jpg|Tanishq_Jewelry_Dataset_Final/images/uncategorized/512d18fbkaa00_2.jpg|Tanishq_Jewelry_Dataset_Final/images/uncategorized/512d18fbkaa00_3.jpg,,
T_50e5b1fccaa02,Radiant Aura Diamond Ring,tanishq,2.87,18KT,Rose,Gold,93112.0,diamond,0.291,,,Round,,Women,,https://www.tanishq.co.in/dw/image/v2/BKCK_PRD/on/demandware.static/-/Sites-Tanishq-product-catalog/default/dw45d668c8/images/hi-res/50E5B1FCCAA02_1.jpg,Tanishq_Jewelry_Dataset_Final/images/uncategorized/50e5b1fccaa02_1.jpg|Tanishq_Jewelry_Dataset_Final/images/uncategorized/50e5b1fccaa02_2.jpg|Tanishq_Jewelry_Dataset_Final/images/uncategorized/50e5b1fccaa02_3.jpg,,
T_51d4mpfccaa00,Artistic Layered Ring,tanishq,5.554,22KT,Yellow,Gold,98645.0,none,0.0,,,none,,Women,,https://www.tanishq.co.in/dw/image/v2/BKCK_PRD/on/demandware.static/-/Sites-Tanishq-product-catalog/default/dw8bf2fccf/images/hi-res/51D4MPFCCAA00_1.jpg,Tanishq_Jewelry_Dataset_Final/images/uncategorized/51d4mpfccaa00_1.jpg|Tanishq_Jewelry_Dataset_Final/images/uncategorized/51d4mpfccaa00_2.jpg|Tanishq_Jewelry_Dataset_Final/images/uncategorized/51d4mpfccaa00_3.jpg,,
T_51f1kpfpqaa00,Swasthik Engraved Gold Finger Ring For Men,tanishq,4.606,22KT,Yellow,Gold,78208.0,none,0.0,,,none,,Men,,https://www.tanishq.co.in/dw/image/v2/BKCK_PRD/on/demandware.static/-/Sites-Tanishq-product-catalog/default/dw76e645e1/images/hi-res/51F1KPFPQAA00_1.jpg,Tanishq_Jewelry_Dataset_Final/images/uncategorized/51f1kpfpqaa00_1.jpg|Tanishq_Jewelry_Dataset_Final/images/uncategorized/51f1kpfpqaa00_2.jpg|Tanishq_Jewelry_Dataset_Final/images/uncategorized/51f1kpfpqaa00_3.jpg,,
T_50e5plffiaa02,Romantic Swirl Diamond Ring,tanishq,2.079,18KT,White+Rose,Gold,83780.0,diamond,0.265,,,Round,,Women,,https://www.tanishq.co.in/on/demandware.static/-/Sites-Tanishq-product-catalog/default/dwa75829fe/images/hi-res/50E5PLFFIAA02_1.jpg,Tanishq_Jewelry_Dataset_Final/images/uncategorized/50e5plffiaa02_1.jpg|Tanishq_Jewelry_Dataset_Final/images/uncategorized/50e5plffiaa02_2.jpg|Tanishq_Jewelry_Dataset_Final/images/uncategorized/50e5plffiaa02_3.jpg,,
T_50d2ptfxblaa092jd001289,Triangle Lattice Diamond Ring,tanishq,1.459,18KT,Rose,Gold,31728.0,diamond,0.07,,,Round,,Women,,https://www.tanishq.co.in/dw/image/v2/BKCK_PRD/on/demandware.static/-/Sites-Tanishq-product-catalog/default/dw1bad3be1/images/hi-res/50D2PTFXBAA09_1.jpg?sw=640&sh=640,Tanishq_Jewelry_Dataset_Final/images/uncategorized/50d2ptfxblaa092jd001289_1.jpg|Tanishq_Jewelry_Dataset_Final/images/uncategorized/50d2ptfxblaa092jd001289_2.jpg|Tanishq_Jewelry_Dataset_Final/images/uncategorized/50d2ptfxblaa092jd001289_3.jpg,,
T_50g5amfdsaa04,Contemporary Etched Diamond Ring For Men,tanishq,7.086,18KT,Yellow,Gold,110913.0,diamond,0.06,,,Round,,Men,,https://www.tanishq.co.in/dw/image/v2/BKCK_PRD/on/demandware.static/-/Sites-Tanishq-product-catalog/default/dw54bba2ea/images/hi-res/50G5AMFDSAA04_1.jpg?sw=640&sh=640,Tanishq_Jewelry_Dataset_Final/images/uncategorized/50g5amfdsaa04_1.jpg|Tanishq_Jewelry_Dataset_Final/images/uncategorized/50g5amfdsaa04_2.jpg|Tanishq_Jewelry_Dataset_Final/images/uncategorized/50g5amfdsaa04_3.jpg,,
T_50d5v2fbhaa02,Whispering Leaves Diamond Ring,tanishq,2.582,18KT,Rose,Gold,83360.0,diamond,0.26,,,Round,,Women,,https://www.tanishq.co.in/dw/image/v2/BKCK_PRD/on/demandware.static/-/Sites-Tanishq-product-catalog/default/dw62392005/images/hi-res/50D5V2FBHAA02_1.jpg,Tanishq_Jewelry_Dataset_Final/images/uncategorized/50d5v2fbhaa02_1.jpg|Tanishq_Jewelry_Dataset_Final/images/uncategorized/50d5v2fbhaa02_2.jpg|Tanishq_Jewelry_Dataset_Final/images/uncategorized/50d5v2fbhaa02_3.jpg,,
T_50g5c1ffjraa022jd000045,Cluster Statement Diamond Ring For Men,tanishq,5.109,18KT,Yellow,Gold,108887.0,diamond,0.197,,,Round,,Men,,https://www.tanishq.co.in/on/demandware.static/-/Sites-Tanishq-product-catalog/default/dwc3a6ca51/images/hi-res/50G5C1FFJAA02_1.jpg,Tanishq_Jewelry_Dataset_Final/images/uncategorized/50g5c1ffjraa022jd000045_1.jpg|Tanishq_Jewelry_Dataset_Final/images/uncategorized/50g5c1ffjraa022jd000045_2.jpg|Tanishq_Jewelry_Dataset_Final/images/uncategorized/50g5c1ffjraa022jd000045_3.jpg,,
T_50g5c1ffgaa02,Regal Rectangular Diamond Ring For Men,tanishq,6.417,18KT,Yellow,Gold,127273.0,diamond,0.205,,,Round,,Men,,https://www.tanishq.co.in/dw/image/v2/BKCK_PRD/on/demandware.static/-/Sites-Tanishq-product-catalog/default/dw67d12f8c/images/hi-res/50G5C1FFGAA02_1.jpg,Tanishq_Jewelry_Dataset_Final/images/uncategorized/50g5c1ffgaa02_1.jpg|Tanishq_Jewelry_Dataset_Final/images/uncategorized/50g5c1ffgaa02_2.jpg|Tanishq_Jewelry_Dataset_Final/images/uncategorized/50g5c1ffgaa02_3.jpg,,
T_50e5c1fawlaa022jd000005,Twin Leaf Diamond Ring,tanishq,2.584,18KT,Yellow,Gold,94951.0,diamond,0.325,,,Round,,Women,,https://www.tanishq.co.in/on/demandware.static/-/Sites-Tanishq-product-catalog/default/dw22c6732c/images/hi-res/50E5C1FAWAA02_1.jpg,Tanishq_Jewelry_Dataset_Final/images/uncategorized/50e5c1fawlaa022jd000005_1.jpg|Tanishq_Jewelry_Dataset_Final/images/uncategorized/50e5c1fawlaa022jd000005_2.jpg|Tanishq_Jewelry_Dataset_Final/images/uncategorized/50e5c1fawlaa022jd000005_3.jpg,,
T_51d2i1fevaa00,Heart Shaped Leaves Gold Finger Ring,tanishq,2.004,22KT,Yellow,Gold,34881.0,none,0.0,,,none,,Women,,https://www.tanishq.co.in/on/demandware.static/-/Sites-Tanishq-product-catalog/default/dwd6eb8dae/images/hi-res/51D2I1FEVAA00_1.jpg,Tanishq_Jewelry_Dataset_Final/images/uncategorized/51d2i1fevaa00_1.jpg|Tanishq_Jewelry_Dataset_Final/images/uncategorized/51d2i1fevaa00_2.jpg|Tanishq_Jewelry_Dataset_Final/images/uncategorized/51d2i1fevaa00_3.jpg,,
T_51e3i1fbaaa00,Grooved Men's Gold Finger Ring,tanishq,5.213,22KT,Yellow,Gold,90737.0,none,0.0,,,none,,Men,,https://www.tanishq.co.in/dw/image/v2/BKCK_PRD/on/demandware.static/-/Sites-Tanishq-product-catalog/default/dwb9f9b574/images/hi-res/51E3I1FBAAA00_1.jpg,Tanishq_Jewelry_Dataset_Final/images/uncategorized/51e3i1fbaaa00_1.jpg|Tanishq_Jewelry_Dataset_Final/images/uncategorized/51e3i1fbaaa00_2.jpg|Tanishq_Jewelry_Dataset_Final/images/uncategorized/51e3i1fbaaa00_3.jpg|Tanishq_Jewelry_Dataset_Final/images/uncategorized/51e3i1fbaaa00_4.jpg|Tanishq_Jewelry_Dataset_Final/images/uncategorized/51e3i1fbaaa00_5.jpg|Tanishq_Jewelry_Dataset_Final/images/uncategorized/51e3i1fbaaa00_6.jpg,,
T_50d5b3faeaa02,Floral Layers Diamond Ring,tanishq,4.27,18KT,Rose,Gold,105320.0,diamond,0.24,,,Round,,Women,,https://www.tanishq.co.in/dw/image/v2/BKCK_PRD/on/demandware.static/-/Sites-Tanishq-product-catalog/default/dw080c7a06/images/hi-res/50D5B3FAEAA02_1.jpg,Tanishq_Jewelry_Dataset_Final/images/uncategorized/50d5b3faeaa02_1.jpg|Tanishq_Jewelry_Dataset_Final/images/uncategorized/50d5b3faeaa02_2.jpg|Tanishq_Jewelry_Dataset_Final/images/uncategorized/50d5b3faeaa02_3.jpg,,
T_51d5b1flplaa182ba000002,Full Bloom Ring,tanishq,3.359,22KT,Yellow,Gold,57241.0,gemstone,0.0,,,none,,Women,,https://www.tanishq.co.in/on/demandware.static/-/Sites-Tanishq-product-catalog/default/dw2fa1a26d/images/hi-res/51D5B1FLPAA18_1.jpg,Tanishq_Jewelry_Dataset_Final/images/uncategorized/51d5b1flplaa182ba000002_1.jpg|Tanishq_Jewelry_Dataset_Final/images/uncategorized/51d5b1flplaa182ba000002_2.jpg|Tanishq_Jewelry_Dataset_Final/images/uncategorized/51d5b1flplaa182ba000002_3.jpg,,
T_50d5h3fulaa09,Fluid Whisper Diamond Ring,tanishq,1.547,18KT,Yellow,Gold,29097.0,diamond,0.046,,,Round,,Women,,https://www.tanishq.co.in/dw/image/v2/BKCK_PRD/on/demandware.static/-/Sites-Tanishq-product-catalog/default/dw3a020436/images/hi-res/50D5H3FULAA09_1.jpg,Tanishq_Jewelry_Dataset_Final/images/uncategorized/50d5h3fulaa09_1.jpg|Tanishq_Jewelry_Dataset_Final/images/uncategorized/50d5h3fulaa09_2.jpg|Tanishq_Jewelry_Dataset_Final/images/uncategorized/50d5h3fulaa09_3.jpg,,
T_50m4c1fixaa00,Modern Bead Gold Ring,tanishq,2.105,18KT,Yellow,Gold,30528.0,none,0.0,,,none,,Women,,https://www.tanishq.co.in/dw/image/v2/BKCK_PRD/on/demandware.static/-/Sites-Tanishq-product-catalog/default/dwa6528b3e/images/hi-res/50M4C1FIXAA00_1.jpg,Tanishq_Jewelry_Dataset_Final/images/uncategorized/50m4c1fixaa00_1.jpg|Tanishq_Jewelry_Dataset_Final/images/uncategorized/50m4c1fixaa00_2.jpg|Tanishq_Jewelry_Dataset_Final/images/uncategorized/50m4c1fixaa00_3.jpg,,
T_51e5c1fbvaa00,Delicate Petal Gold Ring,tanishq,3.578,22KT,Yellow,Gold,62532.0,none,0.0,,,none,,Women,,https://www.tanishq.co.in/dw/image/v2/BKCK_PRD/on/demandware.static/-/Sites-Tanishq-product-catalog/default/dw398b3c4e/images/hi-res/51E5C1FBVAA00_1.jpg,Tanishq_Jewelry_Dataset_Final/images/uncategorized/51e5c1fbvaa00_1.jpg|Tanishq_Jewelry_Dataset_Final/images/uncategorized/51e5c1fbvaa00_2.jpg|Tanishq_Jewelry_Dataset_Final/images/uncategorized/51e5c1fbvaa00_3.jpg,,
T_503120fetaa09,Dainty Diamond Finger Ring,tanishq,1.614,18KT,Yellow,Gold,33037.0,diamond,0.067,,,Round,,Women,,https://www.tanishq.co.in/dw/image/v2/BKCK_PRD/on/demandware.static/-/Sites-Tanishq-product-catalog/default/dwda38b72e/images/hi-res/503120FETAA09_1.jpg?sw=640&sh=640,Tanishq_Jewelry_Dataset_Final/images/uncategorized/503120fetaa09_1.jpg|Tanishq_Jewelry_Dataset_Final/images/uncategorized/503120fetaa09_2.jpg|Tanishq_Jewelry_Dataset_Final/images/uncategorized/503120fetaa09_3.jpg,,
T_51f1kpfnpaa00,Hollow Line Carved Gold Finger Ring For Men,tanishq,5.634,22KT,Yellow,Gold,98065.0,none,0.0,,,none,,Men,,https://www.tanishq.co.in/dw/image/v2/BKCK_PRD/on/demandware.static/-/Sites-Tanishq-product-catalog/default/dw8ee1d72d/images/hi-res/51F1KPFNPAA00_1.jpg,Tanishq_Jewelry_Dataset_Final/images/uncategorized/51f1kpfnpaa00_1.jpg|Tanishq_Jewelry_Dataset_Final/images/uncategorized/51f1kpfnpaa00_2.jpg|Tanishq_Jewelry_Dataset_Final/images/uncategorized/51f1kpfnpaa00_3.jpg,,
T_51d5b2fsvaa00,Curved Petal Gold Ring,tanishq,1.45,22KT,Yellow,Gold,24620.0,none,0.0,,,none,,Women,,https://www.tanishq.co.in/on/demandware.static/-/Sites-Tanishq-product-catalog/default/dw79aa7f69/images/hi-res/51D5B2FSVAA00_1.jpg,Tanishq_Jewelry_Dataset_Final/images/uncategorized/51d5b2fsvaa00_1.jpg|Tanishq_Jewelry_Dataset_Final/images/uncategorized/51d5b2fsvaa00_2.jpg|Tanishq_Jewelry_Dataset_Final/images/uncategorized/51d5b2fsvaa00_3.jpg,,
T_51d5m2fsliaa002ja000004,Flowing Leaf Gold Ring,tanishq,1.865,22KT,Yellow,Gold,30339.0,none,0.0,,,none,,Women,,https://www.tanishq.co.in/on/demandware.static/-/Sites-Tanishq-product-catalog/default/dw03470c0a/images/hi-res/51D5M2FSLAA00_1.jpg,Tanishq_Jewelry_Dataset_Final/images/uncategorized/51d5m2fsliaa002ja000004_1.jpg|Tanishq_Jewelry_Dataset_Final/images/uncategorized/51d5m2fsliaa002ja000004_2.jpg|Tanishq_Jewelry_Dataset_Final/images/uncategorized/51d5m2fsliaa002ja000004_3.jpg,,
T_50e5b1fekaa02,Romantic Charm Diamond Finger Ring,tanishq,3.224,18KT,Yellow,Gold,98488.0,diamond,0.299,,,Round,,Women,,https://www.tanishq.co.in/dw/image/v2/BKCK_PRD/on/demandware.static/-/Sites-Tanishq-product-catalog/default/dw8bedb453/images/hi-res/50E5B1FEKAA02_1.jpg?sw=640&sh=640,Tanishq_Jewelry_Dataset_Final/images/uncategorized/50e5b1fekaa02_1.jpg|Tanishq_Jewelry_Dataset_Final/images/uncategorized/50e5b1fekaa02_2.jpg|Tanishq_Jewelry_Dataset_Final/images/uncategorized/50e5b1fekaa02_3.jpg,,
T_504922fnaaa09,Whispering Elegance Diamond 18KT Rose Gold Ring,tanishq,1.481,18KT,Rose,Gold,33153.0,diamond,0.062,,,Round,,Women,,https://www.tanishq.co.in/dw/image/v2/BKCK_PRD/on/demandware.static/-/Sites-Tanishq-product-catalog/default/dwc77e4b19/images/hi-res/4922FNA_1.jpg?sw=640&sh=640,Tanishq_Jewelry_Dataset_Final/images/uncategorized/504922fnaaa09_1.jpg|Tanishq_Jewelry_Dataset_Final/images/uncategorized/504922fnaaa09_2.jpg|Tanishq_Jewelry_Dataset_Final/images/uncategorized/504922fnaaa09_3.jpg,,
T_51d3c3fiwaa00,Regal Tradition Ring,tanishq,4.3,22KT,Yellow,Gold,73623.0,none,0.0,,,none,,Women,,https://www.tanishq.co.in/dw/image/v2/BKCK_PRD/on/demandware.static/-/Sites-Tanishq-product-catalog/default/dw4be52572/images/hi-res/51D3C3FIWAA00_1.jpg,Tanishq_Jewelry_Dataset_Final/images/uncategorized/51d3c3fiwaa00_1.jpg|Tanishq_Jewelry_Dataset_Final/images/uncategorized/51d3c3fiwaa00_2.jpg|Tanishq_Jewelry_Dataset_Final/images/uncategorized/51d3c3fiwaa00_3.jpg|Tanishq_Jewelry_Dataset_Final/images/uncategorized/51d3c3fiwaa00_4.jpg,,
T_50d5jsffuaa09,Floral Tail Diamond Ring,tanishq,1.783,18KT,Yellow,Gold,40820.0,diamond,0.105,,,Round,,Women,,https://www.tanishq.co.in/dw/image/v2/BKCK_PRD/on/demandware.static/-/Sites-Tanishq-product-catalog/default/dw9dc936a2/images/hi-res/50D5JSFFUAA09_1.jpg?sw=640&sh=640,Tanishq_Jewelry_Dataset_Final/images/uncategorized/50d5jsffuaa09_1.jpg|Tanishq_Jewelry_Dataset_Final/images/uncategorized/50d5jsffuaa09_2.jpg|Tanishq_Jewelry_Dataset_Final/images/uncategorized/50d5jsffuaa09_3.jpg|Tanishq_Jewelry_Dataset_Final/images/uncategorized/50d5jsffuaa09_4.jpg,,
T_50e5b1ffjlaa022jd000016,Playful Charm Diamond Finger Ring,tanishq,2.311,18KT,Yellow,Gold,59386.0,diamond,0.148,,,Round,,Women,,https://www.tanishq.co.in/dw/image/v2/BKCK_PRD/on/demandware.static/-/Sites-Tanishq-product-catalog/default/dwec047b3b/images/hi-res/50E5B1FFJAA02_1.jpg?sw=640&sh=640,Tanishq_Jewelry_Dataset_Final/images/uncategorized/50e5b1ffjlaa022jd000016_1.jpg|Tanishq_Jewelry_Dataset_Final/images/uncategorized/50e5b1ffjlaa022jd000016_2.jpg|Tanishq_Jewelry_Dataset_Final/images/uncategorized/50e5b1ffjlaa022jd000016_3.jpg,,
T_50e5b1fepaa02,Chic Embrace Diamond Finger Ring,tanishq,1.756,18KT,Yellow,Gold,46634.0,diamond,0.123,,,Round,,Women,,https://www.tanishq.co.in/dw/image/v2/BKCK_PRD/on/demandware.static/-/Sites-Tanishq-product-catalog/default/dw4837471e/images/hi-res/50E5B1FEPAA02_1.jpg,Tanishq_Jewelry_Dataset_Final/images/uncategorized/50e5b1fepaa02_1.jpg|Tanishq_Jewelry_Dataset_Final/images/uncategorized/50e5b1fepaa02_2.jpg|Tanishq_Jewelry_Dataset_Final/images/uncategorized/50e5b1fepaa02_3.jpg,,
T_50f5gcfbraa02,Shree Ganeshaya Diamond Ring For Men,tanishq,3.142,18KT,Yellow,Gold,52004.0,diamond,0.045,,,Round,,Men,,https://www.tanishq.co.in/on/demandware.static/-/Sites-Tanishq-product-catalog/default/dw28d20ce0/images/hi-res/50F5GCFBRAA02_1.jpg,Tanishq_Jewelry_Dataset_Final/images/uncategorized/50f5gcfbraa02_1.jpg|Tanishq_Jewelry_Dataset_Final/images/uncategorized/50f5gcfbraa02_2.jpg|Tanishq_Jewelry_Dataset_Final/images/uncategorized/50f5gcfbraa02_3.jpg,,
T_51d5b1fmfaa00,Lattice Glow Gold Ring,tanishq,2.326,22KT,Yellow,Gold,40321.0,none,0.0,,,none,,Women,,https://www.tanishq.co.in/dw/image/v2/BKCK_PRD/on/demandware.static/-/Sites-Tanishq-product-catalog/default/dw6d101afa/images/hi-res/51D5B1FMFAA00_1.jpg,Tanishq_Jewelry_Dataset_Final/images/uncategorized/51d5b1fmfaa00_1.jpg|Tanishq_Jewelry_Dataset_Final/images/uncategorized/51d5b1fmfaa00_2.jpg|Tanishq_Jewelry_Dataset_Final/images/uncategorized/51d5b1fmfaa00_3.jpg,,
T_5019lhfalaw00,Matte Gold Finger Ring,tanishq,3.882,18KT,White,Gold,51448.0,none,0.0,,,none,,Women,,https://www.tanishq.co.in/dw/image/v2/BKCK_PRD/on/demandware.static/-/Sites-Tanishq-product-catalog/default/dw8aa97faa/images/hi-res/5019LHFALAW00_1.jpg,Tanishq_Jewelry_Dataset_Final/images/uncategorized/5019lhfalaw00_1.jpg|Tanishq_Jewelry_Dataset_Final/images/uncategorized/5019lhfalaw00_2.jpg|Tanishq_Jewelry_Dataset_Final/images/uncategorized/5019lhfalaw00_3.jpg,,
T_50d5c1fqolaa092ba000005,Regal Rows Diamond Ring,tanishq,3.682,18KT,Yellow,Gold,84507.0,diamond,0.205,,,Round,,Women,,https://www.tanishq.co.in/dw/image/v2/BKCK_PRD/on/demandware.static/-/Sites-Tanishq-product-catalog/default/dwf0e5c7ce/images/hi-res/50D5C1FQOAA09_1.jpg,Tanishq_Jewelry_Dataset_Final/images/uncategorized/50d5c1fqolaa092ba000005_1.jpg|Tanishq_Jewelry_Dataset_Final/images/uncategorized/50d5c1fqolaa092ba000005_2.jpg|Tanishq_Jewelry_Dataset_Final/images/uncategorized/50d5c1fqolaa092ba000005_3.jpg,,
T_51d5b1fyynaacz2ea000014,Sculpted Floral Gold Ring,tanishq,3.224,22KT,Yellow,Gold,55413.0,none,0.0,,,none,,Women,,https://www.tanishq.co.in/on/demandware.static/-/Sites-Tanishq-product-catalog/default/dwd9356718/images/hi-res/51D5B1FYYAACZ_1.jpg,Tanishq_Jewelry_Dataset_Final/images/uncategorized/51d5b1fyynaacz2ea000014_1.jpg|Tanishq_Jewelry_Dataset_Final/images/uncategorized/51d5b1fyynaacz2ea000014_2.jpg|Tanishq_Jewelry_Dataset_Final/images/uncategorized/51d5b1fyynaacz2ea000014_3.jpg,,
T_50d5b2fhxaa02,Leafy Glow Diamond Finger Ring,tanishq,2.063,18KT,Yellow,Gold,59689.0,diamond,0.168,,,Round,,Women,,https://www.tanishq.co.in/on/demandware.static/-/Sites-Tanishq-product-catalog/default/dw3e0030b5/images/hi-res/50D5B2FHXAA02_1.jpg,Tanishq_Jewelry_Dataset_Final/images/uncategorized/50d5b2fhxaa02_1.jpg|Tanishq_Jewelry_Dataset_Final/images/uncategorized/50d5b2fhxaa02_2.jpg|Tanishq_Jewelry_Dataset_Final/images/uncategorized/50d5b2fhxaa02_3.jpg,,
T_50d5l1fteaa02,Beaded Band Diamond Ring,tanishq,1.275,18KT,Yellow,Gold,23750.0,diamond,0.032,,,Round,,Women,,https://www.tanishq.co.in/dw/image/v2/BKCK_PRD/on/demandware.static/-/Sites-Tanishq-product-catalog/default/dw0ccbbbd0/images/hi-res/50D5L1FTEAA02_1.jpg,Tanishq_Jewelry_Dataset_Final/images/uncategorized/50d5l1fteaa02_1.jpg|Tanishq_Jewelry_Dataset_Final/images/uncategorized/50d5l1fteaa02_2.jpg|Tanishq_Jewelry_Dataset_Final/images/uncategorized/50d5l1fteaa02_3.jpg,,
T_50d5b2fdzaa02,Zigzag Shine Diamond Ring,tanishq,2.57,18KT,Rose,Gold,100573.0,diamond,0.357,,,Round,,Women,,https://www.tanishq.co.in/on/demandware.static/-/Sites-Tanishq-product-catalog/default/dwa50be4ae/images/hi-res/50D5B2FDZAA02_1.jpg,Tanishq_Jewelry_Dataset_Final/images/uncategorized/50d5b2fdzaa02_1.jpg|Tanishq_Jewelry_Dataset_Final/images/uncategorized/50d5b2fdzaa02_2.jpg|Tanishq_Jewelry_Dataset_Final/images/uncategorized/50d5b2fdzaa02_3.jpg,,
T_50d5l1ffdaa09,Sunburst Twist Diamond Ring,tanishq,3.048,18KT,Yellow,Gold,56321.0,diamond,0.09,,,Round,,Women,,https://www.tanishq.co.in/dw/image/v2/BKCK_PRD/on/demandware.static/-/Sites-Tanishq-product-catalog/default/dw99644d25/images/hi-res/50D5L1FFDAA09_1.jpg,Tanishq_Jewelry_Dataset_Final/images/uncategorized/50d5l1ffdaa09_1.jpg|Tanishq_Jewelry_Dataset_Final/images/uncategorized/50d5l1ffdaa09_2.jpg|Tanishq_Jewelry_Dataset_Final/images/uncategorized/50d5l1ffdaa09_3.jpg,,
T_505923fmkaa09,Sparkling Connections 18KT Gold & Diamond Ring,tanishq,1.839,18KT,Yellow,Gold,40697.0,diamond,0.081,,,Round,,Women,,https://www.tanishq.co.in/on/demandware.static/-/Sites-Tanishq-product-catalog/default/dw1a493204/images/hi-res/5923FMK.jpg,Tanishq_Jewelry_Dataset_Final/images/uncategorized/505923fmkaa09_1.jpg|Tanishq_Jewelry_Dataset_Final/images/uncategorized/505923fmkaa09_2.jpg|Tanishq_Jewelry_Dataset_Final/images/uncategorized/505923fmkaa09_3.jpg|Tanishq_Jewelry_Dataset_Final/images/uncategorized/505923fmkaa09_4.jpg,,
T_51d5b1flnaa18,Floral Twist Ring,tanishq,3.506,22KT,Yellow,Gold,61083.0,gemstone,0.0,,,none,,Women,,https://www.tanishq.co.in/on/demandware.static/-/Sites-Tanishq-product-catalog/default/dwa56364c8/images/hi-res/51D5B1FLNAA18_1.jpg,Tanishq_Jewelry_Dataset_Final/images/uncategorized/51d5b1flnaa18_1.jpg|Tanishq_Jewelry_Dataset_Final/images/uncategorized/51d5b1flnaa18_2.jpg|Tanishq_Jewelry_Dataset_Final/images/uncategorized/51d5b1flnaa18_3.jpg,,
T_50d6vrfcjnaa372ba000108,Orchard Cluster Gold Ring,tanishq,4.239,18KT,Yellow,Gold,75937.0,gemstone,0.0,,,none,,Women,,https://www.tanishq.co.in/dw/image/v2/BKCK_PRD/on/demandware.static/-/Sites-Tanishq-product-catalog/default/dwa8c26dd5/images/hi-res/50D6VRFCJAA37_1.jpg,Tanishq_Jewelry_Dataset_Final/images/uncategorized/50d6vrfcjnaa372ba000108_1.jpg|Tanishq_Jewelry_Dataset_Final/images/uncategorized/50d6vrfcjnaa372ba000108_2.jpg|Tanishq_Jewelry_Dataset_Final/images/uncategorized/50d6vrfcjnaa372ba000108_3.jpg|Tanishq_Jewelry_Dataset_Final/images/uncategorized/50d6vrfcjnaa372ba000108_4.jpg,,
T_50d5wmfcimaa022bd000035,Winged Arc Diamond Ring,tanishq,4.933,18KT,Yellow,Gold,104649.0,diamond,0.195,,,Round,,Women,,https://www.tanishq.co.in/dw/image/v2/BKCK_PRD/on/demandware.static/-/Sites-Tanishq-product-catalog/default/dw4fdc7527/images/hi-res/50D5WMFCIAA02_1.jpg,Tanishq_Jewelry_Dataset_Final/images/uncategorized/50d5wmfcimaa022bd000035_1.jpg|Tanishq_Jewelry_Dataset_Final/images/uncategorized/50d5wmfcimaa022bd000035_2.jpg|Tanishq_Jewelry_Dataset_Final/images/uncategorized/50d5wmfcimaa022bd000035_3.jpg|Tanishq_Jewelry_Dataset_Final/images/uncategorized/50d5wmfcimaa022bd000035_4.jpg,,
T_50d5s2fakaa29,Scarlet Sway Diamond Ring,tanishq,2.345,18KT,Rose,Gold,60046.0,diamond,0.154,,,Round,,Women,,https://www.tanishq.co.in/dw/image/v2/BKCK_PRD/on/demandware.static/-/Sites-Tanishq-product-catalog/default/dw0e641ab0/images/hi-res/50D5S2FAKAA29_1.jpg,Tanishq_Jewelry_Dataset_Final/images/uncategorized/50d5s2fakaa29_1.jpg|Tanishq_Jewelry_Dataset_Final/images/uncategorized/50d5s2fakaa29_2.jpg|Tanishq_Jewelry_Dataset_Final/images/uncategorized/50d5s2fakaa29_3.jpg,,
T_51d4mpfbtaa00,Geometric Gleam Gold Ring,tanishq,3.692,22KT,Yellow,Gold,65574.0,none,0.0,,,none,,Women,,https://www.tanishq.co.in/on/demandware.static/-/Sites-Tanishq-product-catalog/default/dw4603cc34/images/hi-res/51D4MPFBTAA00_1.jpg,Tanishq_Jewelry_Dataset_Final/images/uncategorized/51d4mpfbtaa00_1.jpg|Tanishq_Jewelry_Dataset_Final/images/uncategorized/51d4mpfbtaa00_2.jpg|Tanishq_Jewelry_Dataset_Final/images/uncategorized/51d4mpfbtaa00_3.jpg,,
T_51m5i1fbaaa00,Interlace Flow Gold Ring,tanishq,2.202,22KT,Yellow,Gold,38328.0,none,0.0,,,none,,Women,,https://www.tanishq.co.in/dw/image/v2/BKCK_PRD/on/demandware.static/-/Sites-Tanishq-product-catalog/default/dw3f0ecfa2/images/hi-res/51M5I1FBAAA00_1.jpg?sw=640&sh=640,Tanishq_Jewelry_Dataset_Final/images/uncategorized/51m5i1fbaaa00_1.jpg|Tanishq_Jewelry_Dataset_Final/images/uncategorized/51m5i1fbaaa00_2.jpg|Tanishq_Jewelry_Dataset_Final/images/uncategorized/51m5i1fbaaa00_3.jpg,,
T_50d5pafcvlaa002eb000011,Ornate Square Gold Ring,tanishq,5.508,18KT,Yellow,Gold,79721.0,none,0.0,,,none,,Women,,https://www.tanishq.co.in/dw/image/v2/BKCK_PRD/on/demandware.static/-/Sites-Tanishq-product-catalog/default/dwf488288f/images/hi-res/50D5PAFCVAA00_1.jpg,Tanishq_Jewelry_Dataset_Final/images/uncategorized/50d5pafcvlaa002eb000011_1.jpg|Tanishq_Jewelry_Dataset_Final/images/uncategorized/50d5pafcvlaa002eb000011_2.jpg|Tanishq_Jewelry_Dataset_Final/images/uncategorized/50d5pafcvlaa002eb000011_3.jpg,,
T_513218fmaaa00,Minimalist 22 Karat Yellow Gold Finger Ring,tanishq,1.106,22KT,Yellow,Gold,19251.0,none,0.0,,,none,,Women,,https://www.tanishq.co.in/on/demandware.static/-/Sites-Tanishq-product-catalog/default/dw5ccaf089/images/hi-res/513218FMAAA00_1.jpg,Tanishq_Jewelry_Dataset_Final/images/uncategorized/513218fmaaa00_1.jpg,,
T_sls3i1fkhlaj793ih000001,Forever Shine Celeste Solitaire Ring,tanishq,2.857,18KT,White,Gold,232516.0,diamond,0.4,,,Round,,Women,,https://www.tanishq.co.in/dw/image/v2/BKCK_PRD/on/demandware.static/-/Sites-Tanishq-product-catalog/default/dwdd08b193/images/hi-res/SLS3I1FKHAJ79_1.jpg?sw=640&sh=640,Tanishq_Jewelry_Dataset_Final/images/uncategorized/sls3i1fkhlaj793ih000001_1.jpg|Tanishq_Jewelry_Dataset_Final/images/uncategorized/sls3i1fkhlaj793ih000001_2.jpg|Tanishq_Jewelry_Dataset_Final/images/uncategorized/sls3i1fkhlaj793ih000001_3.jpg|Tanishq_Jewelry_Dataset_Final/images/uncategorized/sls3i1fkhlaj793ih000001_4.jpg,,
T_51d5l2fewaa00,Twisted Rope Gold Ring,tanishq,2.747,22KT,Yellow,Gold,47814.0,none,0.0,,,none,,Women,,https://www.tanishq.co.in/dw/image/v2/BKCK_PRD/on/demandware.static/-/Sites-Tanishq-product-catalog/default/dwa75ea6ef/images/hi-res/51D5L2FEWAA00_1.jpg,Tanishq_Jewelry_Dataset_Final/images/uncategorized/51d5l2fewaa00_1.jpg|Tanishq_Jewelry_Dataset_Final/images/uncategorized/51d5l2fewaa00_2.jpg|Tanishq_Jewelry_Dataset_Final/images/uncategorized/51d5l2fewaa00_3.jpg|Tanishq_Jewelry_Dataset_Final/images/uncategorized/51d5l2fewaa00_4.jpg,,
T_50d5l1flfaa09,Petal Crest Diamond Ring,tanishq,1.52,18KT,Yellow,Gold,26706.0,diamond,0.04,,,Round,,Women,,https://www.tanishq.co.in/dw/image/v2/BKCK_PRD/on/demandware.static/-/Sites-Tanishq-product-catalog/default/dw6bfbf768/images/hi-res/50D5L1FLFAA09_1.jpg,Tanishq_Jewelry_Dataset_Final/images/uncategorized/50d5l1flfaa09_1.jpg|Tanishq_Jewelry_Dataset_Final/images/uncategorized/50d5l1flfaa09_2.jpg|Tanishq_Jewelry_Dataset_Final/images/uncategorized/50d5l1flfaa09_3.jpg,,
T_50m5v2fhwaa00,Abstract Twist Gold Ring,tanishq,2.878,18KT,Yellow,Gold,41822.0,none,0.0,,,none,,Women,,https://www.tanishq.co.in/dw/image/v2/BKCK_PRD/on/demandware.static/-/Sites-Tanishq-product-catalog/default/dwad904902/images/hi-res/50M5V2FHWAA00_1.jpg?sw=640&sh=640,Tanishq_Jewelry_Dataset_Final/images/uncategorized/50m5v2fhwaa00_1.jpg|Tanishq_Jewelry_Dataset_Final/images/uncategorized/50m5v2fhwaa00_2.jpg|Tanishq_Jewelry_Dataset_Final/images/uncategorized/50m5v2fhwaa00_3.jpg,,
T_51e5c1fboaa00,Cross Knot Gold Ring,tanishq,3.56,22KT,Yellow,Gold,62218.0,none,0.0,,,none,,Women,,https://www.tanishq.co.in/on/demandware.static/-/Sites-Tanishq-product-catalog/default/dw1d1f7669/images/hi-res/51E5C1FBOAA00_1.jpg,Tanishq_Jewelry_Dataset_Final/images/uncategorized/51e5c1fboaa00_1.jpg|Tanishq_Jewelry_Dataset_Final/images/uncategorized/51e5c1fboaa00_2.jpg|Tanishq_Jewelry_Dataset_Final/images/uncategorized/51e5c1fboaa00_3.jpg,,
T_50d5b2fffaa02,Playful Petal Diamond Finger Ring,tanishq,3.504,18KT,Yellow,Gold,110552.0,diamond,0.335,,,Round,,Women,,https://www.tanishq.co.in/dw/image/v2/BKCK_PRD/on/demandware.static/-/Sites-Tanishq-product-catalog/default/dw39ded0d1/images/hi-res/50D5B2FFFAA02_1.jpg?sw=640&sh=640,Tanishq_Jewelry_Dataset_Final/images/uncategorized/50d5b2fffaa02_1.jpg|Tanishq_Jewelry_Dataset_Final/images/uncategorized/50d5b2fffaa02_2.jpg|Tanishq_Jewelry_Dataset_Final/images/uncategorized/50d5b2fffaa02_3.jpg,,
T_502920faxae00,Ribbed Horizon Gold Ring,tanishq,2.593,18KT,Yellow,Gold,38133.0,none,0.0,,,none,,Women,,https://www.tanishq.co.in/on/demandware.static/-/Sites-Tanishq-product-catalog/default/dwb8c9b025/images/hi-res/502920FAXAE00_1.jpg,Tanishq_Jewelry_Dataset_Final/images/uncategorized/502920faxae00_1.jpg|Tanishq_Jewelry_Dataset_Final/images/uncategorized/502920faxae00_2.jpg|Tanishq_Jewelry_Dataset_Final/images/uncategorized/502920faxae00_3.jpg,,
T_51f1kpfgkaa00,Majestic Trunk Gold Ring,tanishq,1.52,18KT,Yellow,Gold,26457.0,none,0.0,,,none,,Women,,https://www.tanishq.co.in/dw/image/v2/BKCK_PRD/on/demandware.static/-/Sites-Tanishq-product-catalog/default/dw791a7529/images/hi-res/51F1KPFGKAA00_1.jpg?sw=640&sh=640,Tanishq_Jewelry_Dataset_Final/images/uncategorized/51f1kpfgkaa00_1.jpg|Tanishq_Jewelry_Dataset_Final/images/uncategorized/51f1kpfgkaa00_2.jpg|Tanishq_Jewelry_Dataset_Final/images/uncategorized/51f1kpfgkaa00_3.jpg,,
T_50g5v2fabaa02,Iconic Cluster Diamond Ring For Men,tanishq,3.512,18KT,Rose,Gold,88098.0,diamond,0.2,,,Round,,Men,,https://www.tanishq.co.in/on/demandware.static/-/Sites-Tanishq-product-catalog/default/dw521b2071/images/hi-res/50G5V2FABAA02_1.jpg,Tanishq_Jewelry_Dataset_Final/images/uncategorized/50g5v2fabaa02_1.jpg|Tanishq_Jewelry_Dataset_Final/images/uncategorized/50g5v2fabaa02_2.jpg|Tanishq_Jewelry_Dataset_Final/images/uncategorized/50g5v2fabaa02_3.jpg,,
T_51d5b2fbtaacz,Forever Loop Gold Ring,tanishq,4.535,22KT,Yellow,Gold,80578.0,none,0.0,,,none,,Women,,https://www.tanishq.co.in/on/demandware.static/-/Sites-Tanishq-product-catalog/default/dwc30baa6c/images/hi-res/51D5B2FBTAACZ_1.jpg,Tanishq_Jewelry_Dataset_Final/images/uncategorized/51d5b2fbtaacz_1.jpg|Tanishq_Jewelry_Dataset_Final/images/uncategorized/51d5b2fbtaacz_2.jpg|Tanishq_Jewelry_Dataset_Final/images/uncategorized/51d5b2fbtaacz_3.jpg,,
T_50d5b2fgyaa02,Sleek Glint Diamond Finger Ring,tanishq,1.43,18KT,Rose,Gold,45026.0,diamond,0.13,,,Round,,Women,,https://www.tanishq.co.in/on/demandware.static/-/Sites-Tanishq-product-catalog/default/dwab19b966/images/hi-res/50D5B2FGYAA02_1.jpg,Tanishq_Jewelry_Dataset_Final/images/uncategorized/50d5b2fgyaa02_1.jpg|Tanishq_Jewelry_Dataset_Final/images/uncategorized/50d5b2fgyaa02_2.jpg|Tanishq_Jewelry_Dataset_Final/images/uncategorized/50d5b2fgyaa02_3.jpg,,
T_50d5fdfvh2a09,Infinity Embrace Diamond Ring,tanishq,3.144,18KT,Rose,Gold,85817.0,diamond,0.273,,,Round,,Women,,https://www.tanishq.co.in/dw/image/v2/BKCK_PRD/on/demandware.static/-/Sites-Tanishq-product-catalog/default/dw690a990a/images/hi-res/50D5FDFVH2A09_1.jpg,Tanishq_Jewelry_Dataset_Final/images/uncategorized/50d5fdfvh2a09_1.jpg|Tanishq_Jewelry_Dataset_Final/images/uncategorized/50d5fdfvh2a09_2.jpg|Tanishq_Jewelry_Dataset_Final/images/uncategorized/50d5fdfvh2a09_3.jpg|Tanishq_Jewelry_Dataset_Final/images/uncategorized/50d5fdfvh2a09_4.jpg|Tanishq_Jewelry_Dataset_Final/images/uncategorized/50d5fdfvh2a09_5.jpg|Tanishq_Jewelry_Dataset_Final/images/uncategorized/50d5fdfvh2a09_6.jpg|Tanishq_Jewelry_Dataset_Final/images/uncategorized/50d5fdfvh2a09_7.jpg,,
T_50e5c1feeaa02,Whirling Grace Diamond Ring,tanishq,2.072,18KT,Yellow,Gold,63258.0,diamond,0.181,,,Round,,Women,,https://www.tanishq.co.in/dw/image/v2/BKCK_PRD/on/demandware.static/-/Sites-Tanishq-product-catalog/default/dw4da85e7b/images/hi-res/50E5C1FEEAA02_1.jpg,Tanishq_Jewelry_Dataset_Final/images/uncategorized/50e5c1feeaa02_1.jpg|Tanishq_Jewelry_Dataset_Final/images/uncategorized/50e5c1feeaa02_2.jpg|Tanishq_Jewelry_Dataset_Final/images/uncategorized/50e5c1feeaa02_3.jpg,,
T_50d5h3fwymaa093ia000031,Linear Spark Diamond Ring,tanishq,1.816,18KT,Yellow+White,Gold,29913.0,diamond,0.028,,,Round,,Women,,https://www.tanishq.co.in/dw/image/v2/BKCK_PRD/on/demandware.static/-/Sites-Tanishq-product-catalog/default/dw1d4078a4/images/hi-res/50D5H3FWYAA09_1.jpg,Tanishq_Jewelry_Dataset_Final/images/uncategorized/50d5h3fwymaa093ia000031_1.jpg|Tanishq_Jewelry_Dataset_Final/images/uncategorized/50d5h3fwymaa093ia000031_2.jpg|Tanishq_Jewelry_Dataset_Final/images/uncategorized/50d5h3fwymaa093ia000031_3.jpg,,
T_51d4b2fulaacz,Charm Gold Finger Ring,tanishq,4.149,22KT,Yellow,Gold,74803.0,none,0.0,,,none,,Women,,https://www.tanishq.co.in/on/demandware.static/-/Sites-Tanishq-product-catalog/default/dwb29a0f6a/images/hi-res/51D4B2FULAACZ_1.jpg,Tanishq_Jewelry_Dataset_Final/images/uncategorized/51d4b2fulaacz_1.jpg|Tanishq_Jewelry_Dataset_Final/images/uncategorized/51d4b2fulaacz_2.jpg|Tanishq_Jewelry_Dataset_Final/images/uncategorized/51d4b2fulaacz_3.jpg,,
T_51m5i1fexaa00,Ripple Line Gold Ring,tanishq,2.868,22KT,Yellow,Gold,50939.0,none,0.0,,,none,,Women,,https://www.tanishq.co.in/on/demandware.static/-/Sites-Tanishq-product-catalog/default/dwdffc06ea/images/hi-res/51M5I1FEXAA00_1.jpg,Tanishq_Jewelry_Dataset_Final/images/uncategorized/51m5i1fexaa00_1.jpg|Tanishq_Jewelry_Dataset_Final/images/uncategorized/51m5i1fexaa00_2.jpg|Tanishq_Jewelry_Dataset_Final/images/uncategorized/51m5i1fexaa00_3.jpg|Tanishq_Jewelry_Dataset_Final/images/uncategorized/51m5i1fexaa00_4.jpg,,
T_50d5dtfbcaa02,Fluid Spark Diamond Ring,tanishq,1.844,18KT,Yellow,Gold,42712.0,diamond,0.092,,,Round,,Women,,https://www.tanishq.co.in/dw/image/v2/BKCK_PRD/on/demandware.static/-/Sites-Tanishq-product-catalog/default/dw9c57b406/images/hi-res/50D5DTFBCAA02_1.jpg?sw=640&sh=640,Tanishq_Jewelry_Dataset_Final/images/uncategorized/50d5dtfbcaa02_1.jpg|Tanishq_Jewelry_Dataset_Final/images/uncategorized/50d5dtfbcaa02_2.jpg|Tanishq_Jewelry_Dataset_Final/images/uncategorized/50d5dtfbcaa02_3.jpg,,
T_50d5h2fixlaa022ja000024,Starlit Bloom Diamond Ring,tanishq,2.852,18KT,Yellow,Gold,86754.0,diamond,0.249,,,Round,,Women,,https://www.tanishq.co.in/dw/image/v2/BKCK_PRD/on/demandware.static/-/Sites-Tanishq-product-catalog/default/dw145d2a6d/images/hi-res/50D5H2FIXAA02_1.jpg?sw=640&sh=640,Tanishq_Jewelry_Dataset_Final/images/uncategorized/50d5h2fixlaa022ja000024_1.jpg|Tanishq_Jewelry_Dataset_Final/images/uncategorized/50d5h2fixlaa022ja000024_2.jpg|Tanishq_Jewelry_Dataset_Final/images/uncategorized/50d5h2fixlaa022ja000024_3.jpg,,
T_50e5b1fbd2a022jd000002,Oval Affair Diamond Ring,tanishq,4.076,18KT,Yellow,Gold,148315.0,diamond,0.51,,,Round,,Women,,https://www.tanishq.co.in/dw/image/v2/BKCK_PRD/on/demandware.static/-/Sites-Tanishq-product-catalog/default/dw5080cefb/images/hi-res/50E5B1FBD2A02_1.jpg,Tanishq_Jewelry_Dataset_Final/images/uncategorized/50e5b1fbd2a022jd000002_1.jpg|Tanishq_Jewelry_Dataset_Final/images/uncategorized/50e5b1fbd2a022jd000002_2.jpg|Tanishq_Jewelry_Dataset_Final/images/uncategorized/50e5b1fbd2a022jd000002_3.jpg|Tanishq_Jewelry_Dataset_Final/images/uncategorized/50e5b1fbd2a022jd000002_4.jpg|Tanishq_Jewelry_Dataset_Final/images/uncategorized/50e5b1fbd2a022jd000002_5.jpg|Tanishq_Jewelry_Dataset_Final/images/uncategorized/50e5b1fbd2a022jd000002_6.jpg|Tanishq_Jewelry_Dataset_Final/images/uncategorized/50e5b1fbd2a022jd000002_7.jpg,,
T_50d5b2ffraa10,Marquise Charm Diamond Ring,tanishq,2.0,18KT,Yellow,Gold,42505.0,diamond,0.121,,,Round,,Women,,https://www.tanishq.co.in/dw/image/v2/BKCK_PRD/on/demandware.static/-/Sites-Tanishq-product-catalog/default/dw7ee75789/images/hi-res/50D5B2FFRAA10_1.jpg,Tanishq_Jewelry_Dataset_Final/images/uncategorized/50d5b2ffraa10_1.jpg|Tanishq_Jewelry_Dataset_Final/images/uncategorized/50d5b2ffraa10_2.jpg|Tanishq_Jewelry_Dataset_Final/images/uncategorized/50d5b2ffraa10_3.jpg,,
T_500005fganaa023ia005295,Infinity Wave Diamond Ring,tanishq,2.346,18KT,Yellow,Gold,40680.0,diamond,0.031,,,Round,,Women,,https://www.tanishq.co.in/on/demandware.static/-/Sites-Tanishq-product-catalog/default/dw4c2a5a29/images/hi-res/500005FGAAA02_1.jpg,Tanishq_Jewelry_Dataset_Final/images/uncategorized/500005fganaa023ia005295_1.jpg|Tanishq_Jewelry_Dataset_Final/images/uncategorized/500005fganaa023ia005295_2.jpg,,
T_510120FLAAA00,Gleaming Textured Gold Ring for Men,tanishq,4.291,22KT,Yellow,Gold,67677.0,none,0.0,,,none,,Men,,https://www.tanishq.co.in/on/demandware.static/-/Sites-Tanishq-product-catalog/default/dwf979cbf2/images/hi-res/510120FLAAA00_1.jpg,Tanishq_Jewelry_Dataset_Final/images/uncategorized/510120FLAAA00_1.jpg|Tanishq_Jewelry_Dataset_Final/images/uncategorized/510120FLAAA00_2.jpg|Tanishq_Jewelry_Dataset_Final/images/uncategorized/510120FLAAA00_3.jpg,,
T_50m5b1fiknaa002jd000002,Wave Whirl Gold Ring,tanishq,2.348,18KT,Yellow,Gold,33684.0,none,0.0,,,none,,Women,,https://www.tanishq.co.in/on/demandware.static/-/Sites-Tanishq-product-catalog/default/dw97a28f7f/images/hi-res/50M5B1FIKAA00_1.jpg,Tanishq_Jewelry_Dataset_Final/images/uncategorized/50m5b1fiknaa002jd000002_1.jpg|Tanishq_Jewelry_Dataset_Final/images/uncategorized/50m5b1fiknaa002jd000002_2.jpg|Tanishq_Jewelry_Dataset_Final/images/uncategorized/50m5b1fiknaa002jd000002_3.jpg,,
T_51g5b1fggaa00,Flow Edge Gold Ring for Men,tanishq,5.796,22KT,Yellow,Gold,100884.0,none,0.0,,,none,,Men,,https://www.tanishq.co.in/dw/image/v2/BKCK_PRD/on/demandware.static/-/Sites-Tanishq-product-catalog/default/dw3aa714d0/images/hi-res/51G5B1FGGAA00_1.jpg?sw=640&sh=640,Tanishq_Jewelry_Dataset_Final/images/uncategorized/51g5b1fggaa00_1.jpg|Tanishq_Jewelry_Dataset_Final/images/uncategorized/51g5b1fggaa00_2.jpg|Tanishq_Jewelry_Dataset_Final/images/uncategorized/51g5b1fggaa00_3.jpg,,
T_51e5c1fcoaa00,Open Loop Gold Ring,tanishq,3.745,22KT,Yellow,Gold,65451.0,none,0.0,,,none,,Women,,https://www.tanishq.co.in/dw/image/v2/BKCK_PRD/on/demandware.static/-/Sites-Tanishq-product-catalog/default/dw6bde0464/images/hi-res/51E5C1FCOAA00_1.jpg,Tanishq_Jewelry_Dataset_Final/images/uncategorized/51e5c1fcoaa00_1.jpg|Tanishq_Jewelry_Dataset_Final/images/uncategorized/51e5c1fcoaa00_2.jpg|Tanishq_Jewelry_Dataset_Final/images/uncategorized/51e5c1fcoaa00_3.jpg,,
T_50e5b1fewaa02,Stylish Bloom Diamond Finger Ring,tanishq,2.946,18KT,Yellow,Gold,81738.0,diamond,0.219,,,Round,,Women,,https://www.tanishq.co.in/on/demandware.static/-/Sites-Tanishq-product-catalog/default/dw8faf3a85/images/hi-res/50E5B1FEWAA02_1.jpg,Tanishq_Jewelry_Dataset_Final/images/uncategorized/50e5b1fewaa02_1.jpg|Tanishq_Jewelry_Dataset_Final/images/uncategorized/50e5b1fewaa02_2.jpg|Tanishq_Jewelry_Dataset_Final/images/uncategorized/50e5b1fewaa02_3.jpg,,
T_51d2a3fhfpaa002ea000100,Traditional Gold Finger Band,tanishq,6.783,22KT,Yellow,Gold,113293.0,none,0.0,,,none,,Women,,https://www.tanishq.co.in/dw/image/v2/BKCK_PRD/on/demandware.static/-/Sites-Tanishq-product-catalog/default/dw9750e0c7/images/hi-res/51D2A3FHFAA00_1.jpg,Tanishq_Jewelry_Dataset_Final/images/uncategorized/51d2a3fhfpaa002ea000100_1.jpg|Tanishq_Jewelry_Dataset_Final/images/uncategorized/51d2a3fhfpaa002ea000100_2.jpg|Tanishq_Jewelry_Dataset_Final/images/uncategorized/51d2a3fhfpaa002ea000100_3.jpg,,
T_50d4pifkvaa32,Twisted Shine Diamond Ring,tanishq,2.308,18KT,Yellow,Gold,68884.0,diamond,0.193,,,Round,,Women,,https://www.tanishq.co.in/dw/image/v2/BKCK_PRD/on/demandware.static/-/Sites-Tanishq-product-catalog/default/dw412e0051/images/hi-res/50D4PIFKVAA32_1.jpg,Tanishq_Jewelry_Dataset_Final/images/uncategorized/50d4pifkvaa32_1.jpg|Tanishq_Jewelry_Dataset_Final/images/uncategorized/50d4pifkvaa32_2.jpg|Tanishq_Jewelry_Dataset_Final/images/uncategorized/50d4pifkvaa32_3.jpg,,
T_50d5s2fkdaa29,Petal Muse Diamond Ring,tanishq,1.876,18KT,Yellow,Gold,35743.0,diamond,0.039,,,Round,,Women,,https://www.tanishq.co.in/dw/image/v2/BKCK_PRD/on/demandware.static/-/Sites-Tanishq-product-catalog/default/dw480d784f/images/hi-res/50D5S2FKDAA29_1.jpg,Tanishq_Jewelry_Dataset_Final/images/uncategorized/50d5s2fkdaa29_1.jpg|Tanishq_Jewelry_Dataset_Final/images/uncategorized/50d5s2fkdaa29_2.jpg|Tanishq_Jewelry_Dataset_Final/images/uncategorized/50d5s2fkdaa29_3.jpg|Tanishq_Jewelry_Dataset_Final/images/uncategorized/50d5s2fkdaa29_4.jpg,,
T_51g5amfceraa002ea000036,Regal Chevron Gold Ring For Men,tanishq,3.725,22KT,Yellow,Gold,67219.0,none,0.0,,,none,,Men,,https://www.tanishq.co.in/dw/image/v2/BKCK_PRD/on/demandware.static/-/Sites-Tanishq-product-catalog/default/dwbef08185/images/hi-res/51G5AMFCEAA00_1.jpg,Tanishq_Jewelry_Dataset_Final/images/uncategorized/51g5amfceraa002ea000036_1.jpg|Tanishq_Jewelry_Dataset_Final/images/uncategorized/51g5amfceraa002ea000036_2.jpg|Tanishq_Jewelry_Dataset_Final/images/uncategorized/51g5amfceraa002ea000036_3.jpg,,
T_50m4c1fismaa002jd000022,Infinity Loop Gold Ring,tanishq,2.712,18KT,Yellow,Gold,39331.0,none,0.0,,,none,,Women,,https://www.tanishq.co.in/on/demandware.static/-/Sites-Tanishq-product-catalog/default/dw4f6c909b/images/hi-res/50M4C1FISAA00_1.jpg,Tanishq_Jewelry_Dataset_Final/images/uncategorized/50m4c1fismaa002jd000022_1.jpg|Tanishq_Jewelry_Dataset_Final/images/uncategorized/50m4c1fismaa002jd000022_2.jpg|Tanishq_Jewelry_Dataset_Final/images/uncategorized/50m4c1fismaa002jd000022_3.jpg,,
T_50d5s2fgkaa29,Flowing Heart Diamond Ring,tanishq,1.514,18KT,Rose,Gold,32971.0,diamond,0.068,,,Round,,Women,,https://www.tanishq.co.in/dw/image/v2/BKCK_PRD/on/demandware.static/-/Sites-Tanishq-product-catalog/default/dw24248dc8/images/hi-res/50D5S2FGKAA29_1.jpg,Tanishq_Jewelry_Dataset_Final/images/uncategorized/50d5s2fgkaa29_1.jpg|Tanishq_Jewelry_Dataset_Final/images/uncategorized/50d5s2fgkaa29_2.jpg|Tanishq_Jewelry_Dataset_Final/images/uncategorized/50d5s2fgkaa29_3.jpg,,
T_503220fwcaa00,Modern Minimalistic Ring,tanishq,2.159,18KT,Yellow,Gold,13285.0,none,0.0,,,none,,Women,,https://www.tanishq.co.in/on/demandware.static/-/Sites-Tanishq-product-catalog/default/dwab44ca67/images/hi-res/503220FWCAA00_1.jpg,Tanishq_Jewelry_Dataset_Final/images/uncategorized/503220fwcaa00_1.jpg|Tanishq_Jewelry_Dataset_Final/images/uncategorized/503220fwcaa00_2.jpg|Tanishq_Jewelry_Dataset_Final/images/uncategorized/503220fwcaa00_3.jpg,,
T_50d3c2fkfaa02,Delightful Diamond Finger Ring,tanishq,2.353,18KT,Yellow,Gold,84514.0,diamond,0.29,,,Round,,Women,,https://www.tanishq.co.in/dw/image/v2/BKCK_PRD/on/demandware.static/-/Sites-Tanishq-product-catalog/default/dw2f3dd618/images/hi-res/50D3C2FKFAA02_1.jpg?sw=640&sh=640,Tanishq_Jewelry_Dataset_Final/images/uncategorized/50d3c2fkfaa02_1.jpg|Tanishq_Jewelry_Dataset_Final/images/uncategorized/50d3c2fkfaa02_2.jpg|Tanishq_Jewelry_Dataset_Final/images/uncategorized/50d3c2fkfaa02_3.jpg,,
T_50e5b1faz3a02,Glam Stack Diamond Ring,tanishq,4.326,18KT,Yellow,Gold,134364.0,diamond,0.416,,,Round,,Women,,https://www.tanishq.co.in/dw/image/v2/BKCK_PRD/on/demandware.static/-/Sites-Tanishq-product-catalog/default/dw9f164bed/images/hi-res/50E5B1FAZ3A02_1.jpg,Tanishq_Jewelry_Dataset_Final/images/uncategorized/50e5b1faz3a02_1.jpg|Tanishq_Jewelry_Dataset_Final/images/uncategorized/50e5b1faz3a02_2.jpg|Tanishq_Jewelry_Dataset_Final/images/uncategorized/50e5b1faz3a02_3.jpg|Tanishq_Jewelry_Dataset_Final/images/uncategorized/50e5b1faz3a02_4.jpg|Tanishq_Jewelry_Dataset_Final/images/uncategorized/50e5b1faz3a02_5.jpg|Tanishq_Jewelry_Dataset_Final/images/uncategorized/50e5b1faz3a02_6.jpg,,
T_512219firaa00,Two Toned Rhodium Finish Gold FInger Ring,tanishq,3.577,22KT,Yellow,Gold,62261.0,none,0.0,,,none,,Women,,https://www.tanishq.co.in/dw/image/v2/BKCK_PRD/on/demandware.static/-/Sites-Tanishq-product-catalog/default/dwefa39721/images/hi-res/512219FIRAA00_1.jpg?sw=640&sh=640,Tanishq_Jewelry_Dataset_Final/images/uncategorized/512219firaa00_1.jpg|Tanishq_Jewelry_Dataset_Final/images/uncategorized/512219firaa00_2.jpg|Tanishq_Jewelry_Dataset_Final/images/uncategorized/512219firaa00_3.jpg,,
T_513515fleaa00,Handsome 22 Karat Gold Geometric Band Ring,tanishq,3.948,22KT,Yellow,Gold,68718.0,none,0.0,,,none,,Women,,https://www.tanishq.co.in/on/demandware.static/-/Sites-Tanishq-product-catalog/default/dw79839039/images/hi-res/513515FLEAA00.jpg,Tanishq_Jewelry_Dataset_Final/images/uncategorized/513515fleaa00_1.jpg|Tanishq_Jewelry_Dataset_Final/images/uncategorized/513515fleaa00_2.jpg|Tanishq_Jewelry_Dataset_Final/images/uncategorized/513515fleaa00_3.jpg|Tanishq_Jewelry_Dataset_Final/images/uncategorized/513515fleaa00_4.jpg,,
T_50g5v2fbnaa02,Bold Rectangular Diamond Ring For Men,tanishq,4.539,18KT,Yellow,Gold,112763.0,diamond,0.265,,,Round,,Men,,https://www.tanishq.co.in/dw/image/v2/BKCK_PRD/on/demandware.static/-/Sites-Tanishq-product-catalog/default/dwab2e25fe/images/hi-res/50G5V2FBNAA02_1.jpg?sw=640&sh=640,Tanishq_Jewelry_Dataset_Final/images/uncategorized/50g5v2fbnaa02_1.jpg|Tanishq_Jewelry_Dataset_Final/images/uncategorized/50g5v2fbnaa02_2.jpg|Tanishq_Jewelry_Dataset_Final/images/uncategorized/50g5v2fbnaa02_3.jpg,,
T_51d4mpfbraa00,Wave Crest Gold Ring,tanishq,5.718,22KT,Yellow,Gold,99527.0,none,0.0,,,none,,Women,,https://www.tanishq.co.in/dw/image/v2/BKCK_PRD/on/demandware.static/-/Sites-Tanishq-product-catalog/default/dw1bc3783d/images/hi-res/51D4MPFBRAA00_1.jpg,Tanishq_Jewelry_Dataset_Final/images/uncategorized/51d4mpfbraa00_1.jpg|Tanishq_Jewelry_Dataset_Final/images/uncategorized/51d4mpfbraa00_2.jpg|Tanishq_Jewelry_Dataset_Final/images/uncategorized/51d4mpfbraa00_3.jpg,,
T_50d5h3fuuaa09,Petal Orbit Diamond Ring,tanishq,1.829,18KT,Yellow+White,Gold,33550.0,diamond,0.05,,,Round,,Women,,https://www.tanishq.co.in/dw/image/v2/BKCK_PRD/on/demandware.static/-/Sites-Tanishq-product-catalog/default/dw98e19192/images/hi-res/50D5H3FUUAA09_1.jpg,Tanishq_Jewelry_Dataset_Final/images/uncategorized/50d5h3fuuaa09_1.jpg|Tanishq_Jewelry_Dataset_Final/images/uncategorized/50d5h3fuuaa09_2.jpg|Tanishq_Jewelry_Dataset_Final/images/uncategorized/50d5h3fuuaa09_3.jpg,,
T_51d5b1flqaa18,Floral Vine Ring,tanishq,3.895,22KT,Yellow,Gold,65921.0,gemstone,0.0,,,none,,Women,,https://www.tanishq.co.in/on/demandware.static/-/Sites-Tanishq-product-catalog/default/dwf0b362f5/images/hi-res/51D5B1FLQAA18_1.jpg,Tanishq_Jewelry_Dataset_Final/images/uncategorized/51d5b1flqaa18_1.jpg|Tanishq_Jewelry_Dataset_Final/images/uncategorized/51d5b1flqaa18_2.jpg|Tanishq_Jewelry_Dataset_Final/images/uncategorized/51d5b1flqaa18_3.jpg,,
T_50d4arfeaaa02,Floral Spark Diamond Ring,tanishq,2.157,18KT,Yellow,Gold,52949.0,diamond,0.123,,,Round,,Women,,https://www.tanishq.co.in/on/demandware.static/-/Sites-Tanishq-product-catalog/default/dw961b221b/images/hi-res/50D4ARFEAAA02_1.jpg,Tanishq_Jewelry_Dataset_Final/images/uncategorized/50d4arfeaaa02_1.jpg|Tanishq_Jewelry_Dataset_Final/images/uncategorized/50d4arfeaaa02_2.jpg|Tanishq_Jewelry_Dataset_Final/images/uncategorized/50d4arfeaaa02_3.jpg,,
T_50d5l1fkpaa09,Floral Burst Diamond Ring,tanishq,1.407,18KT,Yellow,Gold,27028.0,diamond,0.048,,,Round,,Women,,https://www.tanishq.co.in/on/demandware.static/-/Sites-Tanishq-product-catalog/default/dw67b626fe/images/hi-res/50D5L1FKPAA09_1.jpg,Tanishq_Jewelry_Dataset_Final/images/uncategorized/50d5l1fkpaa09_1.jpg|Tanishq_Jewelry_Dataset_Final/images/uncategorized/50d5l1fkpaa09_2.jpg|Tanishq_Jewelry_Dataset_Final/images/uncategorized/50d5l1fkpaa09_3.jpg,,
T_50e5b1fdraa02,Radiant Rhombus Diamond Ring,tanishq,3.455,18KT,Yellow,Gold,128374.0,diamond,0.449,,,Round,,Women,,https://www.tanishq.co.in/dw/image/v2/BKCK_PRD/on/demandware.static/-/Sites-Tanishq-product-catalog/default/dw64cc72fe/images/hi-res/50E5B1FDRAA02_1.jpg?sw=640&sh=640,Tanishq_Jewelry_Dataset_Final/images/uncategorized/50e5b1fdraa02_1.jpg|Tanishq_Jewelry_Dataset_Final/images/uncategorized/50e5b1fdraa02_2.jpg|Tanishq_Jewelry_Dataset_Final/images/uncategorized/50e5b1fdraa02_3.jpg,,
T_50e5c1fdylaa022jd000003,Radiant Medallion Diamond Ring,tanishq,1.663,18KT,Yellow,Gold,50579.0,diamond,0.149,,,Round,,Women,,https://www.tanishq.co.in/dw/image/v2/BKCK_PRD/on/demandware.static/-/Sites-Tanishq-product-catalog/default/dw1f8c2724/images/hi-res/50E5C1FDYAA02_1.jpg,Tanishq_Jewelry_Dataset_Final/images/uncategorized/50e5c1fdylaa022jd000003_1.jpg|Tanishq_Jewelry_Dataset_Final/images/uncategorized/50e5c1fdylaa022jd000003_2.jpg|Tanishq_Jewelry_Dataset_Final/images/uncategorized/50e5c1fdylaa022jd000003_3.jpg,,
T_50g5amfdhraa022jd000010,Bold Symmetry Diamond Ring For Men,tanishq,5.904,18KT,Yellow,Gold,125238.0,diamond,0.236,,,Round,,Men,,https://www.tanishq.co.in/dw/image/v2/BKCK_PRD/on/demandware.static/-/Sites-Tanishq-product-catalog/default/dwc5875408/images/hi-res/50G5AMFDHAA02_1.jpg?sw=640&sh=640,Tanishq_Jewelry_Dataset_Final/images/uncategorized/50g5amfdhraa022jd000010_1.jpg|Tanishq_Jewelry_Dataset_Final/images/uncategorized/50g5amfdhraa022jd000010_2.jpg|Tanishq_Jewelry_Dataset_Final/images/uncategorized/50g5amfdhraa022jd000010_3.jpg,,
T_51ac41facab00,Floral Gold Finger Ring with Jali Work,tanishq,5.718,22KT,Yellow,Gold,101558.0,none,0.0,,,none,,Women,,https://www.tanishq.co.in/dw/image/v2/BKCK_PRD/on/demandware.static/-/Sites-Tanishq-product-catalog/default/dwcc794559/images/hi-res/51AC41FACAB00_1.jpg,Tanishq_Jewelry_Dataset_Final/images/uncategorized/51ac41facab00_1.jpg|Tanishq_Jewelry_Dataset_Final/images/uncategorized/51ac41facab00_2.jpg|Tanishq_Jewelry_Dataset_Final/images/uncategorized/51ac41facab00_3.jpg|Tanishq_Jewelry_Dataset_Final/images/uncategorized/51ac41facab00_4.jpg,,
T_511418frgab00,Quintessential Floral Pattern Gold Finger Ring,tanishq,3.112,22KT,Yellow,Gold,53946.0,none,0.0,,,none,,Women,,https://www.tanishq.co.in/dw/image/v2/BKCK_PRD/on/demandware.static/-/Sites-Tanishq-product-catalog/default/dw569ee84c/images/hi-res/511418FRGAB00_1.jpg?sw=640&sh=640,Tanishq_Jewelry_Dataset_Final/images/uncategorized/511418frgab00_1.jpg|Tanishq_Jewelry_Dataset_Final/images/uncategorized/511418frgab00_2.jpg|Tanishq_Jewelry_Dataset_Final/images/uncategorized/511418frgab00_3.jpg,,
T_511036frvaa00,Sublime Swirling Gold Ring,tanishq,4.127,22KT,Yellow,Gold,71834.0,none,0.0,,,none,,Women,,https://www.tanishq.co.in/on/demandware.static/-/Sites-Tanishq-product-catalog/default/dwca3e4c5d/images/hi-res/511036FRVAA00_1.jpg,Tanishq_Jewelry_Dataset_Final/images/uncategorized/511036frvaa00_1.jpg|Tanishq_Jewelry_Dataset_Final/images/uncategorized/511036frvaa00_2.jpg|Tanishq_Jewelry_Dataset_Final/images/uncategorized/511036frvaa00_3.jpg,,
T_50d5l1fldaa09,Flowing Vine Diamond Ring,tanishq,1.39,18KT,Yellow,Gold,25606.0,diamond,0.039,,,Round,,Women,,https://www.tanishq.co.in/dw/image/v2/BKCK_PRD/on/demandware.static/-/Sites-Tanishq-product-catalog/default/dwdd173ff2/images/hi-res/50D5L1FLDAA09_1.jpg,Tanishq_Jewelry_Dataset_Final/images/uncategorized/50d5l1fldaa09_1.jpg|Tanishq_Jewelry_Dataset_Final/images/uncategorized/50d5l1fldaa09_2.jpg|Tanishq_Jewelry_Dataset_Final/images/uncategorized/50d5l1fldaa09_3.jpg,,
T_50f5gcfbsaa02,Lord Ganesha Diamond Ring,tanishq,3.082,18KT,Yellow,Gold,58222.0,diamond,0.071,,,Round,,Women,,https://www.tanishq.co.in/dw/image/v2/BKCK_PRD/on/demandware.static/-/Sites-Tanishq-product-catalog/default/dw0cd4c253/images/hi-res/50F5GCFBSAA02_1.jpg?sw=640&sh=640,Tanishq_Jewelry_Dataset_Final/images/uncategorized/50f5gcfbsaa02_1.jpg|Tanishq_Jewelry_Dataset_Final/images/uncategorized/50f5gcfbsaa02_2.jpg|Tanishq_Jewelry_Dataset_Final/images/uncategorized/50f5gcfbsaa02_3.jpg|Tanishq_Jewelry_Dataset_Final/images/uncategorized/50f5gcfbsaa02_4.jpg,,
T_51g5c1fhwaacz,Bold Ornate Gold Ring For Men,tanishq,6.54,22KT,Yellow,Gold,115069.0,none,0.0,,,none,,Men,,https://www.tanishq.co.in/dw/image/v2/BKCK_PRD/on/demandware.static/-/Sites-Tanishq-product-catalog/default/dwcd7fdf19/images/hi-res/51G5C1FHWAACZ_1.jpg,Tanishq_Jewelry_Dataset_Final/images/uncategorized/51g5c1fhwaacz_1.jpg|Tanishq_Jewelry_Dataset_Final/images/uncategorized/51g5c1fhwaacz_2.jpg|Tanishq_Jewelry_Dataset_Final/images/uncategorized/51g5c1fhwaacz_3.jpg,,
T_51e5c1fdklaa002jd000049,Radiant Bloom Gold Ring,tanishq,3.355,22KT,Yellow,Gold,58635.0,none,0.0,,,none,,Women,,https://www.tanishq.co.in/dw/image/v2/BKCK_PRD/on/demandware.static/-/Sites-Tanishq-product-catalog/default/dwf1b89840/images/hi-res/51E5C1FDKAA00_1.jpg,Tanishq_Jewelry_Dataset_Final/images/uncategorized/51e5c1fdklaa002jd000049_1.jpg|Tanishq_Jewelry_Dataset_Final/images/uncategorized/51e5c1fdklaa002jd000049_2.jpg|Tanishq_Jewelry_Dataset_Final/images/uncategorized/51e5c1fdklaa002jd000049_3.jpg,,
T_51d5l2fffaa00,Fluid Interplay Gold Ring,tanishq,2.403,22KT,Yellow,Gold,41826.0,none,0.0,,,none,,Women,,https://www.tanishq.co.in/dw/image/v2/BKCK_PRD/on/demandware.static/-/Sites-Tanishq-product-catalog/default/dw2b626974/images/hi-res/51D5L2FFFAA00_1.jpg,Tanishq_Jewelry_Dataset_Final/images/uncategorized/51d5l2fffaa00_1.jpg|Tanishq_Jewelry_Dataset_Final/images/uncategorized/51d5l2fffaa00_2.jpg|Tanishq_Jewelry_Dataset_Final/images/uncategorized/51d5l2fffaa00_3.jpg|Tanishq_Jewelry_Dataset_Final/images/uncategorized/51d5l2fffaa00_4.jpg,,
T_50g5b1fctaa022jd000006,Sharp Regal Diamond Finger Ring for Men,tanishq,3.894,18KT,Yellow,Gold,100789.0,diamond,0.266,,,Round,,Men,,https://www.tanishq.co.in/dw/image/v2/BKCK_PRD/on/demandware.static/-/Sites-Tanishq-product-catalog/default/dw5d2b3534/images/hi-res/50G5B1FCTAA02_1.jpg?sw=640&sh=640,Tanishq_Jewelry_Dataset_Final/images/uncategorized/50g5b1fctaa022jd000006_1.jpg|Tanishq_Jewelry_Dataset_Final/images/uncategorized/50g5b1fctaa022jd000006_2.jpg|Tanishq_Jewelry_Dataset_Final/images/uncategorized/50g5b1fctaa022jd000006_3.jpg,,
T_511003fekaa00,Charming Twisted Motif Gold Ring for Men,tanishq,3.582,22KT,Yellow,Gold,57004.0,none,0.0,,,none,,Men,,https://www.tanishq.co.in/dw/image/v2/BKCK_PRD/on/demandware.static/-/Sites-Tanishq-product-catalog/default/dw96f2541f/images/hi-res/511003FEKAA00_1.jpg,Tanishq_Jewelry_Dataset_Final/images/uncategorized/511003fekaa00_1.jpg|Tanishq_Jewelry_Dataset_Final/images/uncategorized/511003fekaa00_2.jpg|Tanishq_Jewelry_Dataset_Final/images/uncategorized/511003fekaa00_3.jpg,,
T_512411fceaa00,Enthralling Geometric Gold Ring for Men,tanishq,6.443,22KT,Yellow,Gold,112146.0,none,0.0,,,none,,Men,,https://www.tanishq.co.in/dw/image/v2/BKCK_PRD/on/demandware.static/-/Sites-Tanishq-product-catalog/default/dw8c27ee5b/images/hi-res/512411FCEAA00_1.jpg,Tanishq_Jewelry_Dataset_Final/images/uncategorized/512411fceaa00_1.jpg|Tanishq_Jewelry_Dataset_Final/images/uncategorized/512411fceaa00_2.jpg|Tanishq_Jewelry_Dataset_Final/images/uncategorized/512411fceaa00_3.jpg,,
T_511107ffaaa00,Elegant 22 Karat Yellow Gold Interlinked Waves Finger Ring,tanishq,2.477,22KT,Yellow,Gold,43114.0,none,0.0,,,none,,Women,,https://www.tanishq.co.in/dw/image/v2/BKCK_PRD/on/demandware.static/-/Sites-Tanishq-product-catalog/default/dwc20c4e36/images/hi-res/511107FFAAA00_1.jpg?sw=640&sh=640,Tanishq_Jewelry_Dataset_Final/images/uncategorized/511107ffaaa00_1.jpg|Tanishq_Jewelry_Dataset_Final/images/uncategorized/511107ffaaa00_2.jpg|Tanishq_Jewelry_Dataset_Final/images/uncategorized/511107ffaaa00_3.jpg,,
T_50d5h3fweaa09,Aura Flow Diamond Ring,tanishq,1.799,18KT,Yellow,Gold,31298.0,diamond,0.039,,,Round,,Women,,https://www.tanishq.co.in/dw/image/v2/BKCK_PRD/on/demandware.static/-/Sites-Tanishq-product-catalog/default/dw7d75fec5/images/hi-res/50D5H3FWEAA09_1.jpg,Tanishq_Jewelry_Dataset_Final/images/uncategorized/50d5h3fweaa09_1.jpg|Tanishq_Jewelry_Dataset_Final/images/uncategorized/50d5h3fweaa09_2.jpg|Tanishq_Jewelry_Dataset_Final/images/uncategorized/50d5h3fweaa09_3.jpg,,
T_50m5v2fefaa00,Sculpted Knot Gold Ring,tanishq,2.206,18KT,Yellow,Gold,32057.0,none,0.0,,,none,,Women,,https://www.tanishq.co.in/on/demandware.static/-/Sites-Tanishq-product-catalog/default/dw41cabce9/images/hi-res/50M5V2FEFAA00_1.jpg,Tanishq_Jewelry_Dataset_Final/images/uncategorized/50m5v2fefaa00_1.jpg|Tanishq_Jewelry_Dataset_Final/images/uncategorized/50m5v2fefaa00_2.jpg|Tanishq_Jewelry_Dataset_Final/images/uncategorized/50m5v2fefaa00_3.jpg,,
T_50d5b3fdjaa02,Breezy Charm Diamond Finger Ring,tanishq,2.724,18KT,Yellow,Gold,73603.0,diamond,0.175,,,Round,,Women,,https://www.tanishq.co.in/on/demandware.static/-/Sites-Tanishq-product-catalog/default/dw26c6ef6b/images/hi-res/50D5B3FDJAA02_1.jpg,Tanishq_Jewelry_Dataset_Final/images/uncategorized/50d5b3fdjaa02_1.jpg|Tanishq_Jewelry_Dataset_Final/images/uncategorized/50d5b3fdjaa02_2.jpg|Tanishq_Jewelry_Dataset_Final/images/uncategorized/50d5b3fdjaa02_3.jpg,,
T_50e5c1farlaa022jd000048,Leaf Whispers Diamond Ring,tanishq,2.639,18KT,Yellow,Gold,86238.0,diamond,0.262,,,Round,,Women,,https://www.tanishq.co.in/on/demandware.static/-/Sites-Tanishq-product-catalog/default/dwbed05521/images/hi-res/50E5C1FARAA02_1.jpg,Tanishq_Jewelry_Dataset_Final/images/uncategorized/50e5c1farlaa022jd000048_1.jpg|Tanishq_Jewelry_Dataset_Final/images/uncategorized/50e5c1farlaa022jd000048_2.jpg|Tanishq_Jewelry_Dataset_Final/images/uncategorized/50e5c1farlaa022jd000048_3.jpg,,
T_50m5v2fejlaa002jd000006,Sculpted Leaf Gold Ring,tanishq,2.324,18KT,Yellow,Gold,33772.0,none,0.0,,,none,,Women,,https://www.tanishq.co.in/on/demandware.static/-/Sites-Tanishq-product-catalog/default/dw079c41d6/images/hi-res/50M5V2FEJAA00_1.jpg,Tanishq_Jewelry_Dataset_Final/images/uncategorized/50m5v2fejlaa002jd000006_1.jpg|Tanishq_Jewelry_Dataset_Final/images/uncategorized/50m5v2fejlaa002jd000006_2.jpg|Tanishq_Jewelry_Dataset_Final/images/uncategorized/50m5v2fejlaa002jd000006_3.jpg,,
T_51d5b2fstaa00,Star Whisper Gold Ring,tanishq,1.421,22KT,Yellow,Gold,24229.0,none,0.0,,,none,,Women,,https://www.tanishq.co.in/dw/image/v2/BKCK_PRD/on/demandware.static/-/Sites-Tanishq-product-catalog/default/dwa1391789/images/hi-res/51D5B2FSTAA00_1.jpg,Tanishq_Jewelry_Dataset_Final/images/uncategorized/51d5b2fstaa00_1.jpg|Tanishq_Jewelry_Dataset_Final/images/uncategorized/51d5b2fstaa00_2.jpg|Tanishq_Jewelry_Dataset_Final/images/uncategorized/51d5b2fstaa00_3.jpg,,
T_50d5l1fksaa09,Endless Curve Diamond Ring,tanishq,1.343,18KT,Yellow,Gold,24756.0,diamond,0.041,,,Round,,Women,,https://www.tanishq.co.in/dw/image/v2/BKCK_PRD/on/demandware.static/-/Sites-Tanishq-product-catalog/default/dw8592f77d/images/hi-res/50D5L1FKSAA09_1.jpg,Tanishq_Jewelry_Dataset_Final/images/uncategorized/50d5l1fksaa09_1.jpg|Tanishq_Jewelry_Dataset_Final/images/uncategorized/50d5l1fksaa09_2.jpg|Tanishq_Jewelry_Dataset_Final/images/uncategorized/50d5l1fksaa09_3.jpg,,
T_50d5ptfsglaa092bd000224,Sparkle Encircled Diamond Ring,tanishq,1.702,18KT,Rose,Gold,39687.0,diamond,0.105,,,Round,,Women,,https://www.tanishq.co.in/dw/image/v2/BKCK_PRD/on/demandware.static/-/Sites-Tanishq-product-catalog/default/dw1ab5f8e3/images/hi-res/50D5PTFSGAA09_1.jpg,Tanishq_Jewelry_Dataset_Final/images/uncategorized/50d5ptfsglaa092bd000224_1.jpg|Tanishq_Jewelry_Dataset_Final/images/uncategorized/50d5ptfsglaa092bd000224_2.jpg|Tanishq_Jewelry_Dataset_Final/images/uncategorized/50d5ptfsglaa092bd000224_3.jpg,,
T_50d6vrfcmlaa372ba000031,Orchard Bloom Gold Ring,tanishq,4.395,18KT,Yellow,Gold,60754.0,gemstone,0.0,,,none,,Women,,https://www.tanishq.co.in/dw/image/v2/BKCK_PRD/on/demandware.static/-/Sites-Tanishq-product-catalog/default/dw409da77c/images/hi-res/50D6VRFCMAA37_1.jpg,Tanishq_Jewelry_Dataset_Final/images/uncategorized/50d6vrfcmlaa372ba000031_1.jpg|Tanishq_Jewelry_Dataset_Final/images/uncategorized/50d6vrfcmlaa372ba000031_2.jpg|Tanishq_Jewelry_Dataset_Final/images/uncategorized/50d6vrfcmlaa372ba000031_3.jpg|Tanishq_Jewelry_Dataset_Final/images/uncategorized/50d6vrfcmlaa372ba000031_4.jpg,,
T_50e5c1faslaa022jd000061,Eternal Knot Diamond Ring,tanishq,2.843,18KT,Rose,Gold,108902.0,diamond,0.375,,,Round,,Women,,https://www.tanishq.co.in/dw/image/v2/BKCK_PRD/on/demandware.static/-/Sites-Tanishq-product-catalog/default/dw1f563df3/images/hi-res/50E5C1FASAA02_1.jpg?sw=640&sh=640,Tanishq_Jewelry_Dataset_Final/images/uncategorized/50e5c1faslaa022jd000061_1.jpg|Tanishq_Jewelry_Dataset_Final/images/uncategorized/50e5c1faslaa022jd000061_2.jpg|Tanishq_Jewelry_Dataset_Final/images/uncategorized/50e5c1faslaa022jd000061_3.jpg,,
T_51d4mpfckaa00,Curve Muse Gold Ring,tanishq,2.991,22KT,Yellow,Gold,53123.0,none,0.0,,,none,,Women,,https://www.tanishq.co.in/dw/image/v2/BKCK_PRD/on/demandware.static/-/Sites-Tanishq-product-catalog/default/dw7cb75e31/images/hi-res/51D4MPFCKAA00_1.jpg,Tanishq_Jewelry_Dataset_Final/images/uncategorized/51d4mpfckaa00_1.jpg|Tanishq_Jewelry_Dataset_Final/images/uncategorized/51d4mpfckaa00_2.jpg|Tanishq_Jewelry_Dataset_Final/images/uncategorized/51d4mpfckaa00_3.jpg,,
T_50g5b1fcgaa02,Regal Grid Diamond Ring for Men,tanishq,5.518,18KT,Yellow,Gold,132096.0,diamond,0.29,,,Round,,Men,,https://www.tanishq.co.in/dw/image/v2/BKCK_PRD/on/demandware.static/-/Sites-Tanishq-product-catalog/default/dwe489093d/images/hi-res/50G5B1FCGAA02_1.jpg,Tanishq_Jewelry_Dataset_Final/images/uncategorized/50g5b1fcgaa02_1.jpg|Tanishq_Jewelry_Dataset_Final/images/uncategorized/50g5b1fcgaa02_2.jpg|Tanishq_Jewelry_Dataset_Final/images/uncategorized/50g5b1fcgaa02_3.jpg,,
T_50d5s2fjbaa09,Floral Poise Diamond Ring,tanishq,2.078,18KT,Yellow,Gold,34298.0,diamond,0.034,,,Round,,Women,,https://www.tanishq.co.in/on/demandware.static/-/Sites-Tanishq-product-catalog/default/dw951f6ad3/images/hi-res/50D5S2FJBAA09_1.jpg,Tanishq_Jewelry_Dataset_Final/images/uncategorized/50d5s2fjbaa09_1.jpg|Tanishq_Jewelry_Dataset_Final/images/uncategorized/50d5s2fjbaa09_2.jpg|Tanishq_Jewelry_Dataset_Final/images/uncategorized/50d5s2fjbaa09_3.jpg,,
T_50d5l1flelaa092jd000032,Fluid Curve Diamond Ring,tanishq,1.373,18KT,Yellow,Gold,23247.0,diamond,0.029,,,Round,,Women,,https://www.tanishq.co.in/dw/image/v2/BKCK_PRD/on/demandware.static/-/Sites-Tanishq-product-catalog/default/dw5779ade9/images/hi-res/50D5L1FLEAA09_1.jpg?sw=640&sh=640,Tanishq_Jewelry_Dataset_Final/images/uncategorized/50d5l1flelaa092jd000032_1.jpg|Tanishq_Jewelry_Dataset_Final/images/uncategorized/50d5l1flelaa092jd000032_2.jpg|Tanishq_Jewelry_Dataset_Final/images/uncategorized/50d5l1flelaa092jd000032_3.jpg,,
T_50d5pifgwoaa002ea000018,Stellar Twist Gold Ring,tanishq,1.902,18KT,Yellow,Gold,27308.0,none,0.0,,,none,,Women,,https://www.tanishq.co.in/on/demandware.static/-/Sites-Tanishq-product-catalog/default/dw73f0c711/images/hi-res/50D5PIFGWAA00_1.jpg,Tanishq_Jewelry_Dataset_Final/images/uncategorized/50d5pifgwoaa002ea000018_1.jpg|Tanishq_Jewelry_Dataset_Final/images/uncategorized/50d5pifgwoaa002ea000018_2.jpg|Tanishq_Jewelry_Dataset_Final/images/uncategorized/50d5pifgwoaa002ea000018_3.jpg,,
T_50d5b2fkplaa022ba000024,Split Shank Diamond Ring,tanishq,2.169,18KT,Yellow,Gold,58991.0,diamond,0.15,,,Round,,Women,,https://www.tanishq.co.in/dw/image/v2/BKCK_PRD/on/demandware.static/-/Sites-Tanishq-product-catalog/default/dw7c9fffa2/images/hi-res/50D5B2FKPAA02_1.jpg,Tanishq_Jewelry_Dataset_Final/images/uncategorized/50d5b2fkplaa022ba000024_1.jpg|Tanishq_Jewelry_Dataset_Final/images/uncategorized/50d5b2fkplaa022ba000024_2.jpg|Tanishq_Jewelry_Dataset_Final/images/uncategorized/50d5b2fkplaa022ba000024_3.jpg,,
T_50m5v2ffkaa00,Smooth Shine Gold Ring,tanishq,2.414,18KT,Yellow,Gold,34378.0,none,0.0,,,none,,Women,,https://www.tanishq.co.in/dw/image/v2/BKCK_PRD/on/demandware.static/-/Sites-Tanishq-product-catalog/default/dw993f5343/images/hi-res/50M5V2FFKAA00_1.jpg,Tanishq_Jewelry_Dataset_Final/images/uncategorized/50m5v2ffkaa00_1.jpg|Tanishq_Jewelry_Dataset_Final/images/uncategorized/50m5v2ffkaa00_2.jpg|Tanishq_Jewelry_Dataset_Final/images/uncategorized/50m5v2ffkaa00_3.jpg,,
T_50d5b3fdilaa022bb000005,Daisy Duet Diamond Ring,tanishq,2.182,18KT,Yellow,Gold,74559.0,diamond,0.225,,,Round,,Women,,https://www.tanishq.co.in/dw/image/v2/BKCK_PRD/on/demandware.static/-/Sites-Tanishq-product-catalog/default/dw551fefbd/images/hi-res/50D5B3FDIAA02_1.jpg,Tanishq_Jewelry_Dataset_Final/images/uncategorized/50d5b3fdilaa022bb000005_1.jpg|Tanishq_Jewelry_Dataset_Final/images/uncategorized/50d5b3fdilaa022bb000005_2.jpg|Tanishq_Jewelry_Dataset_Final/images/uncategorized/50d5b3fdilaa022bb000005_3.jpg,,
T_50m4c1fkhlaa002ed000067,Sphere Chic Gold Finger Ring,tanishq,4.28,18KT,Rose,Gold,62196.0,none,0.0,,,none,,Women,,https://www.tanishq.co.in/on/demandware.static/-/Sites-Tanishq-product-catalog/default/dw6f7cc652/images/hi-res/50M4C1FKHAA00_1.jpg,Tanishq_Jewelry_Dataset_Final/images/uncategorized/50m4c1fkhlaa002ed000067_1.jpg|Tanishq_Jewelry_Dataset_Final/images/uncategorized/50m4c1fkhlaa002ed000067_2.jpg|Tanishq_Jewelry_Dataset_Final/images/uncategorized/50m4c1fkhlaa002ed000067_3.jpg|Tanishq_Jewelry_Dataset_Final/images/uncategorized/50m4c1fkhlaa002ed000067_4.jpg,,
T_510187fpaaa00,Traditional Gold Beaded Ring,tanishq,4.311,22KT,Yellow,Gold,33158.0,none,0.0,,,none,,Women,,https://www.tanishq.co.in/on/demandware.static/-/Sites-Tanishq-product-catalog/default/dw7ce4e1d7/images/hi-res/510187FPAAA00_1.jpg,Tanishq_Jewelry_Dataset_Final/images/uncategorized/510187fpaaa00_1.jpg|Tanishq_Jewelry_Dataset_Final/images/uncategorized/510187fpaaa00_2.jpg|Tanishq_Jewelry_Dataset_Final/images/uncategorized/510187fpaaa00_3.jpg,,
T_50d5b2fhqlaa022jd000003,Radiant Burst Diamond Finger Ring,tanishq,3.354,18KT,Yellow,Gold,108588.0,diamond,0.335,,,Round,,Women,,https://www.tanishq.co.in/dw/image/v2/BKCK_PRD/on/demandware.static/-/Sites-Tanishq-product-catalog/default/dwfa61c64f/images/hi-res/50D5B2FHQAA02_1.jpg?sw=640&sh=640,Tanishq_Jewelry_Dataset_Final/images/uncategorized/50d5b2fhqlaa022jd000003_1.jpg|Tanishq_Jewelry_Dataset_Final/images/uncategorized/50d5b2fhqlaa022jd000003_2.jpg|Tanishq_Jewelry_Dataset_Final/images/uncategorized/50d5b2fhqlaa022jd000003_3.jpg,,
T_50d5v2funlaa022jd000033,Sunlit Petals Diamond Ring,tanishq,2.821,18KT,Yellow,Gold,76808.0,diamond,0.195,,,Round,,Women,,https://www.tanishq.co.in/dw/image/v2/BKCK_PRD/on/demandware.static/-/Sites-Tanishq-product-catalog/default/dwc020fb74/images/hi-res/50D5V2FUNAA02_1.jpg?sw=640&sh=640,Tanishq_Jewelry_Dataset_Final/images/uncategorized/50d5v2funlaa022jd000033_1.jpg|Tanishq_Jewelry_Dataset_Final/images/uncategorized/50d5v2funlaa022jd000033_2.jpg|Tanishq_Jewelry_Dataset_Final/images/uncategorized/50d5v2funlaa022jd000033_3.jpg,,
T_50g5v2fadraa022bd000004,Contemporary Square Diamond Ring For Men,tanishq,4.619,18KT,Rose,Gold,101368.0,diamond,0.195,,,Round,,Men,,https://www.tanishq.co.in/dw/image/v2/BKCK_PRD/on/demandware.static/-/Sites-Tanishq-product-catalog/default/dw25c8fbfb/images/hi-res/50G5V2FADAA02_1.jpg?sw=640&sh=640,Tanishq_Jewelry_Dataset_Final/images/uncategorized/50g5v2fadraa022bd000004_1.jpg|Tanishq_Jewelry_Dataset_Final/images/uncategorized/50g5v2fadraa022bd000004_2.jpg|Tanishq_Jewelry_Dataset_Final/images/uncategorized/50g5v2fadraa022bd000004_3.jpg,,
T_50d5b2fljaa10,Blossom Cluster Diamond Ring,tanishq,2.336,18KT,Yellow,Gold,50916.0,diamond,0.16,,,Round,,Women,,https://www.tanishq.co.in/dw/image/v2/BKCK_PRD/on/demandware.static/-/Sites-Tanishq-product-catalog/default/dwef56f482/images/hi-res/50D5B2FLJAA10_1.jpg?sw=640&sh=640,Tanishq_Jewelry_Dataset_Final/images/uncategorized/50d5b2fljaa10_1.jpg|Tanishq_Jewelry_Dataset_Final/images/uncategorized/50d5b2fljaa10_2.jpg|Tanishq_Jewelry_Dataset_Final/images/uncategorized/50d5b2fljaa10_3.jpg,,
T_50d6vrfbhlaa372bd000003,Tropical Orchard Gold Ring,tanishq,4.943,18KT,Yellow,Gold,67193.0,none,0.0,,,none,,Women,,https://www.tanishq.co.in/dw/image/v2/BKCK_PRD/on/demandware.static/-/Sites-Tanishq-product-catalog/default/dw902c8fa0/images/hi-res/50D6VRFBHAA37_1.jpg,Tanishq_Jewelry_Dataset_Final/images/uncategorized/50d6vrfbhlaa372bd000003_1.jpg|Tanishq_Jewelry_Dataset_Final/images/uncategorized/50d6vrfbhlaa372bd000003_2.jpg|Tanishq_Jewelry_Dataset_Final/images/uncategorized/50d6vrfbhlaa372bd000003_3.jpg|Tanishq_Jewelry_Dataset_Final/images/uncategorized/50d6vrfbhlaa372bd000003_4.jpg,,
T_51d4b2fuoaacz,Minimalist Gold Finger Ring,tanishq,11.671,22KT,Yellow,Gold,209050.0,none,0.0,,,none,,Women,,https://www.tanishq.co.in/dw/image/v2/BKCK_PRD/on/demandware.static/-/Sites-Tanishq-product-catalog/default/dw2ad18823/images/hi-res/51D4B2FUOAACZ_1.jpg,Tanishq_Jewelry_Dataset_Final/images/uncategorized/51d4b2fuoaacz_1.jpg|Tanishq_Jewelry_Dataset_Final/images/uncategorized/51d4b2fuoaacz_2.jpg|Tanishq_Jewelry_Dataset_Final/images/uncategorized/51d4b2fuoaacz_3.jpg|Tanishq_Jewelry_Dataset_Final/images/uncategorized/51d4b2fuoaacz_4.jpg|Tanishq_Jewelry_Dataset_Final/images/uncategorized/51d4b2fuoaacz_5.jpg|Tanishq_Jewelry_Dataset_Final/images/uncategorized/51d4b2fuoaacz_6.jpg,,
T_50d5l2fohlaa022jd000002,Cross Line Diamond Ring,tanishq,2.022,18KT,Yellow,Gold,42162.0,diamond,0.074,,,Round,,Women,,https://www.tanishq.co.in/dw/image/v2/BKCK_PRD/on/demandware.static/-/Sites-Tanishq-product-catalog/default/dw3565f100/images/hi-res/50D5L2FOHAA02_1.jpg?sw=640&sh=640,Tanishq_Jewelry_Dataset_Final/images/uncategorized/50d5l2fohlaa022jd000002_1.jpg|Tanishq_Jewelry_Dataset_Final/images/uncategorized/50d5l2fohlaa022jd000002_2.jpg|Tanishq_Jewelry_Dataset_Final/images/uncategorized/50d5l2fohlaa022jd000002_3.jpg,,
T_50e5b1ffdaa02,Graceful Twist Diamond Finger Ring,tanishq,1.949,18KT,Yellow,Gold,88869.0,diamond,0.278,,,Round,,Women,,https://www.tanishq.co.in/on/demandware.static/-/Sites-Tanishq-product-catalog/default/dw0d454af6/images/hi-res/50E5B1FFDAA02_1.jpg,Tanishq_Jewelry_Dataset_Final/images/uncategorized/50e5b1ffdaa02_1.jpg|Tanishq_Jewelry_Dataset_Final/images/uncategorized/50e5b1ffdaa02_2.jpg|Tanishq_Jewelry_Dataset_Final/images/uncategorized/50e5b1ffdaa02_3.jpg,,
T_51g5c1fhxaa00,Radiant Cross Gold Ring For Men,tanishq,8.73,22KT,Yellow,Gold,151333.0,none,0.0,,,none,,Men,,https://www.tanishq.co.in/dw/image/v2/BKCK_PRD/on/demandware.static/-/Sites-Tanishq-product-catalog/default/dw6b9eca96/images/hi-res/51G5C1FHXAA00_1.jpg,Tanishq_Jewelry_Dataset_Final/images/uncategorized/51g5c1fhxaa00_1.jpg|Tanishq_Jewelry_Dataset_Final/images/uncategorized/51g5c1fhxaa00_2.jpg|Tanishq_Jewelry_Dataset_Final/images/uncategorized/51g5c1fhxaa00_3.jpg,,
T_504922fmxaa09,Rose Brilliance 18KT Ring,tanishq,1.482,18KT,Rose,Gold,27528.0,diamond,0.036,,,Round,,Women,,https://www.tanishq.co.in/on/demandware.static/-/Sites-Tanishq-product-catalog/default/dw0ab18a0c/images/hi-res/4922FMX_1.jpg,Tanishq_Jewelry_Dataset_Final/images/uncategorized/504922fmxaa09_1.jpg|Tanishq_Jewelry_Dataset_Final/images/uncategorized/504922fmxaa09_2.jpg|Tanishq_Jewelry_Dataset_Final/images/uncategorized/504922fmxaa09_3.jpg,,
T_503822foraa09,Twisted Beauty Gold & Diamond Ring,tanishq,3.13,18KT,Rose,Gold,55183.0,diamond,0.058,,,Round,,Women,,https://www.tanishq.co.in/on/demandware.static/-/Sites-Tanishq-product-catalog/default/dwec76f679/images/Mia/hi-res/3822FOR_1.jpg,Tanishq_Jewelry_Dataset_Final/images/uncategorized/503822foraa09_1.jpg|Tanishq_Jewelry_Dataset_Final/images/uncategorized/503822foraa09_2.jpg|Tanishq_Jewelry_Dataset_Final/images/uncategorized/503822foraa09_3.jpg,,
T_51d5p1flcaa00,Whisper Leaf Gold Ring,tanishq,2.212,22KT,Yellow,Gold,37716.0,none,0.0,,,none,,Women,,https://www.tanishq.co.in/dw/image/v2/BKCK_PRD/on/demandware.static/-/Sites-Tanishq-product-catalog/default/dw2a214f16/images/hi-res/51D5P1FLCAA00_1.jpg,Tanishq_Jewelry_Dataset_Final/images/uncategorized/51d5p1flcaa00_1.jpg|Tanishq_Jewelry_Dataset_Final/images/uncategorized/51d5p1flcaa00_2.jpg|Tanishq_Jewelry_Dataset_Final/images/uncategorized/51d5p1flcaa00_3.jpg,,
T_50d5b2fyplaa022jd000002,Dreamy Orbit Diamond Finger Ring,tanishq,1.851,18KT,Yellow,Gold,47287.0,diamond,0.115,,,Round,,Women,,https://www.tanishq.co.in/dw/image/v2/BKCK_PRD/on/demandware.static/-/Sites-Tanishq-product-catalog/default/dw99193e6f/images/hi-res/50D5B2FYPAA02_1.jpg?sw=640&sh=640,Tanishq_Jewelry_Dataset_Final/images/uncategorized/50d5b2fyplaa022jd000002_1.jpg|Tanishq_Jewelry_Dataset_Final/images/uncategorized/50d5b2fyplaa022jd000002_2.jpg|Tanishq_Jewelry_Dataset_Final/images/uncategorized/50d5b2fyplaa022jd000002_3.jpg,,
T_50e5c1feslaa022jd000012,Twined Marquise Diamond Ring,tanishq,2.616,18KT,Yellow,Gold,80641.0,diamond,0.24,,,Round,,Women,,https://www.tanishq.co.in/dw/image/v2/BKCK_PRD/on/demandware.static/-/Sites-Tanishq-product-catalog/default/dw21a1680e/images/hi-res/50E5C1FESAA02_1.jpg?sw=640&sh=640,Tanishq_Jewelry_Dataset_Final/images/uncategorized/50e5c1feslaa022jd000012_1.jpg|Tanishq_Jewelry_Dataset_Final/images/uncategorized/50e5c1feslaa022jd000012_2.jpg|Tanishq_Jewelry_Dataset_Final/images/uncategorized/50e5c1feslaa022jd000012_3.jpg,,
T_51d5b1fmeaa00,Ornate Bloom Gold Ring,tanishq,2.474,22KT,Yellow,Gold,43062.0,none,0.0,,,none,,Women,,https://www.tanishq.co.in/dw/image/v2/BKCK_PRD/on/demandware.static/-/Sites-Tanishq-product-catalog/default/dwf345d9d7/images/hi-res/51D5B1FMEAA00_1.jpg,Tanishq_Jewelry_Dataset_Final/images/uncategorized/51d5b1fmeaa00_1.jpg|Tanishq_Jewelry_Dataset_Final/images/uncategorized/51d5b1fmeaa00_2.jpg|Tanishq_Jewelry_Dataset_Final/images/uncategorized/51d5b1fmeaa00_3.jpg,,
T_51m4b1fkylaa002ee000104,Luxe Overlap Gold Ring,tanishq,4.763,22KT,Yellow,Gold,81381.0,none,0.0,,,none,,Women,,https://www.tanishq.co.in/on/demandware.static/-/Sites-Tanishq-product-catalog/default/dw59b14a83/images/hi-res/51M4B1FKYAA00_1.jpg,Tanishq_Jewelry_Dataset_Final/images/uncategorized/51m4b1fkylaa002ee000104_1.jpg|Tanishq_Jewelry_Dataset_Final/images/uncategorized/51m4b1fkylaa002ee000104_2.jpg|Tanishq_Jewelry_Dataset_Final/images/uncategorized/51m4b1fkylaa002ee000104_3.jpg,,
T_51d5l2fejlaa002ba000001,Sculpted Split Gold Ring,tanishq,1.924,22KT,Yellow,Gold,33489.0,none,0.0,,,none,,Women,,https://www.tanishq.co.in/dw/image/v2/BKCK_PRD/on/demandware.static/-/Sites-Tanishq-product-catalog/default/dwf8f3ec11/images/hi-res/51D5L2FEJAA00_1.jpg?sw=640&sh=640,Tanishq_Jewelry_Dataset_Final/images/uncategorized/51d5l2fejlaa002ba000001_1.jpg|Tanishq_Jewelry_Dataset_Final/images/uncategorized/51d5l2fejlaa002ba000001_2.jpg|Tanishq_Jewelry_Dataset_Final/images/uncategorized/51d5l2fejlaa002ba000001_3.jpg|Tanishq_Jewelry_Dataset_Final/images/uncategorized/51d5l2fejlaa002ba000001_4.jpg,,
T_516061FGGAA00,Feminine Grace Ring,tanishq,1.724,22KT,Yellow,Gold,30008.0,none,0.0,,,none,,Women,,https://www.tanishq.co.in/on/demandware.static/-/Sites-Tanishq-product-catalog/default/dwaeaf28e3/images/hi-res/516061FGGAA00_1.jpg,Tanishq_Jewelry_Dataset_Final/images/uncategorized/516061FGGAA00_1.jpg|Tanishq_Jewelry_Dataset_Final/images/uncategorized/516061FGGAA00_2.jpg|Tanishq_Jewelry_Dataset_Final/images/uncategorized/516061FGGAA00_3.jpg|Tanishq_Jewelry_Dataset_Final/images/uncategorized/516061FGGAA00_4.jpg,,
T_50o5rvfclaa32,Spiral Serenade Diamond Ring,tanishq,7.509,18KT,Yellow,Gold,212627.0,none,0.545,,,none,,Women,,https://www.tanishq.co.in/dw/image/v2/BKCK_PRD/on/demandware.static/-/Sites-Tanishq-product-catalog/default/dw213a91dc/images/hi-res/50O5RVFCLAA32_1.jpg,Tanishq_Jewelry_Dataset_Final/images/uncategorized/50o5rvfclaa32_1.jpg|Tanishq_Jewelry_Dataset_Final/images/uncategorized/50o5rvfclaa32_2.jpg|Tanishq_Jewelry_Dataset_Final/images/uncategorized/50o5rvfclaa32_3.jpg|Tanishq_Jewelry_Dataset_Final/images/uncategorized/50o5rvfclaa32_4.jpg,,
T_513218fphaa00,Stylish Layered Gold Ring for Men,tanishq,6.217,22KT,Yellow,Gold,108212.0,none,0.0,,,none,,Men,,https://www.tanishq.co.in/on/demandware.static/-/Sites-Tanishq-product-catalog/default/dw2fcd62db/images/hi-res/513218FPHAA00_1.jpg,Tanishq_Jewelry_Dataset_Final/images/uncategorized/513218fphaa00_1.jpg,,
T_51d5b1flaaa40,Vine Frame Ring,tanishq,2.824,22KT,Yellow,Gold,48197.0,gemstone,0.0,,,none,,Women,,https://www.tanishq.co.in/dw/image/v2/BKCK_PRD/on/demandware.static/-/Sites-Tanishq-product-catalog/default/dwf408cf8f/images/hi-res/51D5B1FLAAA40_1.jpg,Tanishq_Jewelry_Dataset_Final/images/uncategorized/51d5b1flaaa40_1.jpg|Tanishq_Jewelry_Dataset_Final/images/uncategorized/51d5b1flaaa40_2.jpg|Tanishq_Jewelry_Dataset_Final/images/uncategorized/51d5b1flaaa40_3.jpg,,
T_51e5c1fcfaa00,Royal Arch Gold Ring,tanishq,2.689,22KT,Yellow,Gold,46995.0,none,0.0,,,none,,Women,,https://www.tanishq.co.in/dw/image/v2/BKCK_PRD/on/demandware.static/-/Sites-Tanishq-product-catalog/default/dw17aa586d/images/hi-res/51E5C1FCFAA00_1.jpg,Tanishq_Jewelry_Dataset_Final/images/uncategorized/51e5c1fcfaa00_1.jpg|Tanishq_Jewelry_Dataset_Final/images/uncategorized/51e5c1fcfaa00_2.jpg|Tanishq_Jewelry_Dataset_Final/images/uncategorized/51e5c1fcfaa00_3.jpg,,
T_50d5jsferlaa092bd000011,Paisley Grace Diamond Ring,tanishq,1.533,18KT,Yellow,Gold,38005.0,diamond,0.105,,,Round,,Women,,https://www.tanishq.co.in/dw/image/v2/BKCK_PRD/on/demandware.static/-/Sites-Tanishq-product-catalog/default/dw5dfc6f65/images/hi-res/50D5JSFERAA09_1.jpg?sw=640&sh=640,Tanishq_Jewelry_Dataset_Final/images/uncategorized/50d5jsferlaa092bd000011_1.jpg|Tanishq_Jewelry_Dataset_Final/images/uncategorized/50d5jsferlaa092bd000011_2.jpg|Tanishq_Jewelry_Dataset_Final/images/uncategorized/50d5jsferlaa092bd000011_3.jpg,,
T_51d5b1futaa00,Golden Bloom Gold Ring,tanishq,3.19,22KT,Yellow,Gold,55525.0,none,0.0,,,none,,Women,,https://www.tanishq.co.in/dw/image/v2/BKCK_PRD/on/demandware.static/-/Sites-Tanishq-product-catalog/default/dwc0a95336/images/hi-res/51D5B1FUTAA00_1.jpg,Tanishq_Jewelry_Dataset_Final/images/uncategorized/51d5b1futaa00_1.jpg|Tanishq_Jewelry_Dataset_Final/images/uncategorized/51d5b1futaa00_2.jpg,,
T_50d3i3faqkab022ja000050,Dream Flight Diamond Ring,tanishq,1.412,18KT,Yellow,Gold,32984.0,diamond,0.076,,,Round,,Women,,https://www.tanishq.co.in/dw/image/v2/BKCK_PRD/on/demandware.static/-/Sites-Tanishq-product-catalog/default/dw594c4685/images/hi-res/50D3I3FAQAB02_1.jpg?sw=640&sh=640,Tanishq_Jewelry_Dataset_Final/images/uncategorized/50d3i3faqkab022ja000050_1.jpg|Tanishq_Jewelry_Dataset_Final/images/uncategorized/50d3i3faqkab022ja000050_2.jpg|Tanishq_Jewelry_Dataset_Final/images/uncategorized/50d3i3faqkab022ja000050_3.jpg,,
T_51g5c1facaa00,Bold Geometric Gold Ring For Men,tanishq,6.255,22KT,Yellow,Gold,108429.0,none,0.0,,,none,,Men,,https://www.tanishq.co.in/dw/image/v2/BKCK_PRD/on/demandware.static/-/Sites-Tanishq-product-catalog/default/dw06604121/images/hi-res/51G5C1FACAA00_1.jpg?sw=640&sh=640,Tanishq_Jewelry_Dataset_Final/images/uncategorized/51g5c1facaa00_1.jpg|Tanishq_Jewelry_Dataset_Final/images/uncategorized/51g5c1facaa00_2.jpg|Tanishq_Jewelry_Dataset_Final/images/uncategorized/51g5c1facaa00_3.jpg,,
T_50d4arfaylaa022bd000014,Crest Vanki Diamond Ring,tanishq,1.755,18KT,Rose,Gold,61195.0,diamond,0.19,,,Round,,Women,,https://www.tanishq.co.in/dw/image/v2/BKCK_PRD/on/demandware.static/-/Sites-Tanishq-product-catalog/default/dw6cd8ce94/images/hi-res/50D4ARFAYAA02_1.jpg,Tanishq_Jewelry_Dataset_Final/images/uncategorized/50d4arfaylaa022bd000014_1.jpg|Tanishq_Jewelry_Dataset_Final/images/uncategorized/50d4arfaylaa022bd000014_2.jpg|Tanishq_Jewelry_Dataset_Final/images/uncategorized/50d4arfaylaa022bd000014_3.jpg,,
T_50e5b1fcfaa02,Blush Circle Diamond Ring,tanishq,2.432,18KT,Rose,Gold,67827.0,diamond,0.177,,,Round,,Women,,https://www.tanishq.co.in/dw/image/v2/BKCK_PRD/on/demandware.static/-/Sites-Tanishq-product-catalog/default/dw055f9b6d/images/hi-res/50E5B1FCFAA02_1.jpg,Tanishq_Jewelry_Dataset_Final/images/uncategorized/50e5b1fcfaa02_1.jpg|Tanishq_Jewelry_Dataset_Final/images/uncategorized/50e5b1fcfaa02_2.jpg|Tanishq_Jewelry_Dataset_Final/images/uncategorized/50e5b1fcfaa02_3.jpg,,
O_MRG08999,Stately Diamond Finger Ring For Men,orra,4.92,14KT,Yellow,Gold,73589.0,diamond,0.0,4.0,38080.0,Round,10.0,Men,none,https://cdn.orra.co.in/media/catalog/product/cache/10238651d5f95594b9023f998383bb67/m/r/mrg08999_1_23zvty5u0dozlv2d.jpg,Tanishq_Jewelry_Dataset_Final/images/orra/MRG08999_1.jpg|Tanishq_Jewelry_Dataset_Final/images/orra/MRG08999_2.jpg|Tanishq_Jewelry_Dataset_Final/images/orra/MRG08999_3.jpg,13519.0,0.0
O_MRG08006,Classic Men's Finger Ring in 14KT Yellow Gold,orra,9.03,14KT,Yellow,Gold,103465.0,diamond,0.0,9.0,35700.0,Round,10.0,Men,Classic,https://cdn.orra.co.in/media/catalog/product/cache/10238651d5f95594b9023f998383bb67/m/r/mrg08006_1_3hxt6xv9hgwnnsok.jpg,Tanishq_Jewelry_Dataset_Final/images/orra/MRG08006_1.jpg|Tanishq_Jewelry_Dataset_Final/images/orra/MRG08006_2.jpg|Tanishq_Jewelry_Dataset_Final/images/orra/MRG08006_3.jpg,24827.0,0.0
O_MRG10096,Classic Men's Diamond Finger Ring,orra,3.98,18KT,Yellow,Gold,55877.0,diamond,0.0,1.0,19500.0,Round,10.0,Men,Classic,https://cdn.orra.co.in/media/catalog/product/cache/10238651d5f95594b9023f998383bb67/m/r/mrg10096_1_5vyscodcipuwfsnf.jpg,Tanishq_Jewelry_Dataset_Final/images/orra/MRG10096_1.jpg|Tanishq_Jewelry_Dataset_Final/images/orra/MRG10096_2.jpg|Tanishq_Jewelry_Dataset_Final/images/orra/MRG10096_3.jpg,10945.0,0.0
O_MRG08010,Men's Diamond Finger Ring in 14KT Yellow Gold,orra,6.41,14KT,Yellow,Gold,56665.0,diamond,0.0,1.0,4760.0,Round,10.0,Men,none,https://cdn.orra.co.in/media/catalog/product/cache/10238651d5f95594b9023f998383bb67/m/r/mrg08010_1_ler46amckhmttgj0.jpg,Tanishq_Jewelry_Dataset_Final/images/orra/MRG08010_1.jpg|Tanishq_Jewelry_Dataset_Final/images/orra/MRG08010_2.jpg|Tanishq_Jewelry_Dataset_Final/images/orra/MRG08010_3.jpg,17627.5,0.0
O_MRG12131,Classic Diamond Finger Ring For Men,orra,5.29,18KT,Yellow,Gold,78416.0,diamond,0.0,1.0,31350.0,Round,10.0,Men,Classic,https://cdn.orra.co.in/media/catalog/product/cache/10238651d5f95594b9023f998383bb67/m/r/mrg12131_1_hv4kipma08cimv2f.jpg,Tanishq_Jewelry_Dataset_Final/images/orra/MRG12131_1.jpg|Tanishq_Jewelry_Dataset_Final/images/orra/MRG12131_2.jpg|Tanishq_Jewelry_Dataset_Final/images/orra/MRG12131_3.jpg,14547.5,0.0
O_MRG11051,Square Diamond Finger Ring For Men,orra,5.73,14KT,Yellow,Gold,87390.0,diamond,0.0,12.0,48790.0,Round,10.0,Men,none,https://cdn.orra.co.in/media/catalog/product/cache/10238651d5f95594b9023f998383bb67/m/r/mrg11051_1_06bulglfxpedfrkt.jpg,Tanishq_Jewelry_Dataset_Final/images/orra/MRG11051_1.jpg|Tanishq_Jewelry_Dataset_Final/images/orra/MRG11051_2.jpg|Tanishq_Jewelry_Dataset_Final/images/orra/MRG11051_3.jpg,15752.0,0.0
O_MRG14037,Eclectic Diamond Ring For Men,orra,2.63,14KT,Yellow,Gold,28353.0,diamond,0.0,1.0,8330.0,Round,10.0,Men,none,https://cdn.orra.co.in/media/catalog/product/cache/10238651d5f95594b9023f998383bb67/m/r/mrg14037_1_6asrj0oswsejrpt1.jpg,Tanishq_Jewelry_Dataset_Final/images/orra/MRG14037_1.jpg|Tanishq_Jewelry_Dataset_Final/images/orra/MRG14037_2.jpg|Tanishq_Jewelry_Dataset_Final/images/orra/MRG14037_3.jpg,7232.5,0.0
O_MRG14062,Scintillating Yellow Gold Ring For Men,orra,3.2,18KT,Yellow,Gold,48051.0,diamond,0.0,1.0,19500.0,Round,11.0,Men,none,https://cdn.orra.co.in/media/catalog/product/cache/10238651d5f95594b9023f998383bb67/m/r/mrg14062_1_e3cfgkpc3xog95sp.jpg,Tanishq_Jewelry_Dataset_Final/images/orra/MRG14062_1.jpg|Tanishq_Jewelry_Dataset_Final/images/orra/MRG14062_2.jpg|Tanishq_Jewelry_Dataset_Final/images/orra/MRG14062_3.jpg,8811.0,0.0
O_MRG15045,Men's Diamond Ring in 18KT Yellow Gold,orra,11.37,18KT,Yellow,Gold,165696.0,diamond,0.0,36.0,63450.0,Round,10.0,Men,none,https://cdn.orra.co.in/media/catalog/product/cache/10238651d5f95594b9023f998383bb67/m/r/mrg15045_1_3.jpg,Tanishq_Jewelry_Dataset_Final/images/orra/MRG15045_1.jpg|Tanishq_Jewelry_Dataset_Final/images/orra/MRG15045_2.jpg|Tanishq_Jewelry_Dataset_Final/images/orra/MRG15045_3.jpg|Tanishq_Jewelry_Dataset_Final/images/orra/MRG15045_4.jpg|Tanishq_Jewelry_Dataset_Final/images/orra/MRG15045_5.jpg|Tanishq_Jewelry_Dataset_Final/images/orra/MRG15045_6.jpg|Tanishq_Jewelry_Dataset_Final/images/orra/MRG15045_7.jpg|Tanishq_Jewelry_Dataset_Final/images/orra/MRG15045_8.jpg|Tanishq_Jewelry_Dataset_Final/images/orra/MRG15045_9.jpg,31262.0,0.0
O_MRG16001,Men's Yellow Gold Finger Ring,orra,6.59,14KT,Yellow,Gold,115840.0,diamond,0.0,5.0,74800.0,Round,11.0,Men,none,https://cdn.orra.co.in/media/catalog/product/cache/10238651d5f95594b9023f998383bb67/m/r/mrg16001_1_mnotyoabqihtmhtx.jpg,Tanishq_Jewelry_Dataset_Final/images/orra/MRG16001_1.jpg|Tanishq_Jewelry_Dataset_Final/images/orra/MRG16001_2.jpg|Tanishq_Jewelry_Dataset_Final/images/orra/MRG16001_3.jpg,18122.5,0.0
O_MRG16021,Stylish Diamond and Gold Ring For Men,orra,2.51,14KT,Yellow,Gold,44308.0,diamond,0.0,1.0,28500.0,Round,10.0,Men,none,https://cdn.orra.co.in/media/catalog/product/cache/10238651d5f95594b9023f998383bb67/m/r/mrg16021_1_lqp7pstpncwlcnlb.jpg,Tanishq_Jewelry_Dataset_Final/images/orra/MRG16021_1.jpg|Tanishq_Jewelry_Dataset_Final/images/orra/MRG16021_2.jpg|Tanishq_Jewelry_Dataset_Final/images/orra/MRG16021_3.jpg,6902.5,0.0
O_MRG16025,Timeless Diamond Crown Star Ring for Men,orra,3.95,18KT,Yellow,Gold,59794.0,diamond,0.0,1.0,24750.0,Round,10.0,Men,none,https://cdn.orra.co.in/media/catalog/product/cache/10238651d5f95594b9023f998383bb67/m/r/mrg16025_1_d5rmkmmzlvsdcxxk.jpg,Tanishq_Jewelry_Dataset_Final/images/orra/MRG16025_1.jpg|Tanishq_Jewelry_Dataset_Final/images/orra/MRG16025_2.jpg|Tanishq_Jewelry_Dataset_Final/images/orra/MRG16025_3.jpg,10854.25,0.0
O_MRG16026,Alluring Diamond Crown Star Finger Ring For Men,orra,4.8,18KT,Yellow,Gold,75028.0,diamond,0.0,1.0,33000.0,Round,10.0,Men,none,https://cdn.orra.co.in/media/catalog/product/cache/10238651d5f95594b9023f998383bb67/m/r/mrg16026_1_llbjbs2yh2xhxsng.jpg,Tanishq_Jewelry_Dataset_Final/images/orra/MRG16026_1.jpg|Tanishq_Jewelry_Dataset_Final/images/orra/MRG16026_2.jpg|Tanishq_Jewelry_Dataset_Final/images/orra/MRG16026_3.jpg,13191.75,0.0
O_MRG18004,Minimalist 18KT Yellow Gold Ring For Men,orra,6.33,18KT,Yellow,Gold,89885.0,diamond,0.0,15.0,32400.0,Round,10.0,Men,Minimal,https://cdn.orra.co.in/media/catalog/product/cache/10238651d5f95594b9023f998383bb67/m/r/mrg18004_1_9becxy77j08iruyl.jpg,Tanishq_Jewelry_Dataset_Final/images/orra/MRG18004_1.jpg|Tanishq_Jewelry_Dataset_Final/images/orra/MRG18004_2.jpg|Tanishq_Jewelry_Dataset_Final/images/orra/MRG18004_3.jpg,17407.5,0.0
O_MRG18005,Elegant Finger Ring For Men in Yellow Gold,orra,6.73,18KT,Yellow,Gold,87914.0,diamond,0.0,7.0,25650.0,Round,10.0,Men,none,https://cdn.orra.co.in/media/catalog/product/cache/10238651d5f95594b9023f998383bb67/m/r/mrg18005_1_1d46o4lhvh8pthay.jpg,Tanishq_Jewelry_Dataset_Final/images/orra/MRG18005_1.jpg|Tanishq_Jewelry_Dataset_Final/images/orra/MRG18005_2.jpg|Tanishq_Jewelry_Dataset_Final/images/orra/MRG18005_3.jpg,18507.5,0.0
O_MRG20009,Classic Men's Diamond Finger Ring,orra,7.55,18KT,Yellow,Gold,80026.0,diamond,0.0,1.0,5400.0,Round,10.0,Men,Classic,https://cdn.orra.co.in/media/catalog/product/cache/10238651d5f95594b9023f998383bb67/m/r/mrg20009_1_c2tqakrw4ii645u1.jpg,Tanishq_Jewelry_Dataset_Final/images/orra/MRG20009_1.jpg|Tanishq_Jewelry_Dataset_Final/images/orra/MRG20009_2.jpg|Tanishq_Jewelry_Dataset_Final/images/orra/MRG20009_3.jpg,20762.5,0.0
O_MRG22001,Artistic Men's 14KT Yellow Gold Ring,orra,3.9,14KT,Yellow,Gold,54488.0,diamond,0.0,4.0,27370.0,Round,10.0,Men,none,https://cdn.orra.co.in/media/catalog/product/cache/10238651d5f95594b9023f998383bb67/m/r/mrg22001_1_ckp1l6yaz5p9vacf.jpg,Tanishq_Jewelry_Dataset_Final/images/orra/MRG22001_1.jpg|Tanishq_Jewelry_Dataset_Final/images/orra/MRG22001_2.jpg|Tanishq_Jewelry_Dataset_Final/images/orra/MRG22001_3.jpg,10736.0,0.0
O_MRG22004,Square Design Diamond Men's Ring,orra,3.43,14KT,Yellow,Gold,68702.0,diamond,0.0,9.0,49350.0,Round,11.0,Men,none,https://cdn.orra.co.in/media/catalog/product/cache/10238651d5f95594b9023f998383bb67/m/r/mrg22004_1_vssl7ydyzpebw0qp.jpg,Tanishq_Jewelry_Dataset_Final/images/orra/MRG22004_1.jpg|Tanishq_Jewelry_Dataset_Final/images/orra/MRG22004_2.jpg|Tanishq_Jewelry_Dataset_Final/images/orra/MRG22004_3.jpg,9421.5,0.0
O_MRG22016,Elegant Finger Ring For Men in Yellow Gold,orra,3.8,18KT,Yellow,Gold,51732.0,diamond,0.0,1.0,16500.0,Round,10.0,Men,none,https://cdn.orra.co.in/media/catalog/product/cache/10238651d5f95594b9023f998383bb67/m/r/mrg22016_1_g2hvmphl9ukkjds2.jpg,Tanishq_Jewelry_Dataset_Final/images/orra/MRG22016_1.jpg|Tanishq_Jewelry_Dataset_Final/images/orra/MRG22016_2.jpg|Tanishq_Jewelry_Dataset_Final/images/orra/MRG22016_3.jpg,10450.0,0.0
O_MRG22017,Stylish Men's Ring in 18KT Yellow Gold,orra,4.23,18KT,Yellow,Gold,70288.0,diamond,0.0,6.0,33750.0,Round,11.0,Men,none,https://cdn.orra.co.in/media/catalog/product/cache/10238651d5f95594b9023f998383bb67/m/r/mrg22017_1_73hwjipxkvajbfdr.jpg,Tanishq_Jewelry_Dataset_Final/images/orra/MRG22017_1.jpg|Tanishq_Jewelry_Dataset_Final/images/orra/MRG22017_2.jpg|Tanishq_Jewelry_Dataset_Final/images/orra/MRG22017_3.jpg,11632.5,0.0
O_MRG22018,Attractive Diamond Ring For Men,orra,5.51,18KT,Yellow,Gold,74048.0,diamond,0.0,9.0,22950.0,Round,10.0,Men,none,https://cdn.orra.co.in/media/catalog/product/cache/10238651d5f95594b9023f998383bb67/m/r/mrg22018_1_4ghrkhsl0cei1lhw.jpg,Tanishq_Jewelry_Dataset_Final/images/orra/MRG22018_1.jpg|Tanishq_Jewelry_Dataset_Final/images/orra/MRG22018_2.jpg|Tanishq_Jewelry_Dataset_Final/images/orra/MRG22018_3.jpg,15152.5,0.0
O_MRG22020,Square Design Finger Ring for Men,orra,5.63,18KT,Yellow,Gold,95164.0,diamond,0.0,12.0,47250.0,Round,10.0,Men,none,https://cdn.orra.co.in/media/catalog/product/cache/10238651d5f95594b9023f998383bb67/m/r/mrg22020_1_lobw13qvwcnudvyj.jpg,Tanishq_Jewelry_Dataset_Final/images/orra/MRG22020_1.jpg|Tanishq_Jewelry_Dataset_Final/images/orra/MRG22020_2.jpg|Tanishq_Jewelry_Dataset_Final/images/orra/MRG22020_3.jpg,15490.75,0.0
O_MRG22022,Men's Glossy Diamond Finger Ring,orra,5.84,18KT,Yellow,Gold,91679.0,diamond,0.0,20.0,40500.0,Round,10.0,Men,none,https://cdn.orra.co.in/media/catalog/product/cache/10238651d5f95594b9023f998383bb67/m/r/mrg22022_1_v16uzdgmauvuijf5.jpg,Tanishq_Jewelry_Dataset_Final/images/orra/MRG22022_1.jpg|Tanishq_Jewelry_Dataset_Final/images/orra/MRG22022_2.jpg|Tanishq_Jewelry_Dataset_Final/images/orra/MRG22022_3.jpg,16062.75,0.0
O_MRG22024,Stately Finger Ring For Men With Diamonds,orra,4.39,18KT,Yellow,Gold,106145.0,diamond,0.0,4.0,76500.0,Round,10.0,Men,none,https://cdn.orra.co.in/media/catalog/product/cache/10238651d5f95594b9023f998383bb67/m/r/mrg22024_1_aktar8qfm6fioagv.jpg,Tanishq_Jewelry_Dataset_Final/images/orra/MRG22024_1.jpg|Tanishq_Jewelry_Dataset_Final/images/orra/MRG22024_2.jpg|Tanishq_Jewelry_Dataset_Final/images/orra/MRG22024_3.jpg,12072.5,0.0
O_MRG22029,Dazzling Square Men's Diamond Ring,orra,6.5,18KT,Yellow,Gold,113863.0,diamond,0.0,29.0,59400.0,Round,10.0,Men,none,https://cdn.orra.co.in/media/catalog/product/cache/10238651d5f95594b9023f998383bb67/m/r/mrg22029_1_xy9xrjz2owqre7kc.jpg,Tanishq_Jewelry_Dataset_Final/images/orra/MRG22029_1.jpg|Tanishq_Jewelry_Dataset_Final/images/orra/MRG22029_2.jpg|Tanishq_Jewelry_Dataset_Final/images/orra/MRG22029_3.jpg,17875.0,0.0
O_MRG23004-D300RNB,Stylish Diamond Studded Ring,orra,6.04,18KT,Yellow,Gold,112644.0,diamond,0.15,1.0,24750.0,Round,11.0,Men,none,https://www.orra.co.in/media/catalog/product/m/r/mrg23004_1_c6csv2i2sxffort7.jpg,Tanishq_Jewelry_Dataset_Final/images/orra/MRG23004-D300RNB_1.jpg,21131.25,0.0
O_OPR11050,Precious 18KT Rose Gold Crown Star Ring,orra,2.28,18KT,Rose,Gold,41863.0,diamond,0.0,10.0,23100.0,Round,7.0,Women,none,https://cdn.orra.co.in/media/catalog/product/cache/10238651d5f95594b9023f998383bb67/o/p/opr11050_1_a5mefaxef2am5fpu.jpg,Tanishq_Jewelry_Dataset_Final/images/orra/OPR11050_1.jpg|Tanishq_Jewelry_Dataset_Final/images/orra/OPR11050_2.jpg|Tanishq_Jewelry_Dataset_Final/images/orra/OPR11050_3.jpg,6270.0,0.0
O_OPR11035,Delicate Diamond Ring in Rose Gold,orra,1.61,18KT,Rose,Gold,28255.0,diamond,0.0,9.0,14280.0,Round,6.0,Women,none,https://cdn.orra.co.in/media/catalog/product/cache/10238651d5f95594b9023f998383bb67/o/p/opr11035_1_u2blm8px8mvjeqso.jpg,Tanishq_Jewelry_Dataset_Final/images/orra/OPR11035_1.jpg|Tanishq_Jewelry_Dataset_Final/images/orra/OPR11035_2.jpg|Tanishq_Jewelry_Dataset_Final/images/orra/OPR11035_3.jpg,4750.0,0.0
O_OPR11090,Delicate Diamond Crown Star Finger Ring in 18KT Yellow Gold,orra,2.1,18KT,Yellow,Gold,46998.0,diamond,0.0,10.0,31500.0,Round,6.0,Women,none,https://cdn.orra.co.in/media/catalog/product/cache/10238651d5f95594b9023f998383bb67/o/p/opr11090_1_zb7pugpkcej9uk8w.jpg,Tanishq_Jewelry_Dataset_Final/images/orra/OPR11090_1.jpg|Tanishq_Jewelry_Dataset_Final/images/orra/OPR11090_2.jpg|Tanishq_Jewelry_Dataset_Final/images/orra/OPR11090_3.jpg,5775.0,0.0
O_OPR11105,Glamorous Rose Gold Ring For Women,orra,3.1,14KT,Rose,Gold,56408.0,diamond,0.0,35.0,38170.0,Round,6.0,Women,none,https://cdn.orra.co.in/media/catalog/product/cache/10238651d5f95594b9023f998383bb67/o/p/opr11105_1_naitbehzlfhizbj9.jpg,Tanishq_Jewelry_Dataset_Final/images/orra/OPR11105_1.jpg|Tanishq_Jewelry_Dataset_Final/images/orra/OPR11105_2.jpg|Tanishq_Jewelry_Dataset_Final/images/orra/OPR11105_3.jpg|Tanishq_Jewelry_Dataset_Final/images/orra/OPR11105_4.jpg|Tanishq_Jewelry_Dataset_Final/images/orra/OPR11105_5.jpg|Tanishq_Jewelry_Dataset_Final/images/orra/OPR11105_6.jpg,8527.75,0.0
O_OPR12042,Radiant Diamond Crown Star Finger Ring,orra,2.73,18KT,Yellow,Gold,78107.0,diamond,0.0,10.0,63000.0,Round,6.0,Women,none,https://cdn.orra.co.in/media/catalog/product/cache/10238651d5f95594b9023f998383bb67/o/p/opr12042_1_yiqncelwvujapatv.jpg,Tanishq_Jewelry_Dataset_Final/images/orra/OPR12042_1.jpg|Tanishq_Jewelry_Dataset_Final/images/orra/OPR12042_2.jpg|Tanishq_Jewelry_Dataset_Final/images/orra/OPR12042_3.jpg,7513.0,0.0
O_OPR13049,Wave Design Diamond Finger Ring,orra,1.81,14KT,Rose,Gold,20751.0,diamond,0.0,17.0,7140.0,Round,7.0,Women,none,https://cdn.orra.co.in/media/catalog/product/cache/10238651d5f95594b9023f998383bb67/o/p/opr13049_1_dlrqaxsgylzyfqhi.jpg,Tanishq_Jewelry_Dataset_Final/images/orra/OPR13049_1.jpg|Tanishq_Jewelry_Dataset_Final/images/orra/OPR13049_2.jpg|Tanishq_Jewelry_Dataset_Final/images/orra/OPR13049_3.jpg,4750.0,0.0
O_OPR13085,Sophisticated Diamond Finger Ring,orra,1.87,18KT,Yellow,Gold,44872.0,diamond,0.0,51.0,32130.0,Round,7.0,Women,none,https://cdn.orra.co.in/media/catalog/product/cache/10238651d5f95594b9023f998383bb67/o/p/opr13085_1_3.jpg,Tanishq_Jewelry_Dataset_Final/images/orra/OPR13085_1.jpg|Tanishq_Jewelry_Dataset_Final/images/orra/OPR13085_2.jpg|Tanishq_Jewelry_Dataset_Final/images/orra/OPR13085_3.jpg|Tanishq_Jewelry_Dataset_Final/images/orra/OPR13085_4.jpg|Tanishq_Jewelry_Dataset_Final/images/orra/OPR13085_5.jpg|Tanishq_Jewelry_Dataset_Final/images/orra/OPR13085_6.jpg|Tanishq_Jewelry_Dataset_Final/images/orra/OPR13085_7.jpg|Tanishq_Jewelry_Dataset_Final/images/orra/OPR13085_8.jpg|Tanishq_Jewelry_Dataset_Final/images/orra/OPR13085_9.jpg,4750.0,0.0
O_OPR15057,Luxury Floral Bouquet Ring in Glossy Gold,orra,1.63,14KT,Yellow,Gold,21053.0,diamond,0.0,11.0,8330.0,Round,6.0,Women,Floral,https://cdn.orra.co.in/media/catalog/product/cache/10238651d5f95594b9023f998383bb67/o/p/opr15057_1_2.jpg,Tanishq_Jewelry_Dataset_Final/images/orra/OPR15057_1.jpg|Tanishq_Jewelry_Dataset_Final/images/orra/OPR15057_2.jpg|Tanishq_Jewelry_Dataset_Final/images/orra/OPR15057_3.jpg|Tanishq_Jewelry_Dataset_Final/images/orra/OPR15057_4.jpg|Tanishq_Jewelry_Dataset_Final/images/orra/OPR15057_5.jpg|Tanishq_Jewelry_Dataset_Final/images/orra/OPR15057_6.jpg,4750.0,0.0
O_OPR16062,Brilliant Rose Gold and Diamond Ring,orra,1.67,14KT,Rose,Gold,21974.0,diamond,0.0,20.0,9520.0,Round,6.0,Women,none,https://cdn.orra.co.in/media/catalog/product/cache/10238651d5f95594b9023f998383bb67/o/p/opr16062_1_sw5w1w5ovojgvmpn.jpg,Tanishq_Jewelry_Dataset_Final/images/orra/OPR16062_1.jpg|Tanishq_Jewelry_Dataset_Final/images/orra/OPR16062_2.jpg|Tanishq_Jewelry_Dataset_Final/images/orra/OPR16062_3.jpg,4750.0,0.0
O_OPR16064,Glossy 14KT Yellow Gold Ring,orra,2.02,14KT,Yellow,Gold,28017.0,diamond,0.0,49.0,14280.0,Round,6.0,Women,none,https://cdn.orra.co.in/media/catalog/product/cache/10238651d5f95594b9023f998383bb67/o/p/opr16064_1_2.jpg,Tanishq_Jewelry_Dataset_Final/images/orra/OPR16064_1.jpg|Tanishq_Jewelry_Dataset_Final/images/orra/OPR16064_2.jpg|Tanishq_Jewelry_Dataset_Final/images/orra/OPR16064_3.jpg|Tanishq_Jewelry_Dataset_Final/images/orra/OPR16064_4.jpg|Tanishq_Jewelry_Dataset_Final/images/orra/OPR16064_5.jpg|Tanishq_Jewelry_Dataset_Final/images/orra/OPR16064_6.jpg|Tanishq_Jewelry_Dataset_Final/images/orra/OPR16064_7.jpg|Tanishq_Jewelry_Dataset_Final/images/orra/OPR16064_8.jpg|Tanishq_Jewelry_Dataset_Final/images/orra/OPR16064_9.jpg,5544.0,0.0
O_OPR16063,Luxury 18KT Gold Ring,orra,2.23,18KT,Rose,Gold,43875.0,diamond,0.0,50.0,25650.0,Round,6.0,Women,none,https://cdn.orra.co.in/media/catalog/product/cache/10238651d5f95594b9023f998383bb67/o/p/opr16063_1_5k1ueoksnb8wodzu.jpg,Tanishq_Jewelry_Dataset_Final/images/orra/OPR16063_1.jpg|Tanishq_Jewelry_Dataset_Final/images/orra/OPR16063_2.jpg|Tanishq_Jewelry_Dataset_Final/images/orra/OPR16063_3.jpg,6132.5,0.0
O_OPR16067,Heart Design Diamond Ring,orra,1.88,18KT,Rose,Gold,26753.0,diamond,0.0,31.0,9758.0,Round,6.0,Women,Heart,https://cdn.orra.co.in/media/catalog/product/cache/10238651d5f95594b9023f998383bb67/o/p/opr16067_1_h9bzflho9yqcylgb.jpg,Tanishq_Jewelry_Dataset_Final/images/orra/OPR16067_1.jpg|Tanishq_Jewelry_Dataset_Final/images/orra/OPR16067_2.jpg|Tanishq_Jewelry_Dataset_Final/images/orra/OPR16067_3.jpg,4750.0,0.0
O_OPR18039,Square Diamond Ring,orra,1.89,18KT,Rose,Gold,49104.0,diamond,0.0,65.0,36450.0,Round,6.0,Women,none,https://cdn.orra.co.in/media/catalog/product/cache/10238651d5f95594b9023f998383bb67/o/p/opr18039_1_5kseij4cymvp8kux.jpg,Tanishq_Jewelry_Dataset_Final/images/orra/OPR18039_1.jpg|Tanishq_Jewelry_Dataset_Final/images/orra/OPR18039_2.jpg|Tanishq_Jewelry_Dataset_Final/images/orra/OPR18039_3.jpg,4750.0,0.0
O_OPR16087,Glossy Rose Gold Finger Ring,orra,1.79,14KT,Rose,Gold,25322.0,diamond,0.0,28.0,12852.0,Round,6.0,Women,none,https://cdn.orra.co.in/media/catalog/product/cache/10238651d5f95594b9023f998383bb67/o/p/opr16087_1_upgvgwxke77dj1px.jpg,Tanishq_Jewelry_Dataset_Final/images/orra/OPR16087_1.jpg|Tanishq_Jewelry_Dataset_Final/images/orra/OPR16087_2.jpg|Tanishq_Jewelry_Dataset_Final/images/orra/OPR16087_3.jpg,4750.0,0.0
O_OPR20042,Stately Crown Star Diamond Ring in Rose Gold,orra,2.16,18KT,Rose,Gold,47950.0,diamond,0.0,20.0,32550.0,Round,7.0,Women,none,https://cdn.orra.co.in/media/catalog/product/cache/10238651d5f95594b9023f998383bb67/o/p/opr20042_1_ybyeaym6gkiaqvxx.jpg,Tanishq_Jewelry_Dataset_Final/images/orra/OPR20042_1.jpg|Tanishq_Jewelry_Dataset_Final/images/orra/OPR20042_2.jpg|Tanishq_Jewelry_Dataset_Final/images/orra/OPR20042_3.jpg,5940.0,0.0
O_OPR22050,Precious 14KT Rose Gold Ring,orra,1.48,14KT,Rose,Gold,44362.0,diamond,0.0,25.0,39600.0,"Round, Marquise, Princess",7.0,Women,none,https://cdn.orra.co.in/media/catalog/product/cache/10238651d5f95594b9023f998383bb67/o/p/opr22050_1_tlugp2vk92shknjl.jpg,Tanishq_Jewelry_Dataset_Final/images/orra/OPR22050_1.jpg|Tanishq_Jewelry_Dataset_Final/images/orra/OPR22050_2.jpg|Tanishq_Jewelry_Dataset_Final/images/orra/OPR22050_3.jpg,4750.0,0.0
O_OPR20043,Gleaming Rose Gold and Diamond Crown Star Ring,orra,1.85,18KT,Rose,Gold,59249.0,diamond,0.0,21.0,51000.0,Round,6.0,Women,none,https://cdn.orra.co.in/media/catalog/product/cache/10238651d5f95594b9023f998383bb67/o/p/opr20043_1_eunndkqjbaxyrh4z.jpg,Tanishq_Jewelry_Dataset_Final/images/orra/OPR20043_1.jpg|Tanishq_Jewelry_Dataset_Final/images/orra/OPR20043_2.jpg|Tanishq_Jewelry_Dataset_Final/images/orra/OPR20043_3.jpg,4750.0,0.0
O_OPR22051,Attractive 14KT Rose Gold Ring,orra,1.46,14KT,Rose,Gold,81547.0,diamond,0.0,29.0,85000.0,"Round, Marquise, Princess",7.0,Women,none,https://cdn.orra.co.in/media/catalog/product/cache/10238651d5f95594b9023f998383bb67/o/p/opr22051_1_ttmgn93lxmudcslp.jpg,Tanishq_Jewelry_Dataset_Final/images/orra/OPR22051_1.jpg|Tanishq_Jewelry_Dataset_Final/images/orra/OPR22051_2.jpg|Tanishq_Jewelry_Dataset_Final/images/orra/OPR22051_3.jpg,4750.0,0.0
O_OPR22052,Dazzling Finger Ring in Rose Gold,orra,1.93,14KT,Rose,Gold,107944.0,diamond,0.0,33.0,110700.0,"Round, Marquise, Princess",7.0,Women,none,https://cdn.orra.co.in/media/catalog/product/cache/10238651d5f95594b9023f998383bb67/o/p/opr22052_1_uc3ii1l5x3knpq18.jpg,Tanishq_Jewelry_Dataset_Final/images/orra/OPR22052_1.jpg|Tanishq_Jewelry_Dataset_Final/images/orra/OPR22052_3.jpg,4750.0,0.0
O_OPR22053,Gorgeous Diamond Ring,orra,1.34,14KT,Rose,Gold,41213.0,diamond,0.0,25.0,35950.0,"Round, Marquise, Pear, Princess",7.0,Women,none,https://cdn.orra.co.in/media/catalog/product/cache/10238651d5f95594b9023f998383bb67/o/p/opr22053_1_uh135siythkwjlya.jpg,Tanishq_Jewelry_Dataset_Final/images/orra/OPR22053_1.jpg|Tanishq_Jewelry_Dataset_Final/images/orra/OPR22053_2.jpg|Tanishq_Jewelry_Dataset_Final/images/orra/OPR22053_3.jpg,4750.0,0.0
O_OPR22054,Radiant 14KT Rose Gold Ring,orra,1.64,14KT,Rose,Gold,60159.0,diamond,0.0,29.0,57600.0,"Round, Marquise, Pear, Princess",7.0,Women,none,https://cdn.orra.co.in/media/catalog/product/cache/10238651d5f95594b9023f998383bb67/o/p/opr22054_1_kbbvy1d1rie89p02.jpg,Tanishq_Jewelry_Dataset_Final/images/orra/OPR22054_1.jpg|Tanishq_Jewelry_Dataset_Final/images/orra/OPR22054_2.jpg|Tanishq_Jewelry_Dataset_Final/images/orra/OPR22054_3.jpg,4750.0,0.0
O_OPR22055,Attractive Diamond Rose Gold Ring,orra,2.13,14KT,Rose,Gold,111824.0,diamond,0.0,33.0,115600.0,"Round, Marquise, Pear, Princess",7.0,Women,none,https://cdn.orra.co.in/media/catalog/product/cache/10238651d5f95594b9023f998383bb67/o/p/opr22055_1_cgbnl3qzxonrt86w.jpg,Tanishq_Jewelry_Dataset_Final/images/orra/OPR22055_1.jpg|Tanishq_Jewelry_Dataset_Final/images/orra/OPR22055_2.jpg|Tanishq_Jewelry_Dataset_Final/images/orra/OPR22055_3.jpg,5857.5,0.0
O_OPR22058,Modern Diamond Finger Ring,orra,2.08,14KT,Rose,Gold,50750.0,diamond,0.0,23.0,41300.0,"Round, Pear, Princess",7.0,Women,none,https://cdn.orra.co.in/media/catalog/product/cache/10238651d5f95594b9023f998383bb67/o/p/opr22058_1_nifbwy3aeynm5b2p.jpg,Tanishq_Jewelry_Dataset_Final/images/orra/OPR22058_1.jpg|Tanishq_Jewelry_Dataset_Final/images/orra/OPR22058_2.jpg|Tanishq_Jewelry_Dataset_Final/images/orra/OPR22058_3.jpg,5725.5,0.0
O_OPR22056,Radiant Diamond Ring in 14KT Rose Gold,orra,2.3,14KT,Rose,Gold,62697.0,diamond,0.0,35.0,53250.0,"Round, Baguette",7.0,Women,none,https://cdn.orra.co.in/media/catalog/product/cache/10238651d5f95594b9023f998383bb67/o/p/opr22056_1_9old15y4dhbm0tjs.jpg,Tanishq_Jewelry_Dataset_Final/images/orra/OPR22056_1.jpg|Tanishq_Jewelry_Dataset_Final/images/orra/OPR22056_2.jpg|Tanishq_Jewelry_Dataset_Final/images/orra/OPR22056_3.jpg,6325.0,0.0
O_OPR23011,Resplendent Diamond Finger Ring,orra,4.05,18KT,Rose,Gold,106612.0,diamond,0.0,59.0,64770.0,"Round, Marquise, Princess",7.0,Women,none,https://cdn.orra.co.in/media/catalog/product/cache/10238651d5f95594b9023f998383bb67/o/p/opr23011_1_3b4qsjjrv12hdfhh.jpg,Tanishq_Jewelry_Dataset_Final/images/orra/OPR23011_1.jpg|Tanishq_Jewelry_Dataset_Final/images/orra/OPR23011_2.jpg|Tanishq_Jewelry_Dataset_Final/images/orra/OPR23011_3.jpg,11137.5,0.0
O_ORG13008,Timeless Ring in 18KT Rose Gold,orra,2.9,18KT,Rose,Gold,82959.0,diamond,0.0,9.0,64234.0,Round,6.0,Women,none,https://cdn.orra.co.in/media/catalog/product/cache/10238651d5f95594b9023f998383bb67/o/r/org13008_1_gobuzll7g17gmpjz.jpg,Tanishq_Jewelry_Dataset_Final/images/orra/ORG13008_1.jpg|Tanishq_Jewelry_Dataset_Final/images/orra/ORG13008_2.jpg|Tanishq_Jewelry_Dataset_Final/images/orra/ORG13008_3.jpg,7983.25,0.0
O_ORG13016,Captivating Diamond Ring in 14KT Yellow Gold,orra,2.42,14KT,Yellow,Gold,25753.0,diamond,0.0,1.0,7140.0,Round,6.0,Women,none,https://cdn.orra.co.in/media/catalog/product/cache/10238651d5f95594b9023f998383bb67/o/r/org13016_1_slgxcz6ea8hg32mw.jpg,Tanishq_Jewelry_Dataset_Final/images/orra/ORG13016_1.jpg|Tanishq_Jewelry_Dataset_Final/images/orra/ORG13016_2.jpg|Tanishq_Jewelry_Dataset_Final/images/orra/ORG13016_3.jpg,6649.5,0.0
O_ORG13044,Brilliant 14KT Rose Gold Finger Ring,orra,1.32,14KT,Rose,Gold,30475.0,diamond,0.0,30.0,21420.0,Round,6.0,Women,none,https://cdn.orra.co.in/media/catalog/product/cache/10238651d5f95594b9023f998383bb67/o/r/org13044_1_qexotdfwi4yyllto.jpg,Tanishq_Jewelry_Dataset_Final/images/orra/ORG13044_1.jpg|Tanishq_Jewelry_Dataset_Final/images/orra/ORG13044_2.jpg|Tanishq_Jewelry_Dataset_Final/images/orra/ORG13044_3.jpg,4750.0,0.0
O_ORG14007,Circular Finger Ring in Yellow Gold,orra,9.45,18KT,Yellow,Gold,197235.0,diamond,0.0,66.0,125840.0,Round,6.0,Women,none,https://cdn.orra.co.in/media/catalog/product/cache/10238651d5f95594b9023f998383bb67/o/r/org14007_1_2.jpg,Tanishq_Jewelry_Dataset_Final/images/orra/ORG14007_1.jpg|Tanishq_Jewelry_Dataset_Final/images/orra/ORG14007_2.jpg|Tanishq_Jewelry_Dataset_Final/images/orra/ORG14007_3.jpg|Tanishq_Jewelry_Dataset_Final/images/orra/ORG14007_4.jpg|Tanishq_Jewelry_Dataset_Final/images/orra/ORG14007_5.jpg|Tanishq_Jewelry_Dataset_Final/images/orra/ORG14007_6.jpg|Tanishq_Jewelry_Dataset_Final/images/orra/ORG14007_7.jpg|Tanishq_Jewelry_Dataset_Final/images/orra/ORG14007_8.jpg,25993.0,0.0
O_ORG16049,Subtle Diamond and Gold Crown Star Finger Ring,orra,2.08,18KT,Yellow,Gold,47937.0,diamond,0.0,1.0,33000.0,Round,5.0,Women,none,https://cdn.orra.co.in/media/catalog/product/cache/10238651d5f95594b9023f998383bb67/o/r/org16049_1_3kv0gzjggmfups5i.jpg,Tanishq_Jewelry_Dataset_Final/images/orra/ORG16049_1.jpg|Tanishq_Jewelry_Dataset_Final/images/orra/ORG16049_2.jpg|Tanishq_Jewelry_Dataset_Final/images/orra/ORG16049_3.jpg,5720.0,0.0
O_ORG16312,Floral Ring in 18KT Yellow Gold,orra,1.85,18KT,Yellow,Gold,40867.0,diamond,0.0,9.0,27370.0,Round,7.0,Women,Floral,https://cdn.orra.co.in/media/catalog/product/cache/10238651d5f95594b9023f998383bb67/o/r/org16312_1_6kdip5y4uwutkjgw.jpg,Tanishq_Jewelry_Dataset_Final/images/orra/ORG16312_1.jpg|Tanishq_Jewelry_Dataset_Final/images/orra/ORG16312_2.jpg|Tanishq_Jewelry_Dataset_Final/images/orra/ORG16312_3.jpg,4750.0,0.0
O_ORG16450,Eyecatching Rose Gold Finger Ring,orra,3.24,14KT,Rose,Gold,50966.0,diamond,0.0,33.0,29750.0,Round,6.0,Women,none,https://cdn.orra.co.in/media/catalog/product/cache/10238651d5f95594b9023f998383bb67/o/r/org16450_1_p6rcujbkufjbtr8k.jpg,Tanishq_Jewelry_Dataset_Final/images/orra/ORG16450_1.jpg|Tanishq_Jewelry_Dataset_Final/images/orra/ORG16450_2.jpg|Tanishq_Jewelry_Dataset_Final/images/orra/ORG16450_3.jpg,8910.0,0.0
O_ORG17001,Curved Diamond Finger Ring,orra,1.67,18KT,Yellow,Gold,24841.0,diamond,0.0,19.0,9450.0,Round,6.0,Women,none,https://cdn.orra.co.in/media/catalog/product/cache/10238651d5f95594b9023f998383bb67/o/r/org17001_1_l8nl3duejn7rrjd5.jpg,Tanishq_Jewelry_Dataset_Final/images/orra/ORG17001_1.jpg|Tanishq_Jewelry_Dataset_Final/images/orra/ORG17001_2.jpg|Tanishq_Jewelry_Dataset_Final/images/orra/ORG17001_3.jpg,4750.0,0.0
O_ORG17020,Gleaming Diamond Finger Ring,orra,1.53,18KT,Rose,Gold,19310.0,diamond,0.0,7.0,4050.0,Round,6.0,Women,none,https://cdn.orra.co.in/media/catalog/product/cache/10238651d5f95594b9023f998383bb67/o/r/org17020_1_9bq36j7zpgczhweb.jpg,Tanishq_Jewelry_Dataset_Final/images/orra/ORG17020_1.jpg|Tanishq_Jewelry_Dataset_Final/images/orra/ORG17020_2.jpg|Tanishq_Jewelry_Dataset_Final/images/orra/ORG17020_3.jpg,4750.0,0.0
O_ORG17025,Delicate Diamond Finger Ring,orra,3.79,14KT,Rose,Gold,72616.0,diamond,0.0,82.0,50565.0,"Round, Baguette",6.0,Women,none,https://cdn.orra.co.in/media/catalog/product/cache/10238651d5f95594b9023f998383bb67/o/r/org17025_1_uhjicthhekeba1jl.jpg,Tanishq_Jewelry_Dataset_Final/images/orra/ORG17025_1.jpg|Tanishq_Jewelry_Dataset_Final/images/orra/ORG17025_2.jpg|Tanishq_Jewelry_Dataset_Final/images/orra/ORG17025_3.jpg,10419.75,0.0
O_ORG17028-D400RFB,Brilliant Yellow Gold Ring,orra,6.73,18KT,Yellow,Gold,207454.0,diamond,0.96,53.0,127000.0,Round,7.0,Women,none,https://www.orra.co.in/media/catalog/product/o/r/org17028_1_yxtohidvz5zs3nkx.jpg,Tanishq_Jewelry_Dataset_Final/images/orra/ORG17028-D400RFB_1.jpg,23549.4,0.0
O_ORG17826-D400XFC,Glitzy Diamond Finger Ring,orra,2.69,14KT,Rose,Gold,80642.0,diamond,0.46,60.0,57040.0,Round,7.0,Women,none,https://www.orra.co.in/media/catalog/product/o/r/org17826_1_usgsaruqksl1zvin.jpg,Tanishq_Jewelry_Dataset_Final/images/orra/ORG17826-D400XFC_1.jpg,9400.65,0.0
O_ORG18023,Elegant Diamond Finger Ring,orra,3.27,14KT,Rose,Gold,95823.0,diamond,0.0,94.0,85770.0,"Round, Baguette",7.0,Women,none,https://cdn.orra.co.in/media/catalog/product/cache/10238651d5f95594b9023f998383bb67/o/r/org18023_1_gomkqv1zyfztsjk7.jpg,Tanishq_Jewelry_Dataset_Final/images/orra/ORG18023_1.jpg|Tanishq_Jewelry_Dataset_Final/images/orra/ORG18023_2.jpg|Tanishq_Jewelry_Dataset_Final/images/orra/ORG18023_3.jpg,9003.5,0.0
O_ORG18058,Gleaming Diamond Ring,orra,2.98,18KT,Yellow,Gold,77381.0,diamond,0.0,47.0,58310.0,Round,6.0,Women,none,https://cdn.orra.co.in/media/catalog/product/cache/10238651d5f95594b9023f998383bb67/o/r/org18058_1_3.jpg,Tanishq_Jewelry_Dataset_Final/images/orra/ORG18058_1.jpg|Tanishq_Jewelry_Dataset_Final/images/orra/ORG18058_2.jpg|Tanishq_Jewelry_Dataset_Final/images/orra/ORG18058_3.jpg|Tanishq_Jewelry_Dataset_Final/images/orra/ORG18058_4.jpg|Tanishq_Jewelry_Dataset_Final/images/orra/ORG18058_5.jpg|Tanishq_Jewelry_Dataset_Final/images/orra/ORG18058_6.jpg|Tanishq_Jewelry_Dataset_Final/images/orra/ORG18058_7.jpg|Tanishq_Jewelry_Dataset_Final/images/orra/ORG18058_8.jpg|Tanishq_Jewelry_Dataset_Final/images/orra/ORG18058_9.jpg,8200.5,0.0
O_ORG18060,Eternity Inspired Rose Gold Finger Ring,orra,6.79,18KT,White+Rose,Gold,148449.0,diamond,0.0,47.0,98770.0,Round,6.0,Women,Eternity,https://cdn.orra.co.in/media/catalog/product/cache/10238651d5f95594b9023f998383bb67/o/r/org18060_1_oozk45b7pm3e6qtr.jpg,Tanishq_Jewelry_Dataset_Final/images/orra/ORG18060_1.jpg|Tanishq_Jewelry_Dataset_Final/images/orra/ORG18060_2.jpg|Tanishq_Jewelry_Dataset_Final/images/orra/ORG18060_3.jpg,18678.0,0.0
O_ORG18065,Petalled Finger Ring in Rose Gold,orra,6.69,18KT,Rose,Gold,154708.0,diamond,0.0,55.0,107100.0,Round,6.0,Women,none,https://cdn.orra.co.in/media/catalog/product/cache/10238651d5f95594b9023f998383bb67/o/r/org18065_1_aqh6hwgbbmeqkxpx.jpg,Tanishq_Jewelry_Dataset_Final/images/orra/ORG18065_1.jpg|Tanishq_Jewelry_Dataset_Final/images/orra/ORG18065_2.jpg|Tanishq_Jewelry_Dataset_Final/images/orra/ORG18065_3.jpg,18397.5,0.0
O_ORG18070,Dazzling Finger Ring in 18KT Yellow Gold,orra,3.94,18KT,Yellow,Gold,127417.0,diamond,0.0,101.0,107100.0,Round,6.0,Women,none,https://cdn.orra.co.in/media/catalog/product/cache/10238651d5f95594b9023f998383bb67/o/r/org18070_1_2_1.jpg,Tanishq_Jewelry_Dataset_Final/images/orra/ORG18070_1.jpg|Tanishq_Jewelry_Dataset_Final/images/orra/ORG18070_2.jpg|Tanishq_Jewelry_Dataset_Final/images/orra/ORG18070_3.jpg|Tanishq_Jewelry_Dataset_Final/images/orra/ORG18070_4.jpg|Tanishq_Jewelry_Dataset_Final/images/orra/ORG18070_5.jpg|Tanishq_Jewelry_Dataset_Final/images/orra/ORG18070_6.jpg|Tanishq_Jewelry_Dataset_Final/images/orra/ORG18070_7.jpg|Tanishq_Jewelry_Dataset_Final/images/orra/ORG18070_8.jpg|Tanishq_Jewelry_Dataset_Final/images/orra/ORG18070_9.jpg,10840.5,0.0
O_ORG18077,Spiral Design Diamond Finger Ring,orra,2.98,18KT,Yellow,Gold,51624.0,diamond,0.0,34.0,25500.0,Round,6.0,Women,none,https://cdn.orra.co.in/media/catalog/product/cache/10238651d5f95594b9023f998383bb67/o/r/org18077_1_3sjcm3u2tizafox3.jpg,Tanishq_Jewelry_Dataset_Final/images/orra/ORG18077_1.jpg|Tanishq_Jewelry_Dataset_Final/images/orra/ORG18077_2.jpg|Tanishq_Jewelry_Dataset_Final/images/orra/ORG18077_3.jpg,8195.0,0.0
O_ORG18081,Gleaming 14KT Rose Gold Ring,orra,1.78,14KT,Rose,Gold,31364.0,diamond,0.0,21.0,20230.0,Round,6.0,Women,none,https://cdn.orra.co.in/media/catalog/product/cache/10238651d5f95594b9023f998383bb67/o/r/org18081_1_qylcw7nra8e1u8ez.jpg,Tanishq_Jewelry_Dataset_Final/images/orra/ORG18081_1.jpg|Tanishq_Jewelry_Dataset_Final/images/orra/ORG18081_2.jpg|Tanishq_Jewelry_Dataset_Final/images/orra/ORG18081_3.jpg,4750.0,0.0
O_ORG18091,Dazzling Rose Gold Finger Ring,orra,1.86,14KT,Rose,Gold,26367.0,diamond,0.0,36.0,14280.0,Round,6.0,Women,none,https://cdn.orra.co.in/media/catalog/product/cache/10238651d5f95594b9023f998383bb67/o/r/org18091_1_fyxjzyt0kp7novc0.jpg,Tanishq_Jewelry_Dataset_Final/images/orra/ORG18091_1.jpg|Tanishq_Jewelry_Dataset_Final/images/orra/ORG18091_2.jpg|Tanishq_Jewelry_Dataset_Final/images/orra/ORG18091_3.jpg,4750.0,0.0
O_ORG18107,Dazzling Diamond Spiral Finger Ring,orra,2.97,14KT,Rose,Gold,45752.0,diamond,0.0,77.0,26180.0,Round,6.0,Women,none,https://cdn.orra.co.in/media/catalog/product/cache/10238651d5f95594b9023f998383bb67/o/r/org18107_1_dhbo1zcl3s3d1om2.jpg,Tanishq_Jewelry_Dataset_Final/images/orra/ORG18107_1.jpg|Tanishq_Jewelry_Dataset_Final/images/orra/ORG18107_2.jpg|Tanishq_Jewelry_Dataset_Final/images/orra/ORG18107_3.jpg,8170.25,0.0
O_ORG18116,Dazzling Diamond and  Gold Finger Ring,orra,5.74,18KT,Rose,Gold,121512.0,diamond,0.0,31.0,78075.0,Round,6.0,Women,none,https://cdn.orra.co.in/media/catalog/product/cache/10238651d5f95594b9023f998383bb67/o/r/org18116_1_1_1__1_1.jpg,Tanishq_Jewelry_Dataset_Final/images/orra/ORG18116_1.jpg|Tanishq_Jewelry_Dataset_Final/images/orra/ORG18116_2.jpg|Tanishq_Jewelry_Dataset_Final/images/orra/ORG18116_3.jpg|Tanishq_Jewelry_Dataset_Final/images/orra/ORG18116_4.jpg|Tanishq_Jewelry_Dataset_Final/images/orra/ORG18116_5.jpg|Tanishq_Jewelry_Dataset_Final/images/orra/ORG18116_6.jpg|Tanishq_Jewelry_Dataset_Final/images/orra/ORG18116_7.jpg|Tanishq_Jewelry_Dataset_Final/images/orra/ORG18116_8.jpg|Tanishq_Jewelry_Dataset_Final/images/orra/ORG18116_9.jpg,15774.0,0.0
O_ORG18117,Exceptional Rose Gold Ring With Diamonds,orra,3.88,14KT,Rose,Gold,59183.0,diamond,0.0,61.0,33320.0,Round,6.0,Women,none,https://cdn.orra.co.in/media/catalog/product/cache/10238651d5f95594b9023f998383bb67/o/r/org18117_1_rndo2m6xznqxpgnc.jpg,Tanishq_Jewelry_Dataset_Final/images/orra/ORG18117_1.jpg|Tanishq_Jewelry_Dataset_Final/images/orra/ORG18117_2.jpg|Tanishq_Jewelry_Dataset_Final/images/orra/ORG18117_3.jpg,10681.0,0.0
O_ORG18125,Gleaming Ring in 14KT Rose Gold and Diamonds,orra,2.38,14KT,Rose,Gold,49717.0,diamond,0.0,20.0,36890.0,Round,6.0,Women,none,https://cdn.orra.co.in/media/catalog/product/cache/10238651d5f95594b9023f998383bb67/o/r/org18125_1_zp6lx8mj9d19eppu.jpg,Tanishq_Jewelry_Dataset_Final/images/orra/ORG18125_1.jpg|Tanishq_Jewelry_Dataset_Final/images/orra/ORG18125_2.jpg|Tanishq_Jewelry_Dataset_Final/images/orra/ORG18125_3.jpg,6545.0,0.0
O_ORG18138,Finger Ring in 18KT Yellow Gold and Diamonds,orra,5.42,18KT,Yellow,Gold,94918.0,diamond,0.0,42.0,49980.0,Round,6.0,Women,none,https://cdn.orra.co.in/media/catalog/product/cache/10238651d5f95594b9023f998383bb67/o/r/org18138_1_ur4e7goxiedjmmt2.jpg,Tanishq_Jewelry_Dataset_Final/images/orra/ORG18138_1.jpg|Tanishq_Jewelry_Dataset_Final/images/orra/ORG18138_2.jpg|Tanishq_Jewelry_Dataset_Final/images/orra/ORG18138_3.jpg,14905.0,0.0
O_ORG18140,Sparkling Rose Gold and Diamond Finger Ring,orra,6.52,18KT,Rose,Gold,126472.0,diamond,0.0,45.0,74250.0,Round,6.0,Women,none,https://cdn.orra.co.in/media/catalog/product/cache/10238651d5f95594b9023f998383bb67/o/r/org18140_1_izjod0xy15mypttj.jpg,Tanishq_Jewelry_Dataset_Final/images/orra/ORG18140_1.jpg|Tanishq_Jewelry_Dataset_Final/images/orra/ORG18140_2.jpg|Tanishq_Jewelry_Dataset_Final/images/orra/ORG18140_3.jpg,17941.0,0.0
O_ORG18142,Glamorous Rose Gold Ring,orra,4.99,14KT,Rose,Gold,85668.0,diamond,0.0,19.0,55150.0,Round,6.0,Women,none,https://cdn.orra.co.in/media/catalog/product/cache/10238651d5f95594b9023f998383bb67/o/r/org18142_1_qbqvkrpkenz3rkkc.jpg,Tanishq_Jewelry_Dataset_Final/images/orra/ORG18142_1.jpg|Tanishq_Jewelry_Dataset_Final/images/orra/ORG18142_2.jpg|Tanishq_Jewelry_Dataset_Final/images/orra/ORG18142_3.jpg,13722.5,0.0
O_ORG18143,18KT Yellow Gold Ring With Diamonds,orra,6.47,18KT,Yellow,Gold,151441.0,diamond,0.0,85.0,110400.0,Round,6.0,Women,none,https://cdn.orra.co.in/media/catalog/product/cache/10238651d5f95594b9023f998383bb67/o/r/org18143_1_ujkjxetkwuw1nebv.jpg,Tanishq_Jewelry_Dataset_Final/images/orra/ORG18143_1.jpg|Tanishq_Jewelry_Dataset_Final/images/orra/ORG18143_2.jpg|Tanishq_Jewelry_Dataset_Final/images/orra/ORG18143_3.jpg|Tanishq_Jewelry_Dataset_Final/images/orra/ORG18143_4.jpg|Tanishq_Jewelry_Dataset_Final/images/orra/ORG18143_5.jpg|Tanishq_Jewelry_Dataset_Final/images/orra/ORG18143_6.jpg,17792.5,0.0
O_ORG19038,Brilliant Diamond Finger Ring,orra,2.0,14KT,Rose,Gold,24923.0,diamond,0.0,16.0,10948.0,Round,6.0,Women,none,https://cdn.orra.co.in/media/catalog/product/cache/10238651d5f95594b9023f998383bb67/o/r/org19038_1_eoufhzxeif5sprt4.jpg,Tanishq_Jewelry_Dataset_Final/images/orra/ORG19038_1.jpg|Tanishq_Jewelry_Dataset_Final/images/orra/ORG19038_2.jpg|Tanishq_Jewelry_Dataset_Final/images/orra/ORG19038_3.jpg,4750.0,0.0
O_ORG19039,Dazzling Yellow Gold Diamond Ring,orra,1.49,14KT,Yellow,Gold,23762.0,diamond,0.0,14.0,13090.0,Round,6.0,Women,none,https://cdn.orra.co.in/media/catalog/product/cache/10238651d5f95594b9023f998383bb67/o/r/org19039_1_ltdsuppse16a0w5v.jpg,Tanishq_Jewelry_Dataset_Final/images/orra/ORG19039_1.jpg|Tanishq_Jewelry_Dataset_Final/images/orra/ORG19039_2.jpg|Tanishq_Jewelry_Dataset_Final/images/orra/ORG19039_3.jpg,4750.0,0.0
O_ORG19053,Heart Design Diamond Finger Ring,orra,1.62,14KT,Rose,Gold,25530.0,diamond,0.0,24.0,14280.0,Round,6.0,Women,Heart,https://cdn.orra.co.in/media/catalog/product/cache/10238651d5f95594b9023f998383bb67/o/r/org19053_1_nxul2xqcgfbuudm5.jpg,Tanishq_Jewelry_Dataset_Final/images/orra/ORG19053_1.jpg|Tanishq_Jewelry_Dataset_Final/images/orra/ORG19053_2.jpg|Tanishq_Jewelry_Dataset_Final/images/orra/ORG19053_3.jpg,4750.0,0.0
O_ORG19047,Statesque Diamond and Rose Gold Finger Ring,orra,3.86,18KT,Rose,Gold,86148.0,diamond,0.0,52.0,58310.0,Round,8.0,Women,none,https://cdn.orra.co.in/media/catalog/product/cache/10238651d5f95594b9023f998383bb67/o/r/org19047_1_yuowu83pbffrpd9w.jpg,Tanishq_Jewelry_Dataset_Final/images/orra/ORG19047_1.jpg|Tanishq_Jewelry_Dataset_Final/images/orra/ORG19047_2.jpg|Tanishq_Jewelry_Dataset_Final/images/orra/ORG19047_3.jpg,10615.0,0.0
O_ORG19056,Captivating Diamond Finger Ring,orra,2.22,14KT,Rose,Gold,37561.0,diamond,0.0,27.0,23681.0,Round,6.0,Women,none,https://cdn.orra.co.in/media/catalog/product/cache/10238651d5f95594b9023f998383bb67/o/r/org19056_1_h6x0w9aorhj0sasb.jpg,Tanishq_Jewelry_Dataset_Final/images/orra/ORG19056_1.jpg|Tanishq_Jewelry_Dataset_Final/images/orra/ORG19056_2.jpg,6102.25,0.0
O_ORG19060,Triangle Design Diamond Ring,orra,2.27,18KT,Rose,Gold,39346.0,diamond,0.0,9.0,20250.0,Round,6.0,Women,none,https://cdn.orra.co.in/media/catalog/product/cache/10238651d5f95594b9023f998383bb67/o/r/org19060_1_lbog5kx3fkimii4f.jpg,Tanishq_Jewelry_Dataset_Final/images/orra/ORG19060_1.jpg|Tanishq_Jewelry_Dataset_Final/images/orra/ORG19060_2.jpg|Tanishq_Jewelry_Dataset_Final/images/orra/ORG19060_3.jpg,6242.5,0.0
O_ORG19062,Crown Design Diamond Finger Ring,orra,2.83,18KT,Rose,Gold,69328.0,diamond,0.0,30.0,49500.0,Round,6.0,Women,none,https://cdn.orra.co.in/media/catalog/product/cache/10238651d5f95594b9023f998383bb67/o/r/org19062_1_jgooo2fyxzganlzw.jpg,Tanishq_Jewelry_Dataset_Final/images/orra/ORG19062_1.jpg|Tanishq_Jewelry_Dataset_Final/images/orra/ORG19062_2.jpg|Tanishq_Jewelry_Dataset_Final/images/orra/ORG19062_3.jpg,7782.5,0.0
O_ORG19065,Glittering Diamond Finger Ring in Yellow Gold,orra,3.82,18KT,Yellow,Gold,103035.0,diamond,0.0,46.0,78220.0,Round,6.0,Women,none,https://cdn.orra.co.in/media/catalog/product/cache/10238651d5f95594b9023f998383bb67/o/r/org19065_1_s44yw1ok62maiiv6.jpg,Tanishq_Jewelry_Dataset_Final/images/orra/ORG19065_1.jpg|Tanishq_Jewelry_Dataset_Final/images/orra/ORG19065_2.jpg|Tanishq_Jewelry_Dataset_Final/images/orra/ORG19065_3.jpg,10505.0,0.0
O_ORG19066,Finger Ring in 14KT Rose Gold,orra,2.49,14KT,Rose,Gold,73314.0,diamond,0.0,50.0,65080.0,Round,6.0,Women,none,https://cdn.orra.co.in/media/catalog/product/cache/10238651d5f95594b9023f998383bb67/o/r/org19066_1_plbfqzudiueudcmj.jpg,Tanishq_Jewelry_Dataset_Final/images/orra/ORG19066_1.jpg|Tanishq_Jewelry_Dataset_Final/images/orra/ORG19066_2.jpg|Tanishq_Jewelry_Dataset_Final/images/orra/ORG19066_3.jpg,6847.5,0.0
O_ORG19073,Round Diamond Finger Ring,orra,2.37,14KT,Rose,Gold,46587.0,diamond,0.0,53.0,33320.0,Round,6.0,Women,none,https://cdn.orra.co.in/media/catalog/product/cache/10238651d5f95594b9023f998383bb67/o/r/org19073_1_xzgiz35e4y0szuk0.jpg,Tanishq_Jewelry_Dataset_Final/images/orra/ORG19073_1.jpg|Tanishq_Jewelry_Dataset_Final/images/orra/ORG19073_2.jpg|Tanishq_Jewelry_Dataset_Final/images/orra/ORG19073_3.jpg,6528.5,0.0
O_ORG19085,Subtle Yellow Gold and Diamond Finger Ring,orra,2.69,18KT,Yellow,Gold,71146.0,diamond,0.0,71.0,54000.0,Round,6.0,Women,none,https://cdn.orra.co.in/media/catalog/product/cache/10238651d5f95594b9023f998383bb67/o/r/org19085_1_92smfhh0cakypo0z.jpg,Tanishq_Jewelry_Dataset_Final/images/orra/ORG19085_1.jpg|Tanishq_Jewelry_Dataset_Final/images/orra/ORG19085_2.jpg|Tanishq_Jewelry_Dataset_Final/images/orra/ORG19085_3.jpg,7397.5,0.0
O_ORG19094,Stunning Rose Gold and Diamond  Finger Ring,orra,3.49,18KT,Rose,Gold,107144.0,diamond,0.0,46.0,87750.0,Round,7.0,Women,none,https://cdn.orra.co.in/media/catalog/product/cache/10238651d5f95594b9023f998383bb67/o/r/org19094_1_qwd9tzktymcccmrn.jpg,Tanishq_Jewelry_Dataset_Final/images/orra/ORG19094_1.jpg|Tanishq_Jewelry_Dataset_Final/images/orra/ORG19094_2.jpg|Tanishq_Jewelry_Dataset_Final/images/orra/ORG19094_3.jpg,9597.5,0.0
O_ORG19110,Exquisite Rose Gold and Diamond Finger Ring,orra,3.03,18KT,White+Rose,Gold,69900.0,diamond,0.0,46.0,47250.0,Round,6.0,Women,none,https://cdn.orra.co.in/media/catalog/product/cache/10238651d5f95594b9023f998383bb67/o/r/org19110_1_e2jhuggflmqb3wl5.jpg,Tanishq_Jewelry_Dataset_Final/images/orra/ORG19110_1.jpg|Tanishq_Jewelry_Dataset_Final/images/orra/ORG19110_2.jpg|Tanishq_Jewelry_Dataset_Final/images/orra/ORG19110_3.jpg,8332.5,0.0
O_ORG20040,Sparkling Yellow Gold Finger Ring,orra,4.39,18KT,Yellow,Gold,108472.0,diamond,0.0,72.0,79245.0,Round,7.0,Women,none,https://cdn.orra.co.in/media/catalog/product/cache/10238651d5f95594b9023f998383bb67/o/r/org20040_1_7wlztxrtguhxmkjw.jpg,Tanishq_Jewelry_Dataset_Final/images/orra/ORG20040_1.jpg|Tanishq_Jewelry_Dataset_Final/images/orra/ORG20040_2.jpg|Tanishq_Jewelry_Dataset_Final/images/orra/ORG20040_3.jpg,12080.75,0.0
O_ORG19099-D200RFB,Polished Diamond and Gold Ring,orra,2.02,18KT,Yellow,Gold,56022.0,diamond,0.21,15.0,30450.0,Round,7.0,Women,none,https://www.orra.co.in/media/catalog/product/o/r/org19099_1_itkbth1r8rq5vahr.jpg,Tanishq_Jewelry_Dataset_Final/images/orra/ORG19099-D200RFB_1.jpg,7085.4,0.0
O_ORG20056,Yellow Gold and Diamond Ring,orra,3.69,18KT,Yellow,Gold,68664.0,diamond,0.0,87.0,39389.0,Round,6.0,Women,none,https://cdn.orra.co.in/media/catalog/product/cache/10238651d5f95594b9023f998383bb67/o/r/org20056_1_3.jpg,Tanishq_Jewelry_Dataset_Final/images/orra/ORG20056_1.jpg|Tanishq_Jewelry_Dataset_Final/images/orra/ORG20056_2.jpg|Tanishq_Jewelry_Dataset_Final/images/orra/ORG20056_3.jpg|Tanishq_Jewelry_Dataset_Final/images/orra/ORG20056_4.jpg|Tanishq_Jewelry_Dataset_Final/images/orra/ORG20056_5.jpg|Tanishq_Jewelry_Dataset_Final/images/orra/ORG20056_6.jpg|Tanishq_Jewelry_Dataset_Final/images/orra/ORG20056_7.jpg|Tanishq_Jewelry_Dataset_Final/images/orra/ORG20056_8.jpg|Tanishq_Jewelry_Dataset_Final/images/orra/ORG20056_9.jpg,10144.75,0.0
O_ORG20060,Circular Diamond Finger Ring,orra,4.05,14KT,Yellow,Gold,89702.0,diamond,0.0,92.0,69020.0,Round,7.0,Women,none,https://cdn.orra.co.in/media/catalog/product/cache/10238651d5f95594b9023f998383bb67/o/r/org20060_1_fuzdgu4agfslmz72.jpg,Tanishq_Jewelry_Dataset_Final/images/orra/ORG20060_1.jpg|Tanishq_Jewelry_Dataset_Final/images/orra/ORG20060_2.jpg|Tanishq_Jewelry_Dataset_Final/images/orra/ORG20060_3.jpg,11137.5,0.0
O_ORG20057,Petalled Diamond Finger Ring,orra,3.86,18KT,Rose,Gold,78579.0,diamond,0.0,31.0,49950.0,Round,6.0,Women,none,https://cdn.orra.co.in/media/catalog/product/cache/10238651d5f95594b9023f998383bb67/o/r/org20057_1_z47mj1hyavir2phw.jpg,Tanishq_Jewelry_Dataset_Final/images/orra/ORG20057_1.jpg|Tanishq_Jewelry_Dataset_Final/images/orra/ORG20057_2.jpg,10615.0,0.0
O_ORG20113,Contemporary Desired  Diamond Finger Ring,orra,2.55,14KT,Rose,Gold,29754.0,diamond,0.0,32.0,10710.0,Round,5.0,Women,none,https://cdn.orra.co.in/media/catalog/product/cache/10238651d5f95594b9023f998383bb67/o/r/org20113_1_jrlyt3gyuunjf7re.jpg,Tanishq_Jewelry_Dataset_Final/images/orra/ORG20113_1.jpg|Tanishq_Jewelry_Dataset_Final/images/orra/ORG20113_2.jpg|Tanishq_Jewelry_Dataset_Final/images/orra/ORG20113_3.jpg,7018.0,0.0
O_ORG20062,Beautiful Rose Gold and Diamond Finger Ring,orra,4.45,18KT,Rose,Gold,93961.0,diamond,0.0,70.0,60690.0,Round,6.0,Women,none,https://cdn.orra.co.in/media/catalog/product/cache/10238651d5f95594b9023f998383bb67/o/r/org20062_1_anbddj6oeoufhm8m.jpg,Tanishq_Jewelry_Dataset_Final/images/orra/ORG20062_1.jpg|Tanishq_Jewelry_Dataset_Final/images/orra/ORG20062_2.jpg|Tanishq_Jewelry_Dataset_Final/images/orra/ORG20062_3.jpg,12232.0,0.0
O_ORG20116-D400XDC,Spiral Diamond Desired Finger Ring,orra,2.79,14KT,Rose,Gold,78489.0,diamond,0.43,55.0,52800.0,"Round, Princess, Baguette",6.0,Women,none,https://www.orra.co.in/media/catalog/product/o/r/org20116_1_e68pzrvjrrnjwmwg.jpg,Tanishq_Jewelry_Dataset_Final/images/orra/ORG20116-D400XDC_1.jpg,9775.5,0.0
O_ORG20094,Glossy Diamond Desired Finger Ring,orra,2.8,14KT,Rose,Gold,48038.0,diamond,0.0,13.0,30450.0,Round,6.0,Women,none,https://cdn.orra.co.in/media/catalog/product/cache/10238651d5f95594b9023f998383bb67/o/r/org20094_1_1.jpg,Tanishq_Jewelry_Dataset_Final/images/orra/ORG20094_1.jpg|Tanishq_Jewelry_Dataset_Final/images/orra/ORG20094_2.jpg|Tanishq_Jewelry_Dataset_Final/images/orra/ORG20094_3.jpg|Tanishq_Jewelry_Dataset_Final/images/orra/ORG20094_4.jpg|Tanishq_Jewelry_Dataset_Final/images/orra/ORG20094_5.jpg|Tanishq_Jewelry_Dataset_Final/images/orra/ORG20094_6.jpg|Tanishq_Jewelry_Dataset_Final/images/orra/ORG20094_7.jpg,7700.0,0.0
O_ORG21007,Stunning 14KT Rose Gold Ring,orra,1.71,14KT,Rose,Gold,27014.0,diamond,0.0,23.0,15470.0,Round,6.0,Women,none,https://cdn.orra.co.in/media/catalog/product/cache/10238651d5f95594b9023f998383bb67/o/r/org21007_1_yoimbalgfxb1zpfc.jpg,Tanishq_Jewelry_Dataset_Final/images/orra/ORG21007_1.jpg|Tanishq_Jewelry_Dataset_Final/images/orra/ORG21007_2.jpg|Tanishq_Jewelry_Dataset_Final/images/orra/ORG21007_3.jpg,4750.0,0.0
O_ORG21012,Glamorous 14KT Yellow Gold Ring,orra,1.79,14KT,Yellow,Gold,37396.0,diamond,0.0,51.0,27370.0,Round,5.0,Women,none,https://cdn.orra.co.in/media/catalog/product/cache/10238651d5f95594b9023f998383bb67/o/r/org21012_1_tq3ukh4cb7of17uq.jpg,Tanishq_Jewelry_Dataset_Final/images/orra/ORG21012_1.jpg|Tanishq_Jewelry_Dataset_Final/images/orra/ORG21012_2.jpg|Tanishq_Jewelry_Dataset_Final/images/orra/ORG21012_3.jpg,4750.0,0.0
O_ORG21013,Circular Design Diamond Ring,orra,1.52,14KT,Yellow,Gold,38743.0,diamond,0.0,29.0,30940.0,Round,6.0,Women,none,https://cdn.orra.co.in/media/catalog/product/cache/10238651d5f95594b9023f998383bb67/o/r/org21013_1_4h8nyrwocfv4nrz1.jpg,Tanishq_Jewelry_Dataset_Final/images/orra/ORG21013_1.jpg|Tanishq_Jewelry_Dataset_Final/images/orra/ORG21013_2.jpg|Tanishq_Jewelry_Dataset_Final/images/orra/ORG21013_3.jpg,4750.0,0.0
O_ORG21015,Floral Designer Diamond Ring,orra,2.45,14KT,Rose,Gold,30805.0,diamond,0.0,18.0,13090.0,Round,6.0,Women,Floral,https://cdn.orra.co.in/media/catalog/product/cache/10238651d5f95594b9023f998383bb67/o/r/org21015_1_wnkzksa4j5mcz6jp.jpg,Tanishq_Jewelry_Dataset_Final/images/orra/ORG21015_1.jpg|Tanishq_Jewelry_Dataset_Final/images/orra/ORG21015_2.jpg|Tanishq_Jewelry_Dataset_Final/images/orra/ORG21015_3.jpg,6732.0,0.0
O_ORG21020,Ethereal Yellow Gold and Diamond Ring,orra,1.79,14KT,Yellow,Gold,33387.0,diamond,0.0,37.0,22610.0,Round,6.0,Women,none,https://cdn.orra.co.in/media/catalog/product/cache/10238651d5f95594b9023f998383bb67/o/r/org21020_1_mviehojomlihspri.jpg,Tanishq_Jewelry_Dataset_Final/images/orra/ORG21020_1.jpg|Tanishq_Jewelry_Dataset_Final/images/orra/ORG21020_2.jpg|Tanishq_Jewelry_Dataset_Final/images/orra/ORG21020_3.jpg,4750.0,0.0
O_ORG21021,Round 18KT Yellow Gold Ring,orra,2.05,18KT,Yellow,Gold,46049.0,diamond,0.0,55.0,31050.0,Round,7.0,Women,none,https://cdn.orra.co.in/media/catalog/product/cache/10238651d5f95594b9023f998383bb67/o/r/org21021_1_2.jpg,Tanishq_Jewelry_Dataset_Final/images/orra/ORG21021_1.jpg|Tanishq_Jewelry_Dataset_Final/images/orra/ORG21021_2.jpg|Tanishq_Jewelry_Dataset_Final/images/orra/ORG21021_3.jpg,5637.5,0.0
O_ORG21025,Diamond Studded Finger Ring,orra,2.02,14KT,Rose,Gold,42904.0,diamond,0.0,63.0,32130.0,Round,7.0,Women,none,https://cdn.orra.co.in/media/catalog/product/cache/10238651d5f95594b9023f998383bb67/o/r/org21025_1_vyuzjhsj5ws153hj.jpg,Tanishq_Jewelry_Dataset_Final/images/orra/ORG21025_1.jpg|Tanishq_Jewelry_Dataset_Final/images/orra/ORG21025_2.jpg|Tanishq_Jewelry_Dataset_Final/images/orra/ORG21025_3.jpg,5544.0,0.0
O_ORG21027,Beautiful Dewdrop Design Diamond Ring,orra,1.57,18KT,Rose,Gold,45463.0,diamond,0.0,31.0,35100.0,Round,7.0,Women,none,https://cdn.orra.co.in/media/catalog/product/cache/10238651d5f95594b9023f998383bb67/o/r/org21027_1_odpwnh0cqplyy54g.jpg,Tanishq_Jewelry_Dataset_Final/images/orra/ORG21027_1.jpg|Tanishq_Jewelry_Dataset_Final/images/orra/ORG21027_2.jpg|Tanishq_Jewelry_Dataset_Final/images/orra/ORG21027_3.jpg,4750.0,0.0
O_ORG21026,Radiant Ring in 14KT Rose Gold,orra,1.93,14KT,Rose,Gold,46026.0,diamond,0.0,31.0,36890.0,Round,6.0,Women,none,https://cdn.orra.co.in/media/catalog/product/cache/10238651d5f95594b9023f998383bb67/o/r/org21026_1_m1oqmifwah0gjytn.jpg,Tanishq_Jewelry_Dataset_Final/images/orra/ORG21026_1.jpg|Tanishq_Jewelry_Dataset_Final/images/orra/ORG21026_2.jpg|Tanishq_Jewelry_Dataset_Final/images/orra/ORG21026_3.jpg,4750.0,0.0
O_ORG22011,14KT Rose Gold and Diamond Ring,orra,3.99,14KT,Rose,Gold,61999.0,diamond,0.0,42.0,35700.0,Round,6.0,Women,none,https://cdn.orra.co.in/media/catalog/product/cache/10238651d5f95594b9023f998383bb67/o/r/org22011_1_kwdid5tz5tpo61lf.jpg,Tanishq_Jewelry_Dataset_Final/images/orra/ORG22011_1.jpg|Tanishq_Jewelry_Dataset_Final/images/orra/ORG22011_2.jpg|Tanishq_Jewelry_Dataset_Final/images/orra/ORG22011_3.jpg,10972.5,0.0
O_ORG22001-D400XFC,Exquisite 14KT Rose Gold Ring,orra,3.0,14KT,Rose,Gold,71749.0,diamond,0.34,56.0,41540.0,Round,7.0,Women,none,https://www.orra.co.in/media/catalog/product/o/r/org22001_1_vwnnsqjhchs3nsg0.jpg,Tanishq_Jewelry_Dataset_Final/images/orra/ORG22001-D400XFC_1.jpg,10484.78,0.0
O_ORG21049,Dazzling Yellow Gold Finger Ring,orra,2.24,14KT,Yellow,Gold,44384.0,diamond,0.0,23.0,30940.0,Round,7.0,Women,none,https://cdn.orra.co.in/media/catalog/product/cache/10238651d5f95594b9023f998383bb67/o/r/org21049_1_1_1.jpg,Tanishq_Jewelry_Dataset_Final/images/orra/ORG21049_1.jpg|Tanishq_Jewelry_Dataset_Final/images/orra/ORG21049_2.jpg|Tanishq_Jewelry_Dataset_Final/images/orra/ORG21049_3.jpg|Tanishq_Jewelry_Dataset_Final/images/orra/ORG21049_4.jpg|Tanishq_Jewelry_Dataset_Final/images/orra/ORG21049_5.jpg|Tanishq_Jewelry_Dataset_Final/images/orra/ORG21049_6.jpg|Tanishq_Jewelry_Dataset_Final/images/orra/ORG21049_7.jpg|Tanishq_Jewelry_Dataset_Final/images/orra/ORG21049_8.jpg,6154.5,0.0
O_ORG21035,18KT Rose Gold Diamond Finger Ring,orra,1.7,18KT,Rose,Gold,37388.0,diamond,0.0,30.0,24300.0,Round,6.0,Women,none,https://cdn.orra.co.in/media/catalog/product/cache/10238651d5f95594b9023f998383bb67/o/r/org21035_1_yln1uwx6xs3ggctl.jpg,Tanishq_Jewelry_Dataset_Final/images/orra/ORG21035_1.jpg|Tanishq_Jewelry_Dataset_Final/images/orra/ORG21035_2.jpg|Tanishq_Jewelry_Dataset_Final/images/orra/ORG21035_3.jpg,4750.0,0.0
O_ORG22019,Flower Design Diamond Finger Ring,orra,2.39,18KT,Yellow,Gold,73066.0,diamond,0.0,33.0,59400.0,Round,6.0,Women,none,https://cdn.orra.co.in/media/catalog/product/cache/10238651d5f95594b9023f998383bb67/o/r/org22019_1_m2xicjnhbgtdbr3r.jpg,Tanishq_Jewelry_Dataset_Final/images/orra/ORG22019_1.jpg|Tanishq_Jewelry_Dataset_Final/images/orra/ORG22019_2.jpg|Tanishq_Jewelry_Dataset_Final/images/orra/ORG22019_3.jpg,6578.0,0.0
O_ORG22024,Breathtaking Diamond Ring In Rose Gold,orra,3.07,14KT,Rose,Gold,74155.0,diamond,0.0,59.0,59734.0,Round,6.0,Women,none,https://cdn.orra.co.in/media/catalog/product/cache/10238651d5f95594b9023f998383bb67/o/r/org22024_1_70sqdo4w5dwxm2d8.jpg,Tanishq_Jewelry_Dataset_Final/images/orra/ORG22024_1.jpg|Tanishq_Jewelry_Dataset_Final/images/orra/ORG22024_2.jpg|Tanishq_Jewelry_Dataset_Final/images/orra/ORG22024_3.jpg,8448.0,0.0
O_ORG22018,Simple Flower Design Diamond Finger Ring,orra,3.93,14KT,Yellow,Gold,70360.0,diamond,0.0,72.0,46410.0,Round,7.0,Women,none,https://cdn.orra.co.in/media/catalog/product/cache/10238651d5f95594b9023f998383bb67/o/r/org22018_1_82ve8zfiperptu8a.jpg,Tanishq_Jewelry_Dataset_Final/images/orra/ORG22018_1.jpg|Tanishq_Jewelry_Dataset_Final/images/orra/ORG22018_2.jpg|Tanishq_Jewelry_Dataset_Final/images/orra/ORG22018_3.jpg,10807.5,0.0
O_ORG22044,Gleaming Rose Gold Diamond Finger Ring,orra,2.52,14KT,Rose,Gold,47585.0,diamond,0.0,63.0,33082.0,Round,6.0,Women,none,https://cdn.orra.co.in/media/catalog/product/cache/10238651d5f95594b9023f998383bb67/o/r/org22044_1_s2ijvfy1k27rixta.jpg,Tanishq_Jewelry_Dataset_Final/images/orra/ORG22044_1.jpg|Tanishq_Jewelry_Dataset_Final/images/orra/ORG22044_2.jpg|Tanishq_Jewelry_Dataset_Final/images/orra/ORG22044_3.jpg,6930.0,0.0
O_ORG22047,Captivating Yellow Gold Finger Ring,orra,2.69,14KT,Yellow,Gold,66388.0,diamond,0.0,85.0,54740.0,Round,8.0,Women,none,https://cdn.orra.co.in/media/catalog/product/cache/10238651d5f95594b9023f998383bb67/o/r/org22047_1_qhrbqqr9tnpeanjn.jpg,Tanishq_Jewelry_Dataset_Final/images/orra/ORG22047_1.jpg|Tanishq_Jewelry_Dataset_Final/images/orra/ORG22047_2.jpg|Tanishq_Jewelry_Dataset_Final/images/orra/ORG22047_3.jpg,7394.75,0.0
O_ORG22054,Constellation Ring in 18KT Yellow Gold,orra,5.04,18KT,Yellow,Gold,100389.0,diamond,0.0,43.0,60750.0,Round,6.0,Women,none,https://cdn.orra.co.in/media/catalog/product/cache/10238651d5f95594b9023f998383bb67/o/r/org22054_1_c1yapymcsi2t19ln.jpg,Tanishq_Jewelry_Dataset_Final/images/orra/ORG22054_1.jpg|Tanishq_Jewelry_Dataset_Final/images/orra/ORG22054_2.jpg|Tanishq_Jewelry_Dataset_Final/images/orra/ORG22054_3.jpg,13865.5,0.0
O_ORG22051,Gleaming 14KT Yellow Gold Finger Ring,orra,3.41,14KT,Yellow,Gold,80546.0,diamond,0.0,60.0,64260.0,Round,6.0,Women,none,https://cdn.orra.co.in/media/catalog/product/cache/10238651d5f95594b9023f998383bb67/o/r/org22051_1_3.jpg,Tanishq_Jewelry_Dataset_Final/images/orra/ORG22051_1.jpg|Tanishq_Jewelry_Dataset_Final/images/orra/ORG22051_2.jpg|Tanishq_Jewelry_Dataset_Final/images/orra/ORG22051_3.jpg|Tanishq_Jewelry_Dataset_Final/images/orra/ORG22051_4.jpg|Tanishq_Jewelry_Dataset_Final/images/orra/ORG22051_5.jpg|Tanishq_Jewelry_Dataset_Final/images/orra/ORG22051_6.jpg,9377.5,0.0
O_ORG22053,Classy Diamond Ring,orra,3.25,14KT,Rose,Gold,71455.0,diamond,0.0,41.0,54740.0,Round,8.0,Women,none,https://cdn.orra.co.in/media/catalog/product/cache/10238651d5f95594b9023f998383bb67/o/r/org22053_1_ljle9ryfvhuik47l.jpg,Tanishq_Jewelry_Dataset_Final/images/orra/ORG22053_1.jpg|Tanishq_Jewelry_Dataset_Final/images/orra/ORG22053_2.jpg|Tanishq_Jewelry_Dataset_Final/images/orra/ORG22053_3.jpg,8937.5,0.0
O_ORG22055,Brilliant Ring in 14KT Rose Gold,orra,3.27,14KT,Rose,Gold,69643.0,diamond,0.0,67.0,52360.0,Round,6.0,Women,none,https://cdn.orra.co.in/media/catalog/product/cache/10238651d5f95594b9023f998383bb67/o/r/org22055_1_jlo29clqfcnslaox.jpg,Tanishq_Jewelry_Dataset_Final/images/orra/ORG22055_1.jpg|Tanishq_Jewelry_Dataset_Final/images/orra/ORG22055_2.jpg|Tanishq_Jewelry_Dataset_Final/images/orra/ORG22055_3.jpg,8981.5,0.0
O_ORG22060,Beautiful Diamond Ring in 14KT Rose Gold,orra,2.52,14KT,Rose,Gold,65627.0,diamond,0.0,31.0,44030.0,Round,7.0,Women,none,https://www.orra.co.in/media/catalog/product/o/r/org22060_1_alkzdvrx2sbidlso.jpg,Tanishq_Jewelry_Dataset_Final/images/orra/ORG22060_1.jpg|Tanishq_Jewelry_Dataset_Final/images/orra/ORG22060_2.jpg,6919.0,2.59
O_ORG22061,Half Circle Diamond Finger Ring,orra,2.15,14KT,Rose,Gold,56569.0,diamond,0.0,48.0,47600.0,Round,7.0,Women,none,https://cdn.orra.co.in/media/catalog/product/cache/10238651d5f95594b9023f998383bb67/o/r/org22061_1_kr1wcgb4unpn6kfa.jpg,Tanishq_Jewelry_Dataset_Final/images/orra/ORG22061_1.jpg|Tanishq_Jewelry_Dataset_Final/images/orra/ORG22061_2.jpg|Tanishq_Jewelry_Dataset_Final/images/orra/ORG22061_3.jpg,5912.5,0.0
O_ORG22063,Round 14KT Yellow Gold Diamond Ring,orra,2.53,14KT,Yellow,Gold,48069.0,diamond,0.0,49.0,33320.0,Round,7.0,Women,none,https://cdn.orra.co.in/media/catalog/product/cache/10238651d5f95594b9023f998383bb67/o/r/org22063_1_fwcmvupokgognqr3.jpg,Tanishq_Jewelry_Dataset_Final/images/orra/ORG22063_1.jpg|Tanishq_Jewelry_Dataset_Final/images/orra/ORG22063_2.jpg|Tanishq_Jewelry_Dataset_Final/images/orra/ORG22063_3.jpg,6968.5,0.0
O_ORG22067-D300XHB,Curved Design Diamond Ring,orra,2.81,18KT,Rose,Gold,76368.0,diamond,0.3,35.0,40500.0,Round,8.0,Women,none,https://www.orra.co.in/media/catalog/product/o/r/org22067_1_kkp3j2bpinzdkv7i.jpg,Tanishq_Jewelry_Dataset_Final/images/orra/ORG22067-D300XHB_1.jpg,9849.0,0.0
O_ORG22080,Exquisite 14KT Yellow Gold Ring,orra,1.55,14KT,Yellow,Gold,27708.0,diamond,0.0,24.0,17612.0,Round,6.0,Women,none,https://cdn.orra.co.in/media/catalog/product/cache/10238651d5f95594b9023f998383bb67/o/r/org22080_1_ecvxlfqe3id9rvgo.jpg,Tanishq_Jewelry_Dataset_Final/images/orra/ORG22080_1.jpg|Tanishq_Jewelry_Dataset_Final/images/orra/ORG22080_2.jpg|Tanishq_Jewelry_Dataset_Final/images/orra/ORG22080_3.jpg,4750.0,0.0
O_ORG22086,14KT Rose Gold and Diamond Ring,orra,1.39,14KT,Rose,Gold,31888.0,diamond,0.0,22.0,19040.0,Round,5.0,Women,none,https://www.orra.co.in/media/catalog/product/o/r/org22086_1_qqvy8h1djoktbdf6.jpg,Tanishq_Jewelry_Dataset_Final/images/orra/ORG22086_1.jpg|Tanishq_Jewelry_Dataset_Final/images/orra/ORG22086_2.jpg,4750.0,1.42
O_ORG22095,Square Diamond Ring in 14KT Rose Gold,orra,1.96,14KT,Rose,Gold,26173.0,diamond,0.0,9.0,13090.0,Round,6.0,Women,none,https://cdn.orra.co.in/media/catalog/product/cache/10238651d5f95594b9023f998383bb67/o/r/org22095_1_uy3jndsb458qmbsw.jpg,Tanishq_Jewelry_Dataset_Final/images/orra/ORG22095_1.jpg|Tanishq_Jewelry_Dataset_Final/images/orra/ORG22095_2.jpg|Tanishq_Jewelry_Dataset_Final/images/orra/ORG22095_3.jpg,4750.0,0.0
O_ORG22103,Elaborate Desired Diamond Finger Ring,orra,3.19,14KT,Rose,Gold,80652.0,diamond,0.0,63.0,50400.0,Round,7.0,Women,none,https://cdn.orra.co.in/media/catalog/product/cache/10238651d5f95594b9023f998383bb67/o/r/org22103_1_pyj78gari0wncuug.jpg,Tanishq_Jewelry_Dataset_Final/images/orra/ORG22103_1.jpg|Tanishq_Jewelry_Dataset_Final/images/orra/ORG22103_2.jpg|Tanishq_Jewelry_Dataset_Final/images/orra/ORG22103_3.jpg|Tanishq_Jewelry_Dataset_Final/images/orra/ORG22103_4.jpg|Tanishq_Jewelry_Dataset_Final/images/orra/ORG22103_5.jpg|Tanishq_Jewelry_Dataset_Final/images/orra/ORG22103_6.jpg|Tanishq_Jewelry_Dataset_Final/images/orra/ORG22103_7.jpg,8783.5,3.29
O_ORG22101,14KT Rose Gold Desired Finger Ring,orra,3.23,14KT,Rose,Gold,81122.0,diamond,0.0,63.0,50400.0,Round,7.0,Women,none,https://cdn.orra.co.in/media/catalog/product/cache/10238651d5f95594b9023f998383bb67/o/r/org22101_7.jpg,Tanishq_Jewelry_Dataset_Final/images/orra/ORG22101_1.jpg|Tanishq_Jewelry_Dataset_Final/images/orra/ORG22101_2.jpg|Tanishq_Jewelry_Dataset_Final/images/orra/ORG22101_3.jpg|Tanishq_Jewelry_Dataset_Final/images/orra/ORG22101_4.jpg|Tanishq_Jewelry_Dataset_Final/images/orra/ORG22101_5.jpg|Tanishq_Jewelry_Dataset_Final/images/orra/ORG22101_6.jpg|Tanishq_Jewelry_Dataset_Final/images/orra/ORG22101_7.jpg|Tanishq_Jewelry_Dataset_Final/images/orra/ORG22101_8.jpg|Tanishq_Jewelry_Dataset_Final/images/orra/ORG22101_9.jpg|Tanishq_Jewelry_Dataset_Final/images/orra/ORG22101_10.jpg|Tanishq_Jewelry_Dataset_Final/images/orra/ORG22101_11.jpg|Tanishq_Jewelry_Dataset_Final/images/orra/ORG22101_12.jpg|Tanishq_Jewelry_Dataset_Final/images/orra/ORG22101_13.jpg|Tanishq_Jewelry_Dataset_Final/images/orra/ORG22101_14.jpg|Tanishq_Jewelry_Dataset_Final/images/orra/ORG22101_15.jpg|Tanishq_Jewelry_Dataset_Final/images/orra/ORG22101_16.jpg|Tanishq_Jewelry_Dataset_Final/images/orra/ORG22101_17.jpg|Tanishq_Jewelry_Dataset_Final/images/orra/ORG22101_18.jpg|Tanishq_Jewelry_Dataset_Final/images/orra/ORG22101_19.jpg|Tanishq_Jewelry_Dataset_Final/images/orra/ORG22101_20.jpg|Tanishq_Jewelry_Dataset_Final/images/orra/ORG22101_21.jpg,8882.5,3.326
O_ORG22102,Heart Shaped Desired Diamond Finger Ring,orra,3.31,14KT,Rose,Gold,81737.0,diamond,0.0,77.0,50400.0,Round,7.0,Women,Heart,https://cdn.orra.co.in/media/catalog/product/cache/10238651d5f95594b9023f998383bb67/o/r/org22102.jpg,Tanishq_Jewelry_Dataset_Final/images/orra/ORG22102_1.jpg|Tanishq_Jewelry_Dataset_Final/images/orra/ORG22102_2.jpg|Tanishq_Jewelry_Dataset_Final/images/orra/ORG22102_3.jpg|Tanishq_Jewelry_Dataset_Final/images/orra/ORG22102_4.jpg|Tanishq_Jewelry_Dataset_Final/images/orra/ORG22102_5.jpg|Tanishq_Jewelry_Dataset_Final/images/orra/ORG22102_6.jpg|Tanishq_Jewelry_Dataset_Final/images/orra/ORG22102_7.jpg|Tanishq_Jewelry_Dataset_Final/images/orra/ORG22102_8.jpg|Tanishq_Jewelry_Dataset_Final/images/orra/ORG22102_9.jpg|Tanishq_Jewelry_Dataset_Final/images/orra/ORG22102_10.jpg|Tanishq_Jewelry_Dataset_Final/images/orra/ORG22102_11.jpg|Tanishq_Jewelry_Dataset_Final/images/orra/ORG22102_12.jpg|Tanishq_Jewelry_Dataset_Final/images/orra/ORG22102_13.jpg|Tanishq_Jewelry_Dataset_Final/images/orra/ORG22102_14.jpg|Tanishq_Jewelry_Dataset_Final/images/orra/ORG22102_15.jpg|Tanishq_Jewelry_Dataset_Final/images/orra/ORG22102_16.jpg|Tanishq_Jewelry_Dataset_Final/images/orra/ORG22102_17.jpg|Tanishq_Jewelry_Dataset_Final/images/orra/ORG22102_18.jpg|Tanishq_Jewelry_Dataset_Final/images/orra/ORG22102_19.jpg|Tanishq_Jewelry_Dataset_Final/images/orra/ORG22102_20.jpg|Tanishq_Jewelry_Dataset_Final/images/orra/ORG22102_21.jpg,9113.5,3.41
O_ORG22124-D400XDB,Delicate Finger Ring in Rose Gold,orra,2.94,18KT,Rose,Gold,59290.0,diamond,0.14,35.0,17360.0,Round,6.0,Women,none,https://www.orra.co.in/media/catalog/product/o/r/org22124_1_fc9twqp2tthbzibd.jpg,Tanishq_Jewelry_Dataset_Final/images/orra/ORG22124-D400XDB_1.jpg,10304.7,0.0
O_ORG22104,Brilliant Diamond and Rose Gold Green Desired Ring,orra,3.28,14KT,Rose,Gold,82517.0,diamond,0.0,69.0,51450.0,Round,7.0,Women,none,https://cdn.orra.co.in/media/catalog/product/cache/10238651d5f95594b9023f998383bb67/o/r/org22104_7.jpg,Tanishq_Jewelry_Dataset_Final/images/orra/ORG22104_1.jpg|Tanishq_Jewelry_Dataset_Final/images/orra/ORG22104_2.jpg|Tanishq_Jewelry_Dataset_Final/images/orra/ORG22104_3.jpg|Tanishq_Jewelry_Dataset_Final/images/orra/ORG22104_4.jpg|Tanishq_Jewelry_Dataset_Final/images/orra/ORG22104_5.jpg|Tanishq_Jewelry_Dataset_Final/images/orra/ORG22104_6.jpg|Tanishq_Jewelry_Dataset_Final/images/orra/ORG22104_7.jpg|Tanishq_Jewelry_Dataset_Final/images/orra/ORG22104_8.jpg|Tanishq_Jewelry_Dataset_Final/images/orra/ORG22104_9.jpg|Tanishq_Jewelry_Dataset_Final/images/orra/ORG22104_10.jpg|Tanishq_Jewelry_Dataset_Final/images/orra/ORG22104_11.jpg|Tanishq_Jewelry_Dataset_Final/images/orra/ORG22104_12.jpg|Tanishq_Jewelry_Dataset_Final/images/orra/ORG22104_13.jpg|Tanishq_Jewelry_Dataset_Final/images/orra/ORG22104_14.jpg|Tanishq_Jewelry_Dataset_Final/images/orra/ORG22104_15.jpg|Tanishq_Jewelry_Dataset_Final/images/orra/ORG22104_16.jpg|Tanishq_Jewelry_Dataset_Final/images/orra/ORG22104_17.jpg|Tanishq_Jewelry_Dataset_Final/images/orra/ORG22104_18.jpg|Tanishq_Jewelry_Dataset_Final/images/orra/ORG22104_19.jpg|Tanishq_Jewelry_Dataset_Final/images/orra/ORG22104_20.jpg|Tanishq_Jewelry_Dataset_Final/images/orra/ORG22104_21.jpg,9020.0,3.378
O_ORG22113,Diamond Collage Ring in Rose Gold,orra,1.81,18KT,Rose,Gold,27822.0,diamond,0.0,9.0,11781.0,Round,7.0,Women,none,https://cdn.orra.co.in/media/catalog/product/cache/10238651d5f95594b9023f998383bb67/o/r/org22113_1_giyoyo0en3fhg7w7.jpg,Tanishq_Jewelry_Dataset_Final/images/orra/ORG22113_1.jpg|Tanishq_Jewelry_Dataset_Final/images/orra/ORG22113_2.jpg|Tanishq_Jewelry_Dataset_Final/images/orra/ORG22113_3.jpg,4750.0,0.0
O_ORG22130-D400XFC,Sparkling Floral Diamond Ring in Rose Gold,orra,1.51,14KT,Rose,Gold,31752.0,diamond,0.13,15.0,16244.0,Round,7.0,Women,Floral,https://www.orra.co.in/media/catalog/product/o/r/org22130_1_ylwkooebhiyy5z0n.jpg,Tanishq_Jewelry_Dataset_Final/images/orra/ORG22130-D400XFC_1.jpg,4600.0,0.0
O_ORG22132,14KT Rose Gold Finger Ring With Diamonds,orra,1.39,14KT,Rose,Gold,22177.0,diamond,0.0,18.0,11900.0,Round,6.0,Women,none,https://cdn.orra.co.in/media/catalog/product/cache/10238651d5f95594b9023f998383bb67/o/r/org22132_1_mri9jvtduirmnahv.jpg,Tanishq_Jewelry_Dataset_Final/images/orra/ORG22132_1.jpg|Tanishq_Jewelry_Dataset_Final/images/orra/ORG22132_2.jpg|Tanishq_Jewelry_Dataset_Final/images/orra/ORG22132_3.jpg,4750.0,0.0
O_ORG22134-D300XDB,Buckle Design Diamond Ring,orra,1.71,18KT,Rose,Gold,37242.0,diamond,0.11,16.0,14850.0,Round,6.0,Women,none,https://www.orra.co.in/media/catalog/product/o/r/org22134_1_3xawsbxpfi0vxq3c.jpg,Tanishq_Jewelry_Dataset_Final/images/orra/ORG22134-D300XDB_1.jpg,4600.0,0.0
O_ORG22141,Green Gemstone and Diamond Ring,orra,0.88,14KT,Yellow,Gold,17592.0,diamond,0.0,8.0,9520.0,Round,6.0,Women,none,https://cdn.orra.co.in/media/catalog/product/cache/10238651d5f95594b9023f998383bb67/o/r/org22141_1_6vjx4rgaxuwbfnzq.jpg,Tanishq_Jewelry_Dataset_Final/images/orra/ORG22141_1.jpg|Tanishq_Jewelry_Dataset_Final/images/orra/ORG22141_2.jpg|Tanishq_Jewelry_Dataset_Final/images/orra/ORG22141_3.jpg,4750.0,0.0
O_ORG22143-D911WFC,Exquisite Emerald Stone Diamond Ring,orra,1.0,14KT,White,Gold,17088.0,diamond,0.04,5.0,4280.0,Round,7.0,Women,none,https://www.orra.co.in/media/catalog/product/o/r/org22143_1.jpg,Tanishq_Jewelry_Dataset_Final/images/orra/ORG22143-D911WFC_1.jpg,4600.0,0.0
O_ORG22173-D400RFC,Exquisite 14KT Yellow Gold Ring,orra,2.21,14KT,Yellow,Gold,58270.0,diamond,0.3,45.0,37200.0,Round,7.0,Women,none,https://www.orra.co.in/media/catalog/product/o/r/org22173_1_deithyrfyh9ecuzt.jpg,Tanishq_Jewelry_Dataset_Final/images/orra/ORG22173-D400RFC_1.jpg,7717.5,0.0
O_ORG22170,Glittering Diamond Ring in 14KT Rose Gold,orra,3.83,14KT,Rose,Gold,77775.0,diamond,0.0,87.0,55965.0,Round,8.0,Women,none,https://cdn.orra.co.in/media/catalog/product/cache/10238651d5f95594b9023f998383bb67/o/r/org221705_1_uekmmlo37j289tw5.jpg,Tanishq_Jewelry_Dataset_Final/images/orra/ORG22170_1.jpg|Tanishq_Jewelry_Dataset_Final/images/orra/ORG22170_2.jpg|Tanishq_Jewelry_Dataset_Final/images/orra/ORG22170_3.jpg,10532.5,0.0
O_ORG22146-D911RFC,Brilliant Gemstone Studded Finger Ring,orra,1.3,14KT,Yellow,Gold,25272.0,diamond,0.1,20.0,10700.0,Round,7.0,Women,none,https://www.orra.co.in/media/catalog/product/o/r/org22146_1_5ezduzd1ckwrmgks.jpg,Tanishq_Jewelry_Dataset_Final/images/orra/ORG22146-D911RFC_1.jpg,4600.0,0.0
O_ORG22178,Beautiful Floral Diamond Ring,orra,5.04,18KT,Rose,Gold,186164.0,diamond,0.0,101.0,167850.0,"Round, Marquise, Pear, Princess",8.0,Women,Floral,https://cdn.orra.co.in/media/catalog/product/cache/10238651d5f95594b9023f998383bb67/o/r/org22178_1_5jyxdmtoahmfs84k.jpg,Tanishq_Jewelry_Dataset_Final/images/orra/ORG22178_1.jpg|Tanishq_Jewelry_Dataset_Final/images/orra/ORG22178_2.jpg|Tanishq_Jewelry_Dataset_Final/images/orra/ORG22178_3.jpg,13860.0,0.0
O_ORG22177,Rose Gold Ring with Diamonds,orra,3.24,14KT,Rose,Gold,69732.0,diamond,0.0,43.0,52930.0,"Round, Baguette",7.0,Women,none,https://cdn.orra.co.in/media/catalog/product/cache/10238651d5f95594b9023f998383bb67/o/r/org22177_1_bihbcrbm4bhskiqj.jpg,Tanishq_Jewelry_Dataset_Final/images/orra/ORG22177_1.jpg|Tanishq_Jewelry_Dataset_Final/images/orra/ORG22177_2.jpg|Tanishq_Jewelry_Dataset_Final/images/orra/ORG22177_3.jpg,8921.0,0.0
O_ORG22180,18KT Rose Gold Floral Diamond Ring,orra,4.97,18KT,Rose,Gold,177055.0,diamond,0.0,74.0,157500.0,"Round, Marquise, Pear",8.0,Women,Floral,https://cdn.orra.co.in/media/catalog/product/cache/10238651d5f95594b9023f998383bb67/o/r/org22180_1_s0wkg6mmr9k8slbk.jpg,Tanishq_Jewelry_Dataset_Final/images/orra/ORG22180_1.jpg|Tanishq_Jewelry_Dataset_Final/images/orra/ORG22180_2.jpg|Tanishq_Jewelry_Dataset_Final/images/orra/ORG22180_3.jpg,13656.5,0.0
O_ORG22179,Diamond Studded Bright Finger Ring,orra,2.85,18KT,Rose,Gold,122933.0,diamond,0.0,24.0,116950.0,"Round, Pear",7.0,Women,none,https://cdn.orra.co.in/media/catalog/product/cache/10238651d5f95594b9023f998383bb67/o/r/org22179_1_yqjpeq9irrvtq704.jpg,Tanishq_Jewelry_Dataset_Final/images/orra/ORG22179_1.jpg|Tanishq_Jewelry_Dataset_Final/images/orra/ORG22179_2.jpg|Tanishq_Jewelry_Dataset_Final/images/orra/ORG22179_3.jpg,7837.5,0.0
O_ORG22182,Dazzling 18KT Rose Gold Diamond Ring,orra,5.49,18KT,Rose,Gold,182805.0,diamond,0.0,77.0,156000.0,"Round, Pear",8.0,Women,none,https://cdn.orra.co.in/media/catalog/product/cache/10238651d5f95594b9023f998383bb67/o/r/org22182_1_yrzvktvraazgoi6q.jpg,Tanishq_Jewelry_Dataset_Final/images/orra/ORG22182_1.jpg|Tanishq_Jewelry_Dataset_Final/images/orra/ORG22182_2.jpg|Tanishq_Jewelry_Dataset_Final/images/orra/ORG22182_3.jpg,15108.5,0.0
O_ORG22196,Round Diamond Finger Ring,orra,1.51,14KT,Rose,Gold,26120.0,diamond,0.0,7.0,15750.0,Round,7.0,Women,none,https://cdn.orra.co.in/media/catalog/product/cache/10238651d5f95594b9023f998383bb67/o/r/org22196_1_ui8dnbawlcr92gvn.jpg,Tanishq_Jewelry_Dataset_Final/images/orra/ORG22196_1.jpg|Tanishq_Jewelry_Dataset_Final/images/orra/ORG22196_2.jpg|Tanishq_Jewelry_Dataset_Final/images/orra/ORG22196_3.jpg,4750.0,0.0
O_ORG22197,14KT Rose Gold Finger Ring,orra,1.69,14KT,Rose,Gold,29993.0,diamond,0.0,25.0,18900.0,Round,6.0,Women,none,https://cdn.orra.co.in/media/catalog/product/cache/10238651d5f95594b9023f998383bb67/o/r/org22197_1_2esl2lx5wykzltbw.jpg,Tanishq_Jewelry_Dataset_Final/images/orra/ORG22197_1.jpg|Tanishq_Jewelry_Dataset_Final/images/orra/ORG22197_2.jpg|Tanishq_Jewelry_Dataset_Final/images/orra/ORG22197_3.jpg,4750.0,0.0
O_ORG22203,Glamorous Rose Gold Ring,orra,1.27,14KT,Rose,Gold,20341.0,diamond,0.0,15.0,10500.0,Round,6.0,Women,none,https://cdn.orra.co.in/media/catalog/product/cache/10238651d5f95594b9023f998383bb67/o/r/org22203_1_kfvy13kixiqgyl5y.jpg,Tanishq_Jewelry_Dataset_Final/images/orra/ORG22203_1.jpg|Tanishq_Jewelry_Dataset_Final/images/orra/ORG22203_2.jpg|Tanishq_Jewelry_Dataset_Final/images/orra/ORG22203_3.jpg,4750.0,0.0
O_ORG22198,Teardrop Design Rose Gold Ring,orra,2.55,14KT,Rose,Gold,55545.0,diamond,0.0,30.0,42105.0,Round,7.0,Women,none,https://cdn.orra.co.in/media/catalog/product/cache/10238651d5f95594b9023f998383bb67/o/r/org22198_1_cqgjkzwuijenmnrd.jpg,Tanishq_Jewelry_Dataset_Final/images/orra/ORG22198_1.jpg|Tanishq_Jewelry_Dataset_Final/images/orra/ORG22198_2.jpg|Tanishq_Jewelry_Dataset_Final/images/orra/ORG22198_3.jpg,7012.5,0.0
O_ORG22205,Round Ring in 14KT Rose Gold,orra,2.11,14KT,Rose,Gold,57191.0,diamond,0.0,59.0,49350.0,Round,6.0,Women,none,https://cdn.orra.co.in/media/catalog/product/cache/10238651d5f95594b9023f998383bb67/o/r/org22205_1_tqjeveuv8fa91bxp.jpg,Tanishq_Jewelry_Dataset_Final/images/orra/ORG22205_1.jpg|Tanishq_Jewelry_Dataset_Final/images/orra/ORG22205_2.jpg|Tanishq_Jewelry_Dataset_Final/images/orra/ORG22205_3.jpg,5802.5,0.0
O_ORG22217,Resplendent Diamond Finger Ring,orra,1.81,14KT,Rose,Gold,17621.0,diamond,0.0,6.0,3150.0,Round,7.0,Women,none,https://cdn.orra.co.in/media/catalog/product/cache/10238651d5f95594b9023f998383bb67/o/r/org22217_1_qm6x34fft0ymydyl.jpg,Tanishq_Jewelry_Dataset_Final/images/orra/ORG22217_1.jpg|Tanishq_Jewelry_Dataset_Final/images/orra/ORG22217_2.jpg|Tanishq_Jewelry_Dataset_Final/images/orra/ORG22217_3.jpg,4750.0,0.0
O_ORG22218,Versatile Rose Gold Ring,orra,2.41,14KT,Rose,Gold,67405.0,diamond,0.0,22.0,57750.0,Round,6.0,Women,none,https://cdn.orra.co.in/media/catalog/product/cache/10238651d5f95594b9023f998383bb67/o/r/org22218_1_h6stcbskua60ytzc.jpg,Tanishq_Jewelry_Dataset_Final/images/orra/ORG22218_1.jpg|Tanishq_Jewelry_Dataset_Final/images/orra/ORG22218_2.jpg|Tanishq_Jewelry_Dataset_Final/images/orra/ORG22218_3.jpg,6627.5,0.0
O_ORG22206,Unique Diamond Ring,orra,1.72,14KT,Rose,Gold,37777.0,diamond,0.0,39.0,28350.0,Round,6.0,Women,none,https://cdn.orra.co.in/media/catalog/product/cache/10238651d5f95594b9023f998383bb67/o/r/org22206_1_0mv41jqzeo724g1a.jpg,Tanishq_Jewelry_Dataset_Final/images/orra/ORG22206_1.jpg|Tanishq_Jewelry_Dataset_Final/images/orra/ORG22206_2.jpg|Tanishq_Jewelry_Dataset_Final/images/orra/ORG22206_3.jpg,4750.0,0.0
O_ORG22224,Delicate Twisted Rose Gold Ring,orra,1.57,14KT,Rose,Gold,36828.0,diamond,0.0,19.0,28350.0,Round,6.0,Women,none,https://cdn.orra.co.in/media/catalog/product/cache/10238651d5f95594b9023f998383bb67/o/r/org22224_1_m62kqsv4hifwvzoa.jpg,Tanishq_Jewelry_Dataset_Final/images/orra/ORG22224_1.jpg|Tanishq_Jewelry_Dataset_Final/images/orra/ORG22224_2.jpg|Tanishq_Jewelry_Dataset_Final/images/orra/ORG22224_3.jpg,4750.0,0.0
O_ORG22213,Diamond Studded Floral Ring,orra,1.0,14KT,Rose,Gold,25579.0,diamond,0.0,7.0,18900.0,Round,6.0,Women,Floral,https://cdn.orra.co.in/media/catalog/product/cache/10238651d5f95594b9023f998383bb67/o/r/org22213_1_6c5um3tojztb1iu4.jpg,Tanishq_Jewelry_Dataset_Final/images/orra/ORG22213_1.jpg|Tanishq_Jewelry_Dataset_Final/images/orra/ORG22213_2.jpg|Tanishq_Jewelry_Dataset_Final/images/orra/ORG22213_3.jpg,4750.0,0.0
O_ORG22219,Dazzling Diamond Ring in Rose Gold,orra,1.33,14KT,Rose,Gold,27625.0,diamond,0.0,21.0,18900.0,Round,6.0,Women,none,https://cdn.orra.co.in/media/catalog/product/cache/10238651d5f95594b9023f998383bb67/o/r/org22219_1_6l5vfpkau8krgkee.jpg,Tanishq_Jewelry_Dataset_Final/images/orra/ORG22219_1.jpg|Tanishq_Jewelry_Dataset_Final/images/orra/ORG22219_2.jpg|Tanishq_Jewelry_Dataset_Final/images/orra/ORG22219_3.jpg,4750.0,0.0
O_ORG22220,Mesmerising Diamond Finger Ring,orra,1.29,14KT,Rose,Gold,34211.0,diamond,0.0,26.0,27300.0,Round,7.0,Women,none,https://cdn.orra.co.in/media/catalog/product/cache/10238651d5f95594b9023f998383bb67/o/r/org22220_1_3y2wsvkunrjp02cz.jpg,Tanishq_Jewelry_Dataset_Final/images/orra/ORG22220_1.jpg|Tanishq_Jewelry_Dataset_Final/images/orra/ORG22220_2.jpg|Tanishq_Jewelry_Dataset_Final/images/orra/ORG22220_3.jpg,4750.0,0.0
O_ORG22228,Floral 14KT Rose Gold Ring,orra,1.05,14KT,Rose,Gold,16428.0,diamond,0.0,7.0,7350.0,Round,6.0,Women,Floral,https://cdn.orra.co.in/media/catalog/product/cache/10238651d5f95594b9023f998383bb67/o/r/org22228_1_wmo9vnmfddw7ieth.jpg,Tanishq_Jewelry_Dataset_Final/images/orra/ORG22228_1.jpg|Tanishq_Jewelry_Dataset_Final/images/orra/ORG22228_2.jpg|Tanishq_Jewelry_Dataset_Final/images/orra/ORG22228_3.jpg,4750.0,0.0
O_ORG22229,Catchy Diamond Ring in 14KT Rose Gold,orra,1.49,14KT,Rose,Gold,37224.0,diamond,0.0,23.0,29400.0,Round,6.0,Women,none,https://cdn.orra.co.in/media/catalog/product/cache/10238651d5f95594b9023f998383bb67/o/r/org22229_1_pwogmpfa5oq0jxrw.jpg,Tanishq_Jewelry_Dataset_Final/images/orra/ORG22229_1.jpg|Tanishq_Jewelry_Dataset_Final/images/orra/ORG22229_2.jpg|Tanishq_Jewelry_Dataset_Final/images/orra/ORG22229_3.jpg,4750.0,0.0
O_ORG22234,4-leaf Clover Diamond Ring,orra,0.91,14KT,Rose,Gold,14688.0,diamond,0.0,4.0,6300.0,Round,6.0,Women,none,https://cdn.orra.co.in/media/catalog/product/cache/10238651d5f95594b9023f998383bb67/o/r/org22234_1_c4d7jcltjsbcgvdg.jpg,Tanishq_Jewelry_Dataset_Final/images/orra/ORG22234_1.jpg|Tanishq_Jewelry_Dataset_Final/images/orra/ORG22234_2.jpg|Tanishq_Jewelry_Dataset_Final/images/orra/ORG22234_3.jpg,4750.0,0.0
O_ORG22278,Sparkling Rose Gold Ring,orra,2.43,14KT,Rose,Gold,41521.0,diamond,0.0,31.0,26250.0,Round,6.0,Women,none,https://cdn.orra.co.in/media/catalog/product/cache/10238651d5f95594b9023f998383bb67/o/r/org22278_1_nlua6uyqw9bdi4bz.jpg,Tanishq_Jewelry_Dataset_Final/images/orra/ORG22278_1.jpg|Tanishq_Jewelry_Dataset_Final/images/orra/ORG22278_2.jpg|Tanishq_Jewelry_Dataset_Final/images/orra/ORG22278_3.jpg,6682.5,0.0
O_ORG22281,Dazzling Diamond and Rose Gold Finger Ring,orra,2.18,14KT,Rose,Gold,39605.0,diamond,0.0,49.0,26250.0,Round,7.0,Women,none,https://cdn.orra.co.in/media/catalog/product/cache/10238651d5f95594b9023f998383bb67/o/r/org22281_1_9r7jp20mroxyizso.jpg,Tanishq_Jewelry_Dataset_Final/images/orra/ORG22281_1.jpg|Tanishq_Jewelry_Dataset_Final/images/orra/ORG22281_2.jpg|Tanishq_Jewelry_Dataset_Final/images/orra/ORG22281_3.jpg,5995.0,0.0
O_ORG22283,Sophisticated Diamond Finger Ring,orra,2.77,14KT,Rose,Gold,52286.0,diamond,0.0,37.0,35700.0,Round,6.0,Women,none,https://cdn.orra.co.in/media/catalog/product/cache/10238651d5f95594b9023f998383bb67/o/r/org22283_1_1qmugyfu3kz9fdwd.jpg,Tanishq_Jewelry_Dataset_Final/images/orra/ORG22283_1.jpg|Tanishq_Jewelry_Dataset_Final/images/orra/ORG22283_2.jpg|Tanishq_Jewelry_Dataset_Final/images/orra/ORG22283_3.jpg,7617.5,0.0
O_ORG22279,Bejewelled Rose Gold Ring,orra,2.15,14KT,Rose,Gold,47533.0,diamond,0.0,41.0,36300.0,Round,6.0,Women,none,https://cdn.orra.co.in/media/catalog/product/cache/10238651d5f95594b9023f998383bb67/o/r/org22279_1_2c8cmkmfffbxlg7k.jpg,Tanishq_Jewelry_Dataset_Final/images/orra/ORG22279_1.jpg|Tanishq_Jewelry_Dataset_Final/images/orra/ORG22279_2.jpg|Tanishq_Jewelry_Dataset_Final/images/orra/ORG22279_3.jpg,5912.5,0.0
O_ORG22284,Elegant 14KT Rose Gold Ring,orra,2.64,14KT,Rose,Gold,73716.0,diamond,0.0,40.0,63120.0,Round,6.0,Women,none,https://cdn.orra.co.in/media/catalog/product/cache/10238651d5f95594b9023f998383bb67/o/r/org22284_1_sxrvn4j8g9cysinr.jpg,Tanishq_Jewelry_Dataset_Final/images/orra/ORG22284_1.jpg|Tanishq_Jewelry_Dataset_Final/images/orra/ORG22284_2.jpg|Tanishq_Jewelry_Dataset_Final/images/orra/ORG22284_3.jpg,7257.25,0.0
O_ORG22286,Eternity Inspired Rose Gold Finger Ring,orra,2.36,14KT,Rose,Gold,81808.0,diamond,0.0,43.0,75960.0,Round,6.0,Women,Eternity,https://cdn.orra.co.in/media/catalog/product/cache/10238651d5f95594b9023f998383bb67/o/r/org22286_1_pmwo2m8vorgcwyq7.jpg,Tanishq_Jewelry_Dataset_Final/images/orra/ORG22286_1.jpg|Tanishq_Jewelry_Dataset_Final/images/orra/ORG22286_2.jpg|Tanishq_Jewelry_Dataset_Final/images/orra/ORG22286_3.jpg|Tanishq_Jewelry_Dataset_Final/images/orra/ORG22286_4.jpg|Tanishq_Jewelry_Dataset_Final/images/orra/ORG22286_5.jpg|Tanishq_Jewelry_Dataset_Final/images/orra/ORG22286_6.jpg,6487.25,0.0
O_ORG22285,Glittering Rose Gold Finger Ring,orra,2.59,14KT,Rose,Gold,71974.0,diamond,0.0,48.0,61680.0,Round,7.0,Women,none,https://cdn.orra.co.in/media/catalog/product/cache/10238651d5f95594b9023f998383bb67/o/r/org22285_1_ikleqwweethqphms.jpg,Tanishq_Jewelry_Dataset_Final/images/orra/ORG22285_1.jpg|Tanishq_Jewelry_Dataset_Final/images/orra/ORG22285_2.jpg|Tanishq_Jewelry_Dataset_Final/images/orra/ORG22285_3.jpg,7114.25,0.0
O_ORG22287,Classy Rose Gold Ring,orra,2.03,14KT,Rose,Gold,44226.0,diamond,0.0,45.0,33600.0,Round,6.0,Women,none,https://cdn.orra.co.in/media/catalog/product/cache/10238651d5f95594b9023f998383bb67/o/r/org22287_1_50iaop9iorgim08n.jpg,Tanishq_Jewelry_Dataset_Final/images/orra/ORG22287_1.jpg|Tanishq_Jewelry_Dataset_Final/images/orra/ORG22287_2.jpg|Tanishq_Jewelry_Dataset_Final/images/orra/ORG22287_3.jpg,5571.5,0.0
O_ORG22288,Exquisite Diamond Finger Ring,orra,2.28,14KT,Rose,Gold,46145.0,diamond,0.0,45.0,33600.0,Round,6.0,Women,none,https://cdn.orra.co.in/media/catalog/product/cache/10238651d5f95594b9023f998383bb67/o/r/org22288_1_vuo9ky0ieedqlgmi.jpg,Tanishq_Jewelry_Dataset_Final/images/orra/ORG22288_1.jpg|Tanishq_Jewelry_Dataset_Final/images/orra/ORG22288_2.jpg|Tanishq_Jewelry_Dataset_Final/images/orra/ORG22288_3.jpg,6259.0,0.0
O_ORG22291,Geometric Design Diamond Ring,orra,2.29,14KT,Rose,Gold,42089.0,diamond,0.0,39.0,28350.0,Round,7.0,Women,Geometric,https://cdn.orra.co.in/media/catalog/product/cache/10238651d5f95594b9023f998383bb67/o/r/org22291_1_prlv1urdmxukzw57.jpg,Tanishq_Jewelry_Dataset_Final/images/orra/ORG22291_1.jpg|Tanishq_Jewelry_Dataset_Final/images/orra/ORG22291_2.jpg|Tanishq_Jewelry_Dataset_Final/images/orra/ORG22291_3.jpg,6286.5,0.0
O_ORG22292,Pretty Diamond Finger Ring,orra,1.73,14KT,Rose,Gold,40429.0,diamond,0.0,27.0,31500.0,Round,6.0,Women,none,https://cdn.orra.co.in/media/catalog/product/cache/10238651d5f95594b9023f998383bb67/o/r/org22292_1_kgrtx5kljeafwnyw.jpg,Tanishq_Jewelry_Dataset_Final/images/orra/ORG22292_1.jpg|Tanishq_Jewelry_Dataset_Final/images/orra/ORG22292_2.jpg|Tanishq_Jewelry_Dataset_Final/images/orra/ORG22292_3.jpg,4750.0,0.0
O_ORG22290,Pretty 14KT Rose Gold Ring,orra,2.28,14KT,Rose,Gold,51870.0,diamond,0.0,51.0,39900.0,Round,6.0,Women,none,https://cdn.orra.co.in/media/catalog/product/cache/10238651d5f95594b9023f998383bb67/o/r/org22290_1_1xlegramgrbto6m9.jpg,Tanishq_Jewelry_Dataset_Final/images/orra/ORG22290_1.jpg|Tanishq_Jewelry_Dataset_Final/images/orra/ORG22290_2.jpg|Tanishq_Jewelry_Dataset_Final/images/orra/ORG22290_3.jpg,6270.0,0.0
O_ORG22293,14KT Rose Gold Geometric Ring,orra,2.11,14KT,Rose,Gold,43185.0,diamond,0.0,49.0,31500.0,Round,6.0,Women,Geometric,https://cdn.orra.co.in/media/catalog/product/cache/10238651d5f95594b9023f998383bb67/o/r/org22293_1_mbgax88r6xcijhyk.jpg,Tanishq_Jewelry_Dataset_Final/images/orra/ORG22293_1.jpg|Tanishq_Jewelry_Dataset_Final/images/orra/ORG22293_2.jpg|Tanishq_Jewelry_Dataset_Final/images/orra/ORG22293_3.jpg,5802.5,0.0
O_ORG22295,Sparkling Diamond Ring Crafted in 14KT Rose Gold,orra,2.54,14KT,Rose,Gold,51026.0,diamond,0.0,47.0,36750.0,Round,6.0,Women,none,https://cdn.orra.co.in/media/catalog/product/cache/10238651d5f95594b9023f998383bb67/o/r/org22295_1_efxrbftp9yvhvrhh.jpg,Tanishq_Jewelry_Dataset_Final/images/orra/ORG22295_1.jpg|Tanishq_Jewelry_Dataset_Final/images/orra/ORG22295_2.jpg|Tanishq_Jewelry_Dataset_Final/images/orra/ORG22295_3.jpg,6985.0,0.0
O_ORG22298,Floral Rose Gold Ring,orra,2.3,14KT,Rose,Gold,48440.0,diamond,0.0,33.0,35700.0,Round,6.0,Women,Floral,https://cdn.orra.co.in/media/catalog/product/cache/10238651d5f95594b9023f998383bb67/o/r/org22298_1_iwczycfma5uy0jso.jpg,Tanishq_Jewelry_Dataset_Final/images/orra/ORG22298_1.jpg|Tanishq_Jewelry_Dataset_Final/images/orra/ORG22298_2.jpg|Tanishq_Jewelry_Dataset_Final/images/orra/ORG22298_3.jpg,6325.0,0.0
O_ORG22296,Gleaming 4-leaf Clover Diamond Ring,orra,2.59,14KT,Rose,Gold,45629.0,diamond,0.0,33.0,29400.0,Round,6.0,Women,none,https://cdn.orra.co.in/media/catalog/product/cache/10238651d5f95594b9023f998383bb67/o/r/org22296_1_qlnoko8sm5cf4zpv.jpg,Tanishq_Jewelry_Dataset_Final/images/orra/ORG22296_1.jpg|Tanishq_Jewelry_Dataset_Final/images/orra/ORG22296_2.jpg|Tanishq_Jewelry_Dataset_Final/images/orra/ORG22296_3.jpg,7122.5,0.0
O_ORG22300,Leaf Design Finger Ring,orra,2.02,14KT,Rose,Gold,45940.0,diamond,0.0,37.0,35700.0,Round,6.0,Women,none,https://cdn.orra.co.in/media/catalog/product/cache/10238651d5f95594b9023f998383bb67/o/r/org22300_1_k0qoeamjdzrhzqxt.jpg,Tanishq_Jewelry_Dataset_Final/images/orra/ORG22300_1.jpg|Tanishq_Jewelry_Dataset_Final/images/orra/ORG22300_2.jpg|Tanishq_Jewelry_Dataset_Final/images/orra/ORG22300_3.jpg,5555.0,0.0
O_ORG22299,Gleaming Rose Gold Diamond Ring,orra,2.54,14KT,Rose,Gold,51324.0,diamond,0.0,33.0,36750.0,Round,6.0,Women,none,https://cdn.orra.co.in/media/catalog/product/cache/10238651d5f95594b9023f998383bb67/o/r/org22299_1_vt6kb7avktcczwgw.jpg,Tanishq_Jewelry_Dataset_Final/images/orra/ORG22299_1.jpg|Tanishq_Jewelry_Dataset_Final/images/orra/ORG22299_2.jpg|Tanishq_Jewelry_Dataset_Final/images/orra/ORG22299_3.jpg,6985.0,0.0
O_ORG22302,Flower Burst Diamond Ring,orra,2.89,14KT,Rose,Gold,68598.0,diamond,0.0,19.0,54600.0,Round,6.0,Women,none,https://cdn.orra.co.in/media/catalog/product/cache/10238651d5f95594b9023f998383bb67/o/r/org22302_1_ty3r9icoelistuo8.jpg,Tanishq_Jewelry_Dataset_Final/images/orra/ORG22302_1.jpg|Tanishq_Jewelry_Dataset_Final/images/orra/ORG22302_2.jpg|Tanishq_Jewelry_Dataset_Final/images/orra/ORG22302_3.jpg,7947.5,0.0
O_ORG22303,Resplendent Diamond Finger Ring,orra,3.02,14KT,Rose,Gold,73915.0,diamond,0.0,52.0,59850.0,Round,6.0,Women,none,https://cdn.orra.co.in/media/catalog/product/cache/10238651d5f95594b9023f998383bb67/o/r/org22303_1_zm96doj5c6fjj25i.jpg,Tanishq_Jewelry_Dataset_Final/images/orra/ORG22303_1.jpg|Tanishq_Jewelry_Dataset_Final/images/orra/ORG22303_2.jpg|Tanishq_Jewelry_Dataset_Final/images/orra/ORG22303_3.jpg,8305.0,0.0
O_ORG22305,Timeless Rose Gold Diamond Finger Ring,orra,1.43,14KT,Rose,Gold,32567.0,diamond,0.0,18.0,24150.0,Round,6.0,Women,none,https://cdn.orra.co.in/media/catalog/product/cache/10238651d5f95594b9023f998383bb67/o/r/org22305_1_kecpba7q4r4tij7n.jpg,Tanishq_Jewelry_Dataset_Final/images/orra/ORG22305_1.jpg|Tanishq_Jewelry_Dataset_Final/images/orra/ORG22305_2.jpg|Tanishq_Jewelry_Dataset_Final/images/orra/ORG22305_3.jpg,4750.0,0.0
O_ORG22319,Circular Diamond and Rose Gold Finger Ring,orra,4.9,18KT,Rose,Gold,160170.0,diamond,0.0,80.0,139400.0,"Round, Marquise",7.0,Women,none,https://cdn.orra.co.in/media/catalog/product/cache/10238651d5f95594b9023f998383bb67/o/r/org22319_1_1exvcqa7exeitpcp.jpg,Tanishq_Jewelry_Dataset_Final/images/orra/ORG22319_1.jpg|Tanishq_Jewelry_Dataset_Final/images/orra/ORG22319_2.jpg|Tanishq_Jewelry_Dataset_Final/images/orra/ORG22319_3.jpg,13477.75,0.0
O_ORG22306,Intricate Finger Ring In Rose Gold,orra,2.17,14KT,Rose,Gold,44726.0,diamond,0.0,57.0,32550.0,Round,6.0,Women,none,https://cdn.orra.co.in/media/catalog/product/cache/10238651d5f95594b9023f998383bb67/o/r/org22306_1_renisomv6sshkcmx.jpg,Tanishq_Jewelry_Dataset_Final/images/orra/ORG22306_1.jpg|Tanishq_Jewelry_Dataset_Final/images/orra/ORG22306_2.jpg|Tanishq_Jewelry_Dataset_Final/images/orra/ORG22306_3.jpg,5962.0,0.0
O_ORG22304,Exquisite Rose Gold Diamond Ring,orra,2.86,14KT,Rose,Gold,61015.0,diamond,0.0,36.0,45150.0,Round,6.0,Women,none,https://cdn.orra.co.in/media/catalog/product/cache/10238651d5f95594b9023f998383bb67/o/r/org22304_1_luninv2jox56zktd.jpg,Tanishq_Jewelry_Dataset_Final/images/orra/ORG22304_1.jpg|Tanishq_Jewelry_Dataset_Final/images/orra/ORG22304_2.jpg|Tanishq_Jewelry_Dataset_Final/images/orra/ORG22304_3.jpg,7865.0,0.0
O_ORG22323,Stunning Rose Gold and Diamond Ring,orra,1.94,18KT,Rose,Gold,78630.0,diamond,0.0,11.0,75000.0,Marquise,7.0,Women,none,https://cdn.orra.co.in/media/catalog/product/cache/10238651d5f95594b9023f998383bb67/o/r/org22323_1_holfmfx4vnpvbaht.jpg,Tanishq_Jewelry_Dataset_Final/images/orra/ORG22323_1.jpg|Tanishq_Jewelry_Dataset_Final/images/orra/ORG22323_2.jpg|Tanishq_Jewelry_Dataset_Final/images/orra/ORG22323_3.jpg,4750.0,0.0
O_ORG22324,Gracious Diamond Ring in Rose Gold,orra,1.97,18KT,Rose,Gold,102474.0,diamond,0.0,11.0,103500.0,Pear,7.0,Women,none,https://cdn.orra.co.in/media/catalog/product/cache/10238651d5f95594b9023f998383bb67/o/r/org22324_1_tpp959waztmxyrfu.jpg,Tanishq_Jewelry_Dataset_Final/images/orra/ORG22324_1.jpg|Tanishq_Jewelry_Dataset_Final/images/orra/ORG22324_2.jpg|Tanishq_Jewelry_Dataset_Final/images/orra/ORG22324_3.jpg,4750.0,0.0
O_ORG22325,Bejewelled Rose Gold Finger Ring,orra,4.6,18KT,Rose,Gold,186161.0,diamond,0.0,67.0,172350.0,"Round, Marquise",7.0,Women,none,https://cdn.orra.co.in/media/catalog/product/cache/10238651d5f95594b9023f998383bb67/o/r/org22325_1_3vvmjwzesht64uiz.jpg,Tanishq_Jewelry_Dataset_Final/images/orra/ORG22325_1.jpg|Tanishq_Jewelry_Dataset_Final/images/orra/ORG22325_2.jpg|Tanishq_Jewelry_Dataset_Final/images/orra/ORG22325_3.jpg,12650.0,0.0
O_ORG22330,Exquisite Diamond Finger Ring in Rose Gold,orra,1.66,18KT,Rose,Gold,48565.0,diamond,0.0,7.0,38700.0,"Round, Pear",7.0,Women,none,https://cdn.orra.co.in/media/catalog/product/cache/10238651d5f95594b9023f998383bb67/o/r/org22330_1_dgink9ar3dxhsrqw.jpg,Tanishq_Jewelry_Dataset_Final/images/orra/ORG22330_1.jpg|Tanishq_Jewelry_Dataset_Final/images/orra/ORG22330_2.jpg|Tanishq_Jewelry_Dataset_Final/images/orra/ORG22330_3.jpg,4750.0,0.0
O_ORG22329,Delicate Floral Diamond Ring,orra,1.93,18KT,Yellow,Gold,65617.0,diamond,0.0,11.0,58300.0,"Marquise, Pear",7.0,Women,Floral,https://cdn.orra.co.in/media/catalog/product/cache/10238651d5f95594b9023f998383bb67/o/r/org22329_1_dpw8kqewzmyajzgj.jpg,Tanishq_Jewelry_Dataset_Final/images/orra/ORG22329_1.jpg|Tanishq_Jewelry_Dataset_Final/images/orra/ORG22329_2.jpg|Tanishq_Jewelry_Dataset_Final/images/orra/ORG22329_3.jpg,4750.0,0.0
O_ORG22333,Versatile Floral Diamond Ring,orra,4.21,18KT,Rose,Gold,138102.0,diamond,0.0,73.0,118200.0,"Round, Marquise, Pear",7.0,Women,Floral,https://cdn.orra.co.in/media/catalog/product/cache/10238651d5f95594b9023f998383bb67/o/r/org22333_1_dk7m7ndcgo00nika.jpg,Tanishq_Jewelry_Dataset_Final/images/orra/ORG22333_1.jpg|Tanishq_Jewelry_Dataset_Final/images/orra/ORG22333_2.jpg|Tanishq_Jewelry_Dataset_Final/images/orra/ORG22333_3.jpg,11577.5,0.0
O_ORG22334,Abstract Diamond Finger Ring,orra,2.07,18KT,Rose,Gold,55329.0,diamond,0.0,15.0,42850.0,"Round, Marquise, Baguette",8.0,Women,none,https://cdn.orra.co.in/media/catalog/product/cache/10238651d5f95594b9023f998383bb67/o/r/org22334_1_abtdlxhxoocuvnz7.jpg,Tanishq_Jewelry_Dataset_Final/images/orra/ORG22334_1.jpg|Tanishq_Jewelry_Dataset_Final/images/orra/ORG22334_2.jpg|Tanishq_Jewelry_Dataset_Final/images/orra/ORG22334_3.jpg,5692.5,0.0
O_ORG22336,Floral Finger Ring in Rose Gold,orra,5.37,18KT,Rose,Gold,187478.0,diamond,0.0,102.0,164915.0,"Round, Marquise, Pear, Princess",9.0,Women,Floral,https://cdn.orra.co.in/media/catalog/product/cache/10238651d5f95594b9023f998383bb67/o/r/org22336_1_dsokyxl1jgjpnsb3.jpg,Tanishq_Jewelry_Dataset_Final/images/orra/ORG22336_1.jpg|Tanishq_Jewelry_Dataset_Final/images/orra/ORG22336_2.jpg|Tanishq_Jewelry_Dataset_Final/images/orra/ORG22336_3.jpg,14773.0,0.0
O_ORG22338,Classic Rose Gold Petalled Ring,orra,4.75,18KT,Rose,Gold,136310.0,diamond,0.0,75.0,109465.0,"Round, Marquise, Pear",7.0,Women,Classic,https://cdn.orra.co.in/media/catalog/product/cache/10238651d5f95594b9023f998383bb67/o/r/org22338_1_sevmkzb4refzvwri.jpg,Tanishq_Jewelry_Dataset_Final/images/orra/ORG22338_1.jpg|Tanishq_Jewelry_Dataset_Final/images/orra/ORG22338_2.jpg|Tanishq_Jewelry_Dataset_Final/images/orra/ORG22338_3.jpg,13051.5,0.0
O_ORG22337,Shell Design Diamond Ring,orra,6.31,18KT,Rose,Gold,215264.0,diamond,0.0,117.0,187200.0,"Round, Marquise",7.0,Women,none,https://cdn.orra.co.in/media/catalog/product/cache/10238651d5f95594b9023f998383bb67/o/r/org22337_1_ucavtgpnc3afzbpn.jpg,Tanishq_Jewelry_Dataset_Final/images/orra/ORG22337_1.jpg|Tanishq_Jewelry_Dataset_Final/images/orra/ORG22337_2.jpg|Tanishq_Jewelry_Dataset_Final/images/orra/ORG22337_3.jpg,17352.5,0.0
O_ORG22335,Sleek Yellow Gold and Diamond Finger Ring,orra,3.6,18KT,Yellow,Gold,119063.0,diamond,0.0,63.0,102615.0,"Round, Marquise, Pear",7.0,Women,none,https://cdn.orra.co.in/media/catalog/product/cache/10238651d5f95594b9023f998383bb67/o/r/org22335_1_5vlwo3hanqdkytpv.jpg,Tanishq_Jewelry_Dataset_Final/images/orra/ORG22335_1.jpg|Tanishq_Jewelry_Dataset_Final/images/orra/ORG22335_2.jpg|Tanishq_Jewelry_Dataset_Final/images/orra/ORG22335_3.jpg,9900.0,0.0
O_ORG22339,Classy Diamond Finger Ring in Rose Gold,orra,3.66,18KT,Rose,Gold,116463.0,diamond,0.0,102.0,97200.0,"Round, Marquise",7.0,Women,none,https://cdn.orra.co.in/media/catalog/product/cache/10238651d5f95594b9023f998383bb67/o/r/org22339_1_jnxmdarhmubactxp.jpg,Tanishq_Jewelry_Dataset_Final/images/orra/ORG22339_1.jpg|Tanishq_Jewelry_Dataset_Final/images/orra/ORG22339_2.jpg|Tanishq_Jewelry_Dataset_Final/images/orra/ORG22339_3.jpg,10065.0,0.0
O_ORG22343,Delicately Crafted 18KT Yellow Gold Ring,orra,2.9,18KT,Yellow,Gold,83197.0,diamond,0.0,70.0,66550.0,"Round, Marquise",7.0,Women,none,https://cdn.orra.co.in/media/catalog/product/cache/10238651d5f95594b9023f998383bb67/o/r/org22343_1_s4pwhu9ttczafkkm.jpg,Tanishq_Jewelry_Dataset_Final/images/orra/ORG22343_1.jpg|Tanishq_Jewelry_Dataset_Final/images/orra/ORG22343_2.jpg|Tanishq_Jewelry_Dataset_Final/images/orra/ORG22343_3.jpg,7975.0,0.0
O_ORG23010-D300XHB,Resplendent Heart Shaped Rose Gold and Diamond Ring,orra,4.33,18KT,Rose,Gold,163300.0,diamond,0.85,147.0,117885.0,"Round, Pear, Princess",8.0,Women,Heart,https://www.orra.co.in/media/catalog/product/o/r/org23010_rg_2_.jpg,Tanishq_Jewelry_Dataset_Final/images/orra/ORG23010-D300XHB_1.jpg,15155.7,0.0
O_ORG23012,Leafy Crown Design Ring With Diamonds,orra,2.65,18KT,Rose,Gold,345453.0,diamond,0.0,23.0,378000.0,Marquise,7.0,Women,none,https://cdn.orra.co.in/media/catalog/product/cache/10238651d5f95594b9023f998383bb67/o/r/org23012_1_0izlootkecv7vry9.jpg,Tanishq_Jewelry_Dataset_Final/images/orra/ORG23012_1.jpg|Tanishq_Jewelry_Dataset_Final/images/orra/ORG23012_2.jpg|Tanishq_Jewelry_Dataset_Final/images/orra/ORG23012_3.jpg,7276.5,0.0
O_ORG23011,Delicate Diamond Finger Ring in Rose Gold,orra,2.06,18KT,Rose,Gold,237484.0,diamond,0.0,23.0,275000.0,Princess,7.0,Women,none,https://cdn.orra.co.in/media/catalog/product/cache/10238651d5f95594b9023f998383bb67/o/r/org23011_1_ohi3o9kwib96fspo.jpg,Tanishq_Jewelry_Dataset_Final/images/orra/ORG23011_1.jpg|Tanishq_Jewelry_Dataset_Final/images/orra/ORG23011_2.jpg|Tanishq_Jewelry_Dataset_Final/images/orra/ORG23011_3.jpg,5665.0,0.0
O_ORG23015,Exquisite Diamond Finger Ring in Yellow Gold,orra,1.94,18KT,Yellow,Gold,113531.0,diamond,0.0,9.0,112500.0,Round,7.0,Women,none,https://cdn.orra.co.in/media/catalog/product/cache/10238651d5f95594b9023f998383bb67/o/r/org23015_1_5vtdlcy1mzz27bmk.jpg,Tanishq_Jewelry_Dataset_Final/images/orra/ORG23015_1.jpg|Tanishq_Jewelry_Dataset_Final/images/orra/ORG23015_2.jpg|Tanishq_Jewelry_Dataset_Final/images/orra/ORG23015_3.jpg,4750.0,0.0
O_ORG23014,18KT Rose Gold Finger Ring,orra,1.6,18KT,Rose,Gold,71089.0,diamond,0.0,11.0,66150.0,Round,7.0,Women,none,https://cdn.orra.co.in/media/catalog/product/cache/10238651d5f95594b9023f998383bb67/o/r/org23014_1_lslzqc6ac8qaj3dk.jpg,Tanishq_Jewelry_Dataset_Final/images/orra/ORG23014_1.jpg|Tanishq_Jewelry_Dataset_Final/images/orra/ORG23014_2.jpg|Tanishq_Jewelry_Dataset_Final/images/orra/ORG23014_3.jpg,4750.0,0.0
O_ORG23017,18KT Rose Gold Diamond Ring,orra,2.08,18KT,Rose,Gold,262024.0,diamond,0.0,21.0,292500.0,Round,7.0,Women,none,https://cdn.orra.co.in/media/catalog/product/cache/10238651d5f95594b9023f998383bb67/o/r/org23017_1_n8m3qubrvhx47pnu.jpg,Tanishq_Jewelry_Dataset_Final/images/orra/ORG23017_1.jpg|Tanishq_Jewelry_Dataset_Final/images/orra/ORG23017_2.jpg|Tanishq_Jewelry_Dataset_Final/images/orra/ORG23017_3.jpg,5720.0,0.0
O_ORG23019-D400RFB,Sunflower Design Diamond Finger Ring,orra,2.44,18KT,Yellow,Gold,67873.0,diamond,0.3,43.0,37200.0,Round,7.0,Women,none,https://www.orra.co.in/media/catalog/product/o/r/org23019_1_gydy7mxxqfjtcuzt.jpg,Tanishq_Jewelry_Dataset_Final/images/orra/ORG23019-D400RFB_1.jpg,8526.0,0.0
O_ORG23020,Round Gold and Diamond Ring,orra,1.29,14KT,Yellow,Gold,23909.0,diamond,0.0,27.0,14700.0,Round,7.0,Women,none,https://cdn.orra.co.in/media/catalog/product/cache/10238651d5f95594b9023f998383bb67/o/r/org23020_1_q9qrr7l5bxlgfqqd.jpg,Tanishq_Jewelry_Dataset_Final/images/orra/ORG23020_1.jpg|Tanishq_Jewelry_Dataset_Final/images/orra/ORG23020_2.jpg|Tanishq_Jewelry_Dataset_Final/images/orra/ORG23020_3.jpg,4750.0,0.0
O_ORG23022,Luxury Diamond and Gold Ring,orra,2.05,18KT,Rose,Gold,58738.0,diamond,0.0,19.0,46410.0,Round,7.0,Women,none,https://cdn.orra.co.in/media/catalog/product/cache/10238651d5f95594b9023f998383bb67/o/r/org23022_1_zdwynrlafluqyu63.jpg,Tanishq_Jewelry_Dataset_Final/images/orra/ORG23022_1.jpg|Tanishq_Jewelry_Dataset_Final/images/orra/ORG23022_2.jpg|Tanishq_Jewelry_Dataset_Final/images/orra/ORG23022_3.jpg,5637.5,0.0
O_ORG23023,Seamless Gold and Diamond Finger Ring,orra,1.19,14KT,Rose,Gold,24275.0,diamond,0.0,15.0,15645.0,Round,7.0,Women,none,https://cdn.orra.co.in/media/catalog/product/cache/10238651d5f95594b9023f998383bb67/o/r/org23023_1_zzek9auontpzttya.jpg,Tanishq_Jewelry_Dataset_Final/images/orra/ORG23023_1.jpg|Tanishq_Jewelry_Dataset_Final/images/orra/ORG23023_2.jpg|Tanishq_Jewelry_Dataset_Final/images/orra/ORG23023_3.jpg,4750.0,0.0
O_ORG23028,Crisscross Diamond Ring,orra,1.38,14KT,Rose,Gold,25269.0,diamond,0.0,31.0,15750.0,Round,6.0,Women,none,https://cdn.orra.co.in/media/catalog/product/cache/10238651d5f95594b9023f998383bb67/o/r/org23028_1_b04xbmqzz7n2higx.jpg,Tanishq_Jewelry_Dataset_Final/images/orra/ORG23028_1.jpg|Tanishq_Jewelry_Dataset_Final/images/orra/ORG23028_2.jpg|Tanishq_Jewelry_Dataset_Final/images/orra/ORG23028_3.jpg,4750.0,0.0
O_ORG23030,Radiant Ring in Gold and Diamonds,orra,2.68,18KT,Yellow,Gold,69948.0,diamond,0.0,30.0,52360.0,Round,8.0,Women,none,https://cdn.orra.co.in/media/catalog/product/cache/10238651d5f95594b9023f998383bb67/o/r/org23030_1_e91ir6lrnmr5tyon.jpg,Tanishq_Jewelry_Dataset_Final/images/orra/ORG23030_1.jpg|Tanishq_Jewelry_Dataset_Final/images/orra/ORG23030_2.jpg|Tanishq_Jewelry_Dataset_Final/images/orra/ORG23030_3.jpg,7375.5,0.0
O_ORG23035,Elegant Curved Diamond Ring,orra,1.77,14KT,Rose,Gold,38054.0,diamond,0.0,31.0,28350.0,Round,7.0,Women,none,https://cdn.orra.co.in/media/catalog/product/cache/10238651d5f95594b9023f998383bb67/o/r/org23035_1_dc4khj35hqgdozpi.jpg,Tanishq_Jewelry_Dataset_Final/images/orra/ORG23035_1.jpg|Tanishq_Jewelry_Dataset_Final/images/orra/ORG23035_2.jpg|Tanishq_Jewelry_Dataset_Final/images/orra/ORG23035_3.jpg,4750.0,0.0
O_ORG23032,Simple Diamond Finger Ring,orra,1.55,14KT,Rose,Gold,25439.0,diamond,0.0,21.0,14700.0,Round,7.0,Women,none,https://cdn.orra.co.in/media/catalog/product/cache/10238651d5f95594b9023f998383bb67/o/r/org23032_1_xf5xao9hlgjf8jer.jpg,Tanishq_Jewelry_Dataset_Final/images/orra/ORG23032_1.jpg|Tanishq_Jewelry_Dataset_Final/images/orra/ORG23032_2.jpg|Tanishq_Jewelry_Dataset_Final/images/orra/ORG23032_3.jpg,4750.0,0.0
O_ORG23033,Net Patterned Diamond Finger Ring,orra,1.72,14KT,Rose,Gold,37776.0,diamond,0.0,25.0,28350.0,Round,7.0,Women,none,https://cdn.orra.co.in/media/catalog/product/cache/10238651d5f95594b9023f998383bb67/o/r/org23033_1_qojlaqbbcifqgtbs.jpg,Tanishq_Jewelry_Dataset_Final/images/orra/ORG23033_1.jpg|Tanishq_Jewelry_Dataset_Final/images/orra/ORG23033_2.jpg|Tanishq_Jewelry_Dataset_Final/images/orra/ORG23033_3.jpg,4750.0,0.0
O_ORG23041,Lustrous Diamond Ring,orra,2.29,18KT,Rose,Gold,61730.0,diamond,0.0,25.0,47600.0,Round,7.0,Women,none,https://cdn.orra.co.in/media/catalog/product/cache/10238651d5f95594b9023f998383bb67/o/r/org23041_1_wjihvduae3dipdgq.jpg,Tanishq_Jewelry_Dataset_Final/images/orra/ORG23041_1.jpg|Tanishq_Jewelry_Dataset_Final/images/orra/ORG23041_2.jpg|Tanishq_Jewelry_Dataset_Final/images/orra/ORG23041_3.jpg,6297.5,0.0
O_ORG23040,Stunning Diamond Encrusted Gold Ring,orra,3.43,18KT,Rose,Gold,69555.0,diamond,0.0,57.0,44030.0,Round,7.0,Women,none,https://cdn.orra.co.in/media/catalog/product/cache/10238651d5f95594b9023f998383bb67/o/r/org23040_1_fgvna2woojewkyme.jpg,Tanishq_Jewelry_Dataset_Final/images/orra/ORG23040_1.jpg|Tanishq_Jewelry_Dataset_Final/images/orra/ORG23040_2.jpg|Tanishq_Jewelry_Dataset_Final/images/orra/ORG23040_3.jpg,9421.5,0.0
O_ORG23039-D400RJB,Round Diamond Studded Finger Ring,orra,2.42,18KT,Yellow,Gold,81857.0,diamond,0.44,37.0,54560.0,Round,9.0,Women,none,https://www.orra.co.in/media/catalog/product/o/r/org23039_1_rajxoe4cpm7qdelo.jpg,Tanishq_Jewelry_Dataset_Final/images/orra/ORG23039-D400RJB_1.jpg,8452.5,0.0
O_ORG23042,Classy Gold Ring,orra,2.87,18KT,Yellow,Gold,68489.0,diamond,0.0,58.0,48790.0,Round,7.0,Women,none,https://cdn.orra.co.in/media/catalog/product/cache/10238651d5f95594b9023f998383bb67/o/r/org23042_1_r1jh2lyovwobyguv.jpg,Tanishq_Jewelry_Dataset_Final/images/orra/ORG23042_1.jpg|Tanishq_Jewelry_Dataset_Final/images/orra/ORG23042_2.jpg|Tanishq_Jewelry_Dataset_Final/images/orra/ORG23042_3.jpg,7892.5,0.0
O_ORG23052-D400XHB,Eye Design Diamond Ring,orra,2.22,18KT,Rose,Gold,52275.0,diamond,0.18,16.0,22320.0,Round,8.0,Women,none,https://www.orra.co.in/media/catalog/product/o/r/org23052_1_1lurimulsjeenprm.jpg,Tanishq_Jewelry_Dataset_Final/images/orra/ORG23052-D400XHB_1.jpg,7761.6,0.0
O_ORG23049,Bow Design Diamond and Gold Finger Ring,orra,2.1,14KT,Rose,Gold,42710.0,diamond,0.0,11.0,31500.0,Round,6.0,Women,none,https://cdn.orra.co.in/media/catalog/product/cache/10238651d5f95594b9023f998383bb67/o/r/org23049_1_k28zsyimvqced0ml.jpg,Tanishq_Jewelry_Dataset_Final/images/orra/ORG23049_1.jpg|Tanishq_Jewelry_Dataset_Final/images/orra/ORG23049_2.jpg|Tanishq_Jewelry_Dataset_Final/images/orra/ORG23049_3.jpg,5775.0,0.0
O_ORG23053,Classy Diamond Finger Ring,orra,2.32,18KT,Rose,Gold,46501.0,diamond,0.0,16.0,28560.0,Round,7.0,Women,none,https://cdn.orra.co.in/media/catalog/product/cache/10238651d5f95594b9023f998383bb67/o/r/org23053_1_rdn1setbd4odzm0l.jpg,Tanishq_Jewelry_Dataset_Final/images/orra/ORG23053_1.jpg|Tanishq_Jewelry_Dataset_Final/images/orra/ORG23053_2.jpg|Tanishq_Jewelry_Dataset_Final/images/orra/ORG23053_3.jpg,6385.5,0.0
O_ORG23054,Classy Curved Ring in Gold,orra,2.56,18KT,Rose,Gold,48934.0,diamond,0.0,31.0,28560.0,Round,7.0,Women,none,https://cdn.orra.co.in/media/catalog/product/cache/10238651d5f95594b9023f998383bb67/o/r/org23054_1_6dsjzldy63hi6cfn.jpg,Tanishq_Jewelry_Dataset_Final/images/orra/ORG23054_1.jpg|Tanishq_Jewelry_Dataset_Final/images/orra/ORG23054_2.jpg|Tanishq_Jewelry_Dataset_Final/images/orra/ORG23054_3.jpg,7045.5,0.0
O_ORG23057,Glamorous Circular Diamond Ring,orra,3.07,18KT,Yellow,Gold,62714.0,diamond,0.0,36.0,39270.0,Round,8.0,Women,none,https://cdn.orra.co.in/media/catalog/product/cache/10238651d5f95594b9023f998383bb67/o/r/org23057_1_vnahotdswe9qnlj0.jpg,Tanishq_Jewelry_Dataset_Final/images/orra/ORG23057_1.jpg|Tanishq_Jewelry_Dataset_Final/images/orra/ORG23057_2.jpg|Tanishq_Jewelry_Dataset_Final/images/orra/ORG23057_3.jpg,8442.5,0.0
O_ORG23058,Exquisite Gold Circle Design Ring,orra,3.99,18KT,Yellow,Gold,68982.0,diamond,0.0,25.0,35700.0,Round,8.0,Women,none,https://cdn.orra.co.in/media/catalog/product/cache/10238651d5f95594b9023f998383bb67/o/r/org23058_1_incaxidskdwnpwwb.jpg,Tanishq_Jewelry_Dataset_Final/images/orra/ORG23058_1.jpg|Tanishq_Jewelry_Dataset_Final/images/orra/ORG23058_2.jpg|Tanishq_Jewelry_Dataset_Final/images/orra/ORG23058_3.jpg,10972.5,0.0
O_ORG23062,Circular Diamond and Gold Finger Ring,orra,3.73,18KT,Yellow,Gold,81202.0,diamond,0.0,47.0,54000.0,"Round, Marquise, Princess",7.0,Women,none,https://cdn.orra.co.in/media/catalog/product/cache/10238651d5f95594b9023f998383bb67/o/r/org23062_1_3z0fehqehj9t6va7.jpg,Tanishq_Jewelry_Dataset_Final/images/orra/ORG23062_1.jpg|Tanishq_Jewelry_Dataset_Final/images/orra/ORG23062_2.jpg|Tanishq_Jewelry_Dataset_Final/images/orra/ORG23062_3.jpg,10257.5,0.0
O_ORG23067,Blue Gemstone Diamond Crown Star Ring,orra,3.61,18KT,White,Gold,100580.0,diamond,0.0,12.0,76500.0,Round,7.0,Women,none,https://cdn.orra.co.in/media/catalog/product/cache/10238651d5f95594b9023f998383bb67/o/r/org23067_1_bnysvkksxvzfkkcf.jpg,Tanishq_Jewelry_Dataset_Final/images/orra/ORG23067_1.jpg|Tanishq_Jewelry_Dataset_Final/images/orra/ORG23067_2.jpg|Tanishq_Jewelry_Dataset_Final/images/orra/ORG23067_3.jpg,9927.5,0.0
O_ORG23065,Sophisticated Glossy Gold Diamond Ring,orra,1.8,14KT,Rose,Gold,37376.0,diamond,0.0,9.0,27300.0,Round,7.0,Women,none,https://cdn.orra.co.in/media/catalog/product/cache/10238651d5f95594b9023f998383bb67/o/r/org23065_1_17qztpmlya7etu4c.jpg,Tanishq_Jewelry_Dataset_Final/images/orra/ORG23065_1.jpg|Tanishq_Jewelry_Dataset_Final/images/orra/ORG23065_2.jpg|Tanishq_Jewelry_Dataset_Final/images/orra/ORG23065_3.jpg,4750.0,0.0
O_ORG23068,Precious Crown Star Gold Ring,orra,4.91,18KT,White,Gold,126218.0,diamond,0.0,14.0,91500.0,Round,8.0,Women,none,https://cdn.orra.co.in/media/catalog/product/cache/10238651d5f95594b9023f998383bb67/o/r/org23068_1_eeoq8mifs1ooqhu0.jpg,Tanishq_Jewelry_Dataset_Final/images/orra/ORG23068_1.jpg|Tanishq_Jewelry_Dataset_Final/images/orra/ORG23068_2.jpg|Tanishq_Jewelry_Dataset_Final/images/orra/ORG23068_3.jpg,13513.5,0.0
O_ORG23069,Flower Burst Crown Star Diamond Finger Ring,orra,5.37,18KT,Yellow,Gold,279365.0,diamond,0.0,19.0,274230.0,Round,7.0,Women,none,https://cdn.orra.co.in/media/catalog/product/cache/10238651d5f95594b9023f998383bb67/o/r/org23069_1_g64zlz6ywamrahb8.jpg,Tanishq_Jewelry_Dataset_Final/images/orra/ORG23069_1.jpg|Tanishq_Jewelry_Dataset_Final/images/orra/ORG23069_2.jpg|Tanishq_Jewelry_Dataset_Final/images/orra/ORG23069_3.jpg,14767.5,0.0
O_ORG23071,Diamond Studded Filigree Crown Star Ring,orra,4.76,18KT,Rose,Gold,223268.0,diamond,0.0,19.0,210150.0,Round,7.0,Women,none,https://cdn.orra.co.in/media/catalog/product/cache/10238651d5f95594b9023f998383bb67/o/r/org23071_1_ictyf1tnsxrvocca.jpg,Tanishq_Jewelry_Dataset_Final/images/orra/ORG23071_1.jpg|Tanishq_Jewelry_Dataset_Final/images/orra/ORG23071_2.jpg|Tanishq_Jewelry_Dataset_Final/images/orra/ORG23071_3.jpg,13090.0,0.0
O_ORG23074,Marigold Flower Patterned Crown Star Gold Ring,orra,4.2,18KT,Rose,Gold,227906.0,diamond,0.0,37.0,226350.0,Round,7.0,Women,none,https://cdn.orra.co.in/media/catalog/product/cache/10238651d5f95594b9023f998383bb67/o/r/org23074_1_wcu5m2aqmy8bmouw.jpg,Tanishq_Jewelry_Dataset_Final/images/orra/ORG23074_1.jpg|Tanishq_Jewelry_Dataset_Final/images/orra/ORG23074_2.jpg|Tanishq_Jewelry_Dataset_Final/images/orra/ORG23074_3.jpg,11539.0,0.0
O_PMR10086,Classic Platinum Finger Ring For Men,orra,8.92,950PT,White,Platinum,64978.0,none,0.0,0.0,0.0,none,12.0,Men,Classic,https://cdn.orra.co.in/media/catalog/product/cache/10238651d5f95594b9023f998383bb67/p/m/pmr10086_1_gozlqmw9pzhatgac.jpg,Tanishq_Jewelry_Dataset_Final/images/orra/PMR10086_1.jpg|Tanishq_Jewelry_Dataset_Final/images/orra/PMR10086_2.jpg|Tanishq_Jewelry_Dataset_Final/images/orra/PMR10086_3.jpg,22300.0,8.92
O_PMR09061,Classic Men's Ring in Platinum,orra,7.05,950PT,White,Platinum,51430.0,none,0.0,0.0,0.0,none,10.0,Men,Classic,https://cdn.orra.co.in/media/catalog/product/cache/10238651d5f95594b9023f998383bb67/p/m/pmr09061_1_urdsk24forvlivvn.jpg,Tanishq_Jewelry_Dataset_Final/images/orra/PMR09061_1.jpg|Tanishq_Jewelry_Dataset_Final/images/orra/PMR09061_2.jpg|Tanishq_Jewelry_Dataset_Final/images/orra/PMR09061_3.jpg,17625.0,7.05
O_ORG23075,Floral Diamond and Gold Crown Star Finger Ring,orra,3.27,18KT,Yellow,Gold,176760.0,diamond,0.0,7.0,174900.0,Round,7.0,Women,Floral,https://cdn.orra.co.in/media/catalog/product/cache/10238651d5f95594b9023f998383bb67/o/r/org23075_1_ql3ghzbxrdo4zy2x.jpg,Tanishq_Jewelry_Dataset_Final/images/orra/ORG23075_1.jpg|Tanishq_Jewelry_Dataset_Final/images/orra/ORG23075_2.jpg|Tanishq_Jewelry_Dataset_Final/images/orra/ORG23075_3.jpg,8992.5,0.0
O_PMR11040,Alluring Diamond Men's Ring,orra,6.23,950PT,White,Platinum,52557.0,diamond,0.0,2.0,6750.0,Round,12.0,Men,none,https://cdn.orra.co.in/media/catalog/product/cache/10238651d5f95594b9023f998383bb67/p/m/pmr11040_1_ka3wz1y0giyjyrzr.jpg,Tanishq_Jewelry_Dataset_Final/images/orra/PMR11040_1.jpg|Tanishq_Jewelry_Dataset_Final/images/orra/PMR11040_2.jpg|Tanishq_Jewelry_Dataset_Final/images/orra/PMR11040_3.jpg,15575.0,6.23
O_PMR11042,Classic Platinum Ring For Men,orra,7.31,950PT,White,Platinum,53896.0,none,0.0,0.0,0.0,none,10.0,Men,Classic,https://cdn.orra.co.in/media/catalog/product/cache/10238651d5f95594b9023f998383bb67/p/m/pmr11042_1_slnd10nx8awypmci.jpg,Tanishq_Jewelry_Dataset_Final/images/orra/PMR11042_1.jpg|Tanishq_Jewelry_Dataset_Final/images/orra/PMR11042_2.jpg|Tanishq_Jewelry_Dataset_Final/images/orra/PMR11042_3.jpg,18275.0,7.31
O_PMR16005,Glossy Diamond and Platinum Ring For Men,orra,6.19,950PT,White,Platinum,52986.0,diamond,0.0,1.0,0.0,Round,10.0,Men,none,https://cdn.orra.co.in/media/catalog/product/cache/10238651d5f95594b9023f998383bb67/p/m/pmr16005_1_0axjvjmpt7lxc5f4.jpg,Tanishq_Jewelry_Dataset_Final/images/orra/PMR16005_1.jpg|Tanishq_Jewelry_Dataset_Final/images/orra/PMR16005_2.jpg|Tanishq_Jewelry_Dataset_Final/images/orra/PMR16005_3.jpg,15475.0,0.0
O_PMR16022,Unique Men's Finger Ring in Platinum,orra,1.5,18KT,White+Rose,Gold,55021.0,none,0.0,0.0,0.0,none,10.0,Men,none,https://cdn.orra.co.in/media/catalog/product/cache/10238651d5f95594b9023f998383bb67/p/m/pmr16022_1_inklw2tzraxmrvbj.jpg,Tanishq_Jewelry_Dataset_Final/images/orra/PMR16022_1.jpg|Tanishq_Jewelry_Dataset_Final/images/orra/PMR16022_2.jpg|Tanishq_Jewelry_Dataset_Final/images/orra/PMR16022_3.jpg,17250.0,6.9
O_PMR14020,Textured Platinum Men's Ring,orra,1.72,18KT,White+Rose,Gold,51362.0,none,0.0,0.0,0.0,none,10.0,Men,none,https://cdn.orra.co.in/media/catalog/product/cache/10238651d5f95594b9023f998383bb67/p/m/pmr14020_1_om2fdfwczj762sju.jpg,Tanishq_Jewelry_Dataset_Final/images/orra/PMR14020_1.jpg|Tanishq_Jewelry_Dataset_Final/images/orra/PMR14020_2.jpg|Tanishq_Jewelry_Dataset_Final/images/orra/PMR14020_3.jpg|Tanishq_Jewelry_Dataset_Final/images/orra/PMR14020_4.jpg|Tanishq_Jewelry_Dataset_Final/images/orra/PMR14020_5.jpg|Tanishq_Jewelry_Dataset_Final/images/orra/PMR14020_6.jpg,15675.0,6.27
O_PMR17016,Men's Diamond and Platinum Ring,orra,0.62,18KT,White+Rose,Gold,74951.0,diamond,0.0,2.0,24000.0,Round,10.0,Men,none,https://cdn.orra.co.in/media/catalog/product/cache/10238651d5f95594b9023f998383bb67/p/m/pmr17016_1_plkwyrcutwwglleq.jpg,Tanishq_Jewelry_Dataset_Final/images/orra/PMR17016_1.jpg|Tanishq_Jewelry_Dataset_Final/images/orra/PMR17016_2.jpg|Tanishq_Jewelry_Dataset_Final/images/orra/PMR17016_3.jpg,16485.0,6.626
O_PMR18001,Solid Men's Diamond Ring,orra,2.69,18KT,White+Rose,Gold,52897.0,none,0.0,0.0,0.0,none,10.0,Men,none,https://cdn.orra.co.in/media/catalog/product/cache/10238651d5f95594b9023f998383bb67/p/m/pmr18001_1_dy2u2zyoyqkirfc7.jpg,Tanishq_Jewelry_Dataset_Final/images/orra/PMR18001_1.jpg|Tanishq_Jewelry_Dataset_Final/images/orra/PMR18001_2.jpg|Tanishq_Jewelry_Dataset_Final/images/orra/PMR18001_3.jpg,15200.0,6.08
O_PMR18005,Abstract Platinum Ring For Men,orra,2.94,18KT,White+Rose,Gold,64485.0,none,0.0,0.0,0.0,none,10.0,Men,none,https://cdn.orra.co.in/media/catalog/product/cache/10238651d5f95594b9023f998383bb67/p/m/pmr18005_1_irzoqqkejsqvlleg.jpg,Tanishq_Jewelry_Dataset_Final/images/orra/PMR18005_1.jpg|Tanishq_Jewelry_Dataset_Final/images/orra/PMR18005_2.jpg|Tanishq_Jewelry_Dataset_Final/images/orra/PMR18005_3.jpg,18775.0,7.51
O_PMR18009,Classic Platinum Ring for Men,orra,2.46,18KT,White+Rose,Gold,59989.0,none,0.0,0.0,0.0,none,10.0,Men,Classic,https://cdn.orra.co.in/media/catalog/product/cache/10238651d5f95594b9023f998383bb67/p/m/pmr18009_1_j7mepuq0kvdm468j.jpg,Tanishq_Jewelry_Dataset_Final/images/orra/PMR18009_1.jpg|Tanishq_Jewelry_Dataset_Final/images/orra/PMR18009_2.jpg|Tanishq_Jewelry_Dataset_Final/images/orra/PMR18009_3.jpg,18025.0,7.21
O_PMR19001,Sleek Diamond Finger Ring For Men,orra,2.07,18KT,White+Rose,Gold,59265.0,diamond,0.0,1.0,1350.0,Round,10.0,Men,none,https://cdn.orra.co.in/media/catalog/product/cache/10238651d5f95594b9023f998383bb67/p/m/pmr19001_1_tzjmqwes15t9xt5a.jpg,Tanishq_Jewelry_Dataset_Final/images/orra/PMR19001_1.jpg|Tanishq_Jewelry_Dataset_Final/images/orra/PMR19001_2.jpg|Tanishq_Jewelry_Dataset_Final/images/orra/PMR19001_3.jpg,17525.0,7.012
O_PMR18007,Glimmering Diamond Finger Ring For Men,orra,2.85,18KT,White+Rose,Gold,76722.0,diamond,0.0,1.0,5400.0,Round,10.0,Men,none,https://cdn.orra.co.in/media/catalog/product/cache/10238651d5f95594b9023f998383bb67/p/m/pmr18007_1_lhf5c3tni2jvffp2.jpg,Tanishq_Jewelry_Dataset_Final/images/orra/PMR18007_1.jpg|Tanishq_Jewelry_Dataset_Final/images/orra/PMR18007_2.jpg|Tanishq_Jewelry_Dataset_Final/images/orra/PMR18007_3.jpg,21225.0,8.498
O_PMR19015,Dazzling Platinum and Diamond Men's Ring,orra,1.87,18KT,White+Rose,Gold,60462.0,diamond,0.0,4.0,13500.0,Round,10.0,Men,none,https://www.orra.co.in/media/catalog/product/p/m/pmr19015_1_2qajs6i7qbmqpjwq.jpg,Tanishq_Jewelry_Dataset_Final/images/orra/PMR19015_1.jpg|Tanishq_Jewelry_Dataset_Final/images/orra/PMR19015_2.jpg,16550.0,0.0
O_PMR19012,Dazzling Diamond and Platinum Men's Finger Ring,orra,1.63,18KT,White+Rose,Gold,46665.0,diamond,0.0,1.0,2700.0,Round,10.0,Men,none,https://cdn.orra.co.in/media/catalog/product/cache/10238651d5f95594b9023f998383bb67/p/m/pmr19012_1_s6mpqjrn9kflhw8f.jpg,Tanishq_Jewelry_Dataset_Final/images/orra/PMR19012_1.jpg|Tanishq_Jewelry_Dataset_Final/images/orra/PMR19012_2.jpg|Tanishq_Jewelry_Dataset_Final/images/orra/PMR19012_3.jpg,14965.0,0.0
O_PMR19007,Dynamic Diamond Finger Ring For Men,orra,7.21,950PT,White,Platinum,57208.0,diamond,0.0,1.0,0.0,Round,10.0,Men,none,https://cdn.orra.co.in/media/catalog/product/cache/10238651d5f95594b9023f998383bb67/p/m/pmr19007_1_1opknllxtnhtzb3f.jpg,Tanishq_Jewelry_Dataset_Final/images/orra/PMR19007_1.jpg|Tanishq_Jewelry_Dataset_Final/images/orra/PMR19007_2.jpg|Tanishq_Jewelry_Dataset_Final/images/orra/PMR19007_3.jpg,18025.0,0.0
O_PMR19013,Men's Stunning Diamond Finger Ring,orra,3.89,18KT,White+Rose,Gold,101038.0,diamond,0.0,6.0,48600.0,Round,10.0,Men,none,https://cdn.orra.co.in/media/catalog/product/cache/10238651d5f95594b9023f998383bb67/p/m/pmr19013_1_fayi9xqmgmp8pgkk.jpg,Tanishq_Jewelry_Dataset_Final/images/orra/PMR19013_1.jpg|Tanishq_Jewelry_Dataset_Final/images/orra/PMR19013_2.jpg|Tanishq_Jewelry_Dataset_Final/images/orra/PMR19013_3.jpg,18495.0,0.0
O_PMR19035,Mesmerising Diamond Finger Ring For Men,orra,2.0,18KT,White+Rose,Gold,61749.0,diamond,0.0,3.0,16200.0,Round,10.0,Men,none,https://www.orra.co.in/media/catalog/product/p/m/pmr19035_1_tmbpyfqtdbvzpc15.jpg,Tanishq_Jewelry_Dataset_Final/images/orra/PMR19035_1.jpg|Tanishq_Jewelry_Dataset_Final/images/orra/PMR19035_2.jpg,15975.0,0.0
O_PMR19037,Urbane Platinum Ring for Men,orra,2.25,18KT,White+Rose,Gold,57384.0,diamond,0.0,1.0,8100.0,Round,10.0,Men,none,https://cdn.orra.co.in/media/catalog/product/cache/10238651d5f95594b9023f998383bb67/p/m/pmr19037_1_qtwbdltilfdx1klx.jpg,Tanishq_Jewelry_Dataset_Final/images/orra/PMR19037_1.jpg|Tanishq_Jewelry_Dataset_Final/images/orra/PMR19037_2.jpg|Tanishq_Jewelry_Dataset_Final/images/orra/PMR19037_3.jpg,16600.0,0.0
O_PMR19039,Men's Contemporary Diamond Finger Ring,orra,2.0,18KT,White+Rose,Gold,63338.0,diamond,0.0,4.0,13500.0,Round,10.0,Men,none,https://cdn.orra.co.in/media/catalog/product/cache/10238651d5f95594b9023f998383bb67/p/m/pmr19039_1_0om6729m4iincmhv.jpg,Tanishq_Jewelry_Dataset_Final/images/orra/PMR19039_1.jpg|Tanishq_Jewelry_Dataset_Final/images/orra/PMR19039_2.jpg|Tanishq_Jewelry_Dataset_Final/images/orra/PMR19039_3.jpg,17475.0,0.0
O_PMR19049,Regal Men's Platinum Ring,orra,4.63,18KT,White+Rose,Gold,91741.0,none,0.0,0.0,0.0,none,10.0,Men,none,https://cdn.orra.co.in/media/catalog/product/cache/10238651d5f95594b9023f998383bb67/p/m/pmr19049_1_3.jpg,Tanishq_Jewelry_Dataset_Final/images/orra/PMR19049_1.jpg|Tanishq_Jewelry_Dataset_Final/images/orra/PMR19049_2.jpg|Tanishq_Jewelry_Dataset_Final/images/orra/PMR19049_3.jpg|Tanishq_Jewelry_Dataset_Final/images/orra/PMR19049_4.jpg|Tanishq_Jewelry_Dataset_Final/images/orra/PMR19049_5.jpg|Tanishq_Jewelry_Dataset_Final/images/orra/PMR19049_6.jpg|Tanishq_Jewelry_Dataset_Final/images/orra/PMR19049_7.jpg|Tanishq_Jewelry_Dataset_Final/images/orra/PMR19049_8.jpg|Tanishq_Jewelry_Dataset_Final/images/orra/PMR19049_9.jpg,26400.0,10.56
O_PMR19046,Minimalist Men's Platinum Band,orra,3.33,18KT,White+Rose,Gold,65216.0,none,0.0,0.0,0.0,none,10.0,Men,Band,https://cdn.orra.co.in/media/catalog/product/cache/10238651d5f95594b9023f998383bb67/p/m/pmr19046_1_cy0hg6qjaky5hire.jpg,Tanishq_Jewelry_Dataset_Final/images/orra/PMR19046_1.jpg|Tanishq_Jewelry_Dataset_Final/images/orra/PMR19046_2.jpg|Tanishq_Jewelry_Dataset_Final/images/orra/PMR19046_3.jpg,18725.0,7.49
O_PMR20074,Modern Ring for Men in Platinum,orra,2.08,18KT,White+Rose,Gold,53236.0,diamond,0.0,1.0,12000.0,Round,10.0,Men,none,https://cdn.orra.co.in/media/catalog/product/cache/10238651d5f95594b9023f998383bb67/p/m/pmr20074_1_kivuefyg1ksxv9bh.jpg,Tanishq_Jewelry_Dataset_Final/images/orra/PMR20074_1.jpg|Tanishq_Jewelry_Dataset_Final/images/orra/PMR20074_2.jpg|Tanishq_Jewelry_Dataset_Final/images/orra/PMR20074_3.jpg,13985.0,0.0
O_PMR20085-D200OND,Men's Alluring Diamond Finger Ring,orra,2.06,18KT,White+Rose,Gold,93818.0,diamond,0.02,1.0,2610.0,Round,11.0,Men,none,https://www.orra.co.in/media/catalog/product/p/m/pmr20085_1_tp5zlhbhsracq9ik.jpg,Tanishq_Jewelry_Dataset_Final/images/orra/PMR20085-D200OND_1.jpg,24034.5,6.87
O_PMR20087,Textured Men's Platinum Ring,orra,5.81,950PT,White,Platinum,42402.0,none,0.0,0.0,0.0,none,10.0,Men,none,https://cdn.orra.co.in/media/catalog/product/cache/10238651d5f95594b9023f998383bb67/p/m/pmr20087_1_1.jpg,Tanishq_Jewelry_Dataset_Final/images/orra/PMR20087_1.jpg|Tanishq_Jewelry_Dataset_Final/images/orra/PMR20087_2.jpg|Tanishq_Jewelry_Dataset_Final/images/orra/PMR20087_3.jpg|Tanishq_Jewelry_Dataset_Final/images/orra/PMR20087_4.jpg|Tanishq_Jewelry_Dataset_Final/images/orra/PMR20087_5.jpg|Tanishq_Jewelry_Dataset_Final/images/orra/PMR20087_6.jpg|Tanishq_Jewelry_Dataset_Final/images/orra/PMR20087_7.jpg|Tanishq_Jewelry_Dataset_Final/images/orra/PMR20087_8.jpg|Tanishq_Jewelry_Dataset_Final/images/orra/PMR20087_9.jpg|Tanishq_Jewelry_Dataset_Final/images/orra/PMR20087_10.jpg|Tanishq_Jewelry_Dataset_Final/images/orra/PMR20087_11.jpg|Tanishq_Jewelry_Dataset_Final/images/orra/PMR20087_12.jpg,14525.0,5.81
O_PMR21009,Vintage Design Diamond Ring For Men,orra,1.19,18KT,White+Rose,Gold,64233.0,diamond,0.0,9.0,20250.0,Round,10.0,Men,Vintage,https://cdn.orra.co.in/media/catalog/product/cache/10238651d5f95594b9023f998383bb67/p/m/pmr21009_1_dgzm6dhupnxfcp4v.jpg,Tanishq_Jewelry_Dataset_Final/images/orra/PMR21009_1.jpg|Tanishq_Jewelry_Dataset_Final/images/orra/PMR21009_2.jpg|Tanishq_Jewelry_Dataset_Final/images/orra/PMR21009_3.jpg,16675.0,0.0
O_PMR21008,Dazzling Men's Platinum and Diamond Ring,orra,0.78,18KT,White+Rose,Gold,85857.0,diamond,0.0,9.0,25500.0,Round,11.0,Men,none,https://cdn.orra.co.in/media/catalog/product/cache/10238651d5f95594b9023f998383bb67/p/m/pmr21008_1_cbeq6mnmwclmhrnn.jpg,Tanishq_Jewelry_Dataset_Final/images/orra/PMR21008_1.jpg|Tanishq_Jewelry_Dataset_Final/images/orra/PMR21008_2.jpg|Tanishq_Jewelry_Dataset_Final/images/orra/PMR21008_3.jpg,19575.0,7.864
O_PMR22046,Textured Platinum Men's Ring,orra,0.86,18KT,White+Rose,Gold,72607.0,diamond,0.0,1.0,41400.0,Round,10.0,Men,none,https://cdn.orra.co.in/media/catalog/product/cache/10238651d5f95594b9023f998383bb67/p/m/pmr22046_1_st6po3rua7xtagxk.jpg,Tanishq_Jewelry_Dataset_Final/images/orra/PMR22046_1.jpg|Tanishq_Jewelry_Dataset_Final/images/orra/PMR22046_2.jpg|Tanishq_Jewelry_Dataset_Final/images/orra/PMR22046_3.jpg,13625.0,0.0
O_PMR22050,Modern Platinum Band for Men,orra,1.11,18KT,White+Rose,Gold,85302.0,diamond,0.0,1.0,24750.0,Round,10.0,Men,Band,https://cdn.orra.co.in/media/catalog/product/cache/10238651d5f95594b9023f998383bb67/p/m/pmr22050_1_0fi4bkip14irwafm.jpg,Tanishq_Jewelry_Dataset_Final/images/orra/PMR22050_1.jpg|Tanishq_Jewelry_Dataset_Final/images/orra/PMR22050_2.jpg|Tanishq_Jewelry_Dataset_Final/images/orra/PMR22050_3.jpg,19225.0,7.72
O_PMR22042,Classic Men's Ring in Platinum,orra,6.56,950PT,White,Platinum,47764.0,none,0.0,0.0,0.0,none,10.0,Men,Classic,https://cdn.orra.co.in/media/catalog/product/cache/10238651d5f95594b9023f998383bb67/p/m/pmr22042_1_3.jpg,Tanishq_Jewelry_Dataset_Final/images/orra/PMR22042_1.jpg|Tanishq_Jewelry_Dataset_Final/images/orra/PMR22042_2.jpg|Tanishq_Jewelry_Dataset_Final/images/orra/PMR22042_3.jpg|Tanishq_Jewelry_Dataset_Final/images/orra/PMR22042_4.jpg|Tanishq_Jewelry_Dataset_Final/images/orra/PMR22042_5.jpg|Tanishq_Jewelry_Dataset_Final/images/orra/PMR22042_6.jpg|Tanishq_Jewelry_Dataset_Final/images/orra/PMR22042_7.jpg|Tanishq_Jewelry_Dataset_Final/images/orra/PMR22042_8.jpg|Tanishq_Jewelry_Dataset_Final/images/orra/PMR22042_9.jpg,16400.0,6.56
O_PMR22051,Well Crafted Men's Square Ring,orra,0.99,18KT,White+Rose,Gold,89772.0,diamond,0.0,12.0,43500.0,Round,11.0,Men,none,https://cdn.orra.co.in/media/catalog/product/cache/10238651d5f95594b9023f998383bb67/p/m/pmr22051_1_kx3oesonb6jar1fy.jpg,Tanishq_Jewelry_Dataset_Final/images/orra/PMR22051_1.jpg|Tanishq_Jewelry_Dataset_Final/images/orra/PMR22051_2.jpg|Tanishq_Jewelry_Dataset_Final/images/orra/PMR22051_3.jpg,14305.0,5.78
O_PMR23001,Stylish Diamond Finger Ring For Men,orra,2.13,18KT,White+Rose,Gold,65695.0,diamond,0.0,1.0,5400.0,Round,11.0,Men,none,https://cdn.orra.co.in/media/catalog/product/cache/10238651d5f95594b9023f998383bb67/p/m/pmr23001_1_iu45ptngymfrt023.jpg,Tanishq_Jewelry_Dataset_Final/images/orra/PMR23001_1.jpg|Tanishq_Jewelry_Dataset_Final/images/orra/PMR23001_2.jpg|Tanishq_Jewelry_Dataset_Final/images/orra/PMR23001_3.jpg,18150.0,7.268
O_PMR23005,Elegant Finger Ring in Platinum for Men,orra,2.25,18KT,White+Rose,Gold,68359.0,diamond,0.0,1.0,6750.0,Round,12.0,Men,none,https://cdn.orra.co.in/media/catalog/product/cache/10238651d5f95594b9023f998383bb67/p/m/pmr23005_1_h4tjbm2nuskszyin.jpg,Tanishq_Jewelry_Dataset_Final/images/orra/PMR23005_1.jpg|Tanishq_Jewelry_Dataset_Final/images/orra/PMR23005_2.jpg|Tanishq_Jewelry_Dataset_Final/images/orra/PMR23005_3.jpg,18550.0,7.43
O_PMR23009,Textured Platinum Finger Ring For Men,orra,2.7,18KT,White+Rose,Gold,64448.0,diamond,0.0,1.0,5400.0,Round,11.0,Men,none,https://cdn.orra.co.in/media/catalog/product/cache/10238651d5f95594b9023f998383bb67/p/m/pmr23009_1_u6j2xbkilgot1pam.jpg,Tanishq_Jewelry_Dataset_Final/images/orra/PMR23009_1.jpg|Tanishq_Jewelry_Dataset_Final/images/orra/PMR23009_2.jpg|Tanishq_Jewelry_Dataset_Final/images/orra/PMR23009_3.jpg,17205.0,6.89
O_PMR23013,Subtle Men's Band in Platinum,orra,8.49,950PT,White,Platinum,69190.0,diamond,0.0,1.0,6750.0,Round,11.0,Men,Band,https://cdn.orra.co.in/media/catalog/product/cache/10238651d5f95594b9023f998383bb67/p/m/pmr23013_1_00dffhw1cjt0xwjz.jpg,Tanishq_Jewelry_Dataset_Final/images/orra/PMR23013_1.jpg|Tanishq_Jewelry_Dataset_Final/images/orra/PMR23013_2.jpg|Tanishq_Jewelry_Dataset_Final/images/orra/PMR23013_3.jpg,21225.0,8.49
O_PMR23015,Radiant Platinum Ring for Men,orra,7.83,950PT,White,Platinum,65660.0,diamond,0.0,1.0,8100.0,Round,11.0,Men,none,https://cdn.orra.co.in/media/catalog/product/cache/10238651d5f95594b9023f998383bb67/p/m/pmr23015_1_5ickrlhorqcg9nn2.jpg,Tanishq_Jewelry_Dataset_Final/images/orra/PMR23015_1.jpg|Tanishq_Jewelry_Dataset_Final/images/orra/PMR23015_2.jpg|Tanishq_Jewelry_Dataset_Final/images/orra/PMR23015_3.jpg,19575.0,7.83
O_PMR23023,Textured Platinum Ring for Men,orra,2.19,18KT,White+Rose,Gold,47591.0,none,0.0,0.0,0.0,none,11.0,Men,none,https://cdn.orra.co.in/media/catalog/product/cache/10238651d5f95594b9023f998383bb67/p/m/pmr23023_1_a17bphnxffggnm7b.jpg,Tanishq_Jewelry_Dataset_Final/images/orra/PMR23023_1.jpg|Tanishq_Jewelry_Dataset_Final/images/orra/PMR23023_2.jpg|Tanishq_Jewelry_Dataset_Final/images/orra/PMR23023_3.jpg,13925.0,5.57
O_PMR23025,Timeless Platinum Ring for Men,orra,2.71,18KT,White+Rose,Gold,51562.0,none,0.0,0.0,0.0,none,11.0,Men,none,https://cdn.orra.co.in/media/catalog/product/cache/10238651d5f95594b9023f998383bb67/p/m/pmr23025_1_jzvi2gng2s0fn5vk.jpg,Tanishq_Jewelry_Dataset_Final/images/orra/PMR23025_1.jpg|Tanishq_Jewelry_Dataset_Final/images/orra/PMR23025_2.jpg|Tanishq_Jewelry_Dataset_Final/images/orra/PMR23025_3.jpg,14750.0,5.9
O_PMR23019,Men's Finger Ring in 950P Platinum,orra,2.63,18KT,White+Rose,Gold,56846.0,none,0.0,0.0,0.0,none,11.0,Men,none,https://cdn.orra.co.in/media/catalog/product/cache/10238651d5f95594b9023f998383bb67/p/m/pmr23019_1_l1kdha1llkabobin.jpg,Tanishq_Jewelry_Dataset_Final/images/orra/PMR23019_1.jpg|Tanishq_Jewelry_Dataset_Final/images/orra/PMR23019_2.jpg|Tanishq_Jewelry_Dataset_Final/images/orra/PMR23019_3.jpg,16700.0,6.68
O_PMR23036,Dual toned Platinum Men's Ring,orra,0.7,18KT,White+Rose,Gold,52520.0,diamond,0.0,1.0,13500.0,Round,11.0,Men,none,https://cdn.orra.co.in/media/catalog/product/cache/10238651d5f95594b9023f998383bb67/p/m/pmr23036_1_85deyhzit1dsypyi.jpg,Tanishq_Jewelry_Dataset_Final/images/orra/PMR23036_1.jpg|Tanishq_Jewelry_Dataset_Final/images/orra/PMR23036_2.jpg|Tanishq_Jewelry_Dataset_Final/images/orra/PMR23036_3.jpg,14930.0,0.0
O_PMR23045,Classic 950Pt Platinum Men's Finger Ring,orra,2.35,18KT,White+Rose,Gold,56253.0,diamond,0.0,5.0,12150.0,Round,11.0,Men,Classic,https://cdn.orra.co.in/media/catalog/product/cache/10238651d5f95594b9023f998383bb67/p/m/pmr23045_1_asyohzwbqpaxjuzo.jpg,Tanishq_Jewelry_Dataset_Final/images/orra/PMR23045_1.jpg|Tanishq_Jewelry_Dataset_Final/images/orra/PMR23045_2.jpg|Tanishq_Jewelry_Dataset_Final/images/orra/PMR23045_3.jpg,14730.0,0.0
O_PMR23048,Charming Men's Finger Ring in Platinum,orra,4.05,18KT,White+Rose,Gold,89316.0,diamond,0.0,1.0,25500.0,Round,11.0,Men,none,https://cdn.orra.co.in/media/catalog/product/cache/10238651d5f95594b9023f998383bb67/p/m/pmr23048_1_ichdbekye4tkjcek.jpg,Tanishq_Jewelry_Dataset_Final/images/orra/PMR23048_1.jpg|Tanishq_Jewelry_Dataset_Final/images/orra/PMR23048_2.jpg|Tanishq_Jewelry_Dataset_Final/images/orra/PMR23048_3.jpg,21300.0,0.0
O_PMR23064-D300OPD,Dazzling Men's Diamond Ring,orra,0.6,18KT,White+Rose,Gold,126079.0,diamond,0.08,1.0,12000.0,Round,12.0,Men,none,https://www.orra.co.in/media/catalog/product/p/m/pmr23064_1_bm4kbayyeyivaca7.jpg,Tanishq_Jewelry_Dataset_Final/images/orra/PMR23064-D300OPD_1.jpg,32207.7,9.22
O_PMR23104,Men's Textured Platinum Ring,orra,7.27,950PT,White,Platinum,58740.0,diamond,0.0,3.0,5400.0,Round,11.0,Men,none,https://cdn.orra.co.in/media/catalog/product/cache/10238651d5f95594b9023f998383bb67/p/m/pmr23104_1_aber7asjjymwafcu.jpg,Tanishq_Jewelry_Dataset_Final/images/orra/PMR23104_1.jpg|Tanishq_Jewelry_Dataset_Final/images/orra/PMR23104_2.jpg|Tanishq_Jewelry_Dataset_Final/images/orra/PMR23104_3.jpg,18175.0,7.27
O_PRG13011,Alluring Diamond Finger Ring,orra,3.83,950PT,White,Platinum,38812.0,diamond,0.0,11.0,10500.0,Round,6.0,Women,none,https://cdn.orra.co.in/media/catalog/product/cache/10238651d5f95594b9023f998383bb67/p/r/prg13011_1_zqwi6xvhwhp8zebu.jpg,Tanishq_Jewelry_Dataset_Final/images/orra/PRG13011_1.jpg|Tanishq_Jewelry_Dataset_Final/images/orra/PRG13011_2.jpg|Tanishq_Jewelry_Dataset_Final/images/orra/PRG13011_3.jpg,9565.0,3.826
O_PRG12010,Dazzling Platinum Diamond Ring,orra,4.92,950PT,White,Platinum,61203.0,diamond,0.0,1.0,24000.0,Round,7.0,Women,none,https://cdn.orra.co.in/media/catalog/product/cache/10238651d5f95594b9023f998383bb67/p/r/prg12010_1_cohuogobcgkegsof.jpg,Tanishq_Jewelry_Dataset_Final/images/orra/PRG12010_1.jpg|Tanishq_Jewelry_Dataset_Final/images/orra/PRG12010_2.jpg|Tanishq_Jewelry_Dataset_Final/images/orra/PRG12010_3.jpg,12300.0,4.92
O_PPR17005,Glossy Diamond and Platinum Crown Star Ring,orra,2.8,950PT,White,Platinum,46444.0,diamond,0.0,10.0,25200.0,Round,6.0,Women,none,https://cdn.orra.co.in/media/catalog/product/cache/10238651d5f95594b9023f998383bb67/p/p/ppr17005_1_ruyijkz8gwkamkji.jpg,Tanishq_Jewelry_Dataset_Final/images/orra/PPR17005_1.jpg|Tanishq_Jewelry_Dataset_Final/images/orra/PPR17005_2.jpg|Tanishq_Jewelry_Dataset_Final/images/orra/PPR17005_3.jpg,7000.0,2.8
O_PRG13078,Minimalist Platinum Ring,orra,4.52,950PT,White,Platinum,76319.0,diamond,0.0,37.0,0.0,Round,6.0,Women,Minimal,https://cdn.orra.co.in/media/catalog/product/cache/10238651d5f95594b9023f998383bb67/p/r/prg13078_1_ebopwzqpqesehn7l.jpg,Tanishq_Jewelry_Dataset_Final/images/orra/PRG13078_1.jpg|Tanishq_Jewelry_Dataset_Final/images/orra/PRG13078_2.jpg|Tanishq_Jewelry_Dataset_Final/images/orra/PRG13078_3.jpg,11300.0,0.0
O_PRG14031,Intricate Platinum Finger Ring,orra,2.02,18KT,White+Rose,Gold,39233.0,none,0.0,0.0,0.0,none,6.0,Women,none,https://cdn.orra.co.in/media/catalog/product/cache/10238651d5f95594b9023f998383bb67/p/r/prg14031_2_3.jpg,Tanishq_Jewelry_Dataset_Final/images/orra/PRG14031_1.jpg|Tanishq_Jewelry_Dataset_Final/images/orra/PRG14031_2.jpg|Tanishq_Jewelry_Dataset_Final/images/orra/PRG14031_3.jpg|Tanishq_Jewelry_Dataset_Final/images/orra/PRG14031_4.jpg|Tanishq_Jewelry_Dataset_Final/images/orra/PRG14031_5.jpg|Tanishq_Jewelry_Dataset_Final/images/orra/PRG14031_6.jpg|Tanishq_Jewelry_Dataset_Final/images/orra/PRG14031_7.jpg|Tanishq_Jewelry_Dataset_Final/images/orra/PRG14031_8.jpg,11250.0,4.5
O_PRG14021,Exquisite Platinum Diamond Ring,orra,1.34,18KT,White+Rose,Gold,36796.0,none,0.0,0.0,0.0,none,6.0,Women,none,https://cdn.orra.co.in/media/catalog/product/cache/10238651d5f95594b9023f998383bb67/p/r/prg14021_1_otj7q7ajiqgptaq9.jpg,Tanishq_Jewelry_Dataset_Final/images/orra/PRG14021_1.jpg|Tanishq_Jewelry_Dataset_Final/images/orra/PRG14021_2.jpg|Tanishq_Jewelry_Dataset_Final/images/orra/PRG14021_3.jpg,11150.0,4.46
O_PRG16023,Geometric Diamond and Platinum Finger Ring,orra,0.66,18KT,White+Rose,Gold,30292.0,none,0.0,0.0,0.0,none,6.0,Women,Geometric,https://cdn.orra.co.in/media/catalog/product/cache/10238651d5f95594b9023f998383bb67/p/r/prg16023_1_1_1.jpg,Tanishq_Jewelry_Dataset_Final/images/orra/PRG16023_1.jpg|Tanishq_Jewelry_Dataset_Final/images/orra/PRG16023_2.jpg|Tanishq_Jewelry_Dataset_Final/images/orra/PRG16023_3.jpg|Tanishq_Jewelry_Dataset_Final/images/orra/PRG16023_4.jpg|Tanishq_Jewelry_Dataset_Final/images/orra/PRG16023_5.jpg|Tanishq_Jewelry_Dataset_Final/images/orra/PRG16023_6.jpg|Tanishq_Jewelry_Dataset_Final/images/orra/PRG16023_7.jpg,9657.5,3.863
O_PRG16045,Dazzling Ring in Platinum,orra,2.38,950PT,White,Platinum,30067.0,diamond,0.0,23.0,0.0,Round,6.0,Women,none,https://cdn.orra.co.in/media/catalog/product/cache/10238651d5f95594b9023f998383bb67/p/r/prg16045_1_qcjqukrd1ya5up4u.jpg,Tanishq_Jewelry_Dataset_Final/images/orra/PRG16045_1.jpg|Tanishq_Jewelry_Dataset_Final/images/orra/PRG16045_2.jpg|Tanishq_Jewelry_Dataset_Final/images/orra/PRG16045_3.jpg,5937.5,0.0
O_PRG16025,Sophisticated Diamond Ring,orra,1.03,18KT,White+Rose,Gold,47842.0,diamond,0.0,1.0,6750.0,Round,6.0,Women,none,https://cdn.orra.co.in/media/catalog/product/cache/10238651d5f95594b9023f998383bb67/p/r/prg16025_1_lxr35331vjy4pbpw.jpg,Tanishq_Jewelry_Dataset_Final/images/orra/PRG16025_1.jpg|Tanishq_Jewelry_Dataset_Final/images/orra/PRG16025_2.jpg|Tanishq_Jewelry_Dataset_Final/images/orra/PRG16025_3.jpg,12850.0,5.15
O_PRG17017,Glorious Platinum Diamond Finger Ring,orra,0.58,18KT,White+Rose,Gold,42902.0,diamond,0.0,2.0,8100.0,Round,6.0,Women,none,https://cdn.orra.co.in/media/catalog/product/cache/10238651d5f95594b9023f998383bb67/p/r/prg17017_1_boejzvzdyakup8gh.jpg,Tanishq_Jewelry_Dataset_Final/images/orra/PRG17017_1.jpg|Tanishq_Jewelry_Dataset_Final/images/orra/PRG17017_2.jpg|Tanishq_Jewelry_Dataset_Final/images/orra/PRG17017_3.jpg,11175.0,4.482
O_PRG18006,Charming Diamond and Platinum Ring,orra,1.8,18KT,White+Rose,Gold,38503.0,none,0.0,0.0,0.0,none,6.0,Women,none,https://cdn.orra.co.in/media/catalog/product/cache/10238651d5f95594b9023f998383bb67/p/r/prg18006_1_6ir8xpzjq8iqeii6.jpg,Tanishq_Jewelry_Dataset_Final/images/orra/PRG18006_1.jpg|Tanishq_Jewelry_Dataset_Final/images/orra/PRG18006_2.jpg|Tanishq_Jewelry_Dataset_Final/images/orra/PRG18006_3.jpg|Tanishq_Jewelry_Dataset_Final/images/orra/PRG18006_4.jpg|Tanishq_Jewelry_Dataset_Final/images/orra/PRG18006_5.jpg|Tanishq_Jewelry_Dataset_Final/images/orra/PRG18006_6.jpg|Tanishq_Jewelry_Dataset_Final/images/orra/PRG18006_7.jpg|Tanishq_Jewelry_Dataset_Final/images/orra/PRG18006_8.jpg,11225.0,4.49
O_PRG18004,Royal Elegance Platinum and Gold Band,orra,1.56,18KT,White+Rose,Gold,34634.0,none,0.0,0.0,0.0,none,6.0,Women,Band,https://cdn.orra.co.in/media/catalog/product/cache/10238651d5f95594b9023f998383bb67/p/r/prg18004_1_mb0glv5kjioek6q3.jpg,Tanishq_Jewelry_Dataset_Final/images/orra/PRG18004_1.jpg|Tanishq_Jewelry_Dataset_Final/images/orra/PRG18004_2.jpg|Tanishq_Jewelry_Dataset_Final/images/orra/PRG18004_3.jpg|Tanishq_Jewelry_Dataset_Final/images/orra/PRG18004_4.jpg,10150.0,4.06
O_PRG18008,Luxurious Platinum Finger Ring,orra,1.64,18KT,White+Rose,Gold,45342.0,diamond,0.0,1.0,2700.0,Round,6.0,Women,none,https://cdn.orra.co.in/media/catalog/product/cache/10238651d5f95594b9023f998383bb67/p/r/prg18008_1_kgprihd4z5ksdzls.jpg,Tanishq_Jewelry_Dataset_Final/images/orra/PRG18008_1.jpg|Tanishq_Jewelry_Dataset_Final/images/orra/PRG18008_2.jpg|Tanishq_Jewelry_Dataset_Final/images/orra/PRG18008_3.jpg,12765.0,5.11
O_PRG18010,Gorgeous Diamond and Platinum Finger Ring,orra,2.23,18KT,White+Rose,Gold,46696.0,none,0.0,0.0,0.0,none,6.0,Women,none,https://cdn.orra.co.in/media/catalog/product/cache/10238651d5f95594b9023f998383bb67/p/r/prg18010_1_wk0m9akpozozgqju.jpg,Tanishq_Jewelry_Dataset_Final/images/orra/PRG18010_1.jpg|Tanishq_Jewelry_Dataset_Final/images/orra/PRG18010_2.jpg|Tanishq_Jewelry_Dataset_Final/images/orra/PRG18010_3.jpg,13625.0,5.45
O_PRG19022,Stylish Platinum Ring,orra,4.1,950PT,White,Platinum,69862.0,diamond,0.0,19.0,38700.0,Round,6.0,Women,none,https://cdn.orra.co.in/media/catalog/product/cache/10238651d5f95594b9023f998383bb67/p/r/prg19022_1_sxypxpzkiizufpqm.jpg,Tanishq_Jewelry_Dataset_Final/images/orra/PRG19022_1.jpg|Tanishq_Jewelry_Dataset_Final/images/orra/PRG19022_2.jpg|Tanishq_Jewelry_Dataset_Final/images/orra/PRG19022_3.jpg,10240.0,4.096
O_PRG19002,Gorgeous Platinum Ring,orra,2.06,18KT,White+Rose,Gold,52235.0,diamond,0.0,11.0,9450.0,Round,6.0,Women,none,https://cdn.orra.co.in/media/catalog/product/cache/10238651d5f95594b9023f998383bb67/p/r/prg19002_1_3.jpg,Tanishq_Jewelry_Dataset_Final/images/orra/PRG19002_1.jpg|Tanishq_Jewelry_Dataset_Final/images/orra/PRG19002_2.jpg|Tanishq_Jewelry_Dataset_Final/images/orra/PRG19002_3.jpg|Tanishq_Jewelry_Dataset_Final/images/orra/PRG19002_4.jpg|Tanishq_Jewelry_Dataset_Final/images/orra/PRG19002_5.jpg|Tanishq_Jewelry_Dataset_Final/images/orra/PRG19002_6.jpg,12290.0,4.93
O_PRG19020,Gorgeous Diamond Finger Ring,orra,1.1,18KT,White+Rose,Gold,39969.0,diamond,0.0,25.0,21735.0,Round,6.0,Women,none,https://cdn.orra.co.in/media/catalog/product/cache/10238651d5f95594b9023f998383bb67/p/r/prg19020_1_zlio2pjqm85zhnqg.jpg,Tanishq_Jewelry_Dataset_Final/images/orra/PRG19020_1.jpg|Tanishq_Jewelry_Dataset_Final/images/orra/PRG19020_2.jpg|Tanishq_Jewelry_Dataset_Final/images/orra/PRG19020_3.jpg,7075.0,0.0
O_PRG19034,Versatile Diamond Ring,orra,3.13,950PT,White,Platinum,36817.0,diamond,0.0,19.0,13500.0,Round,6.0,Women,none,https://cdn.orra.co.in/media/catalog/product/cache/10238651d5f95594b9023f998383bb67/p/r/prg19034_1_1ombmqr2gf3j1svi.jpg,Tanishq_Jewelry_Dataset_Final/images/orra/PRG19034_1.jpg|Tanishq_Jewelry_Dataset_Final/images/orra/PRG19034_2.jpg|Tanishq_Jewelry_Dataset_Final/images/orra/PRG19034_3.jpg,7825.0,3.13
O_PRG20053,Furl Design Platinum Ring,orra,0.58,18KT,White+Rose,Gold,18748.0,none,0.0,0.0,0.0,none,6.0,Women,none,https://cdn.orra.co.in/media/catalog/product/cache/10238651d5f95594b9023f998383bb67/p/r/prg20053_1_4dolhcsonvzcwen5.jpg,Tanishq_Jewelry_Dataset_Final/images/orra/PRG20053_1.jpg|Tanishq_Jewelry_Dataset_Final/images/orra/PRG20053_2.jpg|Tanishq_Jewelry_Dataset_Final/images/orra/PRG20053_3.jpg,5792.5,2.317
O_PRG22027-D000PHD,Artistic Infinity Ring,orra,2.74,950PT,White,Platinum,29329.0,none,0.0,0.0,0.0,none,8.0,Women,Infinity,https://www.orra.co.in/media/catalog/product/p/r/prg22027_1_9uq7ja6hrbouhzdy.jpg,Tanishq_Jewelry_Dataset_Final/images/orra/PRG22027-D000PHD_1.jpg,7673.4,0.0
O_PRG20068,Dazzling Platinum Diamond Ring,orra,3.0,950PT,White,Platinum,37072.0,diamond,0.0,22.0,0.0,Round,6.0,Women,none,https://cdn.orra.co.in/media/catalog/product/cache/10238651d5f95594b9023f998383bb67/p/r/prg20068_1_hz51tcefqi9gdw3k.jpg,Tanishq_Jewelry_Dataset_Final/images/orra/PRG20068_1.jpg|Tanishq_Jewelry_Dataset_Final/images/orra/PRG20068_2.jpg|Tanishq_Jewelry_Dataset_Final/images/orra/PRG20068_3.jpg,7500.0,0.0
O_PRG21004-D200OJD,Classic Diamond Ring,orra,0.48,18KT,White+Rose,Gold,83578.0,diamond,0.32,16.0,53750.0,Round,9.0,Women,Classic,https://www.orra.co.in/media/catalog/product/p/r/prg21004_1_4sqdmftrd2k0scwj.jpg,Tanishq_Jewelry_Dataset_Final/images/orra/PRG21004-D200OJD_1.jpg,11502.75,0.0
O_PRG22057,Appealing Diamond Ring,orra,3.86,950PT,White,Platinum,65022.0,diamond,0.0,13.0,0.0,Round,7.0,Women,none,https://cdn.orra.co.in/media/catalog/product/cache/10238651d5f95594b9023f998383bb67/p/r/prg22057_1_gaok5lidncqglmc2.jpg,Tanishq_Jewelry_Dataset_Final/images/orra/PRG22057_1.jpg|Tanishq_Jewelry_Dataset_Final/images/orra/PRG22057_2.jpg|Tanishq_Jewelry_Dataset_Final/images/orra/PRG22057_3.jpg,9650.0,0.0
O_PRG22056-D300PBD,Alluring Diamond Finger Ring,orra,4.07,950PT,White,Platinum,86120.0,diamond,0.32,29.0,0.0,Round,5.0,Women,none,https://www.orra.co.in/media/catalog/product/p/r/prg22056_1.jpg,Tanishq_Jewelry_Dataset_Final/images/orra/PRG22056-D300PBD_1.jpg,14244.3,0.0
O_PRG22059,Stunning Ring in Platinum,orra,3.08,950PT,White,Platinum,72891.0,diamond,0.0,9.0,48900.0,Round,7.0,Women,none,https://cdn.orra.co.in/media/catalog/product/cache/10238651d5f95594b9023f998383bb67/p/r/prg22059_1_1sp8ack27al9yixm.jpg,Tanishq_Jewelry_Dataset_Final/images/orra/PRG22059_1.jpg|Tanishq_Jewelry_Dataset_Final/images/orra/PRG22059_2.jpg|Tanishq_Jewelry_Dataset_Final/images/orra/PRG22059_3.jpg,7700.0,3.08
O_PRG22061,Dazzling Platinum Ring,orra,3.15,950PT,White,Platinum,70391.0,diamond,0.0,21.0,46050.0,Round,6.0,Women,none,https://cdn.orra.co.in/media/catalog/product/cache/10238651d5f95594b9023f998383bb67/p/r/prg22061_1_xyvir5zockdsztup.jpg,Tanishq_Jewelry_Dataset_Final/images/orra/PRG22061_1.jpg|Tanishq_Jewelry_Dataset_Final/images/orra/PRG22061_2.jpg|Tanishq_Jewelry_Dataset_Final/images/orra/PRG22061_3.jpg,7875.0,3.15
O_PRG22060-D200PFD,Mesmerising Diamond Ring,orra,2.27,950PT,White,Platinum,75344.0,diamond,0.3,21.0,46500.0,Round,7.0,Women,none,https://www.orra.co.in/media/catalog/product/p/r/prg22060_1_jye2zulsubcycrab.jpg,Tanishq_Jewelry_Dataset_Final/images/orra/PRG22060-D200PFD_1.jpg,7938.0,2.27
O_PRG23014,Precious Diamond and Platinum Ring,orra,5.23,950PT,White,Platinum,42449.0,diamond,0.0,1.0,4050.0,Round,6.0,Women,none,https://cdn.orra.co.in/media/catalog/product/cache/10238651d5f95594b9023f998383bb67/p/r/prg23014_1_067espe5oz0upjhd.jpg,Tanishq_Jewelry_Dataset_Final/images/orra/PRG23014_1.jpg|Tanishq_Jewelry_Dataset_Final/images/orra/PRG23014_2.jpg|Tanishq_Jewelry_Dataset_Final/images/orra/PRG23014_3.jpg,13085.0,5.234
O_PRG23020,Textured Diamond and Platinum Ring,orra,2.14,18KT,White+Rose,Gold,38084.0,none,0.0,0.0,0.0,none,7.0,Women,none,https://cdn.orra.co.in/media/catalog/product/cache/10238651d5f95594b9023f998383bb67/p/r/prg23020_1_e5qjqewdvvgxq2cr.jpg,Tanishq_Jewelry_Dataset_Final/images/orra/PRG23020_1.jpg|Tanishq_Jewelry_Dataset_Final/images/orra/PRG23020_2.jpg|Tanishq_Jewelry_Dataset_Final/images/orra/PRG23020_3.jpg|Tanishq_Jewelry_Dataset_Final/images/orra/PRG23020_4.jpg|Tanishq_Jewelry_Dataset_Final/images/orra/PRG23020_5.jpg|Tanishq_Jewelry_Dataset_Final/images/orra/PRG23020_6.jpg|Tanishq_Jewelry_Dataset_Final/images/orra/PRG23020_7.jpg|Tanishq_Jewelry_Dataset_Final/images/orra/PRG23020_8.jpg|Tanishq_Jewelry_Dataset_Final/images/orra/PRG23020_9.jpg,10725.0,4.29
O_PRG23024,Sophisticated Diamond Ring,orra,1.84,18KT,White+Rose,Gold,32323.0,none,0.0,0.0,0.0,none,7.0,Women,none,https://cdn.orra.co.in/media/catalog/product/cache/10238651d5f95594b9023f998383bb67/p/r/prg23024_1_wdhrhemhgisccwxr.jpg,Tanishq_Jewelry_Dataset_Final/images/orra/PRG23024_1.jpg|Tanishq_Jewelry_Dataset_Final/images/orra/PRG23024_2.jpg|Tanishq_Jewelry_Dataset_Final/images/orra/PRG23024_3.jpg,9075.0,3.63
O_PRG23037,Single Diamond and Platinum Finger Ring,orra,1.93,18KT,White+Rose,Gold,46096.0,diamond,0.0,1.0,16500.0,Round,7.0,Women,none,https://cdn.orra.co.in/media/catalog/product/cache/10238651d5f95594b9023f998383bb67/p/r/prg23037_1_yv09hgch0mqcmd2m.jpg,Tanishq_Jewelry_Dataset_Final/images/orra/PRG23037_1.jpg|Tanishq_Jewelry_Dataset_Final/images/orra/PRG23037_2.jpg|Tanishq_Jewelry_Dataset_Final/images/orra/PRG23037_3.jpg,10050.0,0.0
O_PRG23041,Contemporary Platinum Diamond Ring,orra,4.7,950PT,White,Platinum,79209.0,diamond,0.0,19.0,0.0,Round,7.0,Women,none,https://cdn.orra.co.in/media/catalog/product/cache/10238651d5f95594b9023f998383bb67/p/r/prg23041_1_2.jpg,Tanishq_Jewelry_Dataset_Final/images/orra/PRG23041_1.jpg|Tanishq_Jewelry_Dataset_Final/images/orra/PRG23041_2.jpg|Tanishq_Jewelry_Dataset_Final/images/orra/PRG23041_3.jpg|Tanishq_Jewelry_Dataset_Final/images/orra/PRG23041_4.jpg|Tanishq_Jewelry_Dataset_Final/images/orra/PRG23041_5.jpg|Tanishq_Jewelry_Dataset_Final/images/orra/PRG23041_6.jpg,11740.0,0.0
O_PRG23051,Criscross Design Platinum Finger Ring,orra,4.18,950PT,White,Platinum,32996.0,diamond,0.0,7.0,0.0,Round,7.0,Women,none,https://cdn.orra.co.in/media/catalog/product/cache/10238651d5f95594b9023f998383bb67/p/r/prg23051_1_e700bl2tia1kywhq.jpg,Tanishq_Jewelry_Dataset_Final/images/orra/PRG23051_1.jpg|Tanishq_Jewelry_Dataset_Final/images/orra/PRG23051_2.jpg|Tanishq_Jewelry_Dataset_Final/images/orra/PRG23051_3.jpg,10450.0,0.0
O_PRG23044,Linear Diamond Studded Platinum Ring,orra,1.25,18KT,White+Rose,Gold,60426.0,diamond,0.0,46.0,44550.0,Round,7.0,Women,none,https://cdn.orra.co.in/media/catalog/product/cache/10238651d5f95594b9023f998383bb67/p/r/prg23044_1_nkmmelkbivaycdou.jpg,Tanishq_Jewelry_Dataset_Final/images/orra/PRG23044_1.jpg|Tanishq_Jewelry_Dataset_Final/images/orra/PRG23044_2.jpg|Tanishq_Jewelry_Dataset_Final/images/orra/PRG23044_3.jpg,7525.0,0.0
O_PRG23094-D300PDD,Sleek Diamond and Platinum Ring,orra,4.24,950PT,White,Platinum,58292.0,diamond,0.05,1.0,6750.0,Round,6.0,Women,none,https://www.orra.co.in/media/catalog/product/p/r/prg23094_1_adhas5w6wwvrcwq8.jpg,Tanishq_Jewelry_Dataset_Final/images/orra/PRG23094-D300PDD_1.jpg,14847.0,4.24
O_YMR19002,Stylish Diamond Finger Ring for Men,orra,6.23,18KT,Yellow,Gold,110184.0,diamond,0.0,1.0,59400.0,Round,10.0,Men,none,https://cdn.orra.co.in/media/catalog/product/cache/10238651d5f95594b9023f998383bb67/y/m/ymr19002_1_hazxiywrwj7pq8jo.jpg,Tanishq_Jewelry_Dataset_Final/images/orra/YMR19002_1.jpg|Tanishq_Jewelry_Dataset_Final/images/orra/YMR19002_2.jpg|Tanishq_Jewelry_Dataset_Final/images/orra/YMR19002_3.jpg,17132.5,0.0
O_YMR22001,Luxurious Men's Solitaire Finger Ring,orra,8.25,950PT,White,Platinum,132919.0,diamond,0.0,1.0,0.0,Round,10.0,Men,Solitaire,https://cdn.orra.co.in/media/catalog/product/cache/10238651d5f95594b9023f998383bb67/y/m/ymr22001_1_6v7nz2ghgdkbndtk.jpg,Tanishq_Jewelry_Dataset_Final/images/orra/YMR22001_1.jpg|Tanishq_Jewelry_Dataset_Final/images/orra/YMR22001_2.jpg|Tanishq_Jewelry_Dataset_Final/images/orra/YMR22001_3.jpg,20625.0,0.0
O_YMR20005,Exquisite Diamond Men's Solitaire Ring,orra,4.9,18KT,White+Rose,Gold,122006.0,diamond,0.0,1.0,78000.0,Round,10.0,Men,Solitaire,https://cdn.orra.co.in/media/catalog/product/cache/10238651d5f95594b9023f998383bb67/y/m/ymr20005_1_qx4ahcjl7ouyuili.jpg,Tanishq_Jewelry_Dataset_Final/images/orra/YMR20005_1.jpg|Tanishq_Jewelry_Dataset_Final/images/orra/YMR20005_2.jpg|Tanishq_Jewelry_Dataset_Final/images/orra/YMR20005_3.jpg,13464.0,0.0
O_YMR22004,Stylish Platinum Solitaire Men's Ring,orra,8.16,950PT,White,Platinum,110130.0,diamond,0.0,1.0,0.0,Round,10.0,Men,Solitaire,https://cdn.orra.co.in/media/catalog/product/cache/10238651d5f95594b9023f998383bb67/y/m/ymr22004_1_7qw3it1syxninxid.jpg,Tanishq_Jewelry_Dataset_Final/images/orra/YMR22004_1.jpg|Tanishq_Jewelry_Dataset_Final/images/orra/YMR22004_2.jpg|Tanishq_Jewelry_Dataset_Final/images/orra/YMR22004_3.jpg,20405.0,0.0
O_YMR22002-D300PND,Quality Men's Diamond Solitaire Ring,orra,8.64,950PT,White,Platinum,195481.0,diamond,0.5,1.0,0.0,Round,11.0,Men,Solitaire,https://www.orra.co.in/media/catalog/product/y/m/ymr22002_1_h13gi8sf6u47ea2r.jpg,Tanishq_Jewelry_Dataset_Final/images/orra/YMR22002-D300PND_1.jpg,30245.25,0.0
O_YMR22008,Glossy Platinum Solitaire Diamond Ring,orra,7.73,950PT,White,Platinum,94730.0,diamond,0.0,1.0,0.0,Round,10.0,Men,Solitaire,https://cdn.orra.co.in/media/catalog/product/cache/10238651d5f95594b9023f998383bb67/y/m/ymr22008_1_y6gr4yjvxrqmvlzg.jpg,Tanishq_Jewelry_Dataset_Final/images/orra/YMR22008_1.jpg|Tanishq_Jewelry_Dataset_Final/images/orra/YMR22008_2.jpg|Tanishq_Jewelry_Dataset_Final/images/orra/YMR22008_3.jpg,19325.0,0.0
O_YMR23009,Two-toned Diamond Men's Ring,orra,8.26,18KT,Yellow+White,Gold,195881.0,diamond,0.0,1.0,119250.0,Round,11.0,Men,none,https://cdn.orra.co.in/media/catalog/product/cache/10238651d5f95594b9023f998383bb67/y/m/ymr23009_1_dtxbtp9srxj2raya.jpg,Tanishq_Jewelry_Dataset_Final/images/orra/YMR23009_1.jpg|Tanishq_Jewelry_Dataset_Final/images/orra/YMR23009_2.jpg|Tanishq_Jewelry_Dataset_Final/images/orra/YMR23009_3.jpg,22726.0,0.0
O_YMR23007,Solitaire Diamond Finger Ring For Men,orra,16.24,18KT,Yellow,Gold,274633.0,diamond,0.0,1.0,114750.0,Princess,11.0,Men,Solitaire,https://cdn.orra.co.in/media/catalog/product/cache/10238651d5f95594b9023f998383bb67/y/m/ymr23007_1_taeblyiapjq7xmec.jpg,Tanishq_Jewelry_Dataset_Final/images/orra/YMR23007_1.jpg|Tanishq_Jewelry_Dataset_Final/images/orra/YMR23007_2.jpg|Tanishq_Jewelry_Dataset_Final/images/orra/YMR23007_3.jpg,44660.0,0.0
O_YMR23004-D200RNB,Dazzling Men's Diamond Finger Ring,orra,9.41,18KT,Yellow,Gold,244189.0,diamond,0.5,1.0,105000.0,Asscher,11.0,Men,none,https://www.orra.co.in/media/catalog/product/y/m/ymr23004_1_j2jdbcpa7jejqidm.jpg,Tanishq_Jewelry_Dataset_Final/images/orra/YMR23004-D200RNB_1.jpg,32928.0,0.0
O_YMR23012,Dual Toned Men's Solitaire Ring,orra,4.52,18KT,Yellow+White,Gold,117879.0,diamond,0.0,1.0,78000.0,Round,11.0,Men,Solitaire,https://cdn.orra.co.in/media/catalog/product/cache/10238651d5f95594b9023f998383bb67/y/m/ymr23012_1_hnor1u1zhdeliokb.jpg,Tanishq_Jewelry_Dataset_Final/images/orra/YMR23012_1.jpg|Tanishq_Jewelry_Dataset_Final/images/orra/YMR23012_2.jpg|Tanishq_Jewelry_Dataset_Final/images/orra/YMR23012_3.jpg,12430.0,0.0
O_YMR23014,Gleaming Men's Diamond Finger Ring,orra,4.11,18KT,Yellow,Gold,101442.0,diamond,0.0,1.0,64350.0,Round,11.0,Men,none,https://cdn.orra.co.in/media/catalog/product/cache/10238651d5f95594b9023f998383bb67/y/m/ymr23014_1_av0q9cvaz4xx2jcw.jpg,Tanishq_Jewelry_Dataset_Final/images/orra/YMR23014_1.jpg|Tanishq_Jewelry_Dataset_Final/images/orra/YMR23014_2.jpg|Tanishq_Jewelry_Dataset_Final/images/orra/YMR23014_3.jpg,11302.5,0.0
O_YMR23011,Solid Men's Diamond Ring,orra,5.0,18KT,Yellow,Gold,122752.0,diamond,0.0,1.0,78000.0,Round,11.0,Men,none,https://cdn.orra.co.in/media/catalog/product/cache/10238651d5f95594b9023f998383bb67/y/m/ymr23011_1_gyddkdatrhzuhxzw.jpg,Tanishq_Jewelry_Dataset_Final/images/orra/YMR23011_1.jpg|Tanishq_Jewelry_Dataset_Final/images/orra/YMR23011_2.jpg|Tanishq_Jewelry_Dataset_Final/images/orra/YMR23011_3.jpg,13750.0,0.0
O_YMR23013,Solitaire Rose Gold Ring for Men,orra,8.59,18KT,Rose,Gold,132706.0,diamond,0.0,1.0,60450.0,Round,11.0,Men,Solitaire,https://cdn.orra.co.in/media/catalog/product/cache/10238651d5f95594b9023f998383bb67/y/m/ymr23013_1_wxh2pfqnwyqu85v2.jpg,Tanishq_Jewelry_Dataset_Final/images/orra/YMR23013_1.jpg|Tanishq_Jewelry_Dataset_Final/images/orra/YMR23013_2.jpg|Tanishq_Jewelry_Dataset_Final/images/orra/YMR23013_3.jpg,23617.0,0.0
O_YRG19003,Diamond Solitaire Ring,orra,2.42,18KT,Rose,Gold,89450.0,diamond,0.0,1.0,70200.0,Round,6.0,Women,Solitaire,https://cdn.orra.co.in/media/catalog/product/cache/10238651d5f95594b9023f998383bb67/y/r/yrg19003_1_l6l7vppvygrdwso8.jpg,Tanishq_Jewelry_Dataset_Final/images/orra/YRG19003_1.jpg|Tanishq_Jewelry_Dataset_Final/images/orra/YRG19003_2.jpg|Tanishq_Jewelry_Dataset_Final/images/orra/YRG19003_3.jpg,6655.0,0.0
O_YRG19009,Gleaming 18KT Rose Gold Ring,orra,2.81,18KT,Rose,Gold,80763.0,diamond,0.0,31.0,55848.0,Round,6.0,Women,none,https://cdn.orra.co.in/media/catalog/product/cache/10238651d5f95594b9023f998383bb67/y/r/yrg19009_1_jnawrb3uxavw331p.jpg,Tanishq_Jewelry_Dataset_Final/images/orra/YRG19009_1.jpg|Tanishq_Jewelry_Dataset_Final/images/orra/YRG19009_2.jpg|Tanishq_Jewelry_Dataset_Final/images/orra/YRG19009_3.jpg,7713.75,0.0
O_YRG19013,Diamond Circled Finger Ring,orra,1.98,18KT,Rose,Gold,98857.0,diamond,0.0,19.0,85804.0,Round,7.0,Women,none,https://cdn.orra.co.in/media/catalog/product/cache/10238651d5f95594b9023f998383bb67/y/r/yrg19013_1_nznfahmb9sderbpq.jpg,Tanishq_Jewelry_Dataset_Final/images/orra/YRG19013_1.jpg|Tanishq_Jewelry_Dataset_Final/images/orra/YRG19013_2.jpg|Tanishq_Jewelry_Dataset_Final/images/orra/YRG19013_3.jpg,4750.0,0.0
O_YRG19001,Stunning Rose Gold Ring,orra,1.9,18KT,Rose,Gold,72279.0,diamond,0.0,1.0,57600.0,Round,6.0,Women,none,https://cdn.orra.co.in/media/catalog/product/cache/10238651d5f95594b9023f998383bb67/y/r/yrg19001_1_kzxsr7czk5s69fzq.jpg,Tanishq_Jewelry_Dataset_Final/images/orra/YRG19001_1.jpg|Tanishq_Jewelry_Dataset_Final/images/orra/YRG19001_2.jpg|Tanishq_Jewelry_Dataset_Final/images/orra/YRG19001_3.jpg,4750.0,0.0
O_YRG19023,Dainty Diamond Finger Ring,orra,2.53,18KT,Yellow,Gold,135285.0,diamond,0.0,51.0,118160.0,Round,6.0,Women,none,https://cdn.orra.co.in/media/catalog/product/cache/10238651d5f95594b9023f998383bb67/y/r/yrg19023_1_x0ajixr7uc1bqwgn.jpg,Tanishq_Jewelry_Dataset_Final/images/orra/YRG19023_1.jpg|Tanishq_Jewelry_Dataset_Final/images/orra/YRG19023_2.jpg|Tanishq_Jewelry_Dataset_Final/images/orra/YRG19023_3.jpg,6968.5,0.0
O_YRG19027,Square Diamond Ring,orra,2.77,18KT,White+Rose,Gold,229288.0,diamond,0.0,49.0,216530.0,Round,6.0,Women,none,https://cdn.orra.co.in/media/catalog/product/cache/10238651d5f95594b9023f998383bb67/y/r/yrg19027_1_ld1mt4fzftb3wy2o.jpg,Tanishq_Jewelry_Dataset_Final/images/orra/YRG19027_1.jpg|Tanishq_Jewelry_Dataset_Final/images/orra/YRG19027_2.jpg|Tanishq_Jewelry_Dataset_Final/images/orra/YRG19027_3.jpg,7617.5,0.0
O_YRG20525-M300XHB,Universal Diamond Finger Ring in Rose Gold,orra,2.9,18KT,Rose,Gold,437046.0,diamond,1.21,37.0,422700.0,Round,8.0,Women,none,https://www.orra.co.in/media/catalog/product/y/r/yrg20525_1_jxpyzkebjafcudig.jpg,Tanishq_Jewelry_Dataset_Final/images/orra/YRG20525-M300XHB_1.jpg,10135.65,0.0
O_YRG19031,Golden Cascade Sparkle 18KT Womens Ring,orra,3.34,18KT,Yellow,Gold,113682.0,diamond,0.0,47.0,85800.0,Round,6.0,Women,none,https://cdn.orra.co.in/media/catalog/product/cache/10238651d5f95594b9023f998383bb67/y/r/yrg19031_1_2.jpg,Tanishq_Jewelry_Dataset_Final/images/orra/YRG19031_1.jpg|Tanishq_Jewelry_Dataset_Final/images/orra/YRG19031_2.jpg|Tanishq_Jewelry_Dataset_Final/images/orra/YRG19031_3.jpg|Tanishq_Jewelry_Dataset_Final/images/orra/YRG19031_4.jpg|Tanishq_Jewelry_Dataset_Final/images/orra/YRG19031_5.jpg|Tanishq_Jewelry_Dataset_Final/images/orra/YRG19031_6.jpg|Tanishq_Jewelry_Dataset_Final/images/orra/YRG19031_7.jpg|Tanishq_Jewelry_Dataset_Final/images/orra/YRG19031_8.jpg|Tanishq_Jewelry_Dataset_Final/images/orra/YRG19031_9.jpg,9196.0,0.0
O_YRG23001,18KT Yellow Gold and Diamond Ring,orra,4.77,18KT,Yellow,Gold,175099.0,diamond,0.0,99.0,136260.0,Round,7.0,Women,none,https://cdn.orra.co.in/media/catalog/product/cache/10238651d5f95594b9023f998383bb67/y/r/yrg23001_1_2.jpg,Tanishq_Jewelry_Dataset_Final/images/orra/YRG23001_1.jpg|Tanishq_Jewelry_Dataset_Final/images/orra/YRG23001_2.jpg|Tanishq_Jewelry_Dataset_Final/images/orra/YRG23001_3.jpg|Tanishq_Jewelry_Dataset_Final/images/orra/YRG23001_4.jpg|Tanishq_Jewelry_Dataset_Final/images/orra/YRG23001_5.jpg|Tanishq_Jewelry_Dataset_Final/images/orra/YRG23001_6.jpg,13117.5,0.0
O_YRG23008,Gorgeous Diamond Finger Ring,orra,2.32,18KT,Yellow,Gold,123519.0,diamond,0.0,73.0,107833.0,Round,7.0,Women,none,https://cdn.orra.co.in/media/catalog/product/cache/10238651d5f95594b9023f998383bb67/y/r/yrg23008_1_1_1.jpg,Tanishq_Jewelry_Dataset_Final/images/orra/YRG23008_1.jpg|Tanishq_Jewelry_Dataset_Final/images/orra/YRG23008_2.jpg|Tanishq_Jewelry_Dataset_Final/images/orra/YRG23008_3.jpg|Tanishq_Jewelry_Dataset_Final/images/orra/YRG23008_4.jpg|Tanishq_Jewelry_Dataset_Final/images/orra/YRG23008_5.jpg|Tanishq_Jewelry_Dataset_Final/images/orra/YRG23008_6.jpg,6388.25,0.0
O_YRG23003,Solitaire Ring in Sparkling Yellow Gold,orra,1.9,18KT,Yellow,Gold,149535.0,diamond,0.0,55.0,141142.0,Round,7.0,Women,Solitaire,https://cdn.orra.co.in/media/catalog/product/cache/10238651d5f95594b9023f998383bb67/y/r/yrg23003_2.jpg,Tanishq_Jewelry_Dataset_Final/images/orra/YRG23003_1.jpg|Tanishq_Jewelry_Dataset_Final/images/orra/YRG23003_2.jpg|Tanishq_Jewelry_Dataset_Final/images/orra/YRG23003_3.jpg|Tanishq_Jewelry_Dataset_Final/images/orra/YRG23003_4.jpg,4750.0,0.0
O_YRG23004,Gleaming Solitaire Ring,orra,2.08,18KT,Rose,Gold,105343.0,diamond,0.0,55.0,90890.0,Round,8.0,Women,Solitaire,https://cdn.orra.co.in/media/catalog/product/cache/10238651d5f95594b9023f998383bb67/y/r/yrg23004_1_3i1n19v2gyhaaswt.jpg,Tanishq_Jewelry_Dataset_Final/images/orra/YRG23004_1.jpg|Tanishq_Jewelry_Dataset_Final/images/orra/YRG23004_2.jpg|Tanishq_Jewelry_Dataset_Final/images/orra/YRG23004_3.jpg,5714.5,0.0
O_YRG23009,Circular Diamond Finger Ring,orra,3.6,18KT,Yellow,Gold,156471.0,diamond,0.0,51.0,129300.0,Round,7.0,Women,none,https://cdn.orra.co.in/media/catalog/product/cache/10238651d5f95594b9023f998383bb67/y/r/yrg23009_1_d3q5q1q8bkwyu9az.jpg,Tanishq_Jewelry_Dataset_Final/images/orra/YRG23009_1.jpg|Tanishq_Jewelry_Dataset_Final/images/orra/YRG23009_2.jpg|Tanishq_Jewelry_Dataset_Final/images/orra/YRG23009_3.jpg|Tanishq_Jewelry_Dataset_Final/images/orra/YRG23009_4.jpg|Tanishq_Jewelry_Dataset_Final/images/orra/YRG23009_5.jpg,9900.0,0.0
O_YRG23014,Glorious 18KT Rose Gold Ring,orra,2.62,18KT,Rose,Gold,155800.0,diamond,0.0,21.0,140100.0,Round,7.0,Women,none,https://cdn.orra.co.in/media/catalog/product/cache/10238651d5f95594b9023f998383bb67/y/r/yrg23014_1_ipqvlneeen2vvfmp.jpg,Tanishq_Jewelry_Dataset_Final/images/orra/YRG23014_1.jpg|Tanishq_Jewelry_Dataset_Final/images/orra/YRG23014_2.jpg|Tanishq_Jewelry_Dataset_Final/images/orra/YRG23014_3.jpg|Tanishq_Jewelry_Dataset_Final/images/orra/YRG23014_4.jpg|Tanishq_Jewelry_Dataset_Final/images/orra/YRG23014_5.jpg,7205.0,0.0
O_YRG23012,Gorgeous Diamond Finger Ring,orra,2.43,18KT,Yellow,Gold,139270.0,diamond,0.0,3.0,124200.0,Round,7.0,Women,none,https://cdn.orra.co.in/media/catalog/product/cache/10238651d5f95594b9023f998383bb67/y/r/yrg23012_1_nlrnac9tiigolplg.jpg,Tanishq_Jewelry_Dataset_Final/images/orra/YRG23012_1.jpg|Tanishq_Jewelry_Dataset_Final/images/orra/YRG23012_2.jpg|Tanishq_Jewelry_Dataset_Final/images/orra/YRG23012_3.jpg,6693.5,0.0
O_YRG23015,Subtle Rose Gold Finger Ring,orra,2.23,18KT,Rose,Gold,145577.0,diamond,0.0,3.0,118500.0,Princess,7.0,Women,none,https://www.orra.co.in/media/catalog/product/y/r/yrg23015_1_sb9aqe18dmwf1j1a.jpg,Tanishq_Jewelry_Dataset_Final/images/orra/YRG23015_1.jpg|Tanishq_Jewelry_Dataset_Final/images/orra/YRG23015_2.jpg,6127.0,2.394
O_YRG23016,Sparkling Diamond Ring in Rose Gold,orra,2.13,18KT,Rose,Gold,181583.0,diamond,0.0,3.0,159750.0,Oval,7.0,Women,none,https://www.orra.co.in/media/catalog/product/y/r/yrg23016_1_qe0qqggiqje4qxht.jpg,Tanishq_Jewelry_Dataset_Final/images/orra/YRG23016_1.jpg|Tanishq_Jewelry_Dataset_Final/images/orra/YRG23016_2.jpg,5857.5,2.288
O_MRG18007,Contemporary Crown Star Solitaire Ring For Men,orra,4.51,18KT,Yellow,Gold,79345.0,diamond,0.0,1.0,44850.0,Round,10.0,Men,Solitaire,https://cdn.orra.co.in/media/catalog/product/cache/10238651d5f95594b9023f998383bb67/m/r/mrg18007_1_kliuwyxvanlkjj0x.jpg,Tanishq_Jewelry_Dataset_Final/images/orra/MRG18007_1.jpg|Tanishq_Jewelry_Dataset_Final/images/orra/MRG18007_2.jpg|Tanishq_Jewelry_Dataset_Final/images/orra/MRG18007_3.jpg,12413.5,0.0
O_MRG19001,Men's 2-toned Diamond Finger Ring,orra,7.47,14KT,Yellow+White,Gold,116843.0,diamond,0.0,9.0,67830.0,Round,10.0,Men,none,https://cdn.orra.co.in/media/catalog/product/cache/10238651d5f95594b9023f998383bb67/m/r/mrg19001_1_0hl3enfnycqzndyw.jpg,Tanishq_Jewelry_Dataset_Final/images/orra/MRG19001_1.jpg|Tanishq_Jewelry_Dataset_Final/images/orra/MRG19001_2.jpg|Tanishq_Jewelry_Dataset_Final/images/orra/MRG19001_3.jpg,20528.75,0.0
O_ORG12091,Circular Diamond Ring in Rose Gold,orra,3.5,14KT,Rose,Gold,37569.0,diamond,0.0,19.0,10710.0,Round,6.0,Women,none,https://cdn.orra.co.in/media/catalog/product/cache/10238651d5f95594b9023f998383bb67/o/r/org12091_1_ejd3jeq8dwffvaiy.jpg,Tanishq_Jewelry_Dataset_Final/images/orra/ORG12091_1.jpg|Tanishq_Jewelry_Dataset_Final/images/orra/ORG12091_2.jpg|Tanishq_Jewelry_Dataset_Final/images/orra/ORG12091_3.jpg,9625.0,0.0
O_ORG08011,Floral Diamond Finger Ring,orra,2.54,18KT,Rose,Gold,52690.0,diamond,0.0,19.0,33320.0,Round,6.0,Women,Floral,https://cdn.orra.co.in/media/catalog/product/cache/10238651d5f95594b9023f998383bb67/o/r/org08011_1_bbyhy8zezchahdze.jpg,Tanishq_Jewelry_Dataset_Final/images/orra/ORG08011_1.jpg|Tanishq_Jewelry_Dataset_Final/images/orra/ORG08011_2.jpg|Tanishq_Jewelry_Dataset_Final/images/orra/ORG08011_3.jpg,6996.0,0.0
O_OPR14008,Stunning Diamond Finger Ring,orra,1.76,14KT,White+Rose,Gold,27572.0,diamond,0.0,23.0,15470.0,Round,6.0,Women,none,https://cdn.orra.co.in/media/catalog/product/cache/10238651d5f95594b9023f998383bb67/o/p/opr14008_1_n6bboert9ck2cejt.jpg,Tanishq_Jewelry_Dataset_Final/images/orra/OPR14008_1.jpg|Tanishq_Jewelry_Dataset_Final/images/orra/OPR14008_2.jpg|Tanishq_Jewelry_Dataset_Final/images/orra/OPR14008_3.jpg,4750.0,0.0
O_ORG12107,Sophisticated Diamond Finger Ring,orra,2.13,14KT,Rose,Gold,27971.0,diamond,0.0,21.0,13090.0,Round,6.0,Women,none,https://cdn.orra.co.in/media/catalog/product/cache/10238651d5f95594b9023f998383bb67/o/r/org12107_1_5iqglve9dgxifkpl.jpg,Tanishq_Jewelry_Dataset_Final/images/orra/ORG12107_1.jpg|Tanishq_Jewelry_Dataset_Final/images/orra/ORG12107_2.jpg|Tanishq_Jewelry_Dataset_Final/images/orra/ORG12107_3.jpg,5852.0,0.0
O_ORG12113,Diamond Studded Stunning Finger Ring,orra,2.27,14KT,Rose,Gold,41853.0,diamond,0.0,9.0,27550.0,Round,7.0,Women,none,https://cdn.orra.co.in/media/catalog/product/cache/10238651d5f95594b9023f998383bb67/o/r/org12113_1_cai19n7bjbnzopop.jpg,Tanishq_Jewelry_Dataset_Final/images/orra/ORG12113_1.jpg|Tanishq_Jewelry_Dataset_Final/images/orra/ORG12113_2.jpg|Tanishq_Jewelry_Dataset_Final/images/orra/ORG12113_3.jpg,6237.0,0.0
O_ORG14004,Exquisite 14KT Rose Gold Ring,orra,4.58,14KT,White+Rose,Gold,76794.0,diamond,0.0,46.0,46500.0,Round,7.0,Women,none,https://cdn.orra.co.in/media/catalog/product/cache/10238651d5f95594b9023f998383bb67/o/r/org14004_1_zmccbkailmszuwvz.jpg,Tanishq_Jewelry_Dataset_Final/images/orra/ORG14004_1.jpg|Tanishq_Jewelry_Dataset_Final/images/orra/ORG14004_2.jpg|Tanishq_Jewelry_Dataset_Final/images/orra/ORG14004_3.jpg|Tanishq_Jewelry_Dataset_Final/images/orra/ORG14004_4.jpg|Tanishq_Jewelry_Dataset_Final/images/orra/ORG14004_5.jpg,12595.0,0.0
O_ORG13047,Dazzling Diamond Finger Ring,orra,3.5,14KT,Rose,Gold,45340.0,diamond,0.0,48.0,20230.0,Round,6.0,Women,none,https://cdn.orra.co.in/media/catalog/product/cache/10238651d5f95594b9023f998383bb67/o/r/org13047_1_cxdrshxkojwhvaju.jpg,Tanishq_Jewelry_Dataset_Final/images/orra/ORG13047_1.jpg|Tanishq_Jewelry_Dataset_Final/images/orra/ORG13047_2.jpg|Tanishq_Jewelry_Dataset_Final/images/orra/ORG13047_3.jpg,9627.75,0.0
O_ORG14038,Elegant 14KT Yellow Gold Ring,orra,1.7,14KT,Yellow,Gold,19043.0,diamond,0.0,1.0,5950.0,Round,6.0,Women,none,https://cdn.orra.co.in/media/catalog/product/cache/10238651d5f95594b9023f998383bb67/o/r/org14038_1_iznqbljt4fz9fktt.jpg,Tanishq_Jewelry_Dataset_Final/images/orra/ORG14038_1.jpg|Tanishq_Jewelry_Dataset_Final/images/orra/ORG14038_2.jpg|Tanishq_Jewelry_Dataset_Final/images/orra/ORG14038_3.jpg,4750.0,0.0
O_ORG14030,Delicate Diamond Clustered Ring For Women,orra,2.15,14KT,Rose,Gold,25776.0,diamond,0.0,21.0,9520.0,Round,6.0,Women,Cluster,https://cdn.orra.co.in/media/catalog/product/cache/10238651d5f95594b9023f998383bb67/o/r/org14030_1_kmxrrpsccsych3g1.jpg,Tanishq_Jewelry_Dataset_Final/images/orra/ORG14030_1.jpg|Tanishq_Jewelry_Dataset_Final/images/orra/ORG14030_2.jpg|Tanishq_Jewelry_Dataset_Final/images/orra/ORG14030_3.jpg,5923.5,0.0
O_ORG14046-D400XFB,Sophisticated 18KT Rose Gold Finger Ring,orra,1.54,18KT,Rose,Gold,33093.0,diamond,0.1,28.0,12400.0,Round,7.0,Women,none,https://www.orra.co.in/media/catalog/product/o/r/org14046_1_mfwbjvnzyzmngqag.jpg,Tanishq_Jewelry_Dataset_Final/images/orra/ORG14046-D400XFB_1.jpg,4600.0,0.0
O_ORG14047,Beautiful Diamond Ring in 14KT Rose Gold,orra,1.75,14KT,Rose,Gold,24721.0,diamond,0.0,26.0,13090.0,Round,6.0,Women,none,https://cdn.orra.co.in/media/catalog/product/cache/10238651d5f95594b9023f998383bb67/o/r/org14047_1_ajdnjbc7cadxovxc.jpg,Tanishq_Jewelry_Dataset_Final/images/orra/ORG14047_1.jpg|Tanishq_Jewelry_Dataset_Final/images/orra/ORG14047_2.jpg|Tanishq_Jewelry_Dataset_Final/images/orra/ORG14047_3.jpg,4750.0,0.0
O_ORG14067,Dainty Rose Gold and Diamond Finger Ring,orra,1.64,18KT,Rose,Gold,33989.0,diamond,0.0,34.0,20250.0,Round,6.0,Women,none,https://cdn.orra.co.in/media/catalog/product/cache/10238651d5f95594b9023f998383bb67/o/r/org14067_1_l92lqq9is4h3haq0.jpg,Tanishq_Jewelry_Dataset_Final/images/orra/ORG14067_1.jpg|Tanishq_Jewelry_Dataset_Final/images/orra/ORG14067_2.jpg|Tanishq_Jewelry_Dataset_Final/images/orra/ORG14067_3.jpg,4750.0,0.0
O_ORG14054,Sparkling Diamond Ring Crafted in 14KT Rose Gold,orra,1.79,14KT,Rose,Gold,21713.0,diamond,0.0,10.0,8330.0,Round,6.0,Women,none,https://cdn.orra.co.in/media/catalog/product/cache/10238651d5f95594b9023f998383bb67/o/r/org14054_1_5knboa1c74w955vc.jpg,Tanishq_Jewelry_Dataset_Final/images/orra/ORG14054_1.jpg|Tanishq_Jewelry_Dataset_Final/images/orra/ORG14054_2.jpg|Tanishq_Jewelry_Dataset_Final/images/orra/ORG14054_3.jpg,4750.0,0.0
O_ORG15014,Stunning Dew Design  Gold Finger Ring,orra,3.33,18KT,Rose,Gold,142400.0,diamond,0.0,43.0,132450.0,Round,7.0,Women,none,https://cdn.orra.co.in/media/catalog/product/cache/10238651d5f95594b9023f998383bb67/o/r/org15014_1_pmf5bx2scezygbwu.jpg,Tanishq_Jewelry_Dataset_Final/images/orra/ORG15014_1.jpg|Tanishq_Jewelry_Dataset_Final/images/orra/ORG15014_2.jpg|Tanishq_Jewelry_Dataset_Final/images/orra/ORG15014_3.jpg,9163.0,0.0
O_ORG16317,Evocative Diamond Ring in 18KT Rose Gold,orra,2.23,18KT,Rose,Gold,70075.0,diamond,0.0,14.0,56700.0,Round,6.0,Women,none,https://cdn.orra.co.in/media/catalog/product/cache/10238651d5f95594b9023f998383bb67/o/r/org16317_1_cvgmn1gqc2cb5mxi.jpg,Tanishq_Jewelry_Dataset_Final/images/orra/ORG16317_1.jpg|Tanishq_Jewelry_Dataset_Final/images/orra/ORG16317_2.jpg|Tanishq_Jewelry_Dataset_Final/images/orra/ORG16317_3.jpg,6143.5,0.0
O_ORG19088,Dazzling Diamond Finger Ring,orra,5.01,18KT,Yellow,Gold,102486.0,diamond,0.0,65.0,64260.0,Round,6.0,Women,none,https://cdn.orra.co.in/media/catalog/product/cache/10238651d5f95594b9023f998383bb67/o/r/org19088_1_sw7su7lyhsntpma6.jpg,Tanishq_Jewelry_Dataset_Final/images/orra/ORG19088_1.jpg|Tanishq_Jewelry_Dataset_Final/images/orra/ORG19088_2.jpg,13777.5,0.0
O_ORG22331,Floral Diamond and Rose Gold Ring,orra,1.56,18KT,Rose,Gold,57401.0,diamond,0.0,25.0,50700.0,"Round, Marquise",7.0,Women,Floral,https://cdn.orra.co.in/media/catalog/product/cache/10238651d5f95594b9023f998383bb67/o/r/org22331_1_51cmkzqwoyhba4hz.jpg,Tanishq_Jewelry_Dataset_Final/images/orra/ORG22331_1.jpg|Tanishq_Jewelry_Dataset_Final/images/orra/ORG22331_2.jpg|Tanishq_Jewelry_Dataset_Final/images/orra/ORG22331_3.jpg,4750.0,0.0
O_ORG22317,Spangled Diamond Finger Ring,orra,3.8,18KT,Yellow,Gold,203141.0,diamond,0.0,28.0,203350.0,"Round, Marquise, Pear",7.0,Women,none,https://cdn.orra.co.in/media/catalog/product/cache/10238651d5f95594b9023f998383bb67/o/r/org22317_1_1eyaxylaea3xgqnx.jpg,Tanishq_Jewelry_Dataset_Final/images/orra/ORG22317_1.jpg|Tanishq_Jewelry_Dataset_Final/images/orra/ORG22317_2.jpg|Tanishq_Jewelry_Dataset_Final/images/orra/ORG22317_3.jpg,10436.25,0.0
O_PMR23076-D300OPD,Diamond Studded Finger Ring in 950Pt Platinum and Rose Gold,orra,0.65,18KT,White+Rose,Gold,138998.0,diamond,0.2,3.0,27000.0,Round,12.0,Men,none,https://www.orra.co.in/media/catalog/product/p/m/pmr23076_1.jpg,Tanishq_Jewelry_Dataset_Final/images/orra/PMR23076-D300OPD_1.jpg,31421.25,9.02
O_PMR23083-D300OPD,Resplendent Men's Diamond Finger Ring,orra,1.02,18KT,White+Rose,Gold,94520.0,diamond,0.11,1.0,16500.0,Princess,12.0,Men,none,https://www.orra.co.in/media/catalog/product/p/m/pmr23083_1.jpg,Tanishq_Jewelry_Dataset_Final/images/orra/PMR23083-D300OPD_1.jpg,23659.65,0.0
O_MRG19004,Solid Diamond Men's Finger Ring,orra,2.03,14KT,Yellow,Gold,29375.0,diamond,0.0,5.0,15470.0,Round,10.0,Men,none,https://cdn.orra.co.in/media/catalog/product/cache/10238651d5f95594b9023f998383bb67/m/r/mrg19004_1_nifnyisqihwqmeup.jpg,Tanishq_Jewelry_Dataset_Final/images/orra/MRG19004_1.jpg|Tanishq_Jewelry_Dataset_Final/images/orra/MRG19004_2.jpg|Tanishq_Jewelry_Dataset_Final/images/orra/MRG19004_3.jpg,5593.5,0.0
O_PRG23053-D300OHD,Alluring Diamond and Platinum Men's Finger Ring,orra,0.46,18KT,White+Rose,Gold,54337.0,diamond,0.1,7.0,13500.0,Round,8.0,Women,none,https://www.orra.co.in/media/catalog/product/p/r/prg23053_1.jpg,Tanishq_Jewelry_Dataset_Final/images/orra/PRG23053-D300OHD_1.jpg,11172.0,3.21
O_MRG20013,Classy Square Men's Finger Ring,orra,6.51,18KT,Yellow,Gold,139770.0,diamond,0.0,16.0,91630.0,Round,10.0,Men,none,https://cdn.orra.co.in/media/catalog/product/cache/10238651d5f95594b9023f998383bb67/m/r/mrg20013_1_l1k8gps3466mucip.jpg,Tanishq_Jewelry_Dataset_Final/images/orra/MRG20013_1.jpg|Tanishq_Jewelry_Dataset_Final/images/orra/MRG20013_2.jpg|Tanishq_Jewelry_Dataset_Final/images/orra/MRG20013_3.jpg,17891.5,0.0
O_MRG20015,Stately 18Kt Yellow Gold Men's Ring,orra,6.13,18KT,Yellow,Gold,92379.0,diamond,0.0,9.0,37800.0,Round,10.0,Men,none,https://cdn.orra.co.in/media/catalog/product/cache/10238651d5f95594b9023f998383bb67/m/r/mrg20015_1_ofjjvxlnztvj7kxt.jpg,Tanishq_Jewelry_Dataset_Final/images/orra/MRG20015_1.jpg|Tanishq_Jewelry_Dataset_Final/images/orra/MRG20015_2.jpg|Tanishq_Jewelry_Dataset_Final/images/orra/MRG20015_3.jpg,16868.5,0.0
O_MRG20012,Single Diamond Men's 18KT Yellow Gold Finger Ring,orra,4.01,18KT,Yellow,Gold,57222.0,diamond,0.0,1.0,21000.0,Round,12.0,Men,none,https://cdn.orra.co.in/media/catalog/product/cache/10238651d5f95594b9023f998383bb67/m/r/mrg20012_1_m4bunvtrjvfmky9v.jpg,Tanishq_Jewelry_Dataset_Final/images/orra/MRG20012_1.jpg|Tanishq_Jewelry_Dataset_Final/images/orra/MRG20012_2.jpg|Tanishq_Jewelry_Dataset_Final/images/orra/MRG20012_3.jpg,11033.0,0.0
O_MRG22021,Artistic Men's 18Kt Yellow Gold Band,orra,5.78,18KT,Yellow,Gold,109580.0,diamond,0.0,5.0,63000.0,Round,11.0,Men,Band,https://cdn.orra.co.in/media/catalog/product/cache/10238651d5f95594b9023f998383bb67/m/r/mrg22021_1_bbv4tx8uozxzmsgl.jpg,Tanishq_Jewelry_Dataset_Final/images/orra/MRG22021_1.jpg|Tanishq_Jewelry_Dataset_Final/images/orra/MRG22021_2.jpg|Tanishq_Jewelry_Dataset_Final/images/orra/MRG22021_3.jpg,15895.0,0.0
O_MRG22027,Exceptional 18Kt Yellow Gold Men's Ring,orra,5.75,18KT,Yellow,Gold,98564.0,diamond,0.0,31.0,49950.0,Round,10.0,Men,none,https://cdn.orra.co.in/media/catalog/product/cache/10238651d5f95594b9023f998383bb67/m/r/mrg22027_1_nj9pdlfgcdfwewox.jpg,Tanishq_Jewelry_Dataset_Final/images/orra/MRG22027_1.jpg|Tanishq_Jewelry_Dataset_Final/images/orra/MRG22027_2.jpg|Tanishq_Jewelry_Dataset_Final/images/orra/MRG22027_3.jpg,15801.5,0.0
O_MRG23002-D300RLB,Textured Men's 18Kt Yellow Gold Ring,orra,7.47,18KT,Yellow,Gold,174405.0,diamond,0.49,6.0,73500.0,Round,10.0,Men,none,https://www.orra.co.in/media/catalog/product/m/r/mrg23002_1_vjscvqvs83013c2o.jpg,Tanishq_Jewelry_Dataset_Final/images/orra/MRG23002-D300RLB_1.jpg,26129.25,0.0
O_MRG23001,Timeless Diamond and Gold Ring for Men,orra,4.7,18KT,Yellow,Gold,65101.0,diamond,0.0,1.0,22500.0,Round,10.0,Men,none,https://cdn.orra.co.in/media/catalog/product/cache/10238651d5f95594b9023f998383bb67/m/r/mrg23001_1_f8vjgevaxfwccc7i.jpg,Tanishq_Jewelry_Dataset_Final/images/orra/MRG23001_1.jpg,12925.0,0.0
O_MRG23009,Subtle Yellow Gold and Diamond Band For Men,orra,4.23,18KT,Yellow,Gold,59146.0,diamond,0.0,5.0,20250.0,Round,10.0,Men,Band,https://cdn.orra.co.in/media/catalog/product/cache/10238651d5f95594b9023f998383bb67/m/r/mrg23009_2_bw9qzcxlbpcjtfwd.jpg,Tanishq_Jewelry_Dataset_Final/images/orra/MRG23009_1.jpg|Tanishq_Jewelry_Dataset_Final/images/orra/MRG23009_2.jpg|Tanishq_Jewelry_Dataset_Final/images/orra/MRG23009_3.jpg|Tanishq_Jewelry_Dataset_Final/images/orra/MRG23009_4.jpg|Tanishq_Jewelry_Dataset_Final/images/orra/MRG23009_5.jpg|Tanishq_Jewelry_Dataset_Final/images/orra/MRG23009_6.jpg|Tanishq_Jewelry_Dataset_Final/images/orra/MRG23009_7.jpg,11632.5,0.0
O_MRG23010,Rose Gold and Diamonds Square Ring for Men,orra,4.97,18KT,Rose,Gold,69641.0,diamond,0.0,16.0,24300.0,Round,10.0,Men,none,https://cdn.orra.co.in/media/catalog/product/cache/10238651d5f95594b9023f998383bb67/m/r/mrg23010_1_9a92woefsweibunw.jpg,Tanishq_Jewelry_Dataset_Final/images/orra/MRG23010_1.jpg|Tanishq_Jewelry_Dataset_Final/images/orra/MRG23010_2.jpg|Tanishq_Jewelry_Dataset_Final/images/orra/MRG23010_3.jpg,13667.5,0.0
O_HRG19034,Attractive 18KT Yellow Gold and Diamond Crown Star Ring,orra,2.86,18KT,Yellow,Gold,465618.0,diamond,0.0,15.0,469200.0,Round,6.0,Women,none,https://cdn.orra.co.in/media/catalog/product/cache/10238651d5f95594b9023f998383bb67/h/r/hrg19034_g_1_2.jpg,Tanishq_Jewelry_Dataset_Final/images/orra/HRG19034_1.jpg|Tanishq_Jewelry_Dataset_Final/images/orra/HRG19034_2.jpg|Tanishq_Jewelry_Dataset_Final/images/orra/HRG19034_3.jpg|Tanishq_Jewelry_Dataset_Final/images/orra/HRG19034_4.jpg|Tanishq_Jewelry_Dataset_Final/images/orra/HRG19034_5.jpg|Tanishq_Jewelry_Dataset_Final/images/orra/HRG19034_6.jpg,7865.0,0.0
O_MRG11040,Men's Two-toned Artistic Finger Ring,orra,2.26,18KT,Yellow+White,Gold,32486.0,diamond,0.0,1.0,12000.0,Round,10.0,Men,none,https://cdn.orra.co.in/media/catalog/product/cache/10238651d5f95594b9023f998383bb67/m/r/mrg11040_1_dv9mifdqtima9end.jpg,Tanishq_Jewelry_Dataset_Final/images/orra/MRG11040_1.jpg|Tanishq_Jewelry_Dataset_Final/images/orra/MRG11040_2.jpg|Tanishq_Jewelry_Dataset_Final/images/orra/MRG11040_3.jpg,6226.0,0.0
O_MRG20005,Men's Structured Diamond Ring ,orra,5.5,18KT,Yellow,Gold,99695.0,diamond,0.0,10.0,54390.0,Round,10.0,Men,none,https://cdn.orra.co.in/media/catalog/product/cache/10238651d5f95594b9023f998383bb67/m/r/mrg20005_1.jpg,Tanishq_Jewelry_Dataset_Final/images/orra/MRG20005_1.jpg|Tanishq_Jewelry_Dataset_Final/images/orra/MRG20005_2.jpg|Tanishq_Jewelry_Dataset_Final/images/orra/MRG20005_3.jpg|Tanishq_Jewelry_Dataset_Final/images/orra/MRG20005_4.jpg|Tanishq_Jewelry_Dataset_Final/images/orra/MRG20005_5.jpg|Tanishq_Jewelry_Dataset_Final/images/orra/MRG20005_6.jpg,15119.5,0.0
O_MRG22025,Classic Diamond Finger Ring For Men,orra,7.14,18KT,Yellow,Gold,130109.0,diamond,0.0,25.0,70200.0,Round,11.0,Men,Classic,https://cdn.orra.co.in/media/catalog/product/cache/10238651d5f95594b9023f998383bb67/m/r/mrg22025_1_lkky51dadj2dzrnj.jpg,Tanishq_Jewelry_Dataset_Final/images/orra/MRG22025_1.jpg|Tanishq_Jewelry_Dataset_Final/images/orra/MRG22025_2.jpg|Tanishq_Jewelry_Dataset_Final/images/orra/MRG22025_3.jpg,19624.0,0.0
O_MRG23005,Gleaming Yellow Gold Men's Ring,orra,7.57,18KT,Yellow,Gold,134188.0,diamond,0.0,4.0,75000.0,Princess,11.0,Men,none,https://cdn.orra.co.in/media/catalog/product/cache/10238651d5f95594b9023f998383bb67/m/r/mrg23005_1_2.jpg,Tanishq_Jewelry_Dataset_Final/images/orra/MRG23005_1.jpg|Tanishq_Jewelry_Dataset_Final/images/orra/MRG23005_2.jpg|Tanishq_Jewelry_Dataset_Final/images/orra/MRG23005_3.jpg|Tanishq_Jewelry_Dataset_Final/images/orra/MRG23005_4.jpg|Tanishq_Jewelry_Dataset_Final/images/orra/MRG23005_5.jpg|Tanishq_Jewelry_Dataset_Final/images/orra/MRG23005_6.jpg,20817.5,0.0
O_OPR18038,Alluring 18KT Rose Gold Finger Ring,orra,2.64,18KT,Rose,Gold,50647.0,diamond,0.0,72.0,29750.0,Round,6.0,Women,none,https://cdn.orra.co.in/media/catalog/product/cache/10238651d5f95594b9023f998383bb67/o/p/opr18038_1_h59qhsgy6po9lcab.jpg,Tanishq_Jewelry_Dataset_Final/images/orra/OPR18038_1.jpg|Tanishq_Jewelry_Dataset_Final/images/orra/OPR18038_2.jpg|Tanishq_Jewelry_Dataset_Final/images/orra/OPR18038_3.jpg|Tanishq_Jewelry_Dataset_Final/images/orra/OPR18038_4.jpg|Tanishq_Jewelry_Dataset_Final/images/orra/OPR18038_5.jpg|Tanishq_Jewelry_Dataset_Final/images/orra/OPR18038_6.jpg,7260.0,0.0
O_OPR19001,Minimalist 18KT Yellow Gold Crown Star Ring,orra,2.29,18KT,Yellow,Gold,77589.0,diamond,0.0,7.0,64350.0,Round,7.0,Women,Minimal,https://cdn.orra.co.in/media/catalog/product/cache/10238651d5f95594b9023f998383bb67/o/p/opr19001_1_gn1frw0of20mk4et.jpg,Tanishq_Jewelry_Dataset_Final/images/orra/OPR19001_1.jpg|Tanishq_Jewelry_Dataset_Final/images/orra/OPR19001_2.jpg,6297.5,0.0
O_OPR18058-A400RFB,Bewitching Diamond and Gold Crown Star Ring,orra,3.26,18KT,Yellow,Gold,240079.0,diamond,1.4,7.0,231000.0,Round,7.0,Women,none,https://www.orra.co.in/media/catalog/product/o/p/opr18058-a.jpg,Tanishq_Jewelry_Dataset_Final/images/orra/OPR18058-A400RFB_1.jpg,11392.5,0.0
O_OPR20044,Stately Crown Star Diamond Finger Ring,orra,2.64,18KT,Rose,Gold,46259.0,diamond,0.0,18.0,24300.0,Round,6.0,Women,none,https://cdn.orra.co.in/media/catalog/product/cache/10238651d5f95594b9023f998383bb67/o/p/opr20044_1_sgmkjg77ikmztsue.jpg,Tanishq_Jewelry_Dataset_Final/images/orra/OPR20044_1.jpg|Tanishq_Jewelry_Dataset_Final/images/orra/OPR20044_2.jpg|Tanishq_Jewelry_Dataset_Final/images/orra/OPR20044_3.jpg|Tanishq_Jewelry_Dataset_Final/images/orra/OPR20044_4.jpg|Tanishq_Jewelry_Dataset_Final/images/orra/OPR20044_5.jpg|Tanishq_Jewelry_Dataset_Final/images/orra/OPR20044_6.jpg,7254.5,0.0
O_OPR22057,Stately Diamond Rose Gold Ring,orra,2.58,14KT,Rose,Gold,93157.0,diamond,0.0,37.0,87600.0,"Round, Baguette",7.0,Women,none,https://cdn.orra.co.in/media/catalog/product/cache/10238651d5f95594b9023f998383bb67/o/p/opr22057_1_6t5clezgdcpvigcz.jpg,Tanishq_Jewelry_Dataset_Final/images/orra/OPR22057_1.jpg|Tanishq_Jewelry_Dataset_Final/images/orra/OPR22057_2.jpg|Tanishq_Jewelry_Dataset_Final/images/orra/OPR22057_3.jpg,7095.0,0.0
O_OPR22059,Structured Ring With Diamonds,orra,2.34,14KT,Rose,Gold,87018.0,diamond,0.0,25.0,82750.0,"Round, Pear, Princess",7.0,Women,none,https://cdn.orra.co.in/media/catalog/product/cache/10238651d5f95594b9023f998383bb67/o/p/opr22059_1_nupifvn7tcxwjfzm.jpg,Tanishq_Jewelry_Dataset_Final/images/orra/OPR22059_1.jpg|Tanishq_Jewelry_Dataset_Final/images/orra/OPR22059_2.jpg|Tanishq_Jewelry_Dataset_Final/images/orra/OPR22059_3.jpg,6435.0,0.0
O_OPR23022,Contemporary Circular 18KT Rose Gold Finger Ring,orra,2.38,18KT,Rose,Gold,47580.0,diamond,0.0,46.0,29300.0,"Round, Marquise",6.0,Women,none,https://cdn.orra.co.in/media/catalog/product/cache/10238651d5f95594b9023f998383bb67/o/p/opr23022_1.jpg,Tanishq_Jewelry_Dataset_Final/images/orra/OPR23022_1.jpg|Tanishq_Jewelry_Dataset_Final/images/orra/OPR23022_2.jpg|Tanishq_Jewelry_Dataset_Final/images/orra/OPR23022_3.jpg|Tanishq_Jewelry_Dataset_Final/images/orra/OPR23022_4.jpg|Tanishq_Jewelry_Dataset_Final/images/orra/OPR23022_5.jpg|Tanishq_Jewelry_Dataset_Final/images/orra/OPR23022_6.jpg,6534.0,0.0
O_OPR23034,Teardrop Design Diamond Finger Ring,orra,2.33,18KT,Yellow,Gold,42083.0,diamond,0.0,29.0,22950.0,Round,6.0,Women,none,https://cdn.orra.co.in/media/catalog/product/cache/10238651d5f95594b9023f998383bb67/o/p/opr23034_1_2pfzfkc7pg4ckngd.jpg,Tanishq_Jewelry_Dataset_Final/images/orra/OPR23034_1.jpg|Tanishq_Jewelry_Dataset_Final/images/orra/OPR23034_2.jpg|Tanishq_Jewelry_Dataset_Final/images/orra/OPR23034_3.jpg,6396.5,0.0
O_ORG18022-D309RHB,Floral Finger Ring With Diamonds,orra,8.27,18KT,Yellow,Gold,181867.0,diamond,0.5,64.0,66960.0,Round,8.0,Women,Floral,https://www.orra.co.in/media/catalog/product/o/r/org18022_1_omdbqymghd9jvg4y.jpeg,Tanishq_Jewelry_Dataset_Final/images/orra/ORG18022-D309RHB_1.jpg,28929.6,0.0
O_ORG18103-D400XFB,Enchanting Finger Ring in Rose Gold,orra,2.94,18KT,Rose,Gold,55957.0,diamond,0.11,21.0,13392.0,Round,7.0,Women,none,https://www.orra.co.in/media/catalog/product/o/r/org18103_1_yicf9vx1xaxkc4d0.jpg,Tanishq_Jewelry_Dataset_Final/images/orra/ORG18103-D400XFB_1.jpg,10290.0,0.0
O_ORG20120,Spiral Diamond Desired Finger Ring,orra,4.27,14KT,Rose,Gold,94546.0,diamond,0.0,77.0,72849.0,"Round, Princess, Baguette",6.0,Women,none,https://cdn.orra.co.in/media/catalog/product/cache/10238651d5f95594b9023f998383bb67/o/r/org20120_1_mzyw9jtd5ntadovs.jpg,Tanishq_Jewelry_Dataset_Final/images/orra/ORG20120_1.jpg|Tanishq_Jewelry_Dataset_Final/images/orra/ORG20120_2.jpg|Tanishq_Jewelry_Dataset_Final/images/orra/ORG20120_3.jpg,11734.25,0.0
O_ORG20097,Crisscross Design Diamond Desired Finger Ring,orra,3.51,14KT,Rose,Gold,66806.0,diamond,0.0,36.0,46200.0,Round,7.0,Women,none,https://cdn.orra.co.in/media/catalog/product/cache/10238651d5f95594b9023f998383bb67/o/r/org20097_1_quga6bh9dso9vxpn.jpg,Tanishq_Jewelry_Dataset_Final/images/orra/ORG20097_1.jpg|Tanishq_Jewelry_Dataset_Final/images/orra/ORG20097_2.jpg|Tanishq_Jewelry_Dataset_Final/images/orra/ORG20097_3.jpg,9652.5,0.0
O_ORG21001,Curved Diamond Finger Ring,orra,1.96,18KT,Rose,Gold,48583.0,diamond,0.0,43.0,36450.0,Round,7.0,Women,none,https://cdn.orra.co.in/media/catalog/product/cache/10238651d5f95594b9023f998383bb67/o/r/org21001_1_egbz9asro6drw8ge.jpg,Tanishq_Jewelry_Dataset_Final/images/orra/ORG21001_1.jpg|Tanishq_Jewelry_Dataset_Final/images/orra/ORG21001_2.jpg|Tanishq_Jewelry_Dataset_Final/images/orra/ORG21001_3.jpg,4750.0,0.0
O_ORG21024,Wave Design Diamond Ring,orra,2.16,14KT,Rose,Gold,43137.0,diamond,0.0,38.0,31059.0,Round,6.0,Women,none,https://cdn.orra.co.in/media/catalog/product/cache/10238651d5f95594b9023f998383bb67/o/r/org21024_1_z4etbqbtjig4mhjh.jpg,Tanishq_Jewelry_Dataset_Final/images/orra/ORG21024_1.jpg|Tanishq_Jewelry_Dataset_Final/images/orra/ORG21024_2.jpg|Tanishq_Jewelry_Dataset_Final/images/orra/ORG21024_3.jpg,5934.5,0.0
O_ORG21018-D400XDC,Brilliant Gold Finger Ring,orra,1.76,14KT,Rose,Gold,40210.0,diamond,0.19,26.0,23560.0,Round,6.0,Women,none,https://www.orra.co.in/media/catalog/product/o/r/org21018_2_7vtnqymharbrpeeo.jpg,Tanishq_Jewelry_Dataset_Final/images/orra/ORG21018-D400XDC_1.jpg,4600.0,0.0
O_ORG22002,Exquisite 14KT Rose Gold Ring,orra,3.57,14KT,Rose,Gold,67366.0,diamond,0.0,56.0,46410.0,Round,7.0,Women,none,https://cdn.orra.co.in/media/catalog/product/cache/10238651d5f95594b9023f998383bb67/o/r/org22002_1_rjn7fkj5irih99sm.jpg,Tanishq_Jewelry_Dataset_Final/images/orra/ORG22002_1.jpg,9817.5,0.0
O_ORG21046,Wave Design Diamond Studded Finger Ring,orra,2.07,14KT,Rose,Gold,32390.0,diamond,0.0,21.0,19040.0,Round,6.0,Women,none,https://cdn.orra.co.in/media/catalog/product/cache/10238651d5f95594b9023f998383bb67/o/r/org21046_1_cq8vzbzzdl6v71im.jpg,Tanishq_Jewelry_Dataset_Final/images/orra/ORG21046_1.jpg|Tanishq_Jewelry_Dataset_Final/images/orra/ORG21046_2.jpg|Tanishq_Jewelry_Dataset_Final/images/orra/ORG21046_3.jpg,5687.0,0.0
O_ORG21047,Luxury Ring in Glossy 14KT Rose Gold,orra,1.86,14KT,Rose,Gold,40864.0,diamond,0.0,31.0,30940.0,Round,6.0,Women,none,https://cdn.orra.co.in/media/catalog/product/cache/10238651d5f95594b9023f998383bb67/o/r/org21047_1_ywps8mqzpzjzv0we.jpg,Tanishq_Jewelry_Dataset_Final/images/orra/ORG21047_1.jpg|Tanishq_Jewelry_Dataset_Final/images/orra/ORG21047_2.jpg|Tanishq_Jewelry_Dataset_Final/images/orra/ORG21047_3.jpg,4750.0,0.0
O_ORG22026,Square Design Diamond Ring,orra,2.74,14KT,Yellow,Gold,80861.0,diamond,0.0,79.0,71400.0,Round,6.0,Women,none,https://cdn.orra.co.in/media/catalog/product/cache/10238651d5f95594b9023f998383bb67/o/r/org22026_1_r0u9kbjzohosa111.jpg,Tanishq_Jewelry_Dataset_Final/images/orra/ORG22026_1.jpg|Tanishq_Jewelry_Dataset_Final/images/orra/ORG22026_2.jpg|Tanishq_Jewelry_Dataset_Final/images/orra/ORG22026_3.jpg,7535.0,0.0
O_ORG22058-D400XFC,Elegant Oval 14KT Rose Gold Finger Ring,orra,3.48,14KT,Rose,Gold,85528.0,diamond,0.41,45.0,50840.0,Round,7.0,Women,none,https://www.orra.co.in/media/catalog/product/o/r/org22058_1_xl6ebiznbztdkvnm.jpg,Tanishq_Jewelry_Dataset_Final/images/orra/ORG22058-D400XFC_1.jpg,12193.65,0.0
O_ORG22078,Glorious Rose Gold Diamond Ring,orra,2.13,14KT,Rose,Gold,38362.0,diamond,0.0,15.0,24990.0,Round,7.0,Women,none,https://cdn.orra.co.in/media/catalog/product/cache/10238651d5f95594b9023f998383bb67/o/r/org22078_1_1.jpg,Tanishq_Jewelry_Dataset_Final/images/orra/ORG22078_1.jpg|Tanishq_Jewelry_Dataset_Final/images/orra/ORG22078_2.jpg|Tanishq_Jewelry_Dataset_Final/images/orra/ORG22078_3.jpg|Tanishq_Jewelry_Dataset_Final/images/orra/ORG22078_4.jpg|Tanishq_Jewelry_Dataset_Final/images/orra/ORG22078_5.jpg|Tanishq_Jewelry_Dataset_Final/images/orra/ORG22078_6.jpg|Tanishq_Jewelry_Dataset_Final/images/orra/ORG22078_7.jpg|Tanishq_Jewelry_Dataset_Final/images/orra/ORG22078_8.jpg|Tanishq_Jewelry_Dataset_Final/images/orra/ORG22078_9.jpg,5852.0,0.0
O_ORG22059,Aligned Diamond Ring in 14KT Rose Gold,orra,2.7,14KT,Rose,Gold,56813.0,diamond,0.0,52.0,42364.0,Round,9.0,Women,none,https://cdn.orra.co.in/media/catalog/product/cache/10238651d5f95594b9023f998383bb67/o/r/org22059_1_lgmkjegzotmpcpit.jpg,Tanishq_Jewelry_Dataset_Final/images/orra/ORG22059_1.jpg,7422.25,0.0
O_ORG22087,Exquisite Rose Gold and Diamond Finger Ring,orra,1.7,14KT,Rose,Gold,27334.0,diamond,0.0,21.0,16065.0,Round,6.0,Women,none,https://cdn.orra.co.in/media/catalog/product/cache/10238651d5f95594b9023f998383bb67/o/r/org22087_1__1.jpg,Tanishq_Jewelry_Dataset_Final/images/orra/ORG22087_1.jpg|Tanishq_Jewelry_Dataset_Final/images/orra/ORG22087_2.jpg|Tanishq_Jewelry_Dataset_Final/images/orra/ORG22087_3.jpg|Tanishq_Jewelry_Dataset_Final/images/orra/ORG22087_4.jpg|Tanishq_Jewelry_Dataset_Final/images/orra/ORG22087_5.jpg|Tanishq_Jewelry_Dataset_Final/images/orra/ORG22087_6.jpg|Tanishq_Jewelry_Dataset_Final/images/orra/ORG22087_7.jpg|Tanishq_Jewelry_Dataset_Final/images/orra/ORG22087_8.jpg|Tanishq_Jewelry_Dataset_Final/images/orra/ORG22087_9.jpg,4750.0,0.0
O_ORG22092,Stunning Yellow Gold and Diamond Ring,orra,2.96,14KT,Yellow,Gold,68178.0,diamond,0.0,86.0,54740.0,Round,6.0,Women,none,https://cdn.orra.co.in/media/catalog/product/cache/10238651d5f95594b9023f998383bb67/o/r/org22092_2_ndx71oxcyoj3ly4k.jpg,Tanishq_Jewelry_Dataset_Final/images/orra/ORG22092_1.jpg|Tanishq_Jewelry_Dataset_Final/images/orra/ORG22092_2.jpg,8140.0,0.0
O_ORG22099,Rose Gold Desired Finger Ring,orra,3.62,14KT,Rose,Gold,82235.0,diamond,0.0,61.0,51135.0,Round,7.0,Women,none,https://www.orra.co.in/media/catalog/product/o/r/org22099_7.jpg,Tanishq_Jewelry_Dataset_Final/images/orra/ORG22099_1.jpg|Tanishq_Jewelry_Dataset_Final/images/orra/ORG22099_2.jpg,9963.25,3.72
O_ORG22112-D400XDC,Round Ring in 14KT Rose Gold,orra,1.64,14KT,Rose,Gold,29279.0,diamond,0.1,17.0,11780.0,Round,6.0,Women,none,https://www.orra.co.in/media/catalog/product/o/r/org22112_1_bqgka03gtxnxys98.jpg,Tanishq_Jewelry_Dataset_Final/images/orra/ORG22112-D400XDC_1.jpg,4600.0,0.0
O_ORG22117,Tiny Floral Yellow Gold Ring,orra,2.88,18KT,Yellow,Gold,41450.0,diamond,0.0,7.0,15470.0,Round,8.0,Women,Floral,https://cdn.orra.co.in/media/catalog/product/cache/10238651d5f95594b9023f998383bb67/o/r/org22117_1_qatifvoxz8vukuqo.jpg,Tanishq_Jewelry_Dataset_Final/images/orra/ORG22117_1.jpg,7920.0,0.0
O_ORG22128-D400XDC,Heart Design Diamond Ring,orra,1.41,14KT,Rose,Gold,29268.0,diamond,0.12,24.0,14384.0,Round,6.0,Women,Heart,https://www.orra.co.in/media/catalog/product/o/r/org22128_1_qqftixxnslrgo7ns.jpg,Tanishq_Jewelry_Dataset_Final/images/orra/ORG22128-D400XDC_1.jpg,4600.0,0.0
O_ORG22120,Elegant 18KT Rose Gold Diamond Ring,orra,1.53,18KT,Rose,Gold,28628.0,diamond,0.0,26.0,15470.0,Round,6.0,Women,none,https://cdn.orra.co.in/media/catalog/product/cache/10238651d5f95594b9023f998383bb67/o/r/org22120_1_2fzojddusm6g54lh.jpg,Tanishq_Jewelry_Dataset_Final/images/orra/ORG22120_1.jpg|Tanishq_Jewelry_Dataset_Final/images/orra/ORG22120_2.jpg|Tanishq_Jewelry_Dataset_Final/images/orra/ORG22120_3.jpg,4750.0,0.0
O_ORG22156,Contemporary Red Gemstone and Diamond Ring,orra,1.02,14KT,Yellow,Gold,19220.0,diamond,0.0,6.0,10500.0,Round,6.0,Women,none,https://cdn.orra.co.in/media/catalog/product/cache/10238651d5f95594b9023f998383bb67/o/r/org22156_1_nvrgqgzkgp3dgpuo.jpg,Tanishq_Jewelry_Dataset_Final/images/orra/ORG22156_1.jpg|Tanishq_Jewelry_Dataset_Final/images/orra/ORG22156_2.jpg|Tanishq_Jewelry_Dataset_Final/images/orra/ORG22156_3.jpg,4750.0,0.0
O_ORG22140,Stunning 14KT Rose Gold Diamond Ring,orra,0.99,14KT,Rose,Gold,16901.0,diamond,0.0,10.0,8400.0,Round,6.0,Women,none,https://cdn.orra.co.in/media/catalog/product/cache/10238651d5f95594b9023f998383bb67/o/r/org22140_1_kecor1qmoi3u488i.jpg,Tanishq_Jewelry_Dataset_Final/images/orra/ORG22140_1.jpg|Tanishq_Jewelry_Dataset_Final/images/orra/ORG22140_2.jpg|Tanishq_Jewelry_Dataset_Final/images/orra/ORG22140_3.jpg|Tanishq_Jewelry_Dataset_Final/images/orra/ORG22140_4.jpg|Tanishq_Jewelry_Dataset_Final/images/orra/ORG22140_5.jpg|Tanishq_Jewelry_Dataset_Final/images/orra/ORG22140_6.jpg,4750.0,0.0
O_ORG22152,Floral Diamond 14KT Rose Gold Ring,orra,0.8,14KT,Rose,Gold,15737.0,diamond,0.0,7.0,8400.0,Round,6.0,Women,Floral,https://cdn.orra.co.in/media/catalog/product/cache/10238651d5f95594b9023f998383bb67/o/r/org22152_1_6mnxpds4jqnduewd.jpg,Tanishq_Jewelry_Dataset_Final/images/orra/ORG22152_1.jpg|Tanishq_Jewelry_Dataset_Final/images/orra/ORG22152_2.jpg|Tanishq_Jewelry_Dataset_Final/images/orra/ORG22152_3.jpg,4750.0,0.0
O_ORG22175-D400XHC,Bold Diamond Studded Ring,orra,2.37,14KT,Rose,Gold,62365.0,diamond,0.32,27.0,39680.0,Round,8.0,Women,none,https://www.orra.co.in/media/catalog/product/o/r/org22175_1_prkbsx2hbauzcoal.jpeg,Tanishq_Jewelry_Dataset_Final/images/orra/ORG22175-D400XHC_1.jpg,8290.8,0.0
O_ORG22176,Subtle Diamond and 14KT Yellow Gold Ring,orra,3.0,14KT,Yellow,Gold,74624.0,diamond,0.0,58.0,60690.0,Round,7.0,Women,none,https://cdn.orra.co.in/media/catalog/product/cache/10238651d5f95594b9023f998383bb67/o/r/org22176_1_2.jpg,Tanishq_Jewelry_Dataset_Final/images/orra/ORG22176_1.jpg|Tanishq_Jewelry_Dataset_Final/images/orra/ORG22176_2.jpg|Tanishq_Jewelry_Dataset_Final/images/orra/ORG22176_3.jpg|Tanishq_Jewelry_Dataset_Final/images/orra/ORG22176_4.jpg|Tanishq_Jewelry_Dataset_Final/images/orra/ORG22176_5.jpg|Tanishq_Jewelry_Dataset_Final/images/orra/ORG22176_6.jpg|Tanishq_Jewelry_Dataset_Final/images/orra/ORG22176_7.jpg|Tanishq_Jewelry_Dataset_Final/images/orra/ORG22176_8.jpg|Tanishq_Jewelry_Dataset_Final/images/orra/ORG22176_9.jpg,8244.5,0.0
O_ORG22181-D300XHB,Impressive Diamond and 18KT Rose Gold Finger Ring,orra,6.72,18KT,Rose,Gold,241110.0,diamond,1.06,51.0,168000.0,"Round, Pear",8.0,Women,none,https://www.orra.co.in/media/catalog/product/o/r/org22181_1_8d94vtwctriu7i5f.jpeg,Tanishq_Jewelry_Dataset_Final/images/orra/ORG22181-D300XHB_1.jpg,23520.0,0.0
O_ORG22183,Diamond Emblazoned Finger Ring,orra,3.83,18KT,Rose,Gold,115288.0,diamond,0.0,32.0,93150.0,"Round, Pear",7.0,Women,none,https://cdn.orra.co.in/media/catalog/product/cache/10238651d5f95594b9023f998383bb67/o/r/org22183_1_nsghfiofvzjozmgq.jpg,Tanishq_Jewelry_Dataset_Final/images/orra/ORG22183_1.jpg|Tanishq_Jewelry_Dataset_Final/images/orra/ORG22183_2.jpg|Tanishq_Jewelry_Dataset_Final/images/orra/ORG22183_3.jpg,10532.5,0.0
O_ORG22214,Slender Floral Diamond Ring,orra,1.07,14KT,Rose,Gold,22562.0,diamond,0.0,4.0,14700.0,Round,6.0,Women,Floral,https://cdn.orra.co.in/media/catalog/product/cache/10238651d5f95594b9023f998383bb67/o/r/org22214-a_1.jpg,Tanishq_Jewelry_Dataset_Final/images/orra/ORG22214_1.jpg|Tanishq_Jewelry_Dataset_Final/images/orra/ORG22214_2.jpg|Tanishq_Jewelry_Dataset_Final/images/orra/ORG22214_3.jpg|Tanishq_Jewelry_Dataset_Final/images/orra/ORG22214_4.jpg|Tanishq_Jewelry_Dataset_Final/images/orra/ORG22214_5.jpg|Tanishq_Jewelry_Dataset_Final/images/orra/ORG22214_6.jpg|Tanishq_Jewelry_Dataset_Final/images/orra/ORG22214_7.jpg|Tanishq_Jewelry_Dataset_Final/images/orra/ORG22214_8.jpg|Tanishq_Jewelry_Dataset_Final/images/orra/ORG22214_9.jpg,4750.0,0.0
O_ORG22216,Classy 14KT Rose Gold Ring with Diamonds,orra,1.27,14KT,Rose,Gold,23788.0,diamond,0.0,28.0,14700.0,Round,6.0,Women,none,https://cdn.orra.co.in/media/catalog/product/cache/10238651d5f95594b9023f998383bb67/o/r/org22216_1_s7txex9mxmrjkzde.jpg,Tanishq_Jewelry_Dataset_Final/images/orra/ORG22216_1.jpg|Tanishq_Jewelry_Dataset_Final/images/orra/ORG22216_2.jpg|Tanishq_Jewelry_Dataset_Final/images/orra/ORG22216_3.jpg,4750.0,0.0
O_ORG22201,Diamond Lined Exquisite Ring,orra,3.15,14KT,Rose,Gold,62305.0,diamond,0.0,41.0,44100.0,Round,6.0,Women,none,https://cdn.orra.co.in/media/catalog/product/cache/10238651d5f95594b9023f998383bb67/o/r/org22201_1_wzs5xwnqp9bj0vmn.jpg,Tanishq_Jewelry_Dataset_Final/images/orra/ORG22201_1.jpg|Tanishq_Jewelry_Dataset_Final/images/orra/ORG22201_2.jpg|Tanishq_Jewelry_Dataset_Final/images/orra/ORG22201_3.jpg,8651.5,0.0
O_ORG22227,Attractive Diamond and 14KT Rose Gold Ring ,orra,1.98,14KT,Rose,Gold,43576.0,diamond,0.0,47.0,33600.0,Round,7.0,Women,none,https://cdn.orra.co.in/media/catalog/product/cache/10238651d5f95594b9023f998383bb67/o/r/org22227_1_vczfvbruwznrvisn.jpeg,Tanishq_Jewelry_Dataset_Final/images/orra/ORG22227_1.jpg,4750.0,0.0
O_ORG22231,Dazzling Diamond and Rose Gold Ring,orra,2.65,14KT,Rose,Gold,38186.0,diamond,0.0,52.0,19950.0,Round,7.0,Women,none,https://cdn.orra.co.in/media/catalog/product/cache/10238651d5f95594b9023f998383bb67/o/r/org22231_1_ztqzzc73dnfshskd.jpg,Tanishq_Jewelry_Dataset_Final/images/orra/ORG22231_1.jpg|Tanishq_Jewelry_Dataset_Final/images/orra/ORG22231_2.jpg|Tanishq_Jewelry_Dataset_Final/images/orra/ORG22231_3.jpg,7287.5,0.0
O_ORG22282,Magnificent Diamond Finger Ring For Women,orra,2.16,14KT,Rose,Gold,66035.0,diamond,0.0,68.0,58800.0,Round,7.0,Women,none,https://cdn.orra.co.in/media/catalog/product/cache/10238651d5f95594b9023f998383bb67/o/r/org22282_1_kvw1jjowtncfrc1q.jpeg,Tanishq_Jewelry_Dataset_Final/images/orra/ORG22282_1.jpg,5940.0,0.0
O_ORG22280-D900XFC,Intricate 14KT Rose Gold Finger Ring,orra,2.59,14KT,Rose,Gold,55381.0,diamond,0.26,51.0,27820.0,Round,7.0,Women,none,https://www.orra.co.in/media/catalog/product/o/r/org22280_1_6z5ryrfthifqgtue.jpg,Tanishq_Jewelry_Dataset_Final/images/orra/ORG22280-D900XFC_1.jpg,9069.9,0.0
O_ORG22289,Stately Diamond Finger Ring in Rose Gold,orra,2.9,14KT,Rose,Gold,48833.0,diamond,0.0,39.0,30450.0,Round,6.0,Women,none,https://cdn.orra.co.in/media/catalog/product/cache/10238651d5f95594b9023f998383bb67/o/r/org22289_1_ggbddpshx02w1a9b.jpg,Tanishq_Jewelry_Dataset_Final/images/orra/ORG22289_1.jpg|Tanishq_Jewelry_Dataset_Final/images/orra/ORG22289_2.jpg|Tanishq_Jewelry_Dataset_Final/images/orra/ORG22289_3.jpg,7980.5,0.0
O_ORG22294,Circular Rose Gold Diamond Finger Ring,orra,2.32,14KT,Rose,Gold,47567.0,diamond,0.0,35.0,34650.0,Round,8.0,Women,none,https://www.orra.co.in/media/catalog/product/o/r/org22294_1.jpg,Tanishq_Jewelry_Dataset_Final/images/orra/ORG22294_1.jpg|Tanishq_Jewelry_Dataset_Final/images/orra/ORG22294_2.jpg,6391.0,0.0
O_ORG22318,Stylish Diamond Finger Ring,orra,6.2,18KT,Yellow,Gold,243448.0,diamond,0.0,80.0,221400.0,"Round, Marquise, Pear",7.0,Women,none,https://cdn.orra.co.in/media/catalog/product/cache/10238651d5f95594b9023f998383bb67/o/r/org22318_1_3oikikmycdmr6ei1.jpeg,Tanishq_Jewelry_Dataset_Final/images/orra/ORG22318_1.jpg,17050.0,0.0
O_ORG22316,Classic Rose Gold Finger Ring,orra,4.17,18KT,Rose,Gold,148924.0,diamond,0.0,76.0,128700.0,"Round, Pear",7.0,Women,Classic,https://cdn.orra.co.in/media/catalog/product/cache/10238651d5f95594b9023f998383bb67/o/r/org22316_1_rjpeqxwjtszoeipo.jpg,Tanishq_Jewelry_Dataset_Final/images/orra/ORG22316_1.jpg|Tanishq_Jewelry_Dataset_Final/images/orra/ORG22316_2.jpg|Tanishq_Jewelry_Dataset_Final/images/orra/ORG22316_3.jpg,11467.5,0.0
O_ORG22297,Mesmerising Rose Gold and Diamond Ring,orra,2.34,14KT,Rose,Gold,55461.0,diamond,0.0,53.0,44100.0,Round,6.0,Women,none,https://cdn.orra.co.in/media/catalog/product/cache/10238651d5f95594b9023f998383bb67/o/r/org22297_1_tbpqc8g5i7zpgljo.jpg,Tanishq_Jewelry_Dataset_Final/images/orra/ORG22297_1.jpg|Tanishq_Jewelry_Dataset_Final/images/orra/ORG22297_2.jpg|Tanishq_Jewelry_Dataset_Final/images/orra/ORG22297_3.jpg|Tanishq_Jewelry_Dataset_Final/images/orra/ORG22297_4.jpg|Tanishq_Jewelry_Dataset_Final/images/orra/ORG22297_5.jpg|Tanishq_Jewelry_Dataset_Final/images/orra/ORG22297_6.jpg,6435.0,0.0
O_ORG22320,Traditional 18KT Yellow Gold Ring,orra,2.2,18KT,Yellow,Gold,80509.0,diamond,0.0,15.0,71835.0,"Round, Marquise, Pear",7.0,Women,none,https://cdn.orra.co.in/media/catalog/product/cache/10238651d5f95594b9023f998383bb67/o/r/org22320_1_affuotptapwudlkr.jpg,Tanishq_Jewelry_Dataset_Final/images/orra/ORG22320_1.jpg|Tanishq_Jewelry_Dataset_Final/images/orra/ORG22320_2.jpg|Tanishq_Jewelry_Dataset_Final/images/orra/ORG22320_3.jpg,6058.25,0.0
O_ORG22328,Glossy Rose Gold and Diamond Finger Ring,orra,1.83,18KT,Rose,Gold,35034.0,diamond,0.0,6.0,20875.0,"Round, Marquise",7.0,Women,none,https://cdn.orra.co.in/media/catalog/product/cache/10238651d5f95594b9023f998383bb67/o/r/org22328_1_2.jpg,Tanishq_Jewelry_Dataset_Final/images/orra/ORG22328_1.jpg|Tanishq_Jewelry_Dataset_Final/images/orra/ORG22328_2.jpg|Tanishq_Jewelry_Dataset_Final/images/orra/ORG22328_3.jpg|Tanishq_Jewelry_Dataset_Final/images/orra/ORG22328_4.jpg|Tanishq_Jewelry_Dataset_Final/images/orra/ORG22328_5.jpg|Tanishq_Jewelry_Dataset_Final/images/orra/ORG22328_6.jpg,4750.0,0.0
O_ORG22326,Floral Eternity Diamond Finger Ring,orra,5.2,18KT,Rose,Gold,142839.0,diamond,0.0,62.0,113250.0,"Round, Pear",7.0,Women,Eternity,https://cdn.orra.co.in/media/catalog/product/cache/10238651d5f95594b9023f998383bb67/o/r/org22326_1_xaietdsyp5kw3cm9.jpg,Tanishq_Jewelry_Dataset_Final/images/orra/ORG22326_1.jpg|Tanishq_Jewelry_Dataset_Final/images/orra/ORG22326_2.jpg|Tanishq_Jewelry_Dataset_Final/images/orra/ORG22326_3.jpg,14294.5,0.0
O_ORG23024,Unique Diamond Circle Ring in 18KT Rose Gold,orra,2.24,18KT,Rose,Gold,52483.0,diamond,0.0,52.0,36890.0,Round,7.0,Women,none,https://cdn.orra.co.in/media/catalog/product/cache/10238651d5f95594b9023f998383bb67/o/r/org23024_1_12jsbwiwtw8k4zja.jpg,Tanishq_Jewelry_Dataset_Final/images/orra/ORG23024_1.jpg|Tanishq_Jewelry_Dataset_Final/images/orra/ORG23024_2.jpg|Tanishq_Jewelry_Dataset_Final/images/orra/ORG23024_3.jpg,6160.0,0.0
O_ORG23016,Delicate Diamond Finger Ring in 18KT Rose Gold,orra,2.02,18KT,Rose,Gold,120280.0,diamond,0.0,9.0,121500.0,Round,7.0,Women,none,https://cdn.orra.co.in/media/catalog/product/cache/10238651d5f95594b9023f998383bb67/o/r/org23016_1__1.jpg,Tanishq_Jewelry_Dataset_Final/images/orra/ORG23016_1.jpg|Tanishq_Jewelry_Dataset_Final/images/orra/ORG23016_2.jpg|Tanishq_Jewelry_Dataset_Final/images/orra/ORG23016_3.jpg|Tanishq_Jewelry_Dataset_Final/images/orra/ORG23016_4.jpg|Tanishq_Jewelry_Dataset_Final/images/orra/ORG23016_5.jpg|Tanishq_Jewelry_Dataset_Final/images/orra/ORG23016_6.jpg,5555.0,0.0
O_ORG23029,Shimmery Curved Design Diamond Finger Ring in 18KT Rose Gold,orra,2.29,18KT,Rose,Gold,57068.0,diamond,0.0,54.0,41650.0,Round,7.0,Women,none,https://cdn.orra.co.in/media/catalog/product/cache/10238651d5f95594b9023f998383bb67/o/r/org23029_1_7xplfddpzuqs84za.jpg,Tanishq_Jewelry_Dataset_Final/images/orra/ORG23029_1.jpg|Tanishq_Jewelry_Dataset_Final/images/orra/ORG23029_2.jpg|Tanishq_Jewelry_Dataset_Final/images/orra/ORG23029_3.jpg,6297.5,0.0
O_ORG23034-D900XHC,Charming 14KT Rose Gold and Diamond Finger Ring,orra,2.58,14KT,Rose,Gold,53512.0,diamond,0.24,21.0,25680.0,Round,8.0,Women,none,https://www.orra.co.in/media/catalog/product/o/r/org23034_1_.jpg,Tanishq_Jewelry_Dataset_Final/images/orra/ORG23034-D900XHC_1.jpg,9040.5,0.0
O_ORG23031,Square Design Ladie's Diamond Finger Ring in 18KT Rose Gold,orra,4.15,18KT,Rose,Gold,106278.0,diamond,0.0,68.0,76950.0,Round,7.0,Women,none,https://cdn.orra.co.in/media/catalog/product/cache/10238651d5f95594b9023f998383bb67/o/r/org23031_1_jxmrkimr8yimcqxl.jpg,Tanishq_Jewelry_Dataset_Final/images/orra/ORG23031_1.jpg|Tanishq_Jewelry_Dataset_Final/images/orra/ORG23031_2.jpg|Tanishq_Jewelry_Dataset_Final/images/orra/ORG23031_3.jpg,11412.5,0.0
O_ORG23036,18KT Yellow Gold Diamond Finger Ring,orra,1.89,18KT,Yellow,Gold,44538.0,diamond,0.0,40.0,31500.0,Round,7.0,Women,none,https://cdn.orra.co.in/media/catalog/product/cache/10238651d5f95594b9023f998383bb67/o/r/org23036_1__1.jpg,Tanishq_Jewelry_Dataset_Final/images/orra/ORG23036_1.jpg|Tanishq_Jewelry_Dataset_Final/images/orra/ORG23036_2.jpg|Tanishq_Jewelry_Dataset_Final/images/orra/ORG23036_3.jpg|Tanishq_Jewelry_Dataset_Final/images/orra/ORG23036_4.jpg|Tanishq_Jewelry_Dataset_Final/images/orra/ORG23036_5.jpg|Tanishq_Jewelry_Dataset_Final/images/orra/ORG23036_6.jpg,4750.0,0.0
O_ORG23044,Bow Designer Diamond Ring in 18KT Rose Gold,orra,3.01,18KT,Rose,Gold,73701.0,diamond,0.0,41.0,53250.0,Round,7.0,Women,none,https://cdn.orra.co.in/media/catalog/product/cache/10238651d5f95594b9023f998383bb67/o/r/org23044_1_i0jpvkvc1ue1svse.jpg,Tanishq_Jewelry_Dataset_Final/images/orra/ORG23044_1.jpg|Tanishq_Jewelry_Dataset_Final/images/orra/ORG23044_2.jpg|Tanishq_Jewelry_Dataset_Final/images/orra/ORG23044_3.jpg,8288.5,0.0
O_ORG23055,Round Designer 18KT Rose Gold and Diamond Finger Ring,orra,2.82,18KT,Rose,Gold,53416.0,diamond,0.0,28.0,30940.0,Round,7.0,Women,none,https://cdn.orra.co.in/media/catalog/product/cache/10238651d5f95594b9023f998383bb67/o/r/org23055_1_q82xujbooaclsm5f.jpg,Tanishq_Jewelry_Dataset_Final/images/orra/ORG23055_1.jpg|Tanishq_Jewelry_Dataset_Final/images/orra/ORG23055_2.jpg|Tanishq_Jewelry_Dataset_Final/images/orra/ORG23055_3.jpg,7755.0,0.0
O_ORG23061,Round Shining Diamond Finger Ring in 18KT Yellow Gold,orra,3.61,18KT,Yellow,Gold,73226.0,diamond,0.0,19.0,45220.0,Round,8.0,Women,none,https://cdn.orra.co.in/media/catalog/product/cache/10238651d5f95594b9023f998383bb67/o/r/org23061_1_2.jpeg,Tanishq_Jewelry_Dataset_Final/images/orra/ORG23061_1.jpg,9938.5,0.0
O_ORG23056,Crown Design Diamond Finger Ring,orra,2.91,18KT,Rose,Gold,57249.0,diamond,0.0,26.0,34510.0,Round,7.0,Women,none,https://cdn.orra.co.in/media/catalog/product/cache/10238651d5f95594b9023f998383bb67/o/r/org23056_1_7q81rcazjsd4f2sn.jpg,Tanishq_Jewelry_Dataset_Final/images/orra/ORG23056_1.jpg|Tanishq_Jewelry_Dataset_Final/images/orra/ORG23056_2.jpg|Tanishq_Jewelry_Dataset_Final/images/orra/ORG23056_3.jpg|Tanishq_Jewelry_Dataset_Final/images/orra/ORG23056_4.jpg|Tanishq_Jewelry_Dataset_Final/images/orra/ORG23056_5.jpg|Tanishq_Jewelry_Dataset_Final/images/orra/ORG23056_6.jpg,8008.0,0.0
O_ORG23059-D400RJB,Crown Design Diamond Finger Ring in 18KT Yellow Gold,orra,3.6,18KT,Yellow,Gold,88747.0,diamond,0.33,45.0,40920.0,Round,9.0,Women,none,https://www.orra.co.in/media/catalog/product/o/r/org23059_1_8qy68awb5w2lnuyp.jpg,Tanishq_Jewelry_Dataset_Final/images/orra/ORG23059-D400RJB_1.jpg,12605.25,0.0
O_PMR12009,Simple Diamond Finger Ring for Men,orra,6.86,950PT,White,Platinum,71857.0,diamond,0.0,1.0,21000.0,Round,10.0,Men,none,https://cdn.orra.co.in/media/catalog/product/cache/10238651d5f95594b9023f998383bb67/p/m/pmr12009_1_8pywotkk5e5xy81d.jpg,Tanishq_Jewelry_Dataset_Final/images/orra/PMR12009_1.jpg|Tanishq_Jewelry_Dataset_Final/images/orra/PMR12009_2.jpg|Tanishq_Jewelry_Dataset_Final/images/orra/PMR12009_3.jpg,17140.0,6.856
O_PMR20080,Elegant Platinum Men's Finger Ring,orra,6.6,950PT,White,Platinum,51380.0,diamond,0.0,1.0,3000.0,Round,10.0,Men,none,https://cdn.orra.co.in/media/catalog/product/cache/10238651d5f95594b9023f998383bb67/p/m/pmr20080_1_1.jpg,Tanishq_Jewelry_Dataset_Final/images/orra/PMR20080_1.jpg|Tanishq_Jewelry_Dataset_Final/images/orra/PMR20080_2.jpg|Tanishq_Jewelry_Dataset_Final/images/orra/PMR20080_3.jpg|Tanishq_Jewelry_Dataset_Final/images/orra/PMR20080_4.jpg,16500.0,6.6
O_PMR23080,Bejewelled Platinum Men's Finger Ring,orra,7.38,950PT,White,Platinum,52899.0,diamond,0.0,3.0,0.0,Round,12.0,Men,none,https://cdn.orra.co.in/media/catalog/product/cache/10238651d5f95594b9023f998383bb67/p/m/pmr23080_1_xwgwojlopwtyjyql.jpg,Tanishq_Jewelry_Dataset_Final/images/orra/PMR23080_1.jpg|Tanishq_Jewelry_Dataset_Final/images/orra/PMR23080_2.jpg|Tanishq_Jewelry_Dataset_Final/images/orra/PMR23080_3.jpg,18455.0,0.0
O_PMR23071,Subtle Men's Diamond Finger Ring,orra,8.39,950PT,White,Platinum,76712.0,diamond,0.0,25.0,14850.0,Round,11.0,Men,none,https://cdn.orra.co.in/media/catalog/product/cache/10238651d5f95594b9023f998383bb67/p/m/pmr23071_1_lolazytkytilpz2o.jpg,Tanishq_Jewelry_Dataset_Final/images/orra/PMR23071_1.jpg|Tanishq_Jewelry_Dataset_Final/images/orra/PMR23071_2.jpg|Tanishq_Jewelry_Dataset_Final/images/orra/PMR23071_3.jpg,20975.0,8.39
O_PMR23081-D300PPD,Diamond Finger Ring for Men in Platinum,orra,7.07,950PT,White,Platinum,92788.0,diamond,0.1,1.0,0.0,Round,12.0,Men,none,https://www.orra.co.in/media/catalog/product/p/m/pmr23081_1.jpg,Tanishq_Jewelry_Dataset_Final/images/orra/PMR23081-D300PPD_1.jpg,24732.75,0.0
O_PMR23091,Aesthetic Men's Platinum Diamond Ring,orra,9.19,950PT,White,Platinum,82722.0,diamond,0.0,1.0,15000.0,Round,11.0,Men,none,https://cdn.orra.co.in/media/catalog/product/cache/10238651d5f95594b9023f998383bb67/p/m/pmr23091_1_bgvmyxxktkfhk65x.jpg,Tanishq_Jewelry_Dataset_Final/images/orra/PMR23091_1.jpg,22975.0,9.19
O_PMR23093,Sparkling Diamond Finger Ring,orra,4.65,950PT,White,Platinum,51019.0,diamond,0.0,1.0,16500.0,Round,11.0,Men,none,https://cdn.orra.co.in/media/catalog/product/cache/10238651d5f95594b9023f998383bb67/p/m/pmr23093_1_ywjwglc9drasb9lk.jpg,Tanishq_Jewelry_Dataset_Final/images/orra/PMR23093_1.jpg,11620.0,4.648
O_PMR23095,Embellished Diamond Men's Ring,orra,4.41,950PT,White,Platinum,44811.0,diamond,0.0,5.0,12150.0,Round,13.0,Men,none,https://cdn.orra.co.in/media/catalog/product/cache/10238651d5f95594b9023f998383bb67/p/m/pmr23095_1_lybtcpnkedhpoczd.jpg,Tanishq_Jewelry_Dataset_Final/images/orra/PMR23095_1.jpg,11030.0,4.412
O_PRG23105-D300PDD,Stunning 950Pt Platinum Textured Ring,orra,3.91,950PT,White,Platinum,94712.0,diamond,0.31,5.0,46350.0,Round,6.0,Women,none,https://www.orra.co.in/media/catalog/product/p/r/prg23105_1_jxdmlsusdosy8ept.jpg,Tanishq_Jewelry_Dataset_Final/images/orra/PRG23105-D300PDD_1.jpg,13700.4,3.91
O_PRG23096-D300PDD,Gorgeous Diamond and Platinum Finger Ring,orra,3.31,950PT,White,Platinum,45617.0,diamond,0.04,5.0,5400.0,Round,6.0,Women,none,https://www.orra.co.in/media/catalog/product/p/r/prg23096_1_gcaepqbt7hdvuhgz.jpg,Tanishq_Jewelry_Dataset_Final/images/orra/PRG23096-D300PDD_1.jpg,11583.6,3.31
O_WMR23012,18KT Yellow Gold and Diamond Finger Ring,orra,5.32,18KT,Yellow,Gold,84377.0,diamond,0.0,1.0,37950.0,Round,10.0,Men,none,https://cdn.orra.co.in/media/catalog/product/cache/10238651d5f95594b9023f998383bb67/w/m/wmr23012_1_wxvh5zaiz5ss0m5l.jpg,Tanishq_Jewelry_Dataset_Final/images/orra/WMR23012_1.jpg,14630.0,0.0
O_WMR23009,Adoring 950Pt Platinum Finger Ring,orra,7.21,950PT,White,Platinum,88453.0,diamond,0.0,1.0,34650.0,Round,11.0,Men,none,https://cdn.orra.co.in/media/catalog/product/cache/10238651d5f95594b9023f998383bb67/w/m/wmr23009_1_z8mql2th62vhwgo6.jpg,Tanishq_Jewelry_Dataset_Final/images/orra/WMR23009_1.jpg,18020.0,7.208
O_WMR23013-D300RNB,Simple Diamond Studded 18KT Yellow Gold Ring,orra,6.17,18KT,Yellow,Gold,130132.0,diamond,0.26,1.0,43560.0,Round,11.0,Men,none,https://www.orra.co.in/media/catalog/product/w/m/wmr23013_1_cwngwklgobqvboao.jpg,Tanishq_Jewelry_Dataset_Final/images/orra/WMR23013-D300RNB_1.jpg,21586.95,0.0
O_YMR20001,Glossy 18KT Yellow Gold Ring for Men,orra,6.37,18KT,Yellow,Gold,107291.0,diamond,0.0,1.0,54000.0,Round,10.0,Men,none,https://cdn.orra.co.in/media/catalog/product/cache/10238651d5f95594b9023f998383bb67/y/m/ymr20001_1_3.jpg,Tanishq_Jewelry_Dataset_Final/images/orra/YMR20001_1.jpg,17517.5,0.0
O_YMR20007-A200OJB,Unique Diamond 18KT White and Rose Gold Men's Finger Ring,orra,6.69,18KT,White+Rose,Gold,266995.0,diamond,0.49,1.0,175175.0,Round,9.0,Men,none,https://www.orra.co.in/media/catalog/product/y/m/ymr20007_1_x5bfn9ly0xjvzfsb.jpg,Tanishq_Jewelry_Dataset_Final/images/orra/YMR20007-A200OJB_1.jpg,23409.75,0.0
O_YMR23006-D200RPB,Sleek Yellow Gold Diamond Ring for Men,orra,9.83,18KT,Yellow,Gold,257997.0,diamond,0.5,1.0,112500.0,Princess,12.0,Men,none,https://www.orra.co.in/media/catalog/product/y/m/ymr23006_1.jpg,Tanishq_Jewelry_Dataset_Final/images/orra/YMR23006-D200RPB_1.jpg,34398.0,0.0
O_YRG19014,Exquisite 18KT Yellow Gold and Diamond Crown Star Ring,orra,2.24,18KT,Yellow,Gold,101226.0,diamond,0.0,19.0,84852.0,Round,6.0,Women,none,https://cdn.orra.co.in/media/catalog/product/cache/10238651d5f95594b9023f998383bb67/y/r/yrg19014_1_hwg3tvxghditpmny.jpg,Tanishq_Jewelry_Dataset_Final/images/orra/YRG19014_1.jpg,6146.25,0.0
O_YMR23008-D200RNB,Eternal Diamond Men's Finger Ring in 18KT Yellow Gold,orra,7.97,18KT,Yellow,Gold,351757.0,diamond,0.7,1.0,245000.0,Emerald,11.0,Men,none,https://www.orra.co.in/media/catalog/product/y/m/ymr23006_1_1.jpg,Tanishq_Jewelry_Dataset_Final/images/orra/YMR23008-D200RNB_1.jpg,27893.25,0.0
O_YRG19012,Dazzling Diamond Finger Ring,orra,4.18,18KT,Yellow,Gold,98089.0,diamond,0.0,31.0,58910.0,Round,6.0,Women,none,https://cdn.orra.co.in/media/catalog/product/cache/10238651d5f95594b9023f998383bb67/y/r/yrg19012_yg_1__1.jpg,Tanishq_Jewelry_Dataset_Final/images/orra/YRG19012_1.jpg,11495.0,0.0
O_YRG23005,Enchanting Diamond Crown Star Ring in 18KT Rose Gold,orra,4.54,18KT,Rose,Gold,179313.0,diamond,0.0,110.0,143400.0,Round,7.0,Women,none,https://cdn.orra.co.in/media/catalog/product/cache/10238651d5f95594b9023f998383bb67/y/r/yrg23005_1_3mphr5f8t4lxrj6a.jpg,Tanishq_Jewelry_Dataset_Final/images/orra/YRG23005_1.jpg,12485.0,0.0
O_YRG23007,Eye Design Diamond Crown Star Finger Ring,orra,3.46,18KT,Yellow,Gold,227722.0,diamond,0.0,95.0,207200.0,Round,8.0,Women,none,https://cdn.orra.co.in/media/catalog/product/cache/10238651d5f95594b9023f998383bb67/y/r/yrg23007_1_c0tt9hkk3e7dsa6c.jpg,Tanishq_Jewelry_Dataset_Final/images/orra/YRG23007_1.jpg,9515.0,0.0
O_PMR23062-D300ORD,Attractive Men's Diamond Finger Ring,orra,0.53,18KT,White+Rose,Gold,107700.0,diamond,0.09,1.0,13500.0,Round,13.0,Men,none,https://www.orra.co.in/media/catalog/product/p/m/pmr23062_1_u8qrarz2cokpplxe.jpg,Tanishq_Jewelry_Dataset_Final/images/orra/PMR23062-D300ORD_1.jpg,26533.5,7.6
O_PMR23067-D300OND,Classy Diamond Finger Ring,orra,0.42,18KT,White+Rose,Gold,119999.0,diamond,0.1,2.0,13500.0,Round,11.0,Men,none,https://www.orra.co.in/media/catalog/product/p/m/pmr23067_1_m3ghiqt1wwwh6w4i.jpg,Tanishq_Jewelry_Dataset_Final/images/orra/PMR23067-D300OND_1.jpg,30208.5,8.65
O_PMR23097-D300OND,Men's Diamond Studded Finger Ring,orra,0.93,18KT,White+Rose,Gold,91910.0,diamond,0.08,1.0,12000.0,Round,11.0,Men,none,https://www.orra.co.in/media/catalog/product/p/m/pmr23097_1_s2nfyapvymajbr0e.jpg,Tanishq_Jewelry_Dataset_Final/images/orra/PMR23097-D300OND_1.jpg,21954.45,6.29
O_PMR20084,Impressive Diamond Finger Ring for Men,orra,2.51,18KT,White+Rose,Gold,71061.0,diamond,0.0,1.0,12870.0,Round,12.0,Men,none,https://cdn.orra.co.in/media/catalog/product/cache/10238651d5f95594b9023f998383bb67/p/m/pmr20084_1_yabzb5ynb13giucv.jpg,Tanishq_Jewelry_Dataset_Final/images/orra/PMR20084_1.jpg,17025.0,6.826
O_PMR23061,Glossy Platinum and Rose Gold Men's Finger Ring,orra,0.4,18KT,White+Rose,Gold,62314.0,diamond,0.0,1.0,13500.0,Round,11.0,Men,none,https://cdn.orra.co.in/media/catalog/product/cache/10238651d5f95594b9023f998383bb67/p/m/pmr23061_1_mtvfuug3k9y3uf3a.jpg,Tanishq_Jewelry_Dataset_Final/images/orra/PMR23061_1.jpg,16100.0,6.458
O_PMR23072,Mesmerising Diamond and Platinum Men's Finger Ring,orra,2.42,18KT,White+Rose,Gold,89209.0,diamond,0.0,3.0,27000.0,Round,11.0,Men,none,https://cdn.orra.co.in/media/catalog/product/cache/10238651d5f95594b9023f998383bb67/p/m/pmr23072_1_bqffilpc5w5bijlo.jpg,Tanishq_Jewelry_Dataset_Final/images/orra/PMR23072_1.jpg,18350.0,7.38
O_PMR23074,Glossy Men's Rose Gold and Diamond Finger Ring,orra,1.18,18KT,White+Rose,Gold,71577.0,diamond,0.0,16.0,27000.0,Round,11.0,Men,none,https://cdn.orra.co.in/media/catalog/product/cache/10238651d5f95594b9023f998383bb67/p/m/pmr23074_1_t8kkyjcjpaclozy5.jpg,Tanishq_Jewelry_Dataset_Final/images/orra/PMR23074_1.jpg,17325.0,0.0
O_PMR23075,Attractive Diamond Men's Finger Ring,orra,2.34,18KT,White+Rose,Gold,82071.0,diamond,0.0,9.0,24300.0,Round,11.0,Men,none,https://cdn.orra.co.in/media/catalog/product/cache/10238651d5f95594b9023f998383bb67/p/m/pmr23075_1_fgxau19lgdtwltrd.jpg,Tanishq_Jewelry_Dataset_Final/images/orra/PMR23075_1.jpg,20925.0,0.0
O_PRG23040,Textured Diamond Ring in Platinum,orra,1.74,18KT,White+Rose,Gold,47886.0,diamond,0.0,24.0,21600.0,Round,7.0,Women,none,https://cdn.orra.co.in/media/catalog/product/cache/10238651d5f95594b9023f998383bb67/p/r/prg23040_1_2.jpg,Tanishq_Jewelry_Dataset_Final/images/orra/PRG23040_1.jpg,9075.0,0.0
O_PRG23043,Stylish Finger Ring in 950Pt Platinum and Rose Gold,orra,1.08,18KT,White+Rose,Gold,37456.0,diamond,0.0,1.0,15000.0,Round,7.0,Women,none,https://cdn.orra.co.in/media/catalog/product/cache/10238651d5f95594b9023f998383bb67/p/r/prg23043_1_1_1.jpg,Tanishq_Jewelry_Dataset_Final/images/orra/PRG23043_1.jpg,8200.0,0.0
O_PRG23098,Artistic Rose and 950Pt Platinum Ring,orra,0.63,18KT,White+Rose,Gold,28017.0,diamond,0.0,1.0,4050.0,Round,6.0,Women,none,https://cdn.orra.co.in/media/catalog/product/cache/10238651d5f95594b9023f998383bb67/p/r/prg23098_1_4epsw6as07gsf6jw.jpg,Tanishq_Jewelry_Dataset_Final/images/orra/PRG23098_1.jpg,7400.0,2.966
O_WMR23007,Gracious Diamond Men's Finger Ring  ,orra,1.79,18KT,White+Rose,Gold,78718.0,diamond,0.0,1.0,29700.0,Round,11.0,Men,none,https://cdn.orra.co.in/media/catalog/product/cache/10238651d5f95594b9023f998383bb67/w/m/wmr23007_1_f11qzkwcojrkiy3p.jpg,Tanishq_Jewelry_Dataset_Final/images/orra/WMR23007_1.jpg,18500.0,0.0
O_PMR23073,Men's Finger Ring in Eclectic Platinum,orra,0.5,18KT,White+Rose,Gold,87426.0,diamond,0.0,16.0,28350.0,Round,11.0,Men,none,https://cdn.orra.co.in/media/catalog/product/cache/10238651d5f95594b9023f998383bb67/p/m/pmr23073_1_njjaekpmzthhgmmh.jpg,Tanishq_Jewelry_Dataset_Final/images/orra/PMR23073_1.jpg,19395.0,7.8
O_PMR14030,Elegant Men's Finger Ring in Platinum,orra,1.68,18KT,White+Rose,Gold,46439.0,none,0.0,0.0,0.0,none,10.0,Men,none,https://cdn.orra.co.in/media/catalog/product/cache/10238651d5f95594b9023f998383bb67/p/m/pmr14030_1_yjcblut8s7urm4n5.jpg,Tanishq_Jewelry_Dataset_Final/images/orra/PMR14030_1.jpg,14000.0,5.6
O_PMR16024,Geometric Design Platinum Finger Ring For Men,orra,1.21,18KT,White+Rose,Gold,63723.0,diamond,0.0,1.0,15000.0,Round,10.0,Men,Geometric,https://cdn.orra.co.in/media/catalog/product/cache/10238651d5f95594b9023f998383bb67/p/m/pmr16024_1_q7xod2emmdiregs9.jpg,Tanishq_Jewelry_Dataset_Final/images/orra/PMR16024_1.jpg,15172.5,6.089
O_PMR23082,Glamorous Diamond Finger Ring for Men,orra,4.0,18KT,White+Rose,Gold,71942.0,diamond,0.0,6.0,8100.0,Round,11.0,Men,none,https://cdn.orra.co.in/media/catalog/product/cache/10238651d5f95594b9023f998383bb67/p/m/pmr23082_1_tvcsbfclvfdlzot3.jpg,Tanishq_Jewelry_Dataset_Final/images/orra/PMR23082_1.jpg,20120.0,0.0
O_PRG23022,Delicated Platinum Womens Band Ring,orra,1.87,18KT,White+Rose,Gold,33685.0,none,0.0,0.0,0.0,none,7.0,Women,Band,https://cdn.orra.co.in/media/catalog/product/cache/10238651d5f95594b9023f998383bb67/p/r/prg23022_1_ddmn9yzlruftcaur.jpg,Tanishq_Jewelry_Dataset_Final/images/orra/PRG23022_1.jpg,9500.0,3.8
O_PRG23039,Diamond Accented Platinum and Rose Gold Ring ,orra,2.17,18KT,White+Rose,Gold,39647.0,diamond,0.0,3.0,5400.0,Round,6.0,Women,none,https://cdn.orra.co.in/media/catalog/product/cache/10238651d5f95594b9023f998383bb67/p/r/prg23039_1_y4pgkjlabp7hllap.jpg,Tanishq_Jewelry_Dataset_Final/images/orra/PRG23039_1.jpg,10730.0,0.0
O_BRG23A01,18KT Rose Gold Mother of Pearls Desired Finger Ring,orra,4.63,18KT,Rose,Gold,60981.0,diamond,0.0,24.0,16660.0,Round,7.0,Women,none,https://cdn.orra.co.in/media/catalog/product/cache/10238651d5f95594b9023f998383bb67/b/r/brg23a01_1_1_3.jpg,Tanishq_Jewelry_Dataset_Final/images/orra/BRG23A01_1.jpg,12732.5,0.0
O_HRG23021,Elegant 18KT Rose Gold Solitaire Finger Ring ,orra,2.28,18KT,Rose,Gold,243880.0,diamond,0.0,1.0,245000.0,Round,7.0,Women,Solitaire,https://cdn.orra.co.in/media/catalog/product/cache/10238651d5f95594b9023f998383bb67/h/r/hrg23021_1_1.jpg,Tanishq_Jewelry_Dataset_Final/images/orra/HRG23021_1.jpg,6270.0,0.0
O_HRG23023,Captivating 18KT Yellow Gold Diamond Solitaire Ring,orra,2.61,18KT,Yellow,Gold,285560.0,diamond,0.0,1.0,280000.0,Round,7.0,Women,Solitaire,https://cdn.orra.co.in/media/catalog/product/cache/10238651d5f95594b9023f998383bb67/h/r/hrg23023_1__1.jpg,Tanishq_Jewelry_Dataset_Final/images/orra/HRG23023_1.jpg,7177.5,0.0
O_HRG23025,Stylish Diamond and Rose Gold Solitaire Finger Ring,orra,3.31,18KT,Rose,Gold,469870.0,diamond,0.0,87.0,471685.0,Round,7.0,Women,Solitaire,https://cdn.orra.co.in/media/catalog/product/cache/10238651d5f95594b9023f998383bb67/h/r/hrg23025-_rg_1__2.jpg,Tanishq_Jewelry_Dataset_Final/images/orra/HRG23025_1.jpg,9097.0,0.0
O_HRG23026,Romantic Solitaire Diamond Finger Ring,orra,2.99,18KT,White,Gold,556667.0,diamond,0.0,20.0,580000.0,Round,7.0,Women,Solitaire,https://cdn.orra.co.in/media/catalog/product/cache/10238651d5f95594b9023f998383bb67/h/r/hrg23026_1.jpg,Tanishq_Jewelry_Dataset_Final/images/orra/HRG23026_1.jpg,8222.5,0.0
O_HRG23031,Sophisticated Solitaire Diamond Finger Ring,orra,2.58,18KT,Rose,Gold,207218.0,diamond,0.0,1.0,195250.0,Round,7.0,Women,Solitaire,https://cdn.orra.co.in/media/catalog/product/cache/10238651d5f95594b9023f998383bb67/h/r/hrg23031_1.jpg,Tanishq_Jewelry_Dataset_Final/images/orra/HRG23031_1.jpg,7095.0,0.0
O_HRG23033,Alluring Solitaire Diamond Finger Ring in 18KT Rose Gold,orra,3.01,18KT,Rose,Gold,322070.0,diamond,0.0,1.0,315000.0,Round,7.0,Women,Solitaire,https://cdn.orra.co.in/media/catalog/product/cache/10238651d5f95594b9023f998383bb67/h/r/hrg23033_1.jpg,Tanishq_Jewelry_Dataset_Final/images/orra/HRG23033_1.jpg,8285.75,0.0
O_ORG23082,Delicate Diamond Solitaire Ring For Women,orra,1.76,18KT,Rose,Gold,32766.0,diamond,0.0,1.0,18150.0,Round,6.0,Women,Solitaire,https://cdn.orra.co.in/media/catalog/product/cache/10238651d5f95594b9023f998383bb67/o/r/org23082_1.jpg,Tanishq_Jewelry_Dataset_Final/images/orra/ORG23082_1.jpg,4750.0,0.0
O_WRG23010,Sparkling Solitaire Diamond Ring Crafted in 18KT Yellow Gold,orra,2.46,18KT,Yellow,Gold,53514.0,diamond,0.0,1.0,36000.0,Round,6.0,Women,Solitaire,https://cdn.orra.co.in/media/catalog/product/cache/10238651d5f95594b9023f998383bb67/w/r/wrg23010_1__1_1.jpg,Tanishq_Jewelry_Dataset_Final/images/orra/WRG23010_1.jpg,6765.0,0.0
O_WRG23009,Sophisticated 18KT Rose Gold Solitaire Finger Ring,orra,1.86,18KT,Rose,Gold,62751.0,diamond,0.0,23.0,53800.0,Round,6.0,Women,Solitaire,https://cdn.orra.co.in/media/catalog/product/cache/10238651d5f95594b9023f998383bb67/w/r/wrg23009_1.jpg,Tanishq_Jewelry_Dataset_Final/images/orra/WRG23009_1.jpg,4750.0,0.0
O_YRG23018,Scintillating 18KT Yellow Gold Diamond Solitaire Ring,orra,1.8,18KT,Yellow,Gold,99423.0,diamond,0.0,23.0,88200.0,Round,7.0,Women,Solitaire,https://cdn.orra.co.in/media/catalog/product/cache/10238651d5f95594b9023f998383bb67/y/r/yrg23018_1.jpg,Tanishq_Jewelry_Dataset_Final/images/orra/YRG23018_1.jpg,4750.0,0.0
O_WRG23011,Classic Textured Diamond Solitaire Rose Gold Ring,orra,2.12,18KT,Rose,Gold,47326.0,diamond,0.0,1.0,32400.0,Round,6.0,Women,Solitaire,https://cdn.orra.co.in/media/catalog/product/cache/10238651d5f95594b9023f998383bb67/w/r/wrg23011_1.jpg,Tanishq_Jewelry_Dataset_Final/images/orra/WRG23011_1.jpg,5827.25,0.0
O_WRG23012,Beautiful Diamond Solitaire Ring in 18KT Rose Gold,orra,1.48,18KT,Rose,Gold,39085.0,diamond,0.0,1.0,28500.0,Round,6.0,Women,Solitaire,https://cdn.orra.co.in/media/catalog/product/cache/10238651d5f95594b9023f998383bb67/w/r/wrg23012_1.jpg,Tanishq_Jewelry_Dataset_Final/images/orra/WRG23012_1.jpg,4750.0,0.0
O_YRG23017,Gleaming 18KT Yellow Gold Diamond Solitaire Ring,orra,2.56,18KT,Yellow,Gold,202038.0,diamond,0.0,31.0,187650.0,Round,7.0,Women,Solitaire,https://cdn.orra.co.in/media/catalog/product/cache/10238651d5f95594b9023f998383bb67/y/r/yrg23017_1__2.png,Tanishq_Jewelry_Dataset_Final/images/orra/YRG23017_1.jpg,7040.0,0.0
O_YRG23022,Precious 18KT Yellow Gold Solitaire Diamond Finger Ring,orra,3.28,18KT,Yellow,Gold,135715.0,diamond,0.0,58.0,110030.0,Round,7.0,Women,Solitaire,https://cdn.orra.co.in/media/catalog/product/cache/10238651d5f95594b9023f998383bb67/y/r/yrg23022_1_.png,Tanishq_Jewelry_Dataset_Final/images/orra/YRG23022_1.jpg,9020.0,0.0
O_YRG23019,Radiant Diamond Solitaire Finger Ring,orra,4.09,18KT,Rose,Gold,161449.0,diamond,0.0,87.0,129270.0,Round,7.0,Women,Solitaire,https://cdn.orra.co.in/media/catalog/product/cache/10238651d5f95594b9023f998383bb67/y/r/yrg23019_1.png,Tanishq_Jewelry_Dataset_Final/images/orra/YRG23019_1.jpg,11247.5,0.0
O_YRG23024,Luxurious Diamond Solitaire Ring in Rose Gold,orra,1.95,18KT,Rose,Gold,157483.0,diamond,0.0,35.0,148950.0,Round,7.0,Women,Solitaire,https://cdn.orra.co.in/media/catalog/product/cache/10238651d5f95594b9023f998383bb67/y/r/yrg23024_1.jpg,Tanishq_Jewelry_Dataset_Final/images/orra/YRG23024_1.jpg,4750.0,0.0
O_YRG23025,Brilliant 18KT Rose Gold Diamond Solitaire Finger Ring,orra,2.37,18KT,Rose,Gold,74623.0,diamond,0.0,1.0,54450.0,Round,7.0,Women,Solitaire,https://cdn.orra.co.in/media/catalog/product/cache/10238651d5f95594b9023f998383bb67/y/r/yrg23025_1_2.jpg,Tanishq_Jewelry_Dataset_Final/images/orra/YRG23025_1.jpg,6528.5,0.0
O_YRG23023,Delicate Diamond Clustered 18KT Rose Gold Ring,orra,2.32,18KT,Rose,Gold,83127.0,diamond,0.0,17.0,64375.0,Round,7.0,Women,Cluster,https://cdn.orra.co.in/media/catalog/product/cache/10238651d5f95594b9023f998383bb67/y/r/yrg23023_1.jpg,Tanishq_Jewelry_Dataset_Final/images/orra/YRG23023_1.jpg,6366.25,0.0
O_YRG23027,18KT Rose Gold and Diamond Solitaire Diamond Ring,orra,2.47,18KT,Rose,Gold,108371.0,diamond,0.0,1.0,90000.0,Round,7.0,Women,Solitaire,https://cdn.orra.co.in/media/catalog/product/cache/10238651d5f95594b9023f998383bb67/y/r/yrg23027_1.jpg,Tanishq_Jewelry_Dataset_Final/images/orra/YRG23027_1.jpg,6792.5,0.0
O_YRG23028,Simple Solitaire Diamond Finger Ring,orra,2.53,18KT,Rose,Gold,150877.0,diamond,0.0,1.0,135000.0,Round,7.0,Women,Solitaire,https://cdn.orra.co.in/media/catalog/product/cache/10238651d5f95594b9023f998383bb67/y/r/yrg23028_1_4.jpg,Tanishq_Jewelry_Dataset_Final/images/orra/YRG23028_1.jpg,6957.5,0.0
O_YRG23026,Glittering Diamond Rings in 18KT Rose Gold,orra,2.12,18KT,Rose,Gold,82665.0,diamond,0.0,1.0,66000.0,Round,7.0,Women,none,https://cdn.orra.co.in/media/catalog/product/cache/10238651d5f95594b9023f998383bb67/y/r/yrg23026_1.jpg,Tanishq_Jewelry_Dataset_Final/images/orra/YRG23026_1.jpg,5830.0,0.0
O_YRG20526,Diamond Solitaire Finger Ring in 18KT Rose Gold,orra,3.16,18KT,Rose,Gold,213158.0,diamond,0.0,49.0,196500.0,Round,7.0,Women,Solitaire,https://cdn.orra.co.in/media/catalog/product/cache/10238651d5f95594b9023f998383bb67/y/r/yrg20526_1.jpg,Tanishq_Jewelry_Dataset_Final/images/orra/YRG20526_1.jpg,8690.0,0.0
O_YRG19006,Breathtaking Diamond Solitaire Finger Ring,orra,3.63,18KT,Yellow,Gold,127657.0,diamond,0.0,15.0,99750.0,Round,8.0,Women,Solitaire,https://cdn.orra.co.in/media/catalog/product/cache/10238651d5f95594b9023f998383bb67/y/r/yrg19006_yg_1_1_1.jpg,Tanishq_Jewelry_Dataset_Final/images/orra/YRG19006_1.jpg,9971.5,0.0
O_CRG23A07,Imperial Diamond and Emerald Ring,orra,3.65,18KT,Rose,Gold,72465.0,diamond,0.0,38.0,43200.0,Round,7.0,Women,none,https://cdn.orra.co.in/media/catalog/product/cache/10238651d5f95594b9023f998383bb67/c/r/crg23a07_2_1_1.jpg,Tanishq_Jewelry_Dataset_Final/images/orra/CRG23A07_1.jpg,10026.5,0.0
O_YRG23021,Eclectic Diamond Solitaire Ring in Rose and White Gold,orra,2.57,18KT,White+Rose,Gold,177644.0,diamond,0.0,21.0,163500.0,Round,7.0,Women,Solitaire,https://cdn.orra.co.in/media/catalog/product/cache/10238651d5f95594b9023f998383bb67/y/r/yrg23021_1.jpg,Tanishq_Jewelry_Dataset_Final/images/orra/YRG23021_1.jpg,7067.5,0.0
O_ORG23L03,Cluster Design Diamond Finger Ring,orra,3.52,18KT,Rose,Gold,63491.0,diamond,0.0,45.0,34510.0,Round,7.0,Women,Cluster,https://cdn.orra.co.in/media/catalog/product/cache/10238651d5f95594b9023f998383bb67/o/r/org23l03_1_teibirvkkwisuqdq.jpg,Tanishq_Jewelry_Dataset_Final/images/orra/ORG23L03_1.jpg,9680.0,0.0
O_CRG23A27,Emerald Enchantment Diamond Ring,orra,5.41,18KT,Rose,Gold,136025.0,diamond,0.0,64.0,98550.0,Round,7.0,Women,none,https://cdn.orra.co.in/media/catalog/product/cache/10238651d5f95594b9023f998383bb67/i/m/img_9543_1_1.jpg,Tanishq_Jewelry_Dataset_Final/images/orra/CRG23A27_1.jpg,14877.5,0.0
O_ORG23L08,Attractive Swirl Design Diamond Finger Band,orra,3.41,18KT,Rose,Gold,75654.0,diamond,0.0,19.0,52360.0,Round,7.0,Women,Band,https://cdn.orra.co.in/media/catalog/product/cache/10238651d5f95594b9023f998383bb67/o/r/org23l08_1_hzurpd4hzuhigqjn.jpg,Tanishq_Jewelry_Dataset_Final/images/orra/ORG23L08_1.jpg,9377.5,0.0
O_ORG23L05,Spiral Design Rose Gold Finger Ring,orra,1.82,14KT,Rose,Gold,30605.0,diamond,0.0,24.0,18900.0,Round,7.0,Women,none,https://cdn.orra.co.in/media/catalog/product/cache/10238651d5f95594b9023f998383bb67/o/r/org23l05_6ok6ar4enh0grlqe.jpg,Tanishq_Jewelry_Dataset_Final/images/orra/ORG23L05_1.jpg,4750.0,0.0
O_ORG23L12,Charming Diamond Studded Rose Gold Band,orra,5.09,18KT,Rose,Gold,100497.0,diamond,0.0,76.0,60690.0,Round,7.0,Women,Band,https://cdn.orra.co.in/media/catalog/product/cache/10238651d5f95594b9023f998383bb67/o/r/org23l12_bzn5hbpglyvl0ovq.jpg,Tanishq_Jewelry_Dataset_Final/images/orra/ORG23L12_1.jpg,13997.5,0.0
O_PRG23K46,Glamorous Platinum and Diamond Finger Band for Men,orra,6.0,950PT,White,Platinum,43005.0,diamond,0.0,1.0,0.0,Round,11.0,Men,Band,https://cdn.orra.co.in/media/catalog/product/cache/10238651d5f95594b9023f998383bb67/p/r/prg23k46_1_woc4tnimmsi0jvrm.jpg,Tanishq_Jewelry_Dataset_Final/images/orra/PRG23K46_1.jpg,14990.0,0.0
O_WRG23013,Subtle Diamond and Platinum Finger Ring,orra,2.44,950PT,White,Platinum,58350.0,diamond,0.0,13.0,0.0,Round,6.0,Women,none,https://cdn.orra.co.in/media/catalog/product/cache/10238651d5f95594b9023f998383bb67/w/r/wrg23013_1_vmbxvivhexzx5zem.jpg,Tanishq_Jewelry_Dataset_Final/images/orra/WRG23013_1.jpg,6100.0,0.0
O_PRG23K53,Magnificent Dual-toned Diamond Ring for Men,orra,0.98,18KT,White+Rose,Gold,54936.0,diamond,0.0,1.0,15000.0,Round,10.0,Men,none,https://cdn.orra.co.in/media/catalog/product/cache/10238651d5f95594b9023f998383bb67/p/r/prg23k53_1_v5yt5evoeg3blfmz.jpg,Tanishq_Jewelry_Dataset_Final/images/orra/PRG23K53_1.jpg,15150.0,0.0
O_PRG23K52,Simple Platinum and Diamond Band For Men,orra,7.95,950PT,White,Platinum,56304.0,diamond,0.0,1.0,0.0,Round,10.0,Men,Band,https://cdn.orra.co.in/media/catalog/product/cache/10238651d5f95594b9023f998383bb67/p/r/prg23k52_1_okurc1gsioi201fl.jpg,Tanishq_Jewelry_Dataset_Final/images/orra/PRG23K52_1.jpg,19875.0,0.0
O_PRG23K62,Infinity Design Platinum and Rose Gold Finger Ring,orra,0.6,18KT,White+Rose,Gold,19338.0,none,0.0,0.0,0.0,none,7.0,Women,Infinity,https://cdn.orra.co.in/media/catalog/product/cache/10238651d5f95594b9023f998383bb67/p/r/prg23k62_1_plzuql4be4dd52au.jpg,Tanishq_Jewelry_Dataset_Final/images/orra/PRG23K62_1.jpg,5975.0,2.39
O_PRG23K64,Stunning Platinum and Rose Gold Finger Ring,orra,0.37,18KT,White+Rose,Gold,21019.0,diamond,0.0,7.0,6750.0,Round,6.0,Women,none,https://cdn.orra.co.in/media/catalog/product/cache/10238651d5f95594b9023f998383bb67/p/r/prg23k64_1_c1mkexobyh1kszpb.jpg,Tanishq_Jewelry_Dataset_Final/images/orra/PRG23K64_1.jpg,5450.0,0.0
O_PRG23K72,Stunning Diamond Platinum Finger Ring,orra,0.3,18KT,White+Rose,Gold,37986.0,diamond,0.0,19.0,18900.0,Round,7.0,Women,none,https://cdn.orra.co.in/media/catalog/product/cache/10238651d5f95594b9023f998383bb67/p/r/prg23k72_1_8fb8jvk6dwz3zffo.jpg,Tanishq_Jewelry_Dataset_Final/images/orra/PRG23K72_1.jpg,8150.0,0.0
O_ORG23L19,Glossy Yellow Gold Men's Diamond Ring,orra,2.44,18KT,Yellow,Gold,46483.0,diamond,0.0,6.0,27370.0,Round,10.0,Men,none,https://cdn.orra.co.in/media/catalog/product/cache/10238651d5f95594b9023f998383bb67/o/r/org23l19_1_jgson9yrzhasl9lh.jpg,Tanishq_Jewelry_Dataset_Final/images/orra/ORG23L19_1.jpg,6710.0,0.0
O_ORG23L17,Modern Diamond Men's Finger Ring,orra,2.75,18KT,Rose,Gold,54642.0,diamond,0.0,15.0,33320.0,Round,10.0,Men,none,https://cdn.orra.co.in/media/catalog/product/cache/10238651d5f95594b9023f998383bb67/o/r/org23l17_1_hubrgyay1k0xacxs.jpg,Tanishq_Jewelry_Dataset_Final/images/orra/ORG23L17_1.jpg,7562.5,0.0
O_ORG23L18,Classic Multi-stone Diamond Men's Band,orra,2.35,18KT,Yellow,Gold,51591.0,diamond,0.0,20.0,34510.0,Round,11.0,Men,Band,https://cdn.orra.co.in/media/catalog/product/cache/10238651d5f95594b9023f998383bb67/o/r/org23l18_1_lmejxhdd5pdhprul.jpg,Tanishq_Jewelry_Dataset_Final/images/orra/ORG23L18_1.jpg,6462.5,0.0
O_ORG23L25,Heart Shaped Diamond Finger Ring,orra,1.19,14KT,Rose,Gold,20916.0,diamond,0.0,36.0,11550.0,Round,6.0,Women,Heart,https://cdn.orra.co.in/media/catalog/product/cache/10238651d5f95594b9023f998383bb67/o/r/org23l25_1_xmvzslytwd12xxwv.jpg,Tanishq_Jewelry_Dataset_Final/images/orra/ORG23L25_1.jpg,4750.0,0.0
O_ORG23L27,Cluster Design Diamond and 18KT Rose Gold Ring,orra,3.66,18KT,Rose,Gold,65212.0,diamond,0.0,31.0,35105.0,Round,7.0,Women,Cluster,https://cdn.orra.co.in/media/catalog/product/cache/10238651d5f95594b9023f998383bb67/o/r/org23l27_1_btenvot5cj8pmf8k.jpg,Tanishq_Jewelry_Dataset_Final/images/orra/ORG23L27_1.jpg,10067.75,0.0
O_ORG23L26,Geometric Design 14KT Rose Gold Ring,orra,0.99,14KT,Rose,Gold,20536.0,diamond,0.0,16.0,12600.0,Round,6.0,Women,Geometric,https://cdn.orra.co.in/media/catalog/product/cache/10238651d5f95594b9023f998383bb67/o/r/org23l26_1_f65mm1ev7wxnxyvz.jpg,Tanishq_Jewelry_Dataset_Final/images/orra/ORG23L26_1.jpg,4750.0,0.0
O_ORG23L36,Subtle Round Diamond Finger Ring,orra,3.82,18KT,Rose,Gold,66345.0,diamond,0.0,19.0,34510.0,Round,7.0,Women,none,https://cdn.orra.co.in/media/catalog/product/cache/10238651d5f95594b9023f998383bb67/o/r/org23l36_1_j44qzbaijfyak0jj.jpg,Tanishq_Jewelry_Dataset_Final/images/orra/ORG23L36_1.jpg,10505.0,0.0
O_ORG23L72,Interlinked Square Diamond Finger Ring,orra,0.74,14KT,Rose,Gold,15713.0,diamond,0.0,11.0,8400.0,Round,6.0,Women,none,https://cdn.orra.co.in/media/catalog/product/cache/10238651d5f95594b9023f998383bb67/o/r/org23l72_fppygwp9phy1kt5e.jpg,Tanishq_Jewelry_Dataset_Final/images/orra/ORG23L72_1.jpg,4750.0,0.0
O_ORG23L66,Grand Rose Gold and Diamond Eternity Band,orra,2.58,18KT,Rose,Gold,94547.0,diamond,0.0,59.0,83700.0,Round,7.0,Women,Band,https://cdn.orra.co.in/media/catalog/product/cache/10238651d5f95594b9023f998383bb67/o/r/org23l66_1_cvkijmgu5uekdbcg.jpg,Tanishq_Jewelry_Dataset_Final/images/orra/ORG23L66_1.jpg,7084.0,0.0
O_ORG23L67,Floral Embellished Diamond Studded Cocktail Ring,orra,8.77,18KT,Rose,Gold,204487.0,diamond,0.0,55.0,141750.0,Round,8.0,Women,Cocktail,https://cdn.orra.co.in/media/catalog/product/cache/10238651d5f95594b9023f998383bb67/o/r/org23l67_1_49txashavyzrh5es.jpg,Tanishq_Jewelry_Dataset_Final/images/orra/ORG23L67_1.jpg,24117.5,0.0
O_ORG23L53,Simple Geometric Design Diamond Ring,orra,1.77,18KT,Rose,Gold,35721.0,diamond,0.0,17.0,21700.0,"Round, Emerald",6.0,Women,Geometric,https://cdn.orra.co.in/media/catalog/product/cache/10238651d5f95594b9023f998383bb67/o/r/org23l53_1_ijubtfddbvto17g5.jpg,Tanishq_Jewelry_Dataset_Final/images/orra/ORG23L53_1.jpg,4750.0,0.0
O_ORG23L73,Glorious Floral Diamond Ring,orra,3.12,18KT,Rose,Gold,64986.0,diamond,0.0,41.0,41650.0,Round,7.0,Women,Floral,https://cdn.orra.co.in/media/catalog/product/cache/10238651d5f95594b9023f998383bb67/o/r/org23l73_1_jy5iptfteelrlfbu.jpg,Tanishq_Jewelry_Dataset_Final/images/orra/ORG23L73_1.jpg,8580.0,0.0
O_ORG23L69,Dazzling Diamond and Rose Gold Finger Ring,orra,3.25,18KT,Rose,Gold,56841.0,diamond,0.0,39.0,29750.0,Round,7.0,Women,none,https://cdn.orra.co.in/media/catalog/product/cache/10238651d5f95594b9023f998383bb67/o/r/org23l69_1_7vv9i9gl4sgnbfgv.jpg,Tanishq_Jewelry_Dataset_Final/images/orra/ORG23L69_1.jpg,8937.5,0.0
O_ORG23L61,Scintillating Rose Gold Cocktail Ring,orra,9.41,18KT,Rose,Gold,259543.0,diamond,0.0,187.0,205700.0,Round,8.0,Women,Cocktail,https://cdn.orra.co.in/media/catalog/product/cache/10238651d5f95594b9023f998383bb67/o/r/org23l61_1_fitmw0ojwqvx8bdp.jpg,Tanishq_Jewelry_Dataset_Final/images/orra/ORG23L61_1.jpg,25877.5,0.0
O_PRG23K11,Eye-catching Diamond Finger Ring for Men,orra,0.41,18KT,White+Rose,Gold,58936.0,diamond,0.0,4.0,10800.0,Round,11.0,Men,none,https://cdn.orra.co.in/media/catalog/product/cache/10238651d5f95594b9023f998383bb67/p/r/prg23k11_1_xl2xljyxj898xfdc.jpg,Tanishq_Jewelry_Dataset_Final/images/orra/PRG23K11_1.jpg,18560.0,0.0
O_PRG23K56,Floral Diamond Platinum Finger Ring,orra,3.29,950PT,White,Platinum,49597.0,diamond,0.0,17.0,0.0,Round,7.0,Women,Floral,https://cdn.orra.co.in/media/catalog/product/cache/10238651d5f95594b9023f998383bb67/p/r/prg23k56_1_1o1fchzjjw2jgijl.jpg,Tanishq_Jewelry_Dataset_Final/images/orra/PRG23K56_1.jpg,8225.0,0.0
O_PRG23K60,Gleaming Two Toned Diamond Finger Ring,orra,0.36,18KT,White+Rose,Gold,30707.0,diamond,0.0,10.0,10800.0,Round,7.0,Women,none,https://cdn.orra.co.in/media/catalog/product/cache/10238651d5f95594b9023f998383bb67/p/r/prg23k60_1_mdx9oktcqm4zck6b.jpg,Tanishq_Jewelry_Dataset_Final/images/orra/PRG23K60_1.jpg,7925.0,0.0
O_PRG23M03,Classy Dual Toned Men's Band,orra,2.87,18KT,White+Rose,Gold,59688.0,none,0.0,0.0,0.0,none,10.0,Men,Band,https://www.orra.co.in/media/catalog/product/p/r/prg23m03_1.jpg,Tanishq_Jewelry_Dataset_Final/images/orra/PRG23M03_1.jpg,18325.0,7.33
O_PRG23K61,Delicate Rose gold and Platinum Finger Ring,orra,0.63,18KT,White+Rose,Gold,28147.0,diamond,0.0,6.0,14850.0,Round,6.0,Women,none,https://cdn.orra.co.in/media/catalog/product/cache/10238651d5f95594b9023f998383bb67/p/r/prg23k61_1_jcgnlkph6jnz6adj.jpg,Tanishq_Jewelry_Dataset_Final/images/orra/PRG23K61_1.jpg,5300.0,0.0
O_PRG23M04,Classy Platinum and Rose Gold Women's Band,orra,1.36,18KT,White+Rose,Gold,29712.0,none,0.0,0.0,0.0,none,6.0,Women,Band,https://www.orra.co.in/media/catalog/product/p/r/prg23m04_1.jpg,Tanishq_Jewelry_Dataset_Final/images/orra/PRG23M04_1.jpg,9200.0,3.68
O_PRG23M06,Glittering Diamond and Platinum Women's Band,orra,5.98,950PT,White,Platinum,45611.0,diamond,0.0,3.0,4050.0,Round,6.0,Women,Band,https://www.orra.co.in/media/catalog/product/p/r/prg23m06_1_6w2ldzwapma1yll2.jpg,Tanishq_Jewelry_Dataset_Final/images/orra/PRG23M06_1.jpg,14950.0,5.98
O_PRG23M07,Elegant Diamond and Platinum Men's Band,orra,10.15,950PT,White,Platinum,82571.0,diamond,0.0,1.0,12000.0,Round,11.0,Men,Band,https://www.orra.co.in/media/catalog/product/p/r/prg23m07_2_kmit6aivks9vyoiz.jpg,Tanishq_Jewelry_Dataset_Final/images/orra/PRG23M07_1.jpg,25385.0,10.154
O_PRG23M08,Elegant Single Diamond and Platinum Women's Band,orra,5.65,950PT,White,Platinum,46018.0,diamond,0.0,1.0,6750.0,Round,7.0,Women,Band,https://www.orra.co.in/media/catalog/product/p/r/prg23m08_2_pwqawwc98zzusnp6.jpg,Tanishq_Jewelry_Dataset_Final/images/orra/PRG23M08_1.jpg,14125.0,5.65
O_PRG23M09,Subtle Diamond and Platinum Men's Band,orra,1.7,18KT,White+Rose,Gold,58917.0,diamond,0.0,3.0,6750.0,Round,11.0,Men,Band,https://www.orra.co.in/media/catalog/product/p/r/prg23m09_1_rbed6molkczlrm4f.jpg,Tanishq_Jewelry_Dataset_Final/images/orra/PRG23M09_1.jpg,16900.0,6.77
O_PRG23M10,Subtle Diamond and Platinum Women's Band,orra,1.09,18KT,White+Rose,Gold,37776.0,diamond,0.0,2.0,5400.0,Round,7.0,Women,Band,https://www.orra.co.in/media/catalog/product/p/r/prg23m10_1_nfkq5aomig2dwoyw.jpg,Tanishq_Jewelry_Dataset_Final/images/orra/PRG23M10_1.jpg,10450.0,4.188
O_PRG23M11,Precious Platinum Men's Band,orra,6.33,950PT,White,Platinum,43994.0,none,0.0,0.0,0.0,none,11.0,Men,Band,https://www.orra.co.in/media/catalog/product/p/r/prg23m11_1_155deftcmmbyusc2.jpg,Tanishq_Jewelry_Dataset_Final/images/orra/PRG23M11_1.jpg,15825.0,6.33
O_PRG23M12,Precious Platinum Women's Band,orra,4.25,950PT,White,Platinum,29538.0,none,0.0,0.0,0.0,none,7.0,Women,Band,https://www.orra.co.in/media/catalog/product/p/r/prg23m12_2_rovz7zbq8mpwylgc.jpg,Tanishq_Jewelry_Dataset_Final/images/orra/PRG23M12_1.jpg,10625.0,4.25
O_PRG23M16,Textured Women's Platinum Band,orra,3.55,950PT,White,Platinum,24673.0,none,0.0,0.0,0.0,none,6.0,Women,Band,https://www.orra.co.in/media/catalog/product/p/r/prg23m16_2_g4qefkajqn3ttkev.jpg,Tanishq_Jewelry_Dataset_Final/images/orra/PRG23M16_1.jpg,8875.0,3.55
O_PRG23M17,Patterned Men's Dual Toned Finger Band,orra,1.9,18KT,White+Rose,Gold,58047.0,none,0.0,0.0,0.0,none,10.0,Men,Band,https://cdn.orra.co.in/media/catalog/product/cache/10238651d5f95594b9023f998383bb67/p/r/prg23m17_1_2.jpg,Tanishq_Jewelry_Dataset_Final/images/orra/PRG23M17_1.jpg,17750.0,7.1
O_PRG23M14,Eclectic Diamond and Platinum Women's Band,orra,0.13,18KT,White+Rose,Gold,32605.0,diamond,0.0,1.0,1350.0,Round,6.0,Women,Band,https://www.orra.co.in/media/catalog/product/p/r/prg23m14_1_tlmour7tzhqrzumj.jpg,Tanishq_Jewelry_Dataset_Final/images/orra/PRG23M14_1.jpg,11100.0,4.442
O_PRG23M21,Lustrous Platinum Men's Band,orra,7.89,950PT,White,Platinum,57447.0,none,0.0,0.0,0.0,none,11.0,Men,Band,https://cdn.orra.co.in/media/catalog/product/cache/10238651d5f95594b9023f998383bb67/p/r/prg23m21_1_1.jpg,Tanishq_Jewelry_Dataset_Final/images/orra/PRG23M21_1.jpg,19725.0,7.89
O_PRG23M30,Simple Platinum Ring for Women,orra,3.57,950PT,White,Platinum,40090.0,diamond,0.0,21.0,13500.0,Round,6.0,Women,none,https://cdn.orra.co.in/media/catalog/product/cache/10238651d5f95594b9023f998383bb67/p/r/prg23m30_1_2.jpg,Tanishq_Jewelry_Dataset_Final/images/orra/PRG23M30_1.jpg,8925.0,3.57
O_PMR19018-D300OLD,Stylish Dual Toned Men's Diamond Ring,orra,1.35,18KT,White+Rose,Gold,156693.0,diamond,0.4,9.0,54000.0,Round,10.0,Men,none,https://www.orra.co.in/media/catalog/product/p/m/pmr19018_1.jpg,Tanishq_Jewelry_Dataset_Final/images/orra/PMR19018-D300OLD_1.jpg,33148.5,0.0
O_PMR19040,Three Diamond Dual Toned Platinum Men's Ring,orra,3.8,18KT,White+Rose,Gold,91550.0,diamond,0.0,3.0,36000.0,Round,11.0,Men,none,https://cdn.orra.co.in/media/catalog/product/cache/10238651d5f95594b9023f998383bb67/p/m/pmr19040_1_1.jpg,Tanishq_Jewelry_Dataset_Final/images/orra/PMR19040_1.jpg,18980.0,0.0
O_PMR09048,Classic Solitaire Platinum Ring For Men,orra,9.29,950PT,White,Platinum,92269.0,diamond,0.0,1.0,0.0,Round,10.0,Men,Solitaire,https://cdn.orra.co.in/media/catalog/product/cache/10238651d5f95594b9023f998383bb67/p/m/pmr09048_1_1.jpg,Tanishq_Jewelry_Dataset_Final/images/orra/PMR09048_1.jpg,23235.0,0.0
O_PRG19026,Ethereal Dual Toned Solitaire Ring,orra,0.66,18KT,White+Rose,Gold,63981.0,diamond,0.0,17.0,36000.0,Round,5.0,Women,Solitaire,https://cdn.orra.co.in/media/catalog/product/cache/10238651d5f95594b9023f998383bb67/p/r/prg19026_2_2.jpg,Tanishq_Jewelry_Dataset_Final/images/orra/PRG19026_1.jpg,8450.0,3.43
O_PRG20070,Timeless Tranquility Solitaire Diamond Ring,orra,4.32,950PT,White,Platinum,56093.0,diamond,0.0,1.0,0.0,Round,6.0,Women,Solitaire,https://cdn.orra.co.in/media/catalog/product/cache/10238651d5f95594b9023f998383bb67/p/r/prg20070_1_1.jpg,Tanishq_Jewelry_Dataset_Final/images/orra/PRG20070_1.jpg,10800.0,0.0
O_ORG23K52,Delicate Geometric Ring in 14KT Rose Gold,orra,1.68,14KT,Rose,Gold,23229.0,diamond,0.0,17.0,10710.0,Round,6.0,Women,Geometric,https://cdn.orra.co.in/media/catalog/product/cache/10238651d5f95594b9023f998383bb67/o/r/org23k52_1_4yvacknyly5lm1vv.jpg,Tanishq_Jewelry_Dataset_Final/images/orra/ORG23K52_1.jpg,4750.0,0.0
O_ORG23K53,Simple Swirl Design Diamond Finger Ring,orra,1.09,14KT,Rose,Gold,20554.0,diamond,0.0,16.0,11900.0,Round,6.0,Women,none,https://cdn.orra.co.in/media/catalog/product/cache/10238651d5f95594b9023f998383bb67/o/r/org23k53_1_ascavf7yqzwm97ms.jpg,Tanishq_Jewelry_Dataset_Final/images/orra/ORG23K53_1.jpg,4750.0,0.0
O_ORG23K54,Floral Design Diamond and Rose Gold Ring,orra,1.23,14KT,Rose,Gold,21196.0,diamond,0.0,7.0,11900.0,Round,6.0,Women,Floral,https://cdn.orra.co.in/media/catalog/product/cache/10238651d5f95594b9023f998383bb67/o/r/org23k54_1_zta9kbt9uxsx43ae.jpg,Tanishq_Jewelry_Dataset_Final/images/orra/ORG23K54_1.jpg,4750.0,0.0
O_ORG23K55,Clover Diamond Finger Ring,orra,0.99,14KT,Yellow,Gold,19723.0,diamond,0.0,12.0,11900.0,Round,6.0,Women,none,https://cdn.orra.co.in/media/catalog/product/cache/10238651d5f95594b9023f998383bb67/o/r/org23k55_1_0lhruij9vnzzbsk8.jpg,Tanishq_Jewelry_Dataset_Final/images/orra/ORG23K55_1.jpg,4750.0,0.0
O_ORG23K58,Mesmerising Diamond Finge Ring,orra,1.22,14KT,Rose,Gold,23950.0,diamond,0.0,15.0,15470.0,Round,6.0,Women,none,https://cdn.orra.co.in/media/catalog/product/cache/10238651d5f95594b9023f998383bb67/o/r/org23k58_1_bvvoysgg900ecsmo.jpg,Tanishq_Jewelry_Dataset_Final/images/orra/ORG23K58_1.jpg,4750.0,0.0
O_ORG23K59,Pretty Floral Diamond Finger Ring,orra,0.97,14KT,Rose,Gold,23473.0,diamond,0.0,17.0,16660.0,Round,6.0,Women,Floral,https://cdn.orra.co.in/media/catalog/product/cache/10238651d5f95594b9023f998383bb67/o/r/org23k59_1_bequhe0eby4prjum.jpg,Tanishq_Jewelry_Dataset_Final/images/orra/ORG23K59_1.jpg,4750.0,0.0
O_ORG23K60,Clustered Diamond Finger Ring,orra,1.07,14KT,Rose,Gold,24076.0,diamond,0.0,18.0,16660.0,Round,6.0,Women,Cluster,https://cdn.orra.co.in/media/catalog/product/cache/10238651d5f95594b9023f998383bb67/o/r/org23k60_1_uxvtgu23mo1alnlo.jpg,Tanishq_Jewelry_Dataset_Final/images/orra/ORG23K60_1.jpg,4750.0,0.0
O_ORG23K66,Brillaint Cluster Design Diamond Finger Ring,orra,1.73,14KT,Rose,Gold,30079.0,diamond,0.0,35.0,19040.0,Round,7.0,Women,Cluster,https://cdn.orra.co.in/media/catalog/product/cache/10238651d5f95594b9023f998383bb67/o/r/org23k66_1_ngdiiaqe4y9idbqf.jpg,Tanishq_Jewelry_Dataset_Final/images/orra/ORG23K66_1.jpg,4750.0,0.0
O_ORG23K65,Gorgeous Clover Design Diamond Finger Ring,orra,1.23,14KT,Yellow,Gold,26055.0,diamond,0.0,4.0,17850.0,Round,6.0,Women,none,https://cdn.orra.co.in/media/catalog/product/cache/10238651d5f95594b9023f998383bb67/o/r/org23k65_1_5qstroffbtxk6pgt.jpg,Tanishq_Jewelry_Dataset_Final/images/orra/ORG23K65_1.jpg,4750.0,0.0
O_ORG23K64,Gracious Diamond Floral Finger Ring,orra,0.97,14KT,Rose,Gold,24444.0,diamond,0.0,11.0,17850.0,Round,6.0,Women,Floral,https://cdn.orra.co.in/media/catalog/product/cache/10238651d5f95594b9023f998383bb67/o/r/org23k64_1_zseraon83zmbiubj.jpg,Tanishq_Jewelry_Dataset_Final/images/orra/ORG23K64_1.jpg,4750.0,0.0
O_ORG23K70,Evocative Diamond Finger Ring,orra,0.89,14KT,Rose,Gold,25915.0,diamond,0.0,35.0,20230.0,Round,6.0,Women,none,https://cdn.orra.co.in/media/catalog/product/cache/10238651d5f95594b9023f998383bb67/o/r/org23k70_1_6z2jjf7snnw3hrte.jpg,Tanishq_Jewelry_Dataset_Final/images/orra/ORG23K70_1.jpg,4750.0,0.0
O_ORG23K71,Floral 14KT Rose Gold Finger Ring,orra,1.32,14KT,Rose,Gold,30950.0,diamond,0.0,27.0,22610.0,Round,7.0,Women,Floral,https://cdn.orra.co.in/media/catalog/product/cache/10238651d5f95594b9023f998383bb67/o/r/org23k71_1_8kuvfgsilgsrhmxx.jpg,Tanishq_Jewelry_Dataset_Final/images/orra/ORG23K71_1.jpg,4750.0,0.0
O_ORG23K73,Delicate Cluster Design Rose Gold Finger Ring,orra,1.74,14KT,Rose,Gold,34040.0,diamond,0.0,31.0,23800.0,Round,7.0,Women,Cluster,https://cdn.orra.co.in/media/catalog/product/cache/10238651d5f95594b9023f998383bb67/o/r/org23k73_1_iqyauenvlh2cg9wt.jpg,Tanishq_Jewelry_Dataset_Final/images/orra/ORG23K73_1.jpg,4750.0,0.0
O_ORG23K74,Floral Patterned Diamond Ring,orra,1.35,14KT,Yellow,Gold,32621.0,diamond,0.0,15.0,24990.0,Round,7.0,Women,Floral,https://cdn.orra.co.in/media/catalog/product/cache/10238651d5f95594b9023f998383bb67/o/r/org23k74_1_aodsgyeysrzhiqwj.jpg,Tanishq_Jewelry_Dataset_Final/images/orra/ORG23K74_1.jpg,4750.0,0.0
O_ORG23K76,Ethereal Cluster Design Finger Ring,orra,1.56,14KT,Rose,Gold,31965.0,diamond,0.0,14.0,22610.0,Round,7.0,Women,Cluster,https://cdn.orra.co.in/media/catalog/product/cache/10238651d5f95594b9023f998383bb67/o/r/org23k76_1_rdus8q9ciqynkvw3.jpg,Tanishq_Jewelry_Dataset_Final/images/orra/ORG23K76_1.jpg,4750.0,0.0
O_ORG23K82,Delightful Diamond and Yellow Gold Finger Ring,orra,1.14,14KT,Yellow,Gold,32306.0,diamond,0.0,14.0,26180.0,Round,6.0,Women,none,https://cdn.orra.co.in/media/catalog/product/cache/10238651d5f95594b9023f998383bb67/o/r/org23k82_1_7dxkv01ee0ytlmue.jpg,Tanishq_Jewelry_Dataset_Final/images/orra/ORG23K82_1.jpg,4750.0,0.0
O_ORG23K85,Splended Diamond Finger Ring,orra,2.35,14KT,Rose,Gold,41811.0,diamond,0.0,34.0,27370.0,Round,7.0,Women,none,https://cdn.orra.co.in/media/catalog/product/cache/10238651d5f95594b9023f998383bb67/o/r/org23k85_1_paqxpq0tgasmw2m0.jpg,Tanishq_Jewelry_Dataset_Final/images/orra/ORG23K85_1.jpg,6462.5,0.0
O_ORG23K86,Compelling Leafy Diamond Finger Ring,orra,1.85,14KT,Rose,Gold,38796.0,diamond,0.0,36.0,28560.0,Round,7.0,Women,none,https://cdn.orra.co.in/media/catalog/product/cache/10238651d5f95594b9023f998383bb67/o/r/org23k86_1_z3ufc6ii6ahohnow.jpg,Tanishq_Jewelry_Dataset_Final/images/orra/ORG23K86_1.jpg,4750.0,0.0
O_ORG23K91,Subtle Rose Gold and Diamond Finger Ring,orra,1.63,14KT,Yellow,Gold,37331.0,diamond,0.0,22.0,28441.0,Round,7.0,Women,none,https://cdn.orra.co.in/media/catalog/product/cache/10238651d5f95594b9023f998383bb67/o/r/org23k91_1_m1mbt1mjzwdkc1di.jpg,Tanishq_Jewelry_Dataset_Final/images/orra/ORG23K91_1.jpg,4750.0,0.0
O_ORG23K89,Clustered Round Diamond Finger Ring,orra,1.42,14KT,Rose,Gold,37067.0,diamond,0.0,35.0,29631.0,Round,6.0,Women,Cluster,https://cdn.orra.co.in/media/catalog/product/cache/10238651d5f95594b9023f998383bb67/o/r/org23k89_1_ocptscijmw3lwpwl.jpg,Tanishq_Jewelry_Dataset_Final/images/orra/ORG23K89_1.jpg,4750.0,0.0
O_ORG23K96,Brilliant Gold Finger Ring,orra,1.69,14KT,Rose,Gold,39389.0,diamond,0.0,34.0,30940.0,Round,7.0,Women,none,https://cdn.orra.co.in/media/catalog/product/cache/10238651d5f95594b9023f998383bb67/o/r/org23k96_1_wpwuphfcb5sxsfgo.jpg,Tanishq_Jewelry_Dataset_Final/images/orra/ORG23K96_1.jpg,4750.0,0.0
O_ORG23L02,Stunning 14KT Yellow Gold Ring,orra,2.01,14KT,Rose,Gold,45699.0,diamond,0.0,20.0,35700.0,Round,7.0,Women,none,https://cdn.orra.co.in/media/catalog/product/cache/10238651d5f95594b9023f998383bb67/o/r/org23l02_1_kycr02q6b3ix9v8z.jpg,Tanishq_Jewelry_Dataset_Final/images/orra/ORG23L02_1.jpg,5527.5,0.0
O_PMR23028,Sharp Platinum Ring for Men,orra,2.31,18KT,White+Rose,Gold,49358.0,none,0.0,0.0,0.0,none,11.0,Men,none,https://cdn.orra.co.in/media/catalog/product/cache/10238651d5f95594b9023f998383bb67/p/m/pmr23028_1_diouzlqvcav0nhbx.jpg,Tanishq_Jewelry_Dataset_Final/images/orra/PMR23028_1.jpg,14400.0,5.76
O_PMR23029,Square Textured Platinum Band for Men,orra,6.63,950PT,White,Platinum,44371.0,none,0.0,0.0,0.0,none,11.0,Men,Band,https://cdn.orra.co.in/media/catalog/product/cache/10238651d5f95594b9023f998383bb67/p/m/pmr23029_1_2ksdclagi71rfdyy.jpg,Tanishq_Jewelry_Dataset_Final/images/orra/PMR23029_1.jpg,16575.0,0.0
O_YRG19010,Luxurious Diamond Finger Ring,orra,2.88,18KT,Rose,Gold,81756.0,diamond,0.0,27.0,56086.0,Round,7.0,Women,none,https://cdn.orra.co.in/media/catalog/product/cache/10238651d5f95594b9023f998383bb67/y/r/yrg19010_1_cddweanu5izn4xmy.jpg,Tanishq_Jewelry_Dataset_Final/images/orra/YRG19010_1.jpg,7914.5,0.0
O_ORG17003,Breathtaking Diamond and Gold Finger Ring,orra,1.43,18KT,Yellow,Gold,23921.0,diamond,0.0,9.0,10500.0,Round,7.0,Women,none,https://cdn.orra.co.in/media/catalog/product/cache/10238651d5f95594b9023f998383bb67/o/r/org17003_2_2.jpg,Tanishq_Jewelry_Dataset_Final/images/orra/ORG17003_1.jpg,4750.0,0.0
O_ORG22034,Sunrays Design Diamond Ring,orra,3.3,14KT,Yellow,Gold,76201.0,diamond,0.0,84.0,60690.0,Round,7.0,Women,none,https://cdn.orra.co.in/media/catalog/product/cache/10238651d5f95594b9023f998383bb67/o/r/org22034_1_qtq4ssqytxaclku6.jpg,Tanishq_Jewelry_Dataset_Final/images/orra/ORG22034_1.jpg,9069.5,0.0
O_ORG23050,Charming 18KT Yellow Gold and Diamond Finger Ring,orra,2.98,18KT,Yellow,Gold,93354.0,diamond,0.0,71.0,77625.0,Round,7.0,Women,none,https://cdn.orra.co.in/media/catalog/product/cache/10238651d5f95594b9023f998383bb67/o/r/org23050_1_gvjkugvqxqfly0mc.jpg,Tanishq_Jewelry_Dataset_Final/images/orra/ORG23050_1.jpg,8181.25,0.0
O_ORG23027,Slender Gold and Diamond Ring,orra,1.07,14KT,Rose,Gold,22553.0,diamond,0.0,8.0,14700.0,Round,6.0,Women,none,https://cdn.orra.co.in/media/catalog/product/cache/10238651d5f95594b9023f998383bb67/o/r/org23027_1_kbesqi1vfk7mgrh7.jpg,Tanishq_Jewelry_Dataset_Final/images/orra/ORG23027_1.jpg,4750.0,0.0
O_YRG20528,18KT Rose Gold and Diamond Men's Ring,orra,3.16,18KT,Rose,Gold,256226.0,diamond,0.0,51.0,241950.0,Round,7.0,Women,none,https://cdn.orra.co.in/media/catalog/product/cache/10238651d5f95594b9023f998383bb67/y/r/yrg20528_1_cnzd1ktlcwa6riky.jpg,Tanishq_Jewelry_Dataset_Final/images/orra/YRG20528_1.jpg,8690.0,0.0
O_ORG22125,Twisted Swirl Diamond Ring,orra,2.54,14KT,Rose,Gold,30922.0,diamond,0.0,17.0,12138.0,Round,6.0,Women,none,https://cdn.orra.co.in/media/catalog/product/cache/10238651d5f95594b9023f998383bb67/o/r/org22125_1_kopvwvkqdsdae2cl.jpg,Tanishq_Jewelry_Dataset_Final/images/orra/ORG22125_1.jpg,6982.25,0.0
O_ORG22171,Dazzling 14KT Yellow Gold Diamond Ring,orra,2.6,14KT,Yellow,Gold,71565.0,diamond,0.0,85.0,61880.0,Round,8.0,Women,none,https://cdn.orra.co.in/media/catalog/product/cache/10238651d5f95594b9023f998383bb67/o/r/org22171_1_diua1jl1butc5l0w.jpg,Tanishq_Jewelry_Dataset_Final/images/orra/ORG22171_1.jpg,7139.0,0.0
O_PMR22048,Square Diamond Ring for Men in Platinum,orra,7.1,950PT,White,Platinum,63284.0,diamond,0.0,9.0,0.0,Round,10.0,Men,none,https://cdn.orra.co.in/media/catalog/product/cache/10238651d5f95594b9023f998383bb67/p/m/pmr22048_1_1.jpg,Tanishq_Jewelry_Dataset_Final/images/orra/PMR22048_1.jpg,17750.0,0.0
O_ORG23018,Radiant Diamond Finger Ring in Gold,orra,2.67,18KT,Yellow,Gold,117365.0,diamond,0.0,11.0,115000.0,Princess,7.0,Women,none,https://cdn.orra.co.in/media/catalog/product/cache/10238651d5f95594b9023f998383bb67/o/r/org23018_1_1.jpg,Tanishq_Jewelry_Dataset_Final/images/orra/ORG23018_1.jpg,7342.5,0.0
O_ORG18089,Circular Diamond Finger Ring,orra,2.22,18KT,Rose,Gold,44511.0,diamond,0.0,38.0,27370.0,Round,7.0,Women,none,https://cdn.orra.co.in/media/catalog/product/cache/10238651d5f95594b9023f998383bb67/o/r/org18089_1_1.jpg,Tanishq_Jewelry_Dataset_Final/images/orra/ORG18089_1.jpg,6105.0,0.0
O_ORG22131,Captivating 18KT Rose Gold Finger Ring,orra,2.04,18KT,Rose,Gold,30322.0,diamond,0.0,9.0,12000.0,Round,7.0,Women,none,https://cdn.orra.co.in/media/catalog/product/cache/10238651d5f95594b9023f998383bb67/o/r/org22131-c_8zpir9t9yqp0fnwb.jpg,Tanishq_Jewelry_Dataset_Final/images/orra/ORG22131_1.jpg,5610.0,0.0
O_ORG23051,Breathtaking Sculptural Diamond Ring,orra,2.87,18KT,Rose,Gold,78232.0,diamond,0.0,97.0,60750.0,"Round, Marquise",9.0,Women,none,https://cdn.orra.co.in/media/catalog/product/cache/10238651d5f95594b9023f998383bb67/o/r/org23051_1_1.jpg,Tanishq_Jewelry_Dataset_Final/images/orra/ORG23051_1.jpg,7892.5,0.0
O_PRG22058,Radiant Platinum Ring,orra,4.06,950PT,White,Platinum,65861.0,diamond,0.0,15.0,35100.0,Round,6.0,Women,none,https://cdn.orra.co.in/media/catalog/product/cache/10238651d5f95594b9023f998383bb67/p/r/prg22058_1_1.jpg,Tanishq_Jewelry_Dataset_Final/images/orra/PRG22058_1.jpg,10150.0,4.06
O_WMR23005,Evergreen Engagement Ring For Men,orra,8.8,950PT,White,Platinum,84948.0,diamond,0.0,1.0,0.0,Round,12.0,Men,Engagement,https://cdn.orra.co.in/media/catalog/product/cache/10238651d5f95594b9023f998383bb67/w/m/wmr23005_1_zyun23vpf2anowzw.jpg,Tanishq_Jewelry_Dataset_Final/images/orra/WMR23005_1.jpg,22000.0,0.0
O_PRG23M05,Glittering Diamond and Platinum Men's Band,orra,8.11,950PT,White,Platinum,60415.0,diamond,0.0,1.0,4050.0,Round,10.0,Men,Band,https://www.orra.co.in/media/catalog/product/p/r/prg23m05_1_jbklxxppe4khl681.jpg,Tanishq_Jewelry_Dataset_Final/images/orra/PRG23M05_1.jpg,20275.0,8.11
O_PRG23M15,Textured Platinum Men's Band,orra,5.13,950PT,White,Platinum,35654.0,none,0.0,0.0,0.0,none,10.0,Men,Band,https://www.orra.co.in/media/catalog/product/p/r/prg23m15_1_lyztnmyjjyzc8q2k.jpg,Tanishq_Jewelry_Dataset_Final/images/orra/PRG23M15_1.jpg,12825.0,5.13
O_PRG23M19,Sleek Dual Metal Men's Ring,orra,2.47,18KT,White+Rose,Gold,52930.0,none,0.0,0.0,0.0,none,10.0,Men,none,https://cdn.orra.co.in/media/catalog/product/cache/10238651d5f95594b9023f998383bb67/p/r/prg23m19_1_3.jpg,Tanishq_Jewelry_Dataset_Final/images/orra/PRG23M19_1.jpg,15450.0,6.18
O_PRG23M20,Sleek Dual Metal Women's Ring,orra,1.66,18KT,White+Rose,Gold,32307.0,none,0.0,0.0,0.0,none,6.0,Women,none,https://www.orra.co.in/media/catalog/product/p/r/prg23m20_1.jpg,Tanishq_Jewelry_Dataset_Final/images/orra/PRG23M20_1.jpg,9800.0,3.92
O_OCR24003-D300O0D,Forever Yours Diamond Couple's Finger Bands,orra,2.22,18KT,White+Rose,Gold,206956.0,diamond,0.48,26.0,68700.0,Baguette,3.0,Men,Band,https://www.orra.co.in/media/catalog/product/p/r/prg23k87_c.jpg,Tanishq_Jewelry_Dataset_Final/images/orra/OCR24003-D300O0D_1.jpg,43916.25,0.0
O_OCR24001-D300O0D,Forever Love Couple Diamond Finger Rings,orra,3.24,18KT,White+Rose,Gold,171266.0,diamond,0.29,12.0,40170.0,Baguette,3.0,Men,none,https://www.orra.co.in/media/catalog/product/o/r/orra177537.jpg,Tanishq_Jewelry_Dataset_Final/images/orra/OCR24001-D300O0D_1.jpg,38888.85,0.0
O_PRG23K82,Forever Love Men's Diamond Finger Band,orra,2.74,18KT,White+Rose,Gold,74833.0,diamond,0.0,5.0,18500.0,Baguette,10.0,Men,Band,https://cdn.orra.co.in/media/catalog/product/cache/10238651d5f95594b9023f998383bb67/p/r/prg23k82_cdtlm2c8y8nhhjlv.jpg,Tanishq_Jewelry_Dataset_Final/images/orra/PRG23K82_1.jpg,15500.0,6.228
O_PRG23K88,Eternal Love Rose Gold Men's Finger Band,orra,2.68,18KT,White+Rose,Gold,83407.0,diamond,0.0,5.0,25750.0,Baguette,10.0,Men,Band,https://cdn.orra.co.in/media/catalog/product/cache/10238651d5f95594b9023f998383bb67/p/r/prg23k88_rbrese92owczkdhy.jpg,Tanishq_Jewelry_Dataset_Final/images/orra/PRG23K88_1.jpg,15955.0,6.418
O_PRG23K89,Eternal Love Rose Gold Women's Finger Band,orra,0.83,18KT,White+Rose,Gold,68382.0,diamond,0.0,14.0,37200.0,"Round, Baguette",6.0,Women,Band,https://cdn.orra.co.in/media/catalog/product/cache/10238651d5f95594b9023f998383bb67/p/r/prg23k89_ugqudt5h0mpjooib.jpg,Tanishq_Jewelry_Dataset_Final/images/orra/PRG23K89_1.jpg,8795.0,3.57
O_OCR24004-D300OLD,Eternal Love Rose Gold Couple's Finger Bands,orra,2.7,18KT,White+Rose,Gold,188784.0,diamond,0.44,19.0,67500.0,"Round,Baguette",3.0,Men,Band,https://www.orra.co.in/media/catalog/product/p/r/prg23k89_c.jpg,Tanishq_Jewelry_Dataset_Final/images/orra/OCR24004-D300OLD_1.jpg,37712.85,0.0
O_OCR24002-D300O0D,Togetherness Diamond Studded Couple's Finger Bands,orra,0.41,18KT,White+Rose,Gold,162054.0,diamond,0.47,26.0,64680.0,Baguette,3.0,Men,Band,https://www.orra.co.in/media/catalog/product/o/r/orra177566.jpg,Tanishq_Jewelry_Dataset_Final/images/orra/OCR24002-D300O0D_1.jpg,32950.05,0.0
O_OCR24005-D300O0D,Eternity Platinum and Diamond Couple's Finger Rings,orra,0.73,18KT,White+Rose,Gold,159086.0,diamond,0.41,10.0,63750.0,Baguette,3.0,Men,Eternity,https://www.orra.co.in/media/catalog/product/p/r/prg23k91_c.jpg,Tanishq_Jewelry_Dataset_Final/images/orra/OCR24005-D300O0D_1.jpg,31891.65,0.0
O_OCR23218-D300O0D,Everlasting Bonds Platinum Diamond Couple Bands,orra,1.52,18KT,White+Rose,Gold,132052.0,diamond,0.11,2.0,16050.0,Round,3.0,Men,Band,https://www.orra.co.in/media/catalog/product/p/r/prg23098_pmr23097_2_.jpg,Tanishq_Jewelry_Dataset_Final/images/orra/OCR23218-D300O0D_1.jpg,34721.4,0.0
O_OCR23220-D300P0D,Intertwined Love Platinum Couple Bands,orra,12.81,950PT,White,Platinum,200198.0,diamond,0.41,2.0,0.0,Round,3.0,Men,Band,https://www.orra.co.in/media/catalog/product/w/r/wrg23008_wmr23009.jpg,Tanishq_Jewelry_Dataset_Final/images/orra/OCR23220-D300P0D_1.jpg,44827.65,0.0
O_OCR23204-D300O0D,Together Forever Platinum Couple Bands,orra,6.08,18KT,White+Rose,Gold,200569.0,diamond,0.39,65.0,52650.0,Round,3.0,Men,Band,https://www.orra.co.in/media/catalog/product/p/r/prg23004_pmr23003.jpg,Tanishq_Jewelry_Dataset_Final/images/orra/OCR23204-D300O0D_1.jpg,41049.75,0.0
O_ORG23021,Rhombus Floral Diamond Ring,orra,2.47,18KT,Yellow,Gold,56724.0,diamond,0.0,47.0,39270.0,Round,7.0,Women,Floral,https://cdn.orra.co.in/media/catalog/product/cache/10238651d5f95594b9023f998383bb67/o/r/org23021_1_xjszcneh1vbohl0k.jpg,Tanishq_Jewelry_Dataset_Final/images/orra/ORG23021_1.jpg,6792.5,0.0
O_ORG23063,Floral Rush Diamond Ring,orra,3.14,18KT,Rose,Gold,88144.0,diamond,0.0,123.0,69850.0,Round,7.0,Women,Floral,https://cdn.orra.co.in/media/catalog/product/cache/10238651d5f95594b9023f998383bb67/o/r/org23063_1_pgdy6idzfggddyso.jpg,Tanishq_Jewelry_Dataset_Final/images/orra/ORG23063_1.jpg,8635.0,0.0
O_WMR23002,Stylish Solitaire Platinum Ring For Men,orra,7.31,950PT,White,Platinum,75169.0,diamond,0.0,1.0,0.0,Round,12.0,Men,Solitaire,https://cdn.orra.co.in/media/catalog/product/cache/10238651d5f95594b9023f998383bb67/w/m/wmr23002_1_prbl0shuhuy7k6t6.jpg,Tanishq_Jewelry_Dataset_Final/images/orra/WMR23002_1.jpg,18275.0,0.0
O_OCR23203-D300O0D,Soulmate Circlets Platinum Diamond Couple bands,orra,5.04,18KT,White+Rose,Gold,230401.0,diamond,0.44,59.0,59400.0,Round,3.0,Men,Band,https://www.orra.co.in/media/catalog/product/p/m/pmr23001_prg23002.jpg,Tanishq_Jewelry_Dataset_Final/images/orra/OCR23203-D300O0D_1.jpg,50097.6,0.0
O_ORG23E34,Dazzling Rose Gold and Diamond Finger Ring,orra,2.21,18KT,Rose,Gold,50242.0,diamond,0.0,29.0,34510.0,Round,6.0,Women,none,https://cdn.orra.co.in/media/catalog/product/cache/10238651d5f95594b9023f998383bb67/o/r/org23e34-g_2.jpg,Tanishq_Jewelry_Dataset_Final/images/orra/ORG23E34_1.jpg,6077.5,0.0
O_OCR23187-D300O0D,Together Always Platinum Couple Bands,orra,4.33,18KT,White+Rose,Gold,168309.0,diamond,0.08,12.0,10800.0,Round,3.0,Men,Band,https://www.orra.co.in/media/catalog/product/c/o/couple_band.jpg,Tanishq_Jewelry_Dataset_Final/images/orra/OCR23187-D300O0D_1.jpg,43828.05,0.0
O_OCR23229-D000O0D,Patterned Dual Toned Couple Bands,orra,4.34,18KT,White+Rose,Gold,183604.0,none,0.0,0.0,0.0,Round,3.0,Men,Band,https://www.orra.co.in/media/catalog/product/p/r/prg23m17_prg23m18.jpg,Tanishq_Jewelry_Dataset_Final/images/orra/OCR23229-D000O0D_1.jpg,41307.0,14.75
O_OCR23232-D300P0D,Shining Diamond and Platinum Couple Bands,orra,14.95,950PT,White,Platinum,174626.0,diamond,0.04,6.0,0.0,Round,3.0,Men,Band,https://www.orra.co.in/media/catalog/product/p/r/prg23m23_prg23m24.jpg,Tanishq_Jewelry_Dataset_Final/images/orra/OCR23232-D300P0D_1.jpg,52332.0,0.0
O_OCR23233-D300P0D,Geometric Textured Diamond Platinum Couple Bands,orra,11.2,950PT,White,Platinum,130850.0,diamond,0.03,2.0,0.0,Round,3.0,Men,Band,https://www.orra.co.in/media/catalog/product/p/r/prg23m25_prg23m26.jpg,Tanishq_Jewelry_Dataset_Final/images/orra/OCR23233-D300P0D_1.jpg,39212.25,0.0
O_OCR23234-D300O0D,Glossy Single Diamond Couple Bands,orra,0.18,18KT,White+Rose,Gold,107642.0,diamond,0.05,2.0,6750.0,Round,3.0,Men,Band,https://www.orra.co.in/media/catalog/product/p/r/prg23m27_prg23m28.jpg,Tanishq_Jewelry_Dataset_Final/images/orra/OCR23234-D300O0D_1.jpg,31458.0,0.0
O_OCR23231-D000P0D,Lustrous Platinum Couple Bands,orra,13.6,950PT,White,Platinum,154880.0,none,0.0,0.0,0.0,Round,11.0,Men,Band,https://www.orra.co.in/media/catalog/product/p/r/prg23m21_prg23m22.jpg,Tanishq_Jewelry_Dataset_Final/images/orra/OCR23231-D000P0D_1.jpg,38102.4,13.6
O_OCR23235-D000P0D,Power Couple Platinum Couple Bands,orra,10.31,950PT,White,Platinum,133279.0,none,0.1,21.0,13500.0,Round,3.0,Men,Band,https://www.orra.co.in/media/catalog/product/p/r/prg23m29_prg23m30.jpg,Tanishq_Jewelry_Dataset_Final/images/orra/OCR23235-D000P0D_1.jpg,31862.25,10.31
O_OCR23236-D300O0D,Classic Dual Toned Diamond Couple Bands,orra,0.57,18KT,White+Rose,Gold,181011.0,diamond,0.2,8.0,27000.0,Round,3.0,Men,Band,https://www.orra.co.in/media/catalog/product/p/r/prg23m31_prg23m32.jpg,Tanishq_Jewelry_Dataset_Final/images/orra/OCR23236-D300O0D_1.jpg,48142.5,0.0
O_ORG23K77,Glamorous Chevron Design Diamond Finger Ring,orra,1.24,14KT,Rose,Gold,32393.0,diamond,0.0,29.0,24990.0,Round,7.0,Women,Chevron,https://cdn.orra.co.in/media/catalog/product/cache/10238651d5f95594b9023f998383bb67/o/r/org23k77_1_1.jpg,Tanishq_Jewelry_Dataset_Final/images/orra/ORG23K77_1.jpg,4750.0,0.0
O_OCR23238-D300O0D,Geometric Rose Gold and Platinum Couple Bands,orra,6.57,18KT,White+Rose,Gold,220352.0,diamond,0.08,4.0,10800.0,Round,3.0,Men,Band,https://www.orra.co.in/media/catalog/product/p/r/prg23m35_prg23m36.jpg,Tanishq_Jewelry_Dataset_Final/images/orra/OCR23238-D300O0D_1.jpg,57146.25,0.0
O_ORG23K98,Beautiful Diamond Ring For Women,orra,1.38,14KT,Rose,Gold,38636.0,diamond,0.0,24.0,32130.0,Round,7.0,Women,none,https://cdn.orra.co.in/media/catalog/product/cache/10238651d5f95594b9023f998383bb67/o/r/org23k98_1__1.jpg,Tanishq_Jewelry_Dataset_Final/images/orra/ORG23K98_1.jpg,4750.0,0.0
O_ORG23K83,Precious Floral Diamond Finger Ring,orra,1.65,14KT,Rose,Gold,34433.0,diamond,0.0,19.0,24990.0,Round,7.0,Women,Floral,https://cdn.orra.co.in/media/catalog/product/cache/10238651d5f95594b9023f998383bb67/o/r/org23k83-1_1.jpg,Tanishq_Jewelry_Dataset_Final/images/orra/ORG23K83_1.jpg,4750.0,0.0
O_ORG23L06,Tasteful Diamond and 18KT Rose Gold Finger Band,orra,5.4,18KT,Rose,Gold,110261.0,diamond,0.0,69.0,69020.0,Round,7.0,Women,Band,https://cdn.orra.co.in/media/catalog/product/cache/10238651d5f95594b9023f998383bb67/o/r/org23l06_4_1.jpg,Tanishq_Jewelry_Dataset_Final/images/orra/ORG23L06_1.jpg,14850.0,0.0
O_ORG23L14,Glamorous Rose Gold and Green Colorstone Cocktail Ring,orra,8.22,18KT,Rose,Gold,208775.0,diamond,0.0,71.0,154350.0,Round,7.0,Women,Cocktail,https://cdn.orra.co.in/media/catalog/product/cache/10238651d5f95594b9023f998383bb67/o/r/org23l14_4_1.jpg,Tanishq_Jewelry_Dataset_Final/images/orra/ORG23L14_1.jpg,22605.0,0.0
O_ORG23L13,Dazzling Infinity Design Diamond Finger Ring,orra,2.12,14KT,Rose,Gold,30377.0,diamond,0.0,21.0,15750.0,Round,6.0,Women,Infinity,https://cdn.orra.co.in/media/catalog/product/cache/10238651d5f95594b9023f998383bb67/o/r/org23l13_1_1_1.jpg,Tanishq_Jewelry_Dataset_Final/images/orra/ORG23L13_1.jpg,5830.0,0.0
O_ORG23L20,Timeless 18KT Rose Gold Men's Diamond Ring,orra,2.3,18KT,Rose,Gold,42360.0,diamond,0.0,9.0,23800.0,Round,10.0,Men,none,https://cdn.orra.co.in/media/catalog/product/cache/10238651d5f95594b9023f998383bb67/o/r/org23l20_1_3.jpg,Tanishq_Jewelry_Dataset_Final/images/orra/ORG23L20_1.jpg,6325.0,0.0
O_ORG23L21,Stunning Rose Gold Men's Finger Ring ,orra,3.2,18KT,Rose,Gold,52840.0,diamond,0.0,20.0,26180.0,Round,11.0,Men,none,https://cdn.orra.co.in/media/catalog/product/cache/10238651d5f95594b9023f998383bb67/o/r/org23l21_1_3.jpg,Tanishq_Jewelry_Dataset_Final/images/orra/ORG23L21_1.jpg,8800.0,0.0
O_ORG23L22,Simple Diamond Studded Men's Finger Ring,orra,2.82,18KT,Yellow,Gold,54385.0,diamond,0.0,9.0,32130.0,Round,10.0,Men,none,https://cdn.orra.co.in/media/catalog/product/cache/10238651d5f95594b9023f998383bb67/o/r/org23l22_5.jpg,Tanishq_Jewelry_Dataset_Final/images/orra/ORG23L22_1.jpg,7755.0,0.0
O_ORG23L23,Stately Rose Gold and Diamond Finger Ring For Men,orra,3.03,18KT,Rose,Gold,54602.0,diamond,0.0,21.0,29750.0,Round,11.0,Men,none,https://cdn.orra.co.in/media/catalog/product/cache/10238651d5f95594b9023f998383bb67/o/r/org23l23_1_1_1.jpg,Tanishq_Jewelry_Dataset_Final/images/orra/ORG23L23_1.jpg,8332.5,0.0
O_ORG23L29,Infinity Design Diamond and Rose Gold Ring,orra,2.02,14KT,Rose,Gold,37309.0,diamond,0.0,23.0,25200.0,Round,6.0,Women,Infinity,https://cdn.orra.co.in/media/catalog/product/cache/10238651d5f95594b9023f998383bb67/o/r/org23l29_1_3.jpg,Tanishq_Jewelry_Dataset_Final/images/orra/ORG23L29_1.jpg,5555.0,0.0
O_ORG23L33,Stylish Men's Diamond Finger Ring,orra,11.62,18KT,Rose,Gold,227234.0,diamond,0.0,57.0,135000.0,Round,11.0,Men,none,https://cdn.orra.co.in/media/catalog/product/cache/10238651d5f95594b9023f998383bb67/o/r/org23l33_1_1_1.jpg,Tanishq_Jewelry_Dataset_Final/images/orra/ORG23L33_1.jpg,31955.0,0.0
O_ORG23L31,Crisscross Design Yellow Gold Finger Ring,orra,2.54,18KT,Yellow,Gold,46734.0,diamond,0.0,45.0,26180.0,Round,7.0,Women,none,https://cdn.orra.co.in/media/catalog/product/cache/10238651d5f95594b9023f998383bb67/o/r/org23l31_4.jpg,Tanishq_Jewelry_Dataset_Final/images/orra/ORG23L31_1.jpg,6985.0,0.0
O_ORG23L32,Swirl Design Diamond Encrusted Finger Ring,orra,2.45,18KT,Rose,Gold,50654.0,diamond,0.0,42.0,32130.0,Round,6.0,Women,none,https://cdn.orra.co.in/media/catalog/product/cache/10238651d5f95594b9023f998383bb67/o/r/org23l32_5.jpg,Tanishq_Jewelry_Dataset_Final/images/orra/ORG23L32_1.jpg,6726.5,0.0
O_ORG23L37,Classic Men's Diamond Finger Ring,orra,4.67,18KT,Yellow,Gold,81601.0,diamond,0.0,16.0,42840.0,Round,10.0,Men,Classic,https://cdn.orra.co.in/media/catalog/product/cache/10238651d5f95594b9023f998383bb67/o/r/org23l37_1_3.jpg,Tanishq_Jewelry_Dataset_Final/images/orra/ORG23L37_1.jpg,12842.5,0.0
O_ORG23L45,Classy Diamond and Rose Gold Ring,orra,5.53,18KT,Rose,Gold,191630.0,diamond,0.0,133.0,167400.0,Round,8.0,Women,none,https://cdn.orra.co.in/media/catalog/product/cache/10238651d5f95594b9023f998383bb67/o/r/org23l45_2.jpg,Tanishq_Jewelry_Dataset_Final/images/orra/ORG23L45_1.jpg,15213.0,0.0
O_ORG23L44,Dazzling Rose Gold Diamond Ring,orra,6.3,18KT,Rose,Gold,198963.0,diamond,0.0,154.0,164700.0,Round,7.0,Women,none,https://cdn.orra.co.in/media/catalog/product/cache/10238651d5f95594b9023f998383bb67/o/r/org23l44_5.jpg,Tanishq_Jewelry_Dataset_Final/images/orra/ORG23L44_1.jpg,17325.0,0.0
O_ORG23L62,Dazzling Diamond Finger Ring,orra,2.5,14KT,Rose,Gold,39535.0,diamond,0.0,36.0,23100.0,Round,6.0,Women,none,https://cdn.orra.co.in/media/catalog/product/cache/10238651d5f95594b9023f998383bb67/o/r/org23l62_6.jpg,Tanishq_Jewelry_Dataset_Final/images/orra/ORG23L62_1.jpg,6875.0,0.0
O_ORG23L64,Diamond Studded 18KT Rose Gold Band,orra,3.06,18KT,Rose,Gold,73300.0,diamond,0.0,22.0,52360.0,Round,7.0,Women,Band,https://cdn.orra.co.in/media/catalog/product/cache/10238651d5f95594b9023f998383bb67/o/r/org23l64_6.jpg,Tanishq_Jewelry_Dataset_Final/images/orra/ORG23L64_1.jpg,8420.5,0.0
O_ORG23L63,Classy Diamond Lined Rose Gold V-Ring,orra,2.18,18KT,Rose,Gold,43335.0,diamond,0.0,15.0,26180.0,Round,7.0,Women,none,https://cdn.orra.co.in/media/catalog/product/cache/10238651d5f95594b9023f998383bb67/o/r/org23l63_4_1.jpg,Tanishq_Jewelry_Dataset_Final/images/orra/ORG23L63_1.jpg,5995.0,0.0
O_ORG23L65,Flower Patterned Diamond Finger Ring,orra,5.24,18KT,Yellow,Gold,110608.0,diamond,0.0,43.0,71400.0,Round,7.0,Women,none,https://cdn.orra.co.in/media/catalog/product/cache/10238651d5f95594b9023f998383bb67/o/r/org23l65_6.jpg,Tanishq_Jewelry_Dataset_Final/images/orra/ORG23L65_1.jpg,14410.0,0.0
O_ORG23L74,Clustered Diamond Finger Ring ,orra,2.79,18KT,Yellow,Gold,62834.0,diamond,0.0,25.0,42840.0,Round,7.0,Women,Cluster,https://cdn.orra.co.in/media/catalog/product/cache/10238651d5f95594b9023f998383bb67/o/r/org23l74_4_1.jpg,Tanishq_Jewelry_Dataset_Final/images/orra/ORG23L74_1.jpg,7672.5,0.0
O_ORG23L75,Flower Embellished Diamond Studded Ring,orra,2.07,18KT,Rose,Gold,55625.0,diamond,0.0,46.0,42840.0,Round,7.0,Women,none,https://cdn.orra.co.in/media/catalog/product/cache/10238651d5f95594b9023f998383bb67/o/r/org23l75_4_1.jpg,Tanishq_Jewelry_Dataset_Final/images/orra/ORG23L75_1.jpg,5687.0,0.0
O_ORG23L76,Floral Diamond Studded Finger Ring,orra,1.76,14KT,Rose,Gold,27646.0,diamond,0.0,21.0,15750.0,Round,6.0,Women,Floral,https://cdn.orra.co.in/media/catalog/product/cache/10238651d5f95594b9023f998383bb67/o/r/org23l76_1_1.jpg,Tanishq_Jewelry_Dataset_Final/images/orra/ORG23L76_1.jpg,4750.0,0.0
O_ORG23L77,Floral Design Diamond Finger Ring,orra,1.79,14KT,Rose,Gold,26938.0,diamond,0.0,23.0,14700.0,Round,6.0,Women,Floral,https://cdn.orra.co.in/media/catalog/product/cache/10238651d5f95594b9023f998383bb67/o/r/org23l77_6.jpg,Tanishq_Jewelry_Dataset_Final/images/orra/ORG23L77_1.jpg,4750.0,0.0
O_PRG23K24,Quintessential Platinum Men's Band,orra,5.3,950PT,White,Platinum,35488.0,none,0.0,0.0,0.0,none,10.0,Men,Band,https://cdn.orra.co.in/media/catalog/product/cache/10238651d5f95594b9023f998383bb67/p/r/prg23k24_1_3.jpg,Tanishq_Jewelry_Dataset_Final/images/orra/PRG23K24_1.jpg,13250.0,0.0
O_PRG23K43,Simple Platinum Finger Band for Men,orra,7.12,950PT,White,Platinum,71202.0,diamond,0.0,1.0,0.0,Round,10.0,Men,Band,https://cdn.orra.co.in/media/catalog/product/cache/10238651d5f95594b9023f998383bb67/p/r/prg23k43_1_3.jpg,Tanishq_Jewelry_Dataset_Final/images/orra/PRG23K43_1.jpg,17800.0,0.0
O_PRG23K66,Swirl Design Diamond and Platinum Finger Ring,orra,0.57,18KT,White+Rose,Gold,22398.0,diamond,0.0,5.0,6750.0,Round,7.0,Women,none,https://cdn.orra.co.in/media/catalog/product/cache/10238651d5f95594b9023f998383bb67/p/r/prg23k66_1_2.jpg,Tanishq_Jewelry_Dataset_Final/images/orra/PRG23K66_1.jpg,5725.0,0.0
O_ORG23L48,Circled 18KT Rose Gold and Diamond Finger Band ,orra,4.43,18KT,Rose,Gold,68085.0,diamond,0.0,9.0,29900.0,Marquise,7.0,Women,Band,https://cdn.orra.co.in/media/catalog/product/cache/10238651d5f95594b9023f998383bb67/o/r/org23l48_6.jpg,Tanishq_Jewelry_Dataset_Final/images/orra/ORG23L48_1.jpg,12193.5,0.0
O_ORG23L49,Radiant Rose Gold and Diamond Finger Ring,orra,3.3,18KT,Rose,Gold,56507.0,diamond,0.0,7.0,28560.0,Round,7.0,Women,none,https://cdn.orra.co.in/media/catalog/product/cache/10238651d5f95594b9023f998383bb67/o/r/org23l49_4_1.jpg,Tanishq_Jewelry_Dataset_Final/images/orra/ORG23L49_1.jpg,9080.5,0.0
O_ORG23L50,Floral Rose Gold and Diamond Ring,orra,1.96,18KT,Rose,Gold,40503.0,diamond,0.0,21.0,26180.0,Round,6.0,Women,Floral,https://cdn.orra.co.in/media/catalog/product/cache/10238651d5f95594b9023f998383bb67/o/r/org23l50_6.jpg,Tanishq_Jewelry_Dataset_Final/images/orra/ORG23L50_1.jpg,4750.0,0.0
O_ORG23L56,Shining Swirl Design Diamond Ring,orra,2.82,18KT,Rose,Gold,71366.0,diamond,0.0,35.0,52360.0,Round,7.0,Women,none,https://cdn.orra.co.in/media/catalog/product/cache/10238651d5f95594b9023f998383bb67/o/r/org23l56_6.jpg,Tanishq_Jewelry_Dataset_Final/images/orra/ORG23L56_1.jpg,7755.0,0.0
O_ORG23L55,Classy Spiral Design 18KT Rose Gold Ring,orra,3.22,18KT,Rose,Gold,94347.0,diamond,0.0,80.0,78317.5,"Round, Baguette",7.0,Women,none,https://cdn.orra.co.in/media/catalog/product/cache/10238651d5f95594b9023f998383bb67/o/r/org23l55_1_1_1.jpg,Tanishq_Jewelry_Dataset_Final/images/orra/ORG23L55_1.jpg,8855.0,0.0
O_ORG23L57,Clustered Diamond and Rose Gold Band,orra,5.81,18KT,Rose,Gold,130559.0,diamond,0.0,109.0,87750.0,Round,7.0,Women,Band,https://cdn.orra.co.in/media/catalog/product/cache/10238651d5f95594b9023f998383bb67/o/r/org23l57_6.jpg,Tanishq_Jewelry_Dataset_Final/images/orra/ORG23L57_1.jpg,15977.5,0.0
O_PRG23K03,Elegant 950Pt Platinum Men's Band,orra,6.99,950PT,White,Platinum,70237.0,diamond,0.0,3.0,0.0,Round,10.0,Men,Band,https://cdn.orra.co.in/media/catalog/product/cache/10238651d5f95594b9023f998383bb67/p/r/prg23k03_1_2.jpg,Tanishq_Jewelry_Dataset_Final/images/orra/PRG23K03_1.jpg,17475.0,0.0
O_ORG24K02,Stunning Men's Diamond Finger Ring,orra,8.15,18KT,Yellow+White,Gold,151038.0,diamond,0.0,10.0,67500.0,none,11.0,Men,none,https://www.orra.co.in/media/catalog/product/o/r/org24k02.jpg,Tanishq_Jewelry_Dataset_Final/images/orra/ORG24K02_1.jpg,22412.5,8.25
O_ORG24K08,Brilliant 18KT Yellow Gold Men's Finger Ring,orra,8.37,18KT,Yellow,Gold,147723.0,diamond,0.0,16.0,75600.0,none,11.0,Men,none,https://cdn.orra.co.in/media/catalog/product/cache/10238651d5f95594b9023f998383bb67/o/r/org24k08_2_1.jpg,Tanishq_Jewelry_Dataset_Final/images/orra/ORG24K08_1.jpg,23012.0,0.0
O_ORG24K11,Contemporary Diamond and Yellow Gold Men's Ring,orra,5.92,18KT,Yellow,Gold,132501.0,diamond,0.0,35.0,89100.0,none,11.0,Men,none,https://cdn.orra.co.in/media/catalog/product/cache/10238651d5f95594b9023f998383bb67/o/r/org24k11_2_1.jpg,Tanishq_Jewelry_Dataset_Final/images/orra/ORG24K11_1.jpg,16274.5,0.0
O_OTN24V18-D400XDB,Precious 14KT Rose Gold Ring,orra,4.42,18KT,Rose,Gold,89957.0,diamond,0.22,31.0,27280.0,Round,3.0,Women,none,https://www.orra.co.in/media/catalog/product/o/t/otn24v18_1_eexljccejcejfbfj.jpg,Tanishq_Jewelry_Dataset_Final/images/orra/OTN24V18-D400XDB_1.jpg,15457.05,0.0
O_ORG24K17,Subtle Yellow Gold and Diamond Finger Ring,orra,0.95,14KT,Yellow,Gold,13221.0,diamond,0.0,5.0,4200.0,Round,6.0,Women,none,https://cdn.orra.co.in/media/catalog/product/cache/10238651d5f95594b9023f998383bb67/o/r/org24k17_1_pqvnvlbt6njbq7ej.jpg,Tanishq_Jewelry_Dataset_Final/images/orra/ORG24K17_1.jpg,4750.0,0.0
O_ORG24K18,Floral Yellow Gold and Diamond Finger Ring,orra,1.4,14KT,Yellow,Gold,17679.0,diamond,0.0,8.0,6300.0,Round,6.0,Women,Floral,https://cdn.orra.co.in/media/catalog/product/cache/10238651d5f95594b9023f998383bb67/o/r/org24k18_1_7mpe4xja19jfbj9g.jpg,Tanishq_Jewelry_Dataset_Final/images/orra/ORG24K18_1.jpg,4750.0,0.0
O_ORG24K20,Shimmering Floral Yellow Gold Finger Ring,orra,1.43,14KT,Yellow,Gold,18889.0,diamond,0.0,8.0,7350.0,Round,7.0,Women,Floral,https://cdn.orra.co.in/media/catalog/product/cache/10238651d5f95594b9023f998383bb67/o/r/org24k20_1_v7n0e7qthsshr2ov.jpg,Tanishq_Jewelry_Dataset_Final/images/orra/ORG24K20_1.jpg,4750.0,0.0
O_ORG24K19,Infinity Design Floral Diamond Finger Ring,orra,1.57,14KT,Rose,Gold,19329.0,diamond,0.0,6.0,7035.0,Round,6.0,Women,Infinity,https://cdn.orra.co.in/media/catalog/product/cache/10238651d5f95594b9023f998383bb67/o/r/org24k19_1_7k9mvhkt1pymhzly.jpg,Tanishq_Jewelry_Dataset_Final/images/orra/ORG24K19_1.jpg,4750.0,0.0
O_ORG24K23,Glossy Geometric Design Rose Gold Finger Ring,orra,1.31,14KT,Rose,Gold,18887.0,diamond,0.0,14.0,8400.0,Round,6.0,Women,Geometric,https://cdn.orra.co.in/media/catalog/product/cache/10238651d5f95594b9023f998383bb67/o/r/org24k23_1_10drsczlrlxs1lqh.jpg,Tanishq_Jewelry_Dataset_Final/images/orra/ORG24K23_1.jpg,4750.0,0.0
O_ORG24K22,Butterfly Design Diamond Finger Ring,orra,1.34,14KT,Rose,Gold,19186.0,diamond,0.0,19.0,8400.0,Round,6.0,Women,none,https://cdn.orra.co.in/media/catalog/product/cache/10238651d5f95594b9023f998383bb67/o/r/org24k22_1_pna3bi2zcprvvrsc.jpg,Tanishq_Jewelry_Dataset_Final/images/orra/ORG24K22_1.jpg,4750.0,0.0
O_ORG24K26,Glittering Casual Diamond Finger Ring,orra,1.08,14KT,Rose,Gold,18837.0,diamond,0.0,6.0,10080.0,Round,6.0,Women,none,https://cdn.orra.co.in/media/catalog/product/cache/10238651d5f95594b9023f998383bb67/o/r/org24k26_1_txrdjgiu6te7c7fe.jpg,Tanishq_Jewelry_Dataset_Final/images/orra/ORG24K26_1.jpg,4750.0,0.0
O_ORG24K27,Stunning Rose Gold and Diamond Finger Ring,orra,1.8,14KT,Rose,Gold,23961.0,diamond,0.0,39.0,11550.0,Round,7.0,Women,none,https://cdn.orra.co.in/media/catalog/product/cache/10238651d5f95594b9023f998383bb67/o/r/org24k27_1_wjpewzpe6v11wrvg.jpg,Tanishq_Jewelry_Dataset_Final/images/orra/ORG24K27_1.jpg,4750.0,0.0
O_ORG24K25,Breathtaking Infinity Design Diamond Finger Ring,orra,2.23,14KT,Rose,Gold,26129.0,diamond,0.0,18.0,9450.0,Round,7.0,Women,Infinity,https://cdn.orra.co.in/media/catalog/product/cache/10238651d5f95594b9023f998383bb67/o/r/org24k25_1_cqk9jtewfir9luhs.jpg,Tanishq_Jewelry_Dataset_Final/images/orra/ORG24K25_1.jpg,6138.0,0.0
O_ORG24K28,Versatile Swirl Design Diamond Finger Ring,orra,1.36,14KT,Yellow,Gold,21745.0,diamond,0.0,6.0,11550.0,Round,6.0,Women,none,https://cdn.orra.co.in/media/catalog/product/cache/10238651d5f95594b9023f998383bb67/o/r/org24k28_1_1aocfpamxtcp57na.jpg,Tanishq_Jewelry_Dataset_Final/images/orra/ORG24K28_1.jpg,4750.0,0.0
O_ORG24K31,Intriguing Rose Gold and Diamond Finger Ring,orra,2.5,14KT,Rose,Gold,30887.0,diamond,0.0,14.0,12600.0,Round,6.0,Women,none,https://cdn.orra.co.in/media/catalog/product/cache/10238651d5f95594b9023f998383bb67/o/r/org24k31_1_xf7qptihozg1wot1.jpg,Tanishq_Jewelry_Dataset_Final/images/orra/ORG24K31_1.jpg,6864.0,0.0
O_ORG24K30,Crown Design Diamond Finger Ring,orra,1.4,14KT,Rose,Gold,24478.0,diamond,0.0,26.0,14280.0,Round,7.0,Women,none,https://cdn.orra.co.in/media/catalog/product/cache/10238651d5f95594b9023f998383bb67/o/r/org24k30_1_2sz4fncucopde3xv.jpg,Tanishq_Jewelry_Dataset_Final/images/orra/ORG24K30_1.jpg,4750.0,0.0
O_ORG24K32,Pretty Diamond and Rose Gold Finger Ring ,orra,1.54,14KT,Rose,Gold,26304.0,diamond,0.0,7.0,15750.0,Round,6.0,Women,none,https://cdn.orra.co.in/media/catalog/product/cache/10238651d5f95594b9023f998383bb67/o/r/org24k32_1_nby6aw9iacqdtnpt.jpg,Tanishq_Jewelry_Dataset_Final/images/orra/ORG24K32_1.jpg,4750.0,0.0
O_ORG24K33,Stylish Curved Diamond Finger Ring,orra,1.39,14KT,Rose,Gold,24535.0,diamond,0.0,16.0,14700.0,Round,7.0,Women,none,https://cdn.orra.co.in/media/catalog/product/cache/10238651d5f95594b9023f998383bb67/o/r/org24k33_1_kmyyajp0dpfg5gp0.jpg,Tanishq_Jewelry_Dataset_Final/images/orra/ORG24K33_1.jpg,4750.0,0.0
O_ORG24K35,Modern Diamond Studded Finger Ring,orra,1.78,14KT,Rose,Gold,28099.0,diamond,0.0,13.0,15750.0,Round,7.0,Women,none,https://cdn.orra.co.in/media/catalog/product/cache/10238651d5f95594b9023f998383bb67/o/r/org24k35_1_cdixladtocr7we7u.jpg,Tanishq_Jewelry_Dataset_Final/images/orra/ORG24K35_1.jpg,4750.0,0.0
O_ORG24K34,Butterfly Design Diamond Ring,orra,1.04,14KT,Yellow,Gold,22390.0,diamond,0.0,19.0,14700.0,Round,6.0,Women,none,https://cdn.orra.co.in/media/catalog/product/cache/10238651d5f95594b9023f998383bb67/o/r/org24k34_1_9alo6yivbuvdscfg.jpg,Tanishq_Jewelry_Dataset_Final/images/orra/ORG24K34_1.jpg,4750.0,0.0
O_ORG24K36,Star Spangled Diamond Finger Ring,orra,2.0,14KT,Rose,Gold,28497.0,diamond,0.0,7.0,15855.0,Round,7.0,Women,none,https://cdn.orra.co.in/media/catalog/product/cache/10238651d5f95594b9023f998383bb67/o/r/org24k36_1_ikspbjwipzvvfrmi.jpg,Tanishq_Jewelry_Dataset_Final/images/orra/ORG24K36_1.jpg,4750.0,0.0
O_ORG24K37,Artistic Swirl Design Diamond Finger Ring,orra,1.52,14KT,Rose,Gold,27412.0,diamond,0.0,25.0,17325.0,Round,7.0,Women,none,https://cdn.orra.co.in/media/catalog/product/cache/10238651d5f95594b9023f998383bb67/o/r/org24k37_1_uxozt7laydjc8t0e.jpg,Tanishq_Jewelry_Dataset_Final/images/orra/ORG24K37_1.jpg,4750.0,0.0
O_ORG24K39,Chic Diamond Design Diamond Finger Ring,orra,1.46,14KT,Yellow,Gold,29234.0,diamond,0.0,9.0,19950.0,Round,7.0,Women,none,https://cdn.orra.co.in/media/catalog/product/cache/10238651d5f95594b9023f998383bb67/o/r/org24k39_1_f3zv2mdxqnv1uym7.jpg,Tanishq_Jewelry_Dataset_Final/images/orra/ORG24K39_1.jpg,4750.0,0.0
O_ORG24K40,Casual 14KT Yellow Gold Finger Ring,orra,1.12,14KT,Yellow,Gold,27189.0,diamond,0.0,19.0,19950.0,Round,7.0,Women,none,https://cdn.orra.co.in/media/catalog/product/cache/10238651d5f95594b9023f998383bb67/o/r/org24k40_1_sf11pwss59nmai1d.jpg,Tanishq_Jewelry_Dataset_Final/images/orra/ORG24K40_1.jpg,4750.0,0.0
O_ORG24K43,Enigmatic Swirl Design Diamond Finger Ring,orra,1.82,14KT,Yellow,Gold,31489.0,diamond,0.0,28.0,19950.0,Round,7.0,Women,none,https://cdn.orra.co.in/media/catalog/product/cache/10238651d5f95594b9023f998383bb67/o/r/org24k43_1_ue73icxeigt9s5sw.jpg,Tanishq_Jewelry_Dataset_Final/images/orra/ORG24K43_1.jpg,4750.0,0.0
O_ORG24K41,Goemetric Design Subtle Diamond Finger Ring,orra,1.7,14KT,Yellow,Gold,31593.0,diamond,0.0,26.0,21000.0,Round,6.0,Women,none,https://cdn.orra.co.in/media/catalog/product/cache/10238651d5f95594b9023f998383bb67/o/r/org24k41_1_hkep1huq7w8pn3ag.jpg,Tanishq_Jewelry_Dataset_Final/images/orra/ORG24K41_1.jpg,4750.0,0.0
O_ORG24K42,Refined Swirl Design Diamond Finger Ring,orra,1.74,14KT,Rose,Gold,32705.0,diamond,0.0,29.0,22050.0,Round,7.0,Women,none,https://cdn.orra.co.in/media/catalog/product/cache/10238651d5f95594b9023f998383bb67/o/r/org24k42_1_bcelkesdrvatliaq.jpg,Tanishq_Jewelry_Dataset_Final/images/orra/ORG24K42_1.jpg,4750.0,0.0
O_ORG24K55,Solid Diamond Studded Finger Band,orra,2.1,14KT,Rose,Gold,50344.0,diamond,0.0,44.0,40460.0,Round,6.0,Women,Band,https://cdn.orra.co.in/media/catalog/product/cache/10238651d5f95594b9023f998383bb67/o/r/org24k55_1_kgyqm1jbug54xmep.jpg,Tanishq_Jewelry_Dataset_Final/images/orra/ORG24K55_1.jpg,5780.5,0.0
O_ORG24K54,Brilliant Rose Gold Finger Band,orra,2.77,14KT,Rose,Gold,56150.0,diamond,0.0,49.0,40936.0,Round,7.0,Women,Band,https://cdn.orra.co.in/media/catalog/product/cache/10238651d5f95594b9023f998383bb67/o/r/org24k54_1_adraaq3k4cfn6nc5.jpg,Tanishq_Jewelry_Dataset_Final/images/orra/ORG24K54_1.jpg,7617.5,0.0
O_ORG24K53,Sparkling Casual Diamond Finger Band,orra,1.27,14KT,Rose,Gold,32384.0,diamond,0.0,30.0,25200.0,Round,6.0,Women,Band,https://cdn.orra.co.in/media/catalog/product/cache/10238651d5f95594b9023f998383bb67/o/r/org24k53_1_cdozweziwulgeiqa.jpg,Tanishq_Jewelry_Dataset_Final/images/orra/ORG24K53_1.jpg,4750.0,0.0
O_ORG24K58,Brillant Yellow Gold and Diamond Finger Ring,orra,3.83,18KT,Yellow,Gold,58178.0,diamond,0.0,20.0,18900.0,Round,11.0,Men,none,https://www.orra.co.in/media/catalog/product/o/r/org24k58_2rghplrueg9tepcw.jpg,Tanishq_Jewelry_Dataset_Final/images/orra/ORG24K58_1.jpg,10538.0,3.86
O_ORG24K64,Casual Everyday Rose Gold and Diamond Finger Ring,orra,0.79,14KT,Rose,Gold,17735.0,diamond,0.0,23.0,10815.0,Round,6.0,Women,none,https://cdn.orra.co.in/media/catalog/product/cache/10238651d5f95594b9023f998383bb67/o/r/org24k64_1_8yaunktf1iidaum2.jpg,Tanishq_Jewelry_Dataset_Final/images/orra/ORG24K64_1.jpg,4750.0,0.0
O_ORG24K59,Stylish Lattice Pattern Men's Diamond Finger Ring,orra,2.41,18KT,Rose,Gold,38556.0,diamond,0.0,6.0,17550.0,Round,10.0,Men,none,https://cdn.orra.co.in/media/catalog/product/cache/10238651d5f95594b9023f998383bb67/o/r/org24k59_1_u6pbrckmhswf8nlu.jpg,Tanishq_Jewelry_Dataset_Final/images/orra/ORG24K59_1.jpg,6638.5,0.0
O_ORG24K65,Perfect Circular Diamond Finger Ring,orra,1.17,14KT,Rose,Gold,19722.0,diamond,0.0,20.0,10500.0,Round,6.0,Women,none,https://cdn.orra.co.in/media/catalog/product/cache/10238651d5f95594b9023f998383bb67/o/r/org24k65_1_wtbcurxyutqrpwan.jpg,Tanishq_Jewelry_Dataset_Final/images/orra/ORG24K65_1.jpg,4750.0,0.0
O_ORG24K86,Spangled Diamond and Rose Gold Finger Ring,orra,1.48,14KT,Rose,Gold,24900.0,diamond,0.0,21.0,14385.0,Round,6.0,Women,none,https://cdn.orra.co.in/media/catalog/product/cache/10238651d5f95594b9023f998383bb67/o/r/org24k86_1_1xvd6hxnpzcrdg8k.jpg,Tanishq_Jewelry_Dataset_Final/images/orra/ORG24K86_1.jpg,4750.0,0.0
O_ORG24K85,Sparkling Diamond and Yellow Gold Finger Ring,orra,1.45,14KT,Yellow,Gold,30015.0,diamond,0.0,25.0,21000.0,Round,6.0,Women,none,https://cdn.orra.co.in/media/catalog/product/cache/10238651d5f95594b9023f998383bb67/o/r/org24k85_1_ihm1tvpkwv4pbspd.jpg,Tanishq_Jewelry_Dataset_Final/images/orra/ORG24K85_1.jpg,4750.0,0.0
O_ORG24K87,Geometric Design Diamond and Yellow Gold Finger Ring,orra,1.44,14KT,Yellow,Gold,29998.0,diamond,0.0,32.0,21000.0,Round,6.0,Women,Geometric,https://cdn.orra.co.in/media/catalog/product/cache/10238651d5f95594b9023f998383bb67/o/r/org24k87_1_f7ai8zzubgkftmhz.jpg,Tanishq_Jewelry_Dataset_Final/images/orra/ORG24K87_1.jpg,4750.0,0.0
O_ORG24K90,Curved Design Diamond Finger Ring,orra,2.15,14KT,Rose,Gold,43142.0,diamond,0.0,37.0,31080.0,Round,7.0,Women,none,https://cdn.orra.co.in/media/catalog/product/cache/10238651d5f95594b9023f998383bb67/o/r/org24k90_1_dqcfuttrjjfghgil.jpg,Tanishq_Jewelry_Dataset_Final/images/orra/ORG24K90_1.jpg,5912.5,0.0
O_ORG24K91,Stunning Heart Shaped Diamond Finger Ring,orra,1.64,14KT,Rose,Gold,23629.0,diamond,0.0,39.0,11760.0,Round,6.0,Women,Heart,https://cdn.orra.co.in/media/catalog/product/cache/10238651d5f95594b9023f998383bb67/o/r/org24k91_1_vsbvnbqmzctbq771.jpg,Tanishq_Jewelry_Dataset_Final/images/orra/ORG24K91_1.jpg,4750.0,0.0
O_ORG24K89,Pretty Floral Diamond Finger Ring,orra,2.03,14KT,Rose,Gold,33118.0,diamond,0.0,21.0,19530.0,Round,7.0,Women,Floral,https://cdn.orra.co.in/media/catalog/product/cache/10238651d5f95594b9023f998383bb67/o/r/org24k89_1_kryyvmicqwam1eia.jpg,Tanishq_Jewelry_Dataset_Final/images/orra/ORG24K89_1.jpg,5590.75,0.0
O_ORG24K88,Versatile Rose Gold and Diamond Finger Ring,orra,0.92,14KT,Rose,Gold,16749.0,diamond,0.0,12.0,8715.0,Round,6.0,Women,none,https://cdn.orra.co.in/media/catalog/product/cache/10238651d5f95594b9023f998383bb67/o/r/org24k88_1_peztrjyahdlxvyip.jpg,Tanishq_Jewelry_Dataset_Final/images/orra/ORG24K88_1.jpg,4750.0,0.0
O_ORG24K92,Glamorous Diamond Finger Ring,orra,1.63,14KT,Rose,Gold,27438.0,diamond,0.0,25.0,16485.0,Round,7.0,Women,none,https://cdn.orra.co.in/media/catalog/product/cache/10238651d5f95594b9023f998383bb67/o/r/org24k92_1_0wkgof24qscb7vwh.jpg,Tanishq_Jewelry_Dataset_Final/images/orra/ORG24K92_1.jpg,4750.0,0.0
O_ORG24K94,Classic Yellow Gold and Diamond Finger Ring,orra,2.69,14KT,Yellow,Gold,35422.0,diamond,0.0,19.0,16485.0,Round,7.0,Women,Classic,https://cdn.orra.co.in/media/catalog/product/cache/10238651d5f95594b9023f998383bb67/o/r/org24k94_1_owmnwhunsenr9zww.jpg,Tanishq_Jewelry_Dataset_Final/images/orra/ORG24K94_1.jpg,7394.75,0.0
O_ORG24K93,Sleek Star Design Diamond Finger Ring,orra,1.22,14KT,Rose,Gold,19523.0,diamond,0.0,7.0,9870.0,Round,6.0,Women,none,https://cdn.orra.co.in/media/catalog/product/cache/10238651d5f95594b9023f998383bb67/o/r/org24k93_1_65aawcyk1hxctlna.jpg,Tanishq_Jewelry_Dataset_Final/images/orra/ORG24K93_1.jpg,4750.0,0.0
O_ORG24K98,Alluring 14KT Rose Gold Diamond Finger Band,orra,2.47,14KT,Rose,Gold,45337.0,diamond,0.0,31.0,30450.0,Round,7.0,Women,Band,https://cdn.orra.co.in/media/catalog/product/cache/10238651d5f95594b9023f998383bb67/o/r/org24k98_1_tzi8cwaes5pjfuyw.jpg,Tanishq_Jewelry_Dataset_Final/images/orra/ORG24K98_1.jpg,6798.0,0.0
O_ORG24K99,Brilliant Gold Crafted Diamond Ring,orra,1.64,14KT,Rose,Gold,21756.0,diamond,0.0,7.0,9450.0,Round,6.0,Women,none,https://cdn.orra.co.in/media/catalog/product/cache/10238651d5f95594b9023f998383bb67/o/r/org24k99_1_nj4cfmypd1qktrfk.jpg,Tanishq_Jewelry_Dataset_Final/images/orra/ORG24K99_1.jpg,4750.0,0.0
O_ORG24L02,Classic Casual Rose Gold Finger Ring,orra,1.31,14KT,Rose,Gold,24627.0,diamond,0.0,16.0,15470.0,Round,7.0,Women,Classic,https://cdn.orra.co.in/media/catalog/product/cache/10238651d5f95594b9023f998383bb67/o/r/org24l02_1_wbg7mfkmkkksksa2.jpg,Tanishq_Jewelry_Dataset_Final/images/orra/ORG24L02_1.jpg,4750.0,0.0
O_ORG24L01,Refined Swirl Design Diamond Finger Band,orra,1.14,14KT,Rose,Gold,24994.0,diamond,0.0,2.0,16660.0,Round,6.0,Women,Band,https://cdn.orra.co.in/media/catalog/product/cache/10238651d5f95594b9023f998383bb67/o/r/org24l01_1_qqrwu1w4yobi04wn.jpg,Tanishq_Jewelry_Dataset_Final/images/orra/ORG24L01_1.jpg,4750.0,0.0
O_ORG24L03,Evocative Rose Gold and Diamond Finger Ring,orra,1.42,14KT,Rose,Gold,25632.0,diamond,0.0,26.0,15750.0,Round,7.0,Women,none,https://cdn.orra.co.in/media/catalog/product/cache/10238651d5f95594b9023f998383bb67/o/r/org24l03_1_igxvcempc56cpa28.jpg,Tanishq_Jewelry_Dataset_Final/images/orra/ORG24L03_1.jpg,4750.0,0.0
O_ORG24L04,Sparkling Floral Yellow Gold Finger Ring,orra,1.03,14KT,Yellow,Gold,25989.0,diamond,0.0,14.0,18900.0,Round,7.0,Women,Floral,https://cdn.orra.co.in/media/catalog/product/cache/10238651d5f95594b9023f998383bb67/o/r/org24l04_1_cskkmbwba9vigebr.jpg,Tanishq_Jewelry_Dataset_Final/images/orra/ORG24L04_1.jpg,4750.0,0.0
O_ORG24L07,Floral Diamond and Yellow Gold Finger Ring,orra,1.47,14KT,Yellow,Gold,31882.0,diamond,0.0,14.0,23100.0,Round,7.0,Women,Floral,https://cdn.orra.co.in/media/catalog/product/cache/10238651d5f95594b9023f998383bb67/o/r/org24l07_1_elbl0h6sptkiepus.jpg,Tanishq_Jewelry_Dataset_Final/images/orra/ORG24L07_1.jpg,4750.0,0.0
O_ORG24L06,Dazzling Cluster Design Diamond Finger Ring,orra,1.48,14KT,Rose,Gold,33644.0,diamond,0.0,25.0,24990.0,Round,7.0,Women,Cluster,https://cdn.orra.co.in/media/catalog/product/cache/10238651d5f95594b9023f998383bb67/o/r/org24l06_1_xirnoh3i3dbanyfz.jpg,Tanishq_Jewelry_Dataset_Final/images/orra/ORG24L06_1.jpg,4750.0,0.0
O_ORG24L08,Captivating Yellow Gold Diamond Finger Ring,orra,1.77,14KT,Yellow,Gold,32871.0,diamond,0.0,32.0,22050.0,Round,7.0,Women,none,https://cdn.orra.co.in/media/catalog/product/cache/10238651d5f95594b9023f998383bb67/o/r/org24l08_1_76jo4lag6qavz11b.jpg,Tanishq_Jewelry_Dataset_Final/images/orra/ORG24L08_1.jpg,4750.0,0.0
O_ORG24L10,Stunning Infinity Design Diamond Finger Band,orra,2.17,14KT,Rose,Gold,37944.0,diamond,0.0,40.0,24360.0,Round,7.0,Women,Band,https://cdn.orra.co.in/media/catalog/product/cache/10238651d5f95594b9023f998383bb67/o/r/org24l10_1_pjzlt6573pghimgl.jpg,Tanishq_Jewelry_Dataset_Final/images/orra/ORG24L10_1.jpg,5978.5,0.0
O_ORG24L09,Glistening Rose Gold and Diamond Finger Ring,orra,1.67,14KT,Rose,Gold,36539.0,diamond,0.0,21.0,27370.0,Round,6.0,Women,none,https://cdn.orra.co.in/media/catalog/product/cache/10238651d5f95594b9023f998383bb67/o/r/org24l09_1_jlyjms9yuc63xelt.jpg,Tanishq_Jewelry_Dataset_Final/images/orra/ORG24L09_1.jpg,4750.0,0.0
O_ORG24L13,Exquisite Diamond Cluster Finger Ring,orra,2.18,14KT,Rose,Gold,48052.0,diamond,0.0,37.0,36890.0,Round,7.0,Women,Cluster,https://cdn.orra.co.in/media/catalog/product/cache/10238651d5f95594b9023f998383bb67/o/r/org24l13_1_pvbypxfk2xr3cd6q.jpg,Tanishq_Jewelry_Dataset_Final/images/orra/ORG24L13_1.jpg,5989.5,0.0
O_ORG24L11,Glamorous Floral Diamond Finger Ring,orra,3.58,14KT,Rose,Gold,49185.0,diamond,0.0,28.0,24150.0,Round,7.0,Women,Floral,https://cdn.orra.co.in/media/catalog/product/cache/10238651d5f95594b9023f998383bb67/o/r/org24l11_1_28dtysagaquiyszc.jpg,Tanishq_Jewelry_Dataset_Final/images/orra/ORG24L11_1.jpg,9856.0,0.0
O_ORG24L14,Glorious Halo Design Diamond Finger Ring,orra,2.12,14KT,Rose,Gold,49006.0,diamond,0.0,32.0,38080.0,Round,7.0,Women,Halo,https://cdn.orra.co.in/media/catalog/product/cache/10238651d5f95594b9023f998383bb67/o/r/org24l14_1_c97znxibsbipt6l6.jpg,Tanishq_Jewelry_Dataset_Final/images/orra/ORG24L14_1.jpg,5835.5,0.0
O_ORG24L12,Precious Lattice Pattern Diamond Finger Band,orra,1.85,14KT,Rose,Gold,39430.0,diamond,0.0,15.0,29400.0,Round,7.0,Women,Band,https://cdn.orra.co.in/media/catalog/product/cache/10238651d5f95594b9023f998383bb67/o/r/org24l12_1_y1ihnno1etyo6py9.jpg,Tanishq_Jewelry_Dataset_Final/images/orra/ORG24L12_1.jpg,4750.0,0.0
O_ORG24K29,Breathtaking Diamond and Yellow Gold Finger Ring,orra,2.41,14KT,Yellow,Gold,30774.0,diamond,0.0,42.0,13230.0,Round,7.0,Women,none,https://cdn.orra.co.in/media/catalog/product/cache/10238651d5f95594b9023f998383bb67/o/r/org24k29_1_2_1.jpg,Tanishq_Jewelry_Dataset_Final/images/orra/ORG24K29_1.jpg,6638.5,0.0
O_ORG24K57,Modern Diamond Men's Finger Band,orra,6.97,18KT,Rose,Gold,95906.0,diamond,0.0,36.0,31050.0,Round,11.0,Men,Band,https://cdn.orra.co.in/media/catalog/product/cache/10238651d5f95594b9023f998383bb67/o/r/org24k57-_1__1.jpg,Tanishq_Jewelry_Dataset_Final/images/orra/ORG24K57_1.jpg,19178.5,0.0
O_ORG24K66,Undulating Infinity Design Diamond Finnger Ring,orra,1.18,14KT,Yellow,Gold,20227.0,diamond,0.0,13.0,11130.0,Round,7.0,Women,Infinity,https://cdn.orra.co.in/media/catalog/product/cache/10238651d5f95594b9023f998383bb67/o/r/org24k66_1_3.jpg,Tanishq_Jewelry_Dataset_Final/images/orra/ORG24K66_1.jpg,4750.0,0.0
O_ORG24K61,Infinity Design Diamond Finger Ring,orra,1.23,14KT,Rose,Gold,16057.0,diamond,0.0,8.0,5565.0,Round,6.0,Women,Infinity,https://cdn.orra.co.in/media/catalog/product/cache/10238651d5f95594b9023f998383bb67/o/r/org24k61-_1__1.jpg,Tanishq_Jewelry_Dataset_Final/images/orra/ORG24K61_1.jpg,4750.0,0.0
O_ORG24K68,Sparkling Heart Shaped Diamond Finger Ring,orra,1.24,14KT,Yellow,Gold,24470.0,diamond,0.0,17.0,15750.0,Round,6.0,Women,Heart,https://cdn.orra.co.in/media/catalog/product/cache/10238651d5f95594b9023f998383bb67/o/r/org24k68_1_2.jpg,Tanishq_Jewelry_Dataset_Final/images/orra/ORG24K68_1.jpg,4750.0,0.0
O_ORG24K62,Resplendent Diamond Finger Ring,orra,1.7,14KT,Rose,Gold,21189.0,diamond,0.0,11.0,8400.0,Round,6.0,Women,none,https://cdn.orra.co.in/media/catalog/product/cache/10238651d5f95594b9023f998383bb67/o/r/org24k62_rg_1_3.jpg,Tanishq_Jewelry_Dataset_Final/images/orra/ORG24K62_1.jpg,4750.0,0.0
O_ORG24K69,Classy Diamond and Yellow Gold Men's Finger Ring,orra,6.61,18KT,Yellow,Gold,82677.0,diamond,0.0,3.0,20250.0,Round,11.0,Men,none,https://cdn.orra.co.in/media/catalog/product/cache/10238651d5f95594b9023f998383bb67/o/r/org24k69_yg_1_3.jpg,Tanishq_Jewelry_Dataset_Final/images/orra/ORG24K69_1.jpg,18177.5,0.0
O_ORG24K74,Statesque Diamond and Rose Gold Finger Ring,orra,2.97,14KT,Rose,Gold,41847.0,diamond,0.0,21.0,21000.0,Round,7.0,Women,none,https://cdn.orra.co.in/media/catalog/product/cache/10238651d5f95594b9023f998383bb67/o/r/org24k74_rg_1_3.jpg,Tanishq_Jewelry_Dataset_Final/images/orra/ORG24K74_1.jpg,8167.5,0.0
O_ORG24K75,Resplendent Floral Diamond Finger Ring,orra,1.64,14KT,Rose,Gold,37583.0,diamond,0.0,24.0,28140.0,Round,7.0,Women,Floral,https://cdn.orra.co.in/media/catalog/product/cache/10238651d5f95594b9023f998383bb67/o/r/org24k75_rg_1_3.jpg,Tanishq_Jewelry_Dataset_Final/images/orra/ORG24K75_1.jpg,4750.0,0.0
O_ORG24K81,Gorgeous Casual Diamond Finger Ring,orra,1.83,14KT,Rose,Gold,41369.0,diamond,0.0,13.0,32130.0,Round,7.0,Women,none,https://cdn.orra.co.in/media/catalog/product/cache/10238651d5f95594b9023f998383bb67/o/r/org24k81_rg_1_3.jpg,Tanishq_Jewelry_Dataset_Final/images/orra/ORG24K81_1.jpg,4750.0,0.0
O_ORG24L16,Delicate Cluster Design Diamond Finger Ring,orra,1.38,14KT,Yellow,Gold,29788.0,diamond,0.0,19.0,21000.0,Round,6.0,Women,Cluster,https://cdn.orra.co.in/media/catalog/product/cache/10238651d5f95594b9023f998383bb67/o/r/org24l16_1_2.jpg,Tanishq_Jewelry_Dataset_Final/images/orra/ORG24L16_1.jpg,4750.0,0.0
O_ORG23026,Luminous Legacy Yellow Gold Diamond Ring,orra,3.38,18KT,Yellow,Gold,71659.0,diamond,0.0,7.0,46410.0,Round,7.0,Women,none,https://cdn.orra.co.in/media/catalog/product/cache/10238651d5f95594b9023f998383bb67/o/r/org23026_2_1_1.jpg,Tanishq_Jewelry_Dataset_Final/images/orra/ORG23026_1.jpg,9300.5,0.0
O_ORG24L15,Scintillating Rose Gold and Diamond Finger Ring,orra,1.29,14KT,Rose,Gold,28095.0,diamond,0.0,18.0,19950.0,Round,6.0,Women,none,https://cdn.orra.co.in/media/catalog/product/cache/10238651d5f95594b9023f998383bb67/o/r/org24l15_1_2.jpg,Tanishq_Jewelry_Dataset_Final/images/orra/ORG24L15_1.jpg,4750.0,0.0
O_ORG23077,Dazzling Finger Ring in 18KT Rose Gold,orra,2.96,18KT,Rose,Gold,75152.0,diamond,0.0,10.0,57200.0,Marquise,8.0,Women,none,https://cdn.orra.co.in/media/catalog/product/cache/10238651d5f95594b9023f998383bb67/o/r/org23077_1_gtlknh3utmvrihfh.jpg,Tanishq_Jewelry_Dataset_Final/images/orra/ORG23077_1.jpg,8145.5,0.0
O_ORG23079,Classy Swirl Design Diamond Finger Ring,orra,2.44,18KT,Rose,Gold,67502.0,diamond,0.0,45.0,52650.0,Round,7.0,Women,none,https://cdn.orra.co.in/media/catalog/product/cache/10238651d5f95594b9023f998383bb67/o/r/org23079_1_x8eh3ffyv2cvh7h5.jpg,Tanishq_Jewelry_Dataset_Final/images/orra/ORG23079_1.jpg,6715.5,0.0
O_ORG23060,Cluster Diamond Rose Gold Ring,orra,3.6,18KT,Rose,Gold,70692.0,diamond,0.0,21.0,42300.0,Round,7.0,Women,Cluster,https://cdn.orra.co.in/media/catalog/product/cache/10238651d5f95594b9023f998383bb67/o/r/org23060_1_0x5sdxpywj9dpaky.jpg,Tanishq_Jewelry_Dataset_Final/images/orra/ORG23060_1.jpg,9894.5,0.0
O_ORG23K12,Heavenly Shine Diamond Ring,orra,1.09,14KT,Rose,Gold,13908.0,diamond,0.0,8.0,4200.0,Round,6.0,Women,none,https://cdn.orra.co.in/media/catalog/product/cache/10238651d5f95594b9023f998383bb67/o/r/org23k12_1-_1_1.jpg,Tanishq_Jewelry_Dataset_Final/images/orra/ORG23K12_1.jpg,4750.0,0.0
O_ORG23K16,Heavenly Geometric Diamond Ring,orra,1.9,14KT,Rose,Gold,22479.0,diamond,0.0,21.0,8400.0,Round,6.0,Women,Geometric,https://cdn.orra.co.in/media/catalog/product/cache/10238651d5f95594b9023f998383bb67/o/r/org23k16_1-_1_1.jpg,Tanishq_Jewelry_Dataset_Final/images/orra/ORG23K16_1.jpg,4750.0,0.0
O_ORG23K21,Classic Clusted Diamond Ring,orra,1.23,14KT,Rose,Gold,23184.0,diamond,0.0,11.0,14280.0,Round,6.0,Women,Classic,https://cdn.orra.co.in/media/catalog/product/cache/10238651d5f95594b9023f998383bb67/o/r/org23k21_1-_3.jpg,Tanishq_Jewelry_Dataset_Final/images/orra/ORG23K21_1.jpg,4750.0,0.0
O_ORG23K17,Forever Love Diamond Ring,orra,0.92,14KT,Rose,Gold,17331.0,diamond,0.0,9.0,9450.0,Round,6.0,Women,none,https://cdn.orra.co.in/media/catalog/product/cache/10238651d5f95594b9023f998383bb67/o/r/org23k17_1-_1.jpg,Tanishq_Jewelry_Dataset_Final/images/orra/ORG23K17_1.jpg,4750.0,0.0
O_ORG23K36,Enchanted Flora Diamond Ring,orra,1.22,14KT,Rose,Gold,23669.0,diamond,0.0,7.0,14700.0,Round,7.0,Women,none,https://cdn.orra.co.in/media/catalog/product/cache/10238651d5f95594b9023f998383bb67/o/r/org23k36_1-_1.jpg,Tanishq_Jewelry_Dataset_Final/images/orra/ORG23K36_1.jpg,4750.0,0.0
O_ORG23K33,Gleaming Geometric Diamond Ring,orra,1.49,14KT,Rose,Gold,23398.0,diamond,0.0,18.0,12600.0,Round,7.0,Women,Geometric,https://cdn.orra.co.in/media/catalog/product/cache/10238651d5f95594b9023f998383bb67/o/r/org23k33_1-_2.jpg,Tanishq_Jewelry_Dataset_Final/images/orra/ORG23K33_1.jpg,4750.0,0.0
O_ORG23K39,Brilliant Swirl Pattern Diamond Ring,orra,1.59,14KT,Rose,Gold,26610.0,diamond,0.0,8.0,15750.0,Round,7.0,Women,none,https://cdn.orra.co.in/media/catalog/product/cache/10238651d5f95594b9023f998383bb67/o/r/org23k39_1-_2.jpg,Tanishq_Jewelry_Dataset_Final/images/orra/ORG23K39_1.jpg,4750.0,0.0
O_ORG23K50,Elegant Allure Diamond Ring,orra,1.57,14KT,Rose,Gold,32485.0,diamond,0.0,35.0,23100.0,Round,7.0,Women,none,https://cdn.orra.co.in/media/catalog/product/cache/10238651d5f95594b9023f998383bb67/o/r/org23k50_1_ogn05hy3f4uctoge.jpg,Tanishq_Jewelry_Dataset_Final/images/orra/ORG23K50_1.jpg,4750.0,0.0
O_ORG23L16,Resplendent Red Colorstone Diamond Cocktail Ring,orra,6.83,18KT,Rose,Gold,173412.0,diamond,0.0,106.0,126900.0,Round,8.0,Women,Cocktail,https://cdn.orra.co.in/media/catalog/product/cache/10238651d5f95594b9023f998383bb67/o/r/org23l16_1_cpr5bujwirorx2fa.jpg,Tanishq_Jewelry_Dataset_Final/images/orra/ORG23L16_1.jpg,18782.5,0.0
O_ORG23K40,Opulent Shine Diamond Ring,orra,1.52,14KT,Rose,Gold,26181.0,diamond,0.0,13.0,15750.0,Round,7.0,Women,none,https://cdn.orra.co.in/media/catalog/product/cache/10238651d5f95594b9023f998383bb67/o/r/org23k40_1-.jpg,Tanishq_Jewelry_Dataset_Final/images/orra/ORG23K40_1.jpg,4750.0,0.0
O_ORG23LD4,Bold Sparkle Diamond Ring For Men,orra,7.72,18KT,Yellow,Gold,116046.0,diamond,0.0,25.0,46410.0,Round,10.0,Men,none,https://cdn.orra.co.in/media/catalog/product/cache/10238651d5f95594b9023f998383bb67/o/r/org23ld4_1_mhoqlxdmnrshbdb0.jpg,Tanishq_Jewelry_Dataset_Final/images/orra/ORG23LD4_1.jpg,21235.5,0.0
O_ORG23LF1,Daring Elegance Diamond Ring For Men,orra,4.83,18KT,Yellow,Gold,72990.0,diamond,0.0,9.0,29700.0,Round,10.0,Men,none,https://cdn.orra.co.in/media/catalog/product/cache/10238651d5f95594b9023f998383bb67/o/r/org23lf1_1_9zjbmfouijn1fble.jpg,Tanishq_Jewelry_Dataset_Final/images/orra/ORG23LF1_1.jpg,13271.5,0.0
O_ORG23LF6,Distinctive Charm Diamond Ring For Men,orra,2.64,18KT,Yellow,Gold,44132.0,diamond,0.0,5.0,21600.0,Round,10.0,Men,none,https://cdn.orra.co.in/media/catalog/product/cache/10238651d5f95594b9023f998383bb67/o/r/org23lf6_1_ykukns1ractieu2h.jpg,Tanishq_Jewelry_Dataset_Final/images/orra/ORG23LF6_1.jpg,7254.5,0.0
O_ORG23LG5,Modern Majesty Diamond Ring For Men,orra,8.1,18KT,Yellow,Gold,201077.0,diamond,0.0,82.0,144450.0,Round,11.0,Men,none,https://cdn.orra.co.in/media/catalog/product/cache/10238651d5f95594b9023f998383bb67/o/r/org23lg5_1_tdt9nmdy4wimvdgi.jpg,Tanishq_Jewelry_Dataset_Final/images/orra/ORG23LG5_1.jpg,22264.0,0.0
O_ORG23LG7,Prestigious Sparkle Diamond Ring For Men,orra,3.93,18KT,Yellow,Gold,62567.0,diamond,0.0,9.0,28350.0,Round,10.0,Men,none,https://cdn.orra.co.in/media/catalog/product/cache/10238651d5f95594b9023f998383bb67/o/r/org23lg7_1_aad3cm6u7v3dvenb.jpg,Tanishq_Jewelry_Dataset_Final/images/orra/ORG23LG7_1.jpg,10802.0,0.0
O_PRG16027,Radiant Dreams Diamond Band,orra,0.97,18KT,White+Rose,Gold,31718.0,diamond,0.0,2.0,8100.0,Round,9.0,Women,Band,https://cdn.orra.co.in/media/catalog/product/cache/10238651d5f95594b9023f998383bb67/p/r/prg16027_1_hd2qixzqzi5noed5.jpg,Tanishq_Jewelry_Dataset_Final/images/orra/PRG16027_1.jpg,8367.5,0.0
O_PRG23056,Pure Radiance Platinum Ring,orra,0.42,18KT,White+Rose,Gold,48259.0,diamond,0.0,15.0,18900.0,Round,7.0,Women,none,https://cdn.orra.co.in/media/catalog/product/cache/10238651d5f95594b9023f998383bb67/p/r/prg23056_1_tysqojg7l2b35kcf.jpg,Tanishq_Jewelry_Dataset_Final/images/orra/PRG23056_1.jpg,9380.0,3.78
O_PRG20059,Timeless Grace Platinum Ring,orra,2.05,950PT,White,Platinum,23930.0,diamond,0.0,14.0,0.0,Round,5.0,Women,none,https://cdn.orra.co.in/media/catalog/product/cache/10238651d5f95594b9023f998383bb67/p/r/prg20059_1_8h9bpsgkewv72kkn.jpg,Tanishq_Jewelry_Dataset_Final/images/orra/PRG20059_1.jpg,5130.0,0.0
O_PRG23K73,Breathtaking Diamond Halo Finger Ring,orra,3.81,950PT,White,Platinum,42701.0,diamond,0.0,9.0,0.0,Round,6.0,Women,Halo,https://cdn.orra.co.in/media/catalog/product/cache/10238651d5f95594b9023f998383bb67/p/r/prg23k73_1_vxfvwmvdy6ltgncv.jpg,Tanishq_Jewelry_Dataset_Final/images/orra/PRG23K73_1.jpg,10125.0,0.0
O_WRG23004,Heavenly Glow Platinum Ring,orra,3.96,950PT,White,Platinum,62960.0,diamond,0.0,13.0,0.0,Round,7.0,Women,none,https://cdn.orra.co.in/media/catalog/product/cache/10238651d5f95594b9023f998383bb67/w/r/wrg23004_1_qdqqmfkoaeamcw95.jpg,Tanishq_Jewelry_Dataset_Final/images/orra/WRG23004_1.jpg,9905.0,0.0
O_WRG23003,Starlight Serenade Diamond Band,orra,2.39,950PT,White,Platinum,51380.0,diamond,0.0,7.0,0.0,Round,7.0,Women,Band,https://cdn.orra.co.in/media/catalog/product/cache/10238651d5f95594b9023f998383bb67/w/r/wrg23003_1_sz4hhc11ues1cgrk.jpg,Tanishq_Jewelry_Dataset_Final/images/orra/WRG23003_1.jpg,5965.0,0.0
O_ORG23K01,Effulgent Floral Diamond Rose Gold Ring,orra,1.22,14KT,Rose,Gold,27991.0,diamond,0.0,14.0,19950.0,Round,7.0,Women,Floral,https://cdn.orra.co.in/media/catalog/product/cache/10238651d5f95594b9023f998383bb67/o/r/org23k01_1_qeq32tygxapftdxo.jpg,Tanishq_Jewelry_Dataset_Final/images/orra/ORG23K01_1.jpg,4750.0,0.0
O_WMR23010,Stylish Contemporary Diamond Ring For Men,orra,6.63,18KT,Yellow,Gold,97118.0,diamond,0.0,1.0,37950.0,Round,11.0,Men,none,https://cdn.orra.co.in/media/catalog/product/cache/10238651d5f95594b9023f998383bb67/w/m/wmr23010_1_zgdokk4i11vxuemw.jpg,Tanishq_Jewelry_Dataset_Final/images/orra/WMR23010_1.jpg,18243.5,0.0
O_ORG23K13,Charming Diamond Rose Gold Ring,orra,1.13,14KT,Rose,Gold,14338.0,diamond,0.0,5.0,4200.0,Round,6.0,Women,none,https://cdn.orra.co.in/media/catalog/product/cache/10238651d5f95594b9023f998383bb67/o/r/org23k13_1_64tllob2nglmetqe.jpg,Tanishq_Jewelry_Dataset_Final/images/orra/ORG23K13_1.jpg,4750.0,0.0
O_ORG23K15,Radiant Diamond Rose Gold Ring,orra,0.9,14KT,Rose,Gold,15493.0,diamond,0.0,11.0,7350.0,Round,6.0,Women,none,https://cdn.orra.co.in/media/catalog/product/cache/10238651d5f95594b9023f998383bb67/o/r/org23k15_2_cvmmprizcpmcji6w.jpg,Tanishq_Jewelry_Dataset_Final/images/orra/ORG23K15_1.jpg,4750.0,0.0
O_ORG23K18,Resplendent Diamond Rose Gold Ring,orra,1.27,14KT,Rose,Gold,18585.0,diamond,0.0,7.0,8400.0,Round,6.0,Women,none,https://cdn.orra.co.in/media/catalog/product/cache/10238651d5f95594b9023f998383bb67/o/r/org23k18_1_2udyzuvn2p6cetj2.jpg,Tanishq_Jewelry_Dataset_Final/images/orra/ORG23K18_1.jpg,4750.0,0.0
O_ORG23K19,Stunning Diamond Rose Gold Ring,orra,0.92,14KT,Rose,Gold,17377.0,diamond,0.0,11.0,9520.0,Round,6.0,Women,none,https://cdn.orra.co.in/media/catalog/product/cache/10238651d5f95594b9023f998383bb67/o/r/org23k19_1_wrguhjgxnyktyeaj.jpg,Tanishq_Jewelry_Dataset_Final/images/orra/ORG23K19_1.jpg,4750.0,0.0
O_ORG23K20,Sophisticated Diamond Yellow Gold Ring,orra,0.91,14KT,Yellow,Gold,18134.0,diamond,0.0,10.0,10500.0,Round,6.0,Women,none,https://cdn.orra.co.in/media/catalog/product/cache/10238651d5f95594b9023f998383bb67/o/r/org23k20_1_zzywy2jkrwbjq3ro.jpg,Tanishq_Jewelry_Dataset_Final/images/orra/ORG23K20_1.jpg,4750.0,0.0
O_ORG23K22,Luminous Diamond Rose Gold Ring,orra,1.15,14KT,Rose,Gold,22410.0,diamond,0.0,10.0,13650.0,Round,6.0,Women,none,https://cdn.orra.co.in/media/catalog/product/cache/10238651d5f95594b9023f998383bb67/o/r/org23k22_1_hmybo7nv2k3wbkcv.jpg,Tanishq_Jewelry_Dataset_Final/images/orra/ORG23K22_1.jpg,4750.0,0.0
O_ORG23K23,Sparkling Diamond Rose Gold Ring,orra,1.17,14KT,Rose,Gold,21427.0,diamond,0.0,18.0,12600.0,Round,6.0,Women,none,https://cdn.orra.co.in/media/catalog/product/cache/10238651d5f95594b9023f998383bb67/o/r/org23k23_1_abkdlnreu5riksjz.jpg,Tanishq_Jewelry_Dataset_Final/images/orra/ORG23K23_1.jpg,4750.0,0.0
O_ORG23K44,Enchanting Flora Diamond Rose Gold Ring,orra,0.91,14KT,Rose,Gold,26038.0,diamond,0.0,9.0,20230.0,Round,7.0,Women,none,https://cdn.orra.co.in/media/catalog/product/cache/10238651d5f95594b9023f998383bb67/o/r/org23k44_1_woryjasvgvjoowkv.jpg,Tanishq_Jewelry_Dataset_Final/images/orra/ORG23K44_1.jpg,4750.0,0.0
O_ORG23K41,Majestic Diamond Rose Gold Ring,orra,1.83,14KT,Rose,Gold,28942.0,diamond,0.0,33.0,16800.0,Round,7.0,Women,none,https://cdn.orra.co.in/media/catalog/product/cache/10238651d5f95594b9023f998383bb67/o/r/org23k41_1_ekpoeirhwnabyp4p.jpg,Tanishq_Jewelry_Dataset_Final/images/orra/ORG23K41_1.jpg,4750.0,0.0
O_ORG23K45,Graceful Floral Diamond Rose Gold Ring,orra,1.43,14KT,Rose,Gold,32206.0,diamond,0.0,16.0,23520.0,Round,7.0,Women,Floral,https://cdn.orra.co.in/media/catalog/product/cache/10238651d5f95594b9023f998383bb67/o/r/org23k45_1_eavcioear6tomls7.jpg,Tanishq_Jewelry_Dataset_Final/images/orra/ORG23K45_1.jpg,4750.0,0.0
O_ORG23LE3,Exquisite Yellow Gold Diamond Ring For Men,orra,5.85,18KT,Yellow,Gold,108332.0,diamond,0.0,12.0,59500.0,Round,11.0,Men,none,https://cdn.orra.co.in/media/catalog/product/cache/10238651d5f95594b9023f998383bb67/o/r/org23le3_1_icr00lxbssb3kc2m.jpg,Tanishq_Jewelry_Dataset_Final/images/orra/ORG23LE3_1.jpg,16087.5,0.0
O_PRG24K05,Designer Diamond and Platinum Finger Ring,orra,3.24,950PT,White,Platinum,33625.0,diamond,0.0,1.0,0.0,Round,6.0,Women,none,https://cdn.orra.co.in/media/catalog/product/cache/10238651d5f95594b9023f998383bb67/p/r/prg24k05_1_w2v0gip14fxw5yrh.jpg,Tanishq_Jewelry_Dataset_Final/images/orra/PRG24K05_1.jpg,8100.0,0.0
O_PRG24K31,Regal Diamond and Platinum Men's Finger Band,orra,7.0,950PT,White,Platinum,64632.0,diamond,0.0,6.0,0.0,Round,11.0,Men,Band,https://cdn.orra.co.in/media/catalog/product/cache/10238651d5f95594b9023f998383bb67/p/r/prg24k31_1_plffzqtsk1clld9z.jpg,Tanishq_Jewelry_Dataset_Final/images/orra/PRG24K31_1.jpg,17490.0,0.0
O_PRG24K04,Stylish Diamond and Platinum Men's Finger Band,orra,2.95,950PT,White,Platinum,49307.0,diamond,0.0,9.0,0.0,Round,10.0,Men,Band,https://cdn.orra.co.in/media/catalog/product/cache/10238651d5f95594b9023f998383bb67/p/r/prg24k04_1_rfxkpedq5qeexkuf.jpg,Tanishq_Jewelry_Dataset_Final/images/orra/PRG24K04_1.jpg,7385.0,0.0
O_PRG24K50,Brilliant Diamond and Platinum Finger Ring,orra,0.45,18KT,White+Rose,Gold,25438.0,diamond,0.0,1.0,12000.0,Round,6.0,Women,none,https://cdn.orra.co.in/media/catalog/product/cache/10238651d5f95594b9023f998383bb67/p/r/prg24k50_1_1orrsd7kqr54bwig.jpg,Tanishq_Jewelry_Dataset_Final/images/orra/PRG24K50_1.jpg,5380.0,0.0
O_PRG24K58,Diamond Embellished Nakshatra Finger Ring,orra,0.3,18KT,White+Rose,Gold,30927.0,diamond,0.0,7.0,17550.0,Round,7.0,Women,none,https://cdn.orra.co.in/media/catalog/product/cache/10238651d5f95594b9023f998383bb67/p/r/prg24k58_1_g0jzb3uwkspl4u34.jpg,Tanishq_Jewelry_Dataset_Final/images/orra/PRG24K58_1.jpg,5910.0,0.0
O_PRG24K61,Reliable Diamond Studded Platinum Finger Ring,orra,0.39,18KT,White+Rose,Gold,33057.0,diamond,0.0,5.0,17550.0,Round,6.0,Women,none,https://cdn.orra.co.in/media/catalog/product/cache/10238651d5f95594b9023f998383bb67/p/r/prg24k61_1_eqmrvvr1a5qnlgk4.jpg,Tanishq_Jewelry_Dataset_Final/images/orra/PRG24K61_1.jpg,6615.0,0.0
O_PRG24K65,Exquisite Diamond Dual Metal Ring For Men,orra,1.32,18KT,White+Rose,Gold,61172.0,diamond,0.0,1.0,15000.0,Round,10.0,Men,none,https://cdn.orra.co.in/media/catalog/product/cache/10238651d5f95594b9023f998383bb67/p/r/prg24k65_1_w1d2wlfudrcxmgcr.jpg,Tanishq_Jewelry_Dataset_Final/images/orra/PRG24K65_1.jpg,17000.0,0.0
O_PRG24K68,Classic Diamond Platinum Ring,orra,5.33,950PT,White,Platinum,56947.0,diamond,0.0,18.0,0.0,Round,6.0,Women,Classic,https://cdn.orra.co.in/media/catalog/product/cache/10238651d5f95594b9023f998383bb67/p/r/prg24k68_1_ii7sxsqhgzyro1or.jpg,Tanishq_Jewelry_Dataset_Final/images/orra/PRG24K68_1.jpg,13325.0,0.0
O_PRG24K63,Chic Diamond and Platinum Finger Ring,orra,0.58,18KT,White+Rose,Gold,32216.0,diamond,0.0,16.0,17550.0,Round,7.0,Women,none,https://cdn.orra.co.in/media/catalog/product/cache/10238651d5f95594b9023f998383bb67/p/r/prg24k63_1_yrzfsiuwg5ppzzqc.jpg,Tanishq_Jewelry_Dataset_Final/images/orra/PRG24K63_1.jpg,6210.0,0.0
O_PRG24K69,Stunning Diamond Platinum Ring,orra,3.23,950PT,White,Platinum,36786.0,diamond,0.0,7.0,0.0,Round,6.0,Women,none,https://cdn.orra.co.in/media/catalog/product/cache/10238651d5f95594b9023f998383bb67/p/r/prg24k69_1_9tbr1bwanmeq3nsq.jpg,Tanishq_Jewelry_Dataset_Final/images/orra/PRG24K69_1.jpg,8080.0,0.0
O_PRG24M03,Sleek Platinum Ring For Men,orra,8.38,950PT,White,Platinum,68322.0,diamond,0.0,2.0,0.0,Round,11.0,Men,none,https://cdn.orra.co.in/media/catalog/product/cache/10238651d5f95594b9023f998383bb67/p/r/prg24m03_1_xclkshlos7habp7j.jpg,Tanishq_Jewelry_Dataset_Final/images/orra/PRG24M03_1.jpg,20940.0,0.0
O_PRG24M05,Resilient Platinum Ring For Men,orra,7.89,950PT,White,Platinum,63358.0,diamond,0.0,1.0,0.0,Round,10.0,Men,none,https://cdn.orra.co.in/media/catalog/product/cache/10238651d5f95594b9023f998383bb67/p/r/prg24m05_1_phhlu4aqerbtlk0p.jpg,Tanishq_Jewelry_Dataset_Final/images/orra/PRG24M05_1.jpg,19730.0,0.0
O_PRG24M11,Polished Platinum Ring For Men,orra,7.33,950PT,White,Platinum,49128.0,none,0.0,0.0,0.0,none,10.0,Men,none,https://cdn.orra.co.in/media/catalog/product/cache/10238651d5f95594b9023f998383bb67/p/r/prg24m11_1_zjh389ix4vm0q9l1.jpg,Tanishq_Jewelry_Dataset_Final/images/orra/PRG24M11_1.jpg,18325.0,0.0
O_PRG24M14,Lavish Dual Metal Platinum Ring,orra,1.66,18KT,Yellow+White,Gold,41674.0,none,0.0,0.0,0.0,none,7.0,Women,none,https://cdn.orra.co.in/media/catalog/product/cache/10238651d5f95594b9023f998383bb67/p/r/prg24m14_1_3.jpg,Tanishq_Jewelry_Dataset_Final/images/orra/PRG24M14_1.jpg,12475.0,4.99
O_ORG23LI2,Gleaming Diamond Rose Gold Ring,orra,2.49,18KT,Rose,Gold,60450.0,diamond,0.0,44.0,43200.0,Round,7.0,Women,none,https://cdn.orra.co.in/media/catalog/product/cache/10238651d5f95594b9023f998383bb67/o/r/org23li2_1_3.jpg,Tanishq_Jewelry_Dataset_Final/images/orra/ORG23LI2_1.jpg,6847.5,0.0
O_PRG23K29,Elegant Platinum Diamond Ring For Men,orra,6.89,950PT,White,Platinum,56254.0,diamond,0.0,1.0,0.0,Round,10.0,Men,none,https://cdn.orra.co.in/media/catalog/product/cache/10238651d5f95594b9023f998383bb67/p/r/prg23k29_pl_2_copy_3.jpg,Tanishq_Jewelry_Dataset_Final/images/orra/PRG23K29_1.jpg,17225.0,0.0
O_PRG23K26,Handcrafted Platinum Diamond Ring For Men,orra,5.18,950PT,White,Platinum,40672.0,diamond,0.0,3.0,0.0,Round,11.0,Men,none,https://cdn.orra.co.in/media/catalog/product/cache/10238651d5f95594b9023f998383bb67/p/r/prg23k26_pl_1_3.jpg,Tanishq_Jewelry_Dataset_Final/images/orra/PRG23K26_1.jpg,12950.0,0.0
O_PRG23K32,Meticulous Dual Metal Ring For Men,orra,4.37,18KT,White+Rose,Gold,75965.0,diamond,0.0,3.0,9450.0,Round,10.0,Men,none,https://cdn.orra.co.in/media/catalog/product/cache/10238651d5f95594b9023f998383bb67/p/r/prg23k32_prg_3_1_1.jpg,Tanishq_Jewelry_Dataset_Final/images/orra/PRG23K32_1.jpg,20590.0,0.0
O_PRG24K02,Subtle Platinum Men's Finger Band,orra,6.49,950PT,White,Platinum,43706.0,none,0.0,0.0,0.0,none,10.0,Men,Band,https://cdn.orra.co.in/media/catalog/product/cache/10238651d5f95594b9023f998383bb67/p/r/prg24k02_p_3__3.jpg,Tanishq_Jewelry_Dataset_Final/images/orra/PRG24K02_1.jpg,16225.0,0.0
O_PRG24K17,Stunning Geometric Diamond Men's Finger Band,orra,1.09,18KT,White+Rose,Gold,61885.0,diamond,0.0,4.0,18900.0,Round,10.0,Men,Band,https://cdn.orra.co.in/media/catalog/product/cache/10238651d5f95594b9023f998383bb67/p/r/prg24k17_pl_1_3.jpg,Tanishq_Jewelry_Dataset_Final/images/orra/PRG24K17_1.jpg,16270.0,0.0
O_PRG24K19,Classic Men's Diamond Platinum Finger Ring,orra,4.32,950PT,White,Platinum,42967.0,diamond,0.0,4.0,0.0,Round,11.0,Men,Classic,https://cdn.orra.co.in/media/catalog/product/cache/10238651d5f95594b9023f998383bb67/p/r/prg24k19_p_3__3.jpg,Tanishq_Jewelry_Dataset_Final/images/orra/PRG24K19_1.jpg,10800.0,0.0
O_PRG24K20,Glittering Diamond Rose Gold and Platinum Men's Finger Ring,orra,0.7,18KT,White+Rose,Gold,50747.0,diamond,0.0,4.0,17550.0,Round,11.0,Men,none,https://cdn.orra.co.in/media/catalog/product/cache/10238651d5f95594b9023f998383bb67/p/r/prg24k20_prg_3__3.jpg,Tanishq_Jewelry_Dataset_Final/images/orra/PRG24K20_1.jpg,12935.0,0.0
O_PRG24K21,Luxurious Diamond Rose Gold and Platinum Men's Finger Band,orra,0.24,18KT,White+Rose,Gold,64148.0,diamond,0.0,30.0,30600.0,Round,11.0,Men,Band,https://cdn.orra.co.in/media/catalog/product/cache/10238651d5f95594b9023f998383bb67/p/r/prg24k21_prg_3__3.jpg,Tanishq_Jewelry_Dataset_Final/images/orra/PRG24K21_1.jpg,14670.0,0.0
O_PRG24K26,Elegant 2-toned Diamond Finger Ring For Men ,orra,0.42,18KT,White+Rose,Gold,67256.0,diamond,0.0,9.0,25650.0,Round,11.0,Men,none,https://cdn.orra.co.in/media/catalog/product/cache/10238651d5f95594b9023f998383bb67/p/r/prg24k26_prg_3__2.jpg,Tanishq_Jewelry_Dataset_Final/images/orra/PRG24K26_1.jpg,17032.5,0.0
O_PRG24K28,Classic Men's Glossy Diamond Finger Ring,orra,1.13,18KT,White+Rose,Gold,69488.0,diamond,0.0,9.0,36450.0,Round,10.0,Men,Classic,https://cdn.orra.co.in/media/catalog/product/cache/10238651d5f95594b9023f998383bb67/p/r/prg24k28_pl_2__3.jpg,Tanishq_Jewelry_Dataset_Final/images/orra/PRG24K28_1.jpg,13590.0,0.0
O_PRG24K35,Square Cut Diamond and Platinum Men's Finger Ring,orra,0.36,18KT,White+Rose,Gold,63737.0,diamond,0.0,9.0,22950.0,Round,11.0,Men,none,https://cdn.orra.co.in/media/catalog/product/cache/10238651d5f95594b9023f998383bb67/p/r/prg24k35_pl_2__3.jpg,Tanishq_Jewelry_Dataset_Final/images/orra/PRG24K35_1.jpg,16717.5,0.0
O_PRG24K37,Charming Geometric Diamond and Platinum Men's Finger Band,orra,6.26,950PT,White,Platinum,61158.0,diamond,0.0,7.0,0.0,Round,10.0,Men,Band,https://cdn.orra.co.in/media/catalog/product/cache/10238651d5f95594b9023f998383bb67/p/r/prg24k37_pl_2__2.jpg,Tanishq_Jewelry_Dataset_Final/images/orra/PRG24K37_1.jpg,15660.0,0.0
O_PRG24K38,Cherished Platinum and Diamond Men's Finger Band,orra,0.46,18KT,White+Rose,Gold,64697.0,diamond,0.0,19.0,37800.0,Round,11.0,Men,Band,https://cdn.orra.co.in/media/catalog/product/cache/10238651d5f95594b9023f998383bb67/p/r/prg24k38_pl_2__3.jpg,Tanishq_Jewelry_Dataset_Final/images/orra/PRG24K38_1.jpg,12260.0,0.0
O_PRG24K40,Geometric Design Platinum and Diamond Men's Finger Ring,orra,1.11,18KT,White+Rose,Gold,83730.0,diamond,0.0,19.0,47250.0,Round,11.0,Men,Geometric,https://cdn.orra.co.in/media/catalog/product/cache/10238651d5f95594b9023f998383bb67/p/r/prg24k40_pl_1_3.jpg,Tanishq_Jewelry_Dataset_Final/images/orra/PRG24K40_1.jpg,15725.0,0.0
O_PRG24K46,Eternity Design Diamond Finger Band,orra,7.56,950PT,White,Platinum,85069.0,diamond,0.0,17.0,0.0,Round,7.0,Women,Band,https://cdn.orra.co.in/media/catalog/product/cache/10238651d5f95594b9023f998383bb67/p/r/prg24k46_pl_2__2.jpg,Tanishq_Jewelry_Dataset_Final/images/orra/PRG24K46_1.jpg,18900.0,0.0
O_PRG24K48,Gracious Platinum and Diamond Finger Ring,orra,2.61,950PT,White,Platinum,26978.0,diamond,0.0,1.0,0.0,Round,7.0,Women,none,https://cdn.orra.co.in/media/catalog/product/cache/10238651d5f95594b9023f998383bb67/p/r/prg24k48_p_3__1_3.jpg,Tanishq_Jewelry_Dataset_Final/images/orra/PRG24K48_1.jpg,6525.0,0.0
O_PRG24K45,Contemporary Platinum Diamond Ring,orra,3.52,950PT,White,Platinum,30968.0,diamond,0.0,20.0,0.0,Round,8.0,Women,none,https://cdn.orra.co.in/media/catalog/product/cache/10238651d5f95594b9023f998383bb67/p/r/prg24k45_pl_1_1.jpg,Tanishq_Jewelry_Dataset_Final/images/orra/PRG24K45_1.jpg,8790.0,0.0
O_PRG24K53,Dazzling 2-diamond and Platinum Finger Ring,orra,2.15,950PT,White,Platinum,35427.0,diamond,0.0,2.0,0.0,Round,7.0,Women,none,https://cdn.orra.co.in/media/catalog/product/cache/10238651d5f95594b9023f998383bb67/p/r/prg24k53_pl_2__3.jpg,Tanishq_Jewelry_Dataset_Final/images/orra/PRG24K53_1.jpg,5365.0,0.0
O_PRG24K52,Keepsake Platinum and Diamond Finger Ring,orra,2.17,950PT,White,Platinum,28892.0,diamond,0.0,1.0,0.0,Round,6.0,Women,none,https://cdn.orra.co.in/media/catalog/product/cache/10238651d5f95594b9023f998383bb67/p/r/prg24k52_pl_3_2_3.jpg,Tanishq_Jewelry_Dataset_Final/images/orra/PRG24K52_1.jpg,5435.0,0.0
O_PRG24K56,Contemporary Floral Diamond Finger Ring,orra,2.38,950PT,White,Platinum,32322.0,diamond,0.0,5.0,0.0,Round,7.0,Women,Floral,https://cdn.orra.co.in/media/catalog/product/cache/10238651d5f95594b9023f998383bb67/p/r/prg24k56_pl_2__3.jpg,Tanishq_Jewelry_Dataset_Final/images/orra/PRG24K56_1.jpg,5950.0,0.0
O_PRG24K60,Swirl Design Diamond and Platinum Finger Ring,orra,0.88,18KT,White+Rose,Gold,46323.0,diamond,0.0,3.0,21450.0,Round,7.0,Women,none,https://cdn.orra.co.in/media/catalog/product/cache/10238651d5f95594b9023f998383bb67/p/r/prg24k60_pl_1_3.jpg,Tanishq_Jewelry_Dataset_Final/images/orra/PRG24K60_1.jpg,9855.0,0.0
O_ORG21030,Timeless Gleam Rose Gold And Diamond Ring,orra,3.04,18KT,Rose,Gold,70674.0,diamond,0.0,43.0,49266.0,Round,7.0,Women,none,https://cdn.orra.co.in/media/catalog/product/cache/10238651d5f95594b9023f998383bb67/o/r/org21030_1_1_1.jpg,Tanishq_Jewelry_Dataset_Final/images/orra/ORG21030_1.jpg,8351.75,0.0
O_PRG24K67,Lustrous Dual Metal Platinum Ring,orra,1.98,18KT,White+Rose,Gold,63639.0,diamond,0.0,19.0,25650.0,Round,7.0,Women,none,https://cdn.orra.co.in/media/catalog/product/cache/10238651d5f95594b9023f998383bb67/p/r/prg24k67_pl_1_2_3.jpg,Tanishq_Jewelry_Dataset_Final/images/orra/PRG24K67_1.jpg,13800.0,0.0
O_ORG23078,Alluring Leaf Design Diamond Finger Band,orra,3.96,18KT,Rose,Gold,93857.0,diamond,0.0,76.0,66150.0,Round,8.0,Women,Band,https://cdn.orra.co.in/media/catalog/product/cache/10238651d5f95594b9023f998383bb67/o/r/org23078_1.jpg,Tanishq_Jewelry_Dataset_Final/images/orra/ORG23078_1.jpg,10901.0,0.0
O_ORG23LA3,Tiara Design Diamond Finger Ring,orra,2.2,14KT,Rose,Gold,53439.0,diamond,0.0,55.0,43050.0,Round,7.0,Women,none,https://cdn.orra.co.in/media/catalog/product/cache/10238651d5f95594b9023f998383bb67/o/r/org23la3_1_1.jpg,Tanishq_Jewelry_Dataset_Final/images/orra/ORG23LA3_1.jpg,6050.0,0.0
O_ORG23L98,Brilliant Nakshatra Diamond Finger Ring,orra,1.34,14KT,Rose,Gold,19870.0,diamond,0.0,7.0,9450.0,Round,6.0,Women,none,https://cdn.orra.co.in/media/catalog/product/cache/10238651d5f95594b9023f998383bb67/o/r/org23l98_1_1.jpg,Tanishq_Jewelry_Dataset_Final/images/orra/ORG23L98_1.jpg,4750.0,0.0
O_ORG23LA4,Drop Design Diamond Finger Ring,orra,2.85,14KT,Yellow,Gold,41277.0,diamond,0.0,17.0,21840.0,Round,7.0,Women,none,https://cdn.orra.co.in/media/catalog/product/cache/10238651d5f95594b9023f998383bb67/o/r/org23la4_1.jpg,Tanishq_Jewelry_Dataset_Final/images/orra/ORG23LA4_1.jpg,7826.5,0.0
O_ORG23LA9,Delicate Diamond Finger Ring,orra,2.51,14KT,Rose,Gold,39128.0,diamond,0.0,43.0,22470.0,Round,7.0,Women,none,https://cdn.orra.co.in/media/catalog/product/cache/10238651d5f95594b9023f998383bb67/o/r/org23la9_1_1_1.jpg,Tanishq_Jewelry_Dataset_Final/images/orra/ORG23LA9_1.jpg,6902.5,0.0
O_ORG23LB4,Impressive Floral Diamond Finger Ring,orra,3.65,14KT,Rose,Gold,65629.0,diamond,0.0,60.0,42840.0,Round,7.0,Women,Floral,https://cdn.orra.co.in/media/catalog/product/cache/10238651d5f95594b9023f998383bb67/o/r/org23lb4_1_3.jpg,Tanishq_Jewelry_Dataset_Final/images/orra/ORG23LB4_1.jpg,10037.5,0.0
O_ORG23LB7,Artistic Floral Diamond Finger Ring,orra,2.13,14KT,Rose,Gold,46145.0,diamond,0.0,17.0,34510.0,Round,7.0,Women,Floral,https://cdn.orra.co.in/media/catalog/product/cache/10238651d5f95594b9023f998383bb67/o/r/org23lb7_1_3.jpg,Tanishq_Jewelry_Dataset_Final/images/orra/ORG23LB7_1.jpg,5857.5,0.0
O_ORG23LC9,Magnificent Nakshatra Diamond Finger Ring,orra,1.17,14KT,Rose,Gold,24716.0,diamond,0.0,7.0,16660.0,Round,6.0,Women,none,https://cdn.orra.co.in/media/catalog/product/cache/10238651d5f95594b9023f998383bb67/o/r/org23lc9_1_1_1.jpg,Tanishq_Jewelry_Dataset_Final/images/orra/ORG23LC9_1.jpg,4750.0,0.0
O_PMR20082,Sturdy Dual Metal Platinum Ring For Men,orra,2.87,18KT,White+Rose,Gold,45908.0,diamond,0.0,1.0,2700.0,Round,10.0,Men,none,https://cdn.orra.co.in/media/catalog/product/cache/10238651d5f95594b9023f998383bb67/p/m/pmr20082_1_2.jpg,Tanishq_Jewelry_Dataset_Final/images/orra/PMR20082_1.jpg,13175.0,0.0
O_ORG24K96,Sleek Nakshatra Design Diamond Finger Ring,orra,1.68,14KT,Rose,Gold,30141.0,diamond,0.0,14.0,19110.0,Round,7.0,Women,none,https://cdn.orra.co.in/media/catalog/product/cache/10238651d5f95594b9023f998383bb67/o/r/org24k96_1_1_1.jpg,Tanishq_Jewelry_Dataset_Final/images/orra/ORG24K96_1.jpg,4750.0,0.0
O_ORG23E21,Spangled Emerald Halo Ring,orra,2.14,18KT,Yellow,Gold,47285.0,diamond,0.0,16.0,30940.0,Round,7.0,Women,Halo,https://cdn.orra.co.in/media/catalog/product/cache/10238651d5f95594b9023f998383bb67/o/r/org23e21_1_3.jpg,Tanishq_Jewelry_Dataset_Final/images/orra/ORG23E21_1.jpg,5885.0,0.0
O_ORG24A24,Elegant Diamond Cocktail Finger Ring,orra,1.88,18KT,Rose,Gold,29598.0,diamond,0.0,1.0,13230.0,Round,7.0,Women,Cocktail,https://cdn.orra.co.in/media/catalog/product/cache/10238651d5f95594b9023f998383bb67/o/r/org24a24_1_2.jpg,Tanishq_Jewelry_Dataset_Final/images/orra/ORG24A24_1.jpg,4750.0,0.0
O_PRG23M34,Elegant Platinum and Rose Gold Women's Band,orra,1.31,18KT,White+Rose,Gold,40019.0,diamond,0.0,3.0,6750.0,Round,6.0,Women,Band,https://cdn.orra.co.in/media/catalog/product/cache/10238651d5f95594b9023f998383bb67/p/r/prg23m34_1_1_1.jpg,Tanishq_Jewelry_Dataset_Final/images/orra/PRG23M34_1.jpg,9875.0,3.96
O_PRG23M33,Elegant Platinum and Rose Gold Men's Band,orra,1.78,18KT,White+Rose,Gold,55266.0,diamond,0.0,1.0,5400.0,Round,10.0,Men,Band,https://cdn.orra.co.in/media/catalog/product/cache/10238651d5f95594b9023f998383bb67/p/r/prg23m33_1_3.jpg,Tanishq_Jewelry_Dataset_Final/images/orra/PRG23M33_1.jpg,15075.0,6.038
O_OCR23159-D300O0D,Soulful Sync Couple Bands,orra,2.36,18KT,White+Rose,Gold,161060.0,diamond,0.15,2.0,21750.0,Round,3.0,Men,Band,https://www.orra.co.in/media/catalog/product/p/m/pmr16024_1.jpg,Tanishq_Jewelry_Dataset_Final/images/orra/OCR23159-D300O0D_1.jpg,41193.08,0.0
O_OCR23207-D300O0D,Two for Tunes Couple Bands,orra,5.24,18KT,White+Rose,Gold,164877.0,diamond,0.07,2.0,9450.0,Round,3.0,Men,Band,https://www.orra.co.in/media/catalog/product/p/r/prg23010_2.jpg,Tanishq_Jewelry_Dataset_Final/images/orra/OCR23207-D300O0D_1.jpg,42027.3,0.0
O_OCR23208-D300P0D,Passionate Pulse Couple Bands,orra,15.21,950PT,White,Platinum,181992.0,diamond,0.08,2.0,0.0,Round,3.0,Men,Band,https://www.orra.co.in/media/catalog/product/p/m/pmr23013_2.jpg,Tanishq_Jewelry_Dataset_Final/images/orra/OCR23208-D300P0D_1.jpg,53228.7,0.0
O_OCR23209-D300P0D,Dual Harmony Couple Bands,orra,13.44,950PT,White,Platinum,164116.0,diamond,0.1,2.0,0.0,Round,3.0,Men,Band,https://www.orra.co.in/media/catalog/product/p/r/prg23016_2.jpg,Tanishq_Jewelry_Dataset_Final/images/orra/OCR23209-D300P0D_1.jpg,47047.35,0.0
O_OCR23214-D300P0D,Endless Love Couple Bands,orra,11.45,950PT,White,Platinum,169367.0,diamond,0.32,16.0,0.0,Round,3.0,Men,Band,https://www.orra.co.in/media/catalog/product/p/m/pmr23089_2.jpg,Tanishq_Jewelry_Dataset_Final/images/orra/OCR23214-D300P0D_1.jpg,40072.2,0.0
O_OCR23217-D300P0D,Forever Bond Couple Bands,orra,7.94,950PT,White,Platinum,104856.0,diamond,0.13,10.0,0.0,Round,3.0,Men,Band,https://www.orra.co.in/media/catalog/product/p/r/prg23096_2.jpg,Tanishq_Jewelry_Dataset_Final/images/orra/OCR23217-D300P0D_1.jpg,27797.7,0.0
O_OCR23215-D300P0D,Infinity Together Couple Bands,orra,18.16,950PT,White,Platinum,238044.0,diamond,0.24,2.0,0.0,Round,3.0,Men,Band,https://www.orra.co.in/media/catalog/product/p/m/pmr23091_2.jpg,Tanishq_Jewelry_Dataset_Final/images/orra/OCR23215-D300P0D_1.jpg,63548.1,0.0
O_OCR23219-D300P0D,Soulful Spark Couple Bands,orra,9.86,950PT,White,Platinum,156465.0,diamond,0.35,10.0,0.0,Round,3.0,Men,Band,https://www.orra.co.in/media/catalog/product/p/m/pmr23099_2.jpg,Tanishq_Jewelry_Dataset_Final/images/orra/OCR23219-D300P0D_1.jpg,34508.25,0.0
O_OCR23237-D300O0D,Together Forever Platinum Couple Rings,orra,3.24,18KT,White+Rose,Gold,141925.0,diamond,0.09,4.0,12150.0,Round,3.0,Men,none,https://www.orra.co.in/media/catalog/product/p/r/prg23m33_prg23m34.jpg,Tanishq_Jewelry_Dataset_Final/images/orra/OCR23237-D300O0D_1.jpg,36676.5,0.0
O_PRG24K32,Square Design Diamond and Platinum Men's Finger Band,orra,7.19,950PT,White,Platinum,103652.0,diamond,0.0,6.0,0.0,Round,11.0,Men,Band,https://cdn.orra.co.in/media/catalog/product/cache/10238651d5f95594b9023f998383bb67/p/r/prg24k32-p_1_3.jpg,Tanishq_Jewelry_Dataset_Final/images/orra/PRG24K32_1.jpg,17970.0,0.0
O_PRG24M08,Classy Platinum and White Gold Band,orra,4.97,950PT,White,Platinum,45592.0,diamond,0.0,1.0,0.0,Round,7.0,Women,Band,https://cdn.orra.co.in/media/catalog/product/cache/10238651d5f95594b9023f998383bb67/p/r/prg24m08_1_3.jpg,Tanishq_Jewelry_Dataset_Final/images/orra/PRG24M08_1.jpg,12555.0,0.0
O_PRG24M07,Classy Platinum and White Gold Men's Band,orra,7.33,950PT,White,Platinum,60579.0,diamond,0.0,1.0,0.0,Round,11.0,Men,Band,https://cdn.orra.co.in/media/catalog/product/cache/10238651d5f95594b9023f998383bb67/p/r/prg24m07_1_3.jpg,Tanishq_Jewelry_Dataset_Final/images/orra/PRG24M07_1.jpg,18450.0,0.0
O_PRG24M09,Sophisticated Platinum and Diamond Men's Band,orra,7.66,950PT,White,Platinum,63772.0,diamond,0.0,1.0,0.0,Round,10.0,Men,Band,https://cdn.orra.co.in/media/catalog/product/cache/10238651d5f95594b9023f998383bb67/p/r/prg24m09_1_3.jpg,Tanishq_Jewelry_Dataset_Final/images/orra/PRG24M09_1.jpg,19295.0,0.0
O_WRG24M01,Eclectic Dual Toned Diamond Men's Band,orra,2.65,18KT,White+Rose,Gold,90134.0,diamond,0.0,1.0,41250.0,Round,13.0,Men,Band,https://cdn.orra.co.in/media/catalog/product/cache/10238651d5f95594b9023f998383bb67/w/r/wrg24m01_1_1.jpg,Tanishq_Jewelry_Dataset_Final/images/orra/WRG24M01_1.jpg,18300.0,0.0
O_PRG24K70,Mahi Signature Platinum Ring For Men,orra,9.39,950PT,White,Platinum,68690.0,none,0.0,0.0,0.0,none,11.0,Men,none,https://cdn.orra.co.in/media/catalog/product/cache/10238651d5f95594b9023f998383bb67/p/r/prg24k70_1.jpg,Tanishq_Jewelry_Dataset_Final/images/orra/PRG24K70_1.jpg,23475.0,9.39
O_WRG24M02,Eclectic Dual Toned Diamond Band,orra,1.91,18KT,White+Rose,Gold,61588.0,diamond,0.0,1.0,33000.0,Round,7.0,Women,Band,https://cdn.orra.co.in/media/catalog/product/cache/10238651d5f95594b9023f998383bb67/w/r/wrg24m02_1_1_1.jpg,Tanishq_Jewelry_Dataset_Final/images/orra/WRG24M02_1.jpg,10775.0,0.0
O_ORG23LA5,Floral Embellished Diamond Finger Ring,orra,1.78,14KT,Rose,Gold,35530.0,diamond,0.0,24.0,25200.0,Round,7.0,Women,Floral,https://cdn.orra.co.in/media/catalog/product/cache/10238651d5f95594b9023f998383bb67/o/r/org23la5_4.jpg,Tanishq_Jewelry_Dataset_Final/images/orra/ORG23LA5_1.jpg,4750.0,0.0
O_PRG23A09-D300OND,Elegant Two-Tone Diamond Ring,orra,2.13,18KT,White+Rose,Gold,96932.0,diamond,0.06,1.0,8100.0,Round,11.0,Men,none,https://www.orra.co.in/media/catalog/product/p/r/prg23a09_pl_rg_3_copy.jpg,Tanishq_Jewelry_Dataset_Final/images/orra/PRG23A09-D300OND_1.jpg,25203.15,0.0
O_ORG24A19-D900XFC,Elegant Diamond Rose Gold Ring,orra,1.87,14KT,Rose,Gold,30538.0,diamond,0.1,16.0,10593.0,Round,7.0,Women,none,https://www.orra.co.in/media/catalog/product/o/r/org24a19-_1_.jpg,Tanishq_Jewelry_Dataset_Final/images/orra/ORG24A19-D900XFC_1.jpg,4600.0,0.0
O_ORG20058,Ethnic Elegance Diamond Ring,orra,2.5,18KT,Rose,Gold,53060.0,diamond,0.0,25.0,34391.0,Round,6.0,Women,none,https://cdn.orra.co.in/media/catalog/product/cache/10238651d5f95594b9023f998383bb67/o/r/org20058_yg_1_e2kdvtbtngu7cjlq.jpg,Tanishq_Jewelry_Dataset_Final/images/orra/ORG20058_1.jpg,6880.5,0.0
O_OCR23239-D300P0D,Minimalist Diamond and Platinum Couple Bands,orra,13.39,950PT,White,Platinum,175854.0,diamond,0.18,4.0,0.0,Round,10.0,Men,Band,https://www.orra.co.in/media/catalog/product/5/_/5.ocr23239_approved_w.jpg,Tanishq_Jewelry_Dataset_Final/images/orra/OCR23239-D300P0D_1.jpg,46856.25,0.0
O_ORG23K11,Flora Embedded Diamond Ring,orra,3.73,14KT,Rose,Gold,56553.0,diamond,0.0,40.0,31500.0,Round,7.0,Women,none,https://cdn.orra.co.in/media/catalog/product/cache/10238651d5f95594b9023f998383bb67/o/r/org23k11_rg_1_ixthcaknbm0199in.jpg,Tanishq_Jewelry_Dataset_Final/images/orra/ORG23K11_1.jpg,10257.5,0.0
O_ORG23K24,Gorgeous Nakshatra Diamond Finger Ring,orra,1.16,14KT,Rose,Gold,25856.0,diamond,0.0,7.0,17850.0,Round,6.0,Women,none,https://cdn.orra.co.in/media/catalog/product/cache/10238651d5f95594b9023f998383bb67/o/r/org23k24_rg_01_1.jpg,Tanishq_Jewelry_Dataset_Final/images/orra/ORG23K24_1.jpg,4750.0,0.0
O_ORG23037,Floral Cocktail Diamond Finger Ring,orra,2.69,18KT,Yellow,Gold,54062.0,diamond,0.0,26.0,33320.0,Round,7.0,Women,Cocktail,https://cdn.orra.co.in/media/catalog/product/cache/10238651d5f95594b9023f998383bb67/o/r/org23037_yg_01-copy_1.jpg,Tanishq_Jewelry_Dataset_Final/images/orra/ORG23037_1.jpg,7397.5,0.0
O_ORG23K31,Delicate Elegance Diamond Ring,orra,0.95,14KT,Yellow,Gold,18380.0,diamond,0.0,14.0,10500.0,Round,7.0,Women,none,https://cdn.orra.co.in/media/catalog/product/cache/10238651d5f95594b9023f998383bb67/o/r/org23k31_yg_1_xbdpfzsu2ewgxwa8.jpg,Tanishq_Jewelry_Dataset_Final/images/orra/ORG23K31_1.jpg,4750.0,0.0
O_ORG24L22,Spartan Diamond Finger Ring,orra,2.74,18KT,Rose,Gold,71624.0,diamond,0.0,54.0,43590.0,Round,7.0,Women,none,https://www.orra.co.in/media/catalog/product/o/r/org24l22_rg_01_pmjkikwwdlsjistm.jpg,Tanishq_Jewelry_Dataset_Final/images/orra/ORG24L22_1.jpg,7521.25,2.809
O_ORG24L24,Aesthetic Floral Cocktail Ring,orra,2.65,18KT,Rose,Gold,69542.0,diamond,0.0,59.0,42400.0,Round,8.0,Women,Cocktail,https://www.orra.co.in/media/catalog/product/o/r/org24l24_rg_01_bolkjkfdplflirzw.jpg,Tanishq_Jewelry_Dataset_Final/images/orra/ORG24L24_1.jpg,7282.0,2.72
O_ORG24L25,Subtle Rose Gold and Diamond Ring,orra,2.15,18KT,Rose,Gold,54866.0,diamond,0.0,34.0,32880.0,Round,7.0,Women,none,https://www.orra.co.in/media/catalog/product/o/r/org24l25_rg_01_debxlakmifvxjl7s.jpg,Tanishq_Jewelry_Dataset_Final/images/orra/ORG24L25_1.jpg,5898.75,2.201
O_ORG24L39,Antique Rose Sparkle Womens Diamond Ring,orra,0.89,14KT,Rose,Gold,14701.0,diamond,0.0,11.0,6300.0,Round,7.0,Women,none,https://cdn.orra.co.in/media/catalog/product/cache/10238651d5f95594b9023f998383bb67/o/r/org24l39_rg_1_1.jpg,Tanishq_Jewelry_Dataset_Final/images/orra/ORG24L39_1.jpg,4750.0,0.0
O_ORG24L40,Rose Embrace Womens Diamond Ring,orra,0.78,14KT,Rose,Gold,16488.0,diamond,0.0,3.0,9450.0,Round,7.0,Women,none,https://cdn.orra.co.in/media/catalog/product/cache/10238651d5f95594b9023f998383bb67/o/r/org24l40_rg_3__1_1.jpg,Tanishq_Jewelry_Dataset_Final/images/orra/ORG24L40_1.jpg,4750.0,0.0
O_ORG24L45,Rose Pathway Floral Womens Ring,orra,1.62,14KT,Rose,Gold,40569.0,diamond,0.0,19.0,32550.0,Round,7.0,Women,Floral,https://cdn.orra.co.in/media/catalog/product/cache/10238651d5f95594b9023f998383bb67/o/r/org24l45_rg_1_2.jpg,Tanishq_Jewelry_Dataset_Final/images/orra/ORG24L45_1.jpg,4750.0,0.0
O_ORG24L43,Infinite Rose Womens Diamond Ring,orra,1.93,14KT,Rose,Gold,32432.0,diamond,0.0,7.0,21000.0,Round,7.0,Women,none,https://cdn.orra.co.in/media/catalog/product/cache/10238651d5f95594b9023f998383bb67/o/r/org24l43_rg_1_1.jpg,Tanishq_Jewelry_Dataset_Final/images/orra/ORG24L43_1.jpg,4750.0,0.0
O_ORG24L44,Promise of Roses Womens Diamond Ring,orra,3.42,14KT,Rose,Gold,51951.0,diamond,0.0,29.0,28350.0,Round,7.0,Women,Promise,https://cdn.orra.co.in/media/catalog/product/cache/10238651d5f95594b9023f998383bb67/o/r/org24l44_rg_2_1.jpg,Tanishq_Jewelry_Dataset_Final/images/orra/ORG24L44_1.jpg,9394.0,0.0
O_PRG20089,Dual Toned Platinum Solitaire Ring,orra,1.41,18KT,White+Rose,Gold,52111.0,diamond,0.0,1.0,22500.0,Round,5.0,Women,Solitaire,https://cdn.orra.co.in/media/catalog/product/cache/10238651d5f95594b9023f998383bb67/p/r/prg2008920_pg_1_q8djzoknv8qbgwdx.jpg,Tanishq_Jewelry_Dataset_Final/images/orra/PRG20089_1.jpg,11225.0,0.0
O_ERG24K12,Golden Gleam 14KT Womens Ring,orra,1.41,14KT,Yellow,Gold,27966.0,diamond,0.0,18.0,18900.0,Round,6.0,Women,none,https://cdn.orra.co.in/media/catalog/product/cache/10238651d5f95594b9023f998383bb67/e/r/erg24k12_g_01_3.jpg,Tanishq_Jewelry_Dataset_Final/images/orra/ERG24K12_1.jpg,4750.0,0.0
O_ERG24K09,Sunshine Splendor 14KT Womens Ring,orra,2.04,14KT,Yellow,Gold,40738.0,diamond,0.0,33.0,29400.0,Round,6.0,Women,none,https://cdn.orra.co.in/media/catalog/product/cache/10238651d5f95594b9023f998383bb67/e/r/erg24k09_yg_2__2.jpg,Tanishq_Jewelry_Dataset_Final/images/orra/ERG24K09_1.jpg,5610.0,0.0
O_ERG24K20,Enchanted Rose Gold Infinity Ring,orra,1.01,14KT,Rose,Gold,17018.0,diamond,0.0,7.0,8400.0,Round,6.0,Women,Infinity,https://cdn.orra.co.in/media/catalog/product/cache/10238651d5f95594b9023f998383bb67/e/r/erg24k20_rg_01y_2.jpg,Tanishq_Jewelry_Dataset_Final/images/orra/ERG24K20_1.jpg,4750.0,0.0
O_ERG24K24,Luminous Legacy 14KT Womens Ring,orra,1.29,14KT,Yellow,Gold,27833.0,diamond,0.0,29.0,19320.0,Round,6.0,Women,none,https://cdn.orra.co.in/media/catalog/product/cache/10238651d5f95594b9023f998383bb67/e/r/erg24k24_g_01tif_3.jpg,Tanishq_Jewelry_Dataset_Final/images/orra/ERG24K24_1.jpg,4750.0,0.0
O_ERG24K23,Rose Petal Whispers Womens Diamond Ring,orra,2.01,14KT,Rose,Gold,30096.0,diamond,0.0,19.0,15960.0,Round,7.0,Women,none,https://cdn.orra.co.in/media/catalog/product/cache/10238651d5f95594b9023f998383bb67/e/r/erg24k23_rg_01tif_3.jpg,Tanishq_Jewelry_Dataset_Final/images/orra/ERG24K23_1.jpg,5527.5,0.0
O_ERG24K25,Gilded Rose Garden Womens Diamond Ring,orra,2.13,14KT,Rose,Gold,39343.0,diamond,0.0,36.0,26460.0,Round,6.0,Women,none,https://cdn.orra.co.in/media/catalog/product/cache/10238651d5f95594b9023f998383bb67/e/r/erg24k25_rg_01_2.jpg,Tanishq_Jewelry_Dataset_Final/images/orra/ERG24K25_1.jpg,5857.5,0.0
O_ERG24K27,Rose Gold Majesty Infinity Ring,orra,1.28,14KT,Rose,Gold,22388.0,diamond,0.0,15.0,12810.0,Round,6.0,Women,Infinity,https://cdn.orra.co.in/media/catalog/product/cache/10238651d5f95594b9023f998383bb67/e/r/erg24k27_rg_01_3.jpg,Tanishq_Jewelry_Dataset_Final/images/orra/ERG24K27_1.jpg,4750.0,0.0
O_ERG24K30,Rose Glow Glamour Womens Diamond Ring,orra,1.35,14KT,Rose,Gold,26666.0,diamond,0.0,12.0,17640.0,Round,6.0,Women,none,https://cdn.orra.co.in/media/catalog/product/cache/10238651d5f95594b9023f998383bb67/e/r/erg24k30_2_2.jpg,Tanishq_Jewelry_Dataset_Final/images/orra/ERG24K30_1.jpg,4750.0,0.0
O_ERG24K32,Eternal Rose Gold Floral Womens Ring,orra,1.57,14KT,Rose,Gold,28228.0,diamond,0.0,17.0,17850.0,Round,6.0,Women,Floral,https://cdn.orra.co.in/media/catalog/product/cache/10238651d5f95594b9023f998383bb67/e/r/erg24k32_rg_01_2.jpg,Tanishq_Jewelry_Dataset_Final/images/orra/ERG24K32_1.jpg,4750.0,0.0
O_ERG24K34,Golden Blossom 14KT Womens Ring,orra,1.16,14KT,Yellow,Gold,29831.0,diamond,0.0,26.0,22890.0,Round,6.0,Women,none,https://cdn.orra.co.in/media/catalog/product/cache/10238651d5f95594b9023f998383bb67/e/r/erg24k34_g_01_3.jpg,Tanishq_Jewelry_Dataset_Final/images/orra/ERG24K34_1.jpg,4750.0,0.0
O_ERG24K35,Knight's Crest Studded Diamond Ring,orra,4.86,18KT,Rose,Gold,73388.0,diamond,0.0,9.0,30375.0,Round,11.0,Men,none,https://cdn.orra.co.in/media/catalog/product/cache/10238651d5f95594b9023f998383bb67/e/r/erg24k35_rg_01_1_1.jpg,Tanishq_Jewelry_Dataset_Final/images/orra/ERG24K35_1.jpg,13351.25,0.0
O_ERG24K33,Rose Aura Womens Diamond Ring,orra,1.63,14KT,Rose,Gold,30834.0,diamond,0.0,14.0,20580.0,Round,6.0,Women,none,https://cdn.orra.co.in/media/catalog/product/cache/10238651d5f95594b9023f998383bb67/e/r/erg24k33_rg_01_3.jpg,Tanishq_Jewelry_Dataset_Final/images/orra/ERG24K33_1.jpg,4750.0,0.0
O_ERG24K37,Titan's Gleam 18KT Gold Ring,orra,5.1,18KT,Rose,Gold,95239.0,diamond,0.0,9.0,53460.0,Round,11.0,Men,none,https://cdn.orra.co.in/media/catalog/product/cache/10238651d5f95594b9023f998383bb67/e/r/erg24k37_1_1_1.jpg,Tanishq_Jewelry_Dataset_Final/images/orra/ERG24K37_1.jpg,14027.75,0.0
O_ERG24K36,Celestial Majesty Crafted 18KT Mens Ring,orra,7.9,18KT,Rose,Gold,107468.0,diamond,0.0,21.0,35100.0,Round,10.0,Men,none,https://cdn.orra.co.in/media/catalog/product/cache/10238651d5f95594b9023f998383bb67/e/r/erg24k36_rg_01_2.jpg,Tanishq_Jewelry_Dataset_Final/images/orra/ERG24K36_1.jpg,21719.5,0.0
O_FRG24K02,Rose Elegance Womens Engagement Ring,orra,2.17,18KT,Rose,Gold,43910.0,diamond,0.0,1.0,27000.0,Round,7.0,Women,Engagement,https://cdn.orra.co.in/media/catalog/product/cache/10238651d5f95594b9023f998383bb67/f/r/frg24k02_rg_2_copy_3.jpg,Tanishq_Jewelry_Dataset_Final/images/orra/FRG24K02_1.jpg,5967.5,0.0
O_HRG20525,Enchanted Rosebud Eangagement Ring,orra,2.76,18KT,Rose,Gold,402218.0,diamond,0.0,37.0,404500.0,Round,8.0,Women,none,https://cdn.orra.co.in/media/catalog/product/cache/10238651d5f95594b9023f998383bb67/h/r/hrg20525_rg_1_1.jpg,Tanishq_Jewelry_Dataset_Final/images/orra/HRG20525_1.jpg,7584.5,0.0
O_FRG24K01,Rosé Dream Womens Engagement Ring,orra,2.18,18KT,Rose,Gold,36593.0,diamond,0.0,1.0,18000.0,Round,6.0,Women,Engagement,https://cdn.orra.co.in/media/catalog/product/cache/10238651d5f95594b9023f998383bb67/f/r/frg24k01_rg_2_copy_3.jpg,Tanishq_Jewelry_Dataset_Final/images/orra/FRG24K01_1.jpg,5995.0,0.0
O_ORG23L97,Victorian Rose Womens Diamond Ring,orra,1.72,14KT,Rose,Gold,23068.0,diamond,0.0,16.0,10500.0,Round,6.0,Women,none,https://cdn.orra.co.in/media/catalog/product/cache/10238651d5f95594b9023f998383bb67/o/r/org23l97_6.jpg,Tanishq_Jewelry_Dataset_Final/images/orra/ORG23L97_1.jpg,4750.0,0.0
O_ORG24L59,Starlit Rose Gold Floral Womens Ring,orra,5.65,18KT,Rose,Gold,174033.0,diamond,0.0,77.0,144625.0,"Round, Marquise, Pear",7.0,Women,Floral,https://cdn.orra.co.in/media/catalog/product/cache/10238651d5f95594b9023f998383bb67/o/r/org24l59_rg_2_copy_2.jpg,Tanishq_Jewelry_Dataset_Final/images/orra/ORG24L59_1.jpg,15523.75,0.0
O_ORG24L65,Royal Luminary Mens Gold Ring,orra,4.62,18KT,Rose,Gold,99520.0,diamond,0.0,12.0,64800.0,Round,11.0,Men,none,https://cdn.orra.co.in/media/catalog/product/cache/10238651d5f95594b9023f998383bb67/o/r/org24l65_rg_01_3.jpg,Tanishq_Jewelry_Dataset_Final/images/orra/ORG24L65_1.jpg,12716.0,0.0
O_PRG24K71,Eternal Brilliance Platinum Nakshatra Ring,orra,1.07,950PT,White,Platinum,19490.0,diamond,0.0,7.0,9520.0,Round,7.0,Women,none,https://cdn.orra.co.in/media/catalog/product/cache/10238651d5f95594b9023f998383bb67/p/r/prg24k71_pl_2_copy_3.jpg,Tanishq_Jewelry_Dataset_Final/images/orra/PRG24K71_1.jpg,4500.0,1.069
O_PRG24K78,Serenity Solitaire Platinum Diamond Ring,orra,1.15,950PT,White,Platinum,33636.0,diamond,0.0,3.0,22860.0,Round,7.0,Women,Solitaire,https://cdn.orra.co.in/media/catalog/product/cache/10238651d5f95594b9023f998383bb67/p/r/prg24k78_pl_2_copy_2.jpg,Tanishq_Jewelry_Dataset_Final/images/orra/PRG24K78_1.jpg,4500.0,1.154
O_PRG24K75,5 Stone Platinum Diamond Ring,orra,1.08,950PT,White,Platinum,18233.0,diamond,0.0,5.0,0.0,Round,7.0,Women,none,https://cdn.orra.co.in/media/catalog/product/cache/10238651d5f95594b9023f998383bb67/p/r/prg24k75_pl_1_copy_3.jpg,Tanishq_Jewelry_Dataset_Final/images/orra/PRG24K75_1.jpg,4500.0,0.0
O_PRG24K74,Pure Elegance Platinum Diamond Ring,orra,1.11,950PT,White,Platinum,25661.0,diamond,0.0,13.0,0.0,Round,7.0,Women,none,https://cdn.orra.co.in/media/catalog/product/cache/10238651d5f95594b9023f998383bb67/p/r/prg24k74_pl_2_copy_3.jpg,Tanishq_Jewelry_Dataset_Final/images/orra/PRG24K74_1.jpg,4500.0,0.0
O_WRG24L02,Rosé Essence Womens Engagement Ring,orra,2.01,18KT,Rose,Gold,50121.0,diamond,0.0,1.0,39000.0,Round,6.0,Women,Engagement,https://cdn.orra.co.in/media/catalog/product/cache/10238651d5f95594b9023f998383bb67/w/r/wrg24l02_rg_2_copy_3.jpg,Tanishq_Jewelry_Dataset_Final/images/orra/WRG24L02_1.jpg,5522.0,0.0
O_WRG24L03,Whispering Rose Womens Engagement Ring,orra,2.34,18KT,Rose,Gold,58942.0,diamond,0.0,1.0,46800.0,Round,7.0,Women,Engagement,https://cdn.orra.co.in/media/catalog/product/cache/10238651d5f95594b9023f998383bb67/w/r/wrg24l03_rg_2_copy_3.jpg,Tanishq_Jewelry_Dataset_Final/images/orra/WRG24L03_1.jpg,6446.0,0.0
O_WRG24L01,Golden Dreamscape 18KT Womens Ring,orra,1.7,18KT,Rose,Gold,163902.0,diamond,0.0,5.0,180000.0,Round,7.0,Women,none,https://cdn.orra.co.in/media/catalog/product/cache/10238651d5f95594b9023f998383bb67/w/r/wrg24l01-g_1_3.jpg,Tanishq_Jewelry_Dataset_Final/images/orra/WRG24L01_1.jpg,4750.0,0.0
O_YRG20523,Lotus Rose Gold Eangagement Ring,orra,2.0,18KT,Rose,Gold,106161.0,diamond,0.0,15.0,94500.0,Round,7.0,Women,none,https://cdn.orra.co.in/media/catalog/product/cache/10238651d5f95594b9023f998383bb67/y/r/yrg20523_1_1.jpg,Tanishq_Jewelry_Dataset_Final/images/orra/YRG20523_1.jpg,4750.0,0.0
O_ORG25K11,Cluster Eternity Brand Ring,orra,3.9,18KT,Rose,Gold,78474.0,diamond,0.0,32.0,48600.0,Round,6.0,Women,Cluster,https://cdn.orra.co.in/media/catalog/product/cache/10238651d5f95594b9023f998383bb67/o/r/org25k11_rg_3__1.jpg,Tanishq_Jewelry_Dataset_Final/images/orra/ORG25K11_1.jpg,10725.0,0.0
O_WRG19009,Traditional Single Stone Yellow Gold Ring,orra,2.81,18KT,Rose,Gold,74184.0,diamond,0.0,31.0,55848.0,Round,6.0,Women,none,https://cdn.orra.co.in/media/catalog/product/cache/10238651d5f95594b9023f998383bb67/w/r/wrg19009_yg_1-2__1.jpg,Tanishq_Jewelry_Dataset_Final/images/orra/WRG19009_1.jpg,7713.75,0.0
O_ORG24L49,Enchanting 18KT Rose Gold Women Ring,orra,4.0,18KT,Rose,Gold,125719.0,diamond,0.0,60.0,103750.0,"Round, Marquise",8.0,Women,none,https://cdn.orra.co.in/media/catalog/product/cache/10238651d5f95594b9023f998383bb67/o/r/org24l49_rg_2__2.jpg,Tanishq_Jewelry_Dataset_Final/images/orra/ORG24L49_1.jpg,11005.5,0.0
O_ERG24K04,Sleek Diamond V Ring,orra,1.38,14KT,Yellow,Gold,26509.0,diamond,0.0,11.0,17220.0,Round,6.0,Women,none,https://cdn.orra.co.in/media/catalog/product/cache/10238651d5f95594b9023f998383bb67/e/r/erg24k04_yg_3__3.jpg,Tanishq_Jewelry_Dataset_Final/images/orra/ERG24K04_1.jpg,4750.0,0.0
O_ERG24K13,Sparkling Leaf Diamond Ring,orra,1.76,14KT,Rose,Gold,31273.0,diamond,0.0,25.0,20265.0,Round,7.0,Women,none,https://cdn.orra.co.in/media/catalog/product/cache/10238651d5f95594b9023f998383bb67/e/r/erg24k13_rg_1__3.jpg,Tanishq_Jewelry_Dataset_Final/images/orra/ERG24K13_1.jpg,4750.0,0.0
O_ERG24K10,Attractive 18KT Yellow Gold Multi Stone Men Ring,orra,3.76,18KT,Yellow,Gold,86503.0,diamond,0.0,12.0,59400.0,Round,11.0,Men,none,https://cdn.orra.co.in/media/catalog/product/cache/10238651d5f95594b9023f998383bb67/e/r/erg24k10_g_01_3.jpg,Tanishq_Jewelry_Dataset_Final/images/orra/ERG24K10_1.jpg,10340.0,0.0
O_ERG24K18,Elegant Square Diamond Rose Gold Ring,orra,1.8,14KT,Rose,Gold,38020.0,diamond,0.0,28.0,22050.0,Round,7.0,Women,none,https://cdn.orra.co.in/media/catalog/product/cache/10238651d5f95594b9023f998383bb67/e/r/erg24k18_rg_3__1.jpg,Tanishq_Jewelry_Dataset_Final/images/orra/ERG24K18_1.jpg,7034.5,0.0
O_ERG24K21,Stunning 14KT Rose Gold Women Ring,orra,1.55,14KT,Rose,Gold,23655.0,diamond,0.0,9.0,12600.0,Round,7.0,Women,none,https://cdn.orra.co.in/media/catalog/product/cache/10238651d5f95594b9023f998383bb67/e/r/erg24k21_rg_01_3.jpg,Tanishq_Jewelry_Dataset_Final/images/orra/ERG24K21_1.jpg,4750.0,0.0
O_ORG24L67,Magnificent 18KT Rose Gold Women Ring,orra,6.49,18KT,Rose,Gold,166830.0,diamond,0.0,119.0,108415.0,Round,8.0,Women,none,https://cdn.orra.co.in/media/catalog/product/cache/10238651d5f95594b9023f998383bb67/o/r/org24l67_rg_02_1.jpg,Tanishq_Jewelry_Dataset_Final/images/orra/ORG24L67_1.jpg,17836.5,0.0
O_ORG24L69,Traditional Square Diamond Rose Gold Ring,orra,3.67,18KT,Rose,Gold,74586.0,diamond,0.0,37.0,46410.0,Round,7.0,Women,none,https://cdn.orra.co.in/media/catalog/product/cache/10238651d5f95594b9023f998383bb67/o/r/org24l69_rg_3__2.jpg,Tanishq_Jewelry_Dataset_Final/images/orra/ORG24L69_1.jpg,10098.0,0.0
O_ERG24K38,Gorgeous 14KT Rose Gold Women Ring,orra,1.36,14KT,Rose,Gold,23426.0,diamond,0.0,18.0,13650.0,Round,6.0,Women,none,https://cdn.orra.co.in/media/catalog/product/cache/10238651d5f95594b9023f998383bb67/e/r/erg24k38_rg_1_3.jpg,Tanishq_Jewelry_Dataset_Final/images/orra/ERG24K38_1.jpg,4750.0,0.0
O_ERG24K40,Elegant 14KT Rose Gold Women Ring,orra,1.53,14KT,Rose,Gold,20904.0,diamond,0.0,24.0,9345.0,Round,6.0,Women,none,https://cdn.orra.co.in/media/catalog/product/cache/10238651d5f95594b9023f998383bb67/e/r/erg24k40_rg_1_3.jpg,Tanishq_Jewelry_Dataset_Final/images/orra/ERG24K40_1.jpg,4750.0,0.0
O_ORG24L79,Beautiful 18KT Rose Gold Women Ring,orra,5.3,18KT,Rose,Gold,136675.0,diamond,0.0,92.0,103450.0,"Round, Baguette",7.0,Women,none,https://cdn.orra.co.in/media/catalog/product/cache/10238651d5f95594b9023f998383bb67/o/r/org24l79_rg_3__2.jpg,Tanishq_Jewelry_Dataset_Final/images/orra/ORG24L79_1.jpg,14586.0,0.0
O_ERG24K41,Exquisite 14KT Rose Gold Women Ring,orra,2.44,14KT,Rose,Gold,36525.0,diamond,0.0,43.0,19950.0,Round,7.0,Women,none,https://cdn.orra.co.in/media/catalog/product/cache/10238651d5f95594b9023f998383bb67/e/r/erg24k41_rg_1_3.jpg,Tanishq_Jewelry_Dataset_Final/images/orra/ERG24K41_1.jpg,6715.5,0.0
O_ERG24K43,Captivating 14KT Rose Gold Women Ring,orra,1.41,14KT,Rose,Gold,25835.0,diamond,0.0,9.0,16275.0,Round,7.0,Women,none,https://cdn.orra.co.in/media/catalog/product/cache/10238651d5f95594b9023f998383bb67/e/r/erg24k43_rg_1_3.jpg,Tanishq_Jewelry_Dataset_Final/images/orra/ERG24K43_1.jpg,4750.0,0.0
O_ERG24K54,Timeless Swirl Diamond Ring,orra,1.05,14KT,Rose,Gold,17816.0,diamond,0.0,7.0,9135.0,Round,7.0,Women,none,https://cdn.orra.co.in/media/catalog/product/cache/10238651d5f95594b9023f998383bb67/e/r/erg24k54_rg_1__3.jpg,Tanishq_Jewelry_Dataset_Final/images/orra/ERG24K54_1.jpg,4750.0,0.0
O_ERG24K60,Floral Circle Diamond Ring,orra,1.31,14KT,Rose,Gold,21763.0,diamond,0.0,17.0,11865.0,Round,7.0,Women,Floral,https://cdn.orra.co.in/media/catalog/product/cache/10238651d5f95594b9023f998383bb67/e/r/erg24k60_rg_1_3.jpg,Tanishq_Jewelry_Dataset_Final/images/orra/ERG24K60_1.jpg,4750.0,0.0
O_ERG24K62,Gold Infinity Diamond Ring,orra,1.06,14KT,Rose,Gold,22500.0,diamond,0.0,26.0,14700.0,Round,6.0,Women,Infinity,https://cdn.orra.co.in/media/catalog/product/cache/10238651d5f95594b9023f998383bb67/e/r/erg24k62_rg_01_3.jpg,Tanishq_Jewelry_Dataset_Final/images/orra/ERG24K62_1.jpg,4750.0,0.0
O_ERG24K63,Elegant Geometric Diamond Ring,orra,1.12,14KT,Rose,Gold,24059.0,diamond,0.0,28.0,16170.0,Round,7.0,Women,Geometric,https://cdn.orra.co.in/media/catalog/product/cache/10238651d5f95594b9023f998383bb67/e/r/erg24k63_rg_1_3.jpg,Tanishq_Jewelry_Dataset_Final/images/orra/ERG24K63_1.jpg,4750.0,0.0
O_ERG24K65,Diamond Swirl Ring,orra,1.13,14KT,Rose,Gold,28310.0,diamond,0.0,20.0,21210.0,Round,7.0,Women,none,https://cdn.orra.co.in/media/catalog/product/cache/10238651d5f95594b9023f998383bb67/e/r/erg24k65_rg_1_3.jpg,Tanishq_Jewelry_Dataset_Final/images/orra/ERG24K65_1.jpg,4750.0,0.0
O_ERG24K70,Geometric Swirl Diamond Ring,orra,1.08,14KT,Yellow,Gold,22196.0,diamond,0.0,11.0,14280.0,Round,6.0,Women,Geometric,https://cdn.orra.co.in/media/catalog/product/cache/10238651d5f95594b9023f998383bb67/e/r/erg24k70_yg_1__3.jpg,Tanishq_Jewelry_Dataset_Final/images/orra/ERG24K70_1.jpg,4750.0,0.0
O_ERG24K71,Checkered Diamond Ring,orra,0.91,14KT,Yellow,Gold,19858.0,diamond,0.0,9.0,12600.0,Round,7.0,Women,none,https://cdn.orra.co.in/media/catalog/product/cache/10238651d5f95594b9023f998383bb67/e/r/erg24k71_yg_1_1.jpg,Tanishq_Jewelry_Dataset_Final/images/orra/ERG24K71_1.jpg,4750.0,0.0
O_ERG24K76,Blooming Floral Diamond Ring,orra,1.63,14KT,Rose,Gold,21677.0,diamond,0.0,9.0,9450.0,Round,7.0,Women,Floral,https://cdn.orra.co.in/media/catalog/product/cache/10238651d5f95594b9023f998383bb67/e/r/erg24k76_rg_1_1_1.jpg,Tanishq_Jewelry_Dataset_Final/images/orra/ERG24K76_1.jpg,4750.0,0.0
O_ERG24K90,Blooming Blossom Diamond Ring,orra,2.24,14KT,Yellow,Gold,36903.0,diamond,0.0,19.0,22610.0,Round,7.0,Women,none,https://cdn.orra.co.in/media/catalog/product/cache/10238651d5f95594b9023f998383bb67/e/r/erg24k90_yg_1_2.jpg,Tanishq_Jewelry_Dataset_Final/images/orra/ERG24K90_1.jpg,6160.0,0.0
O_ERG24K93,Twist of Love Diamond Ring,orra,1.4,14KT,Yellow,Gold,25458.0,diamond,0.0,18.0,15750.0,Round,6.0,Women,none,https://cdn.orra.co.in/media/catalog/product/cache/10238651d5f95594b9023f998383bb67/e/r/erg24k93_yg_1_3.jpg,Tanishq_Jewelry_Dataset_Final/images/orra/ERG24K93_1.jpg,4750.0,0.0
O_ORG25K04,Twinkle Daily 18KT Rose Gold Diamond Ring,orra,2.9,18KT,Rose,Gold,95894.0,diamond,0.0,53.0,82050.0,Round,7.0,Women,none,https://cdn.orra.co.in/media/catalog/product/cache/10238651d5f95594b9023f998383bb67/o/r/org25k04_rg_3_copy_2_2.jpg,Tanishq_Jewelry_Dataset_Final/images/orra/ORG25K04_1.jpg,7980.5,0.0
O_ORG25K02,Glow Diamond 18KT Rose Gold Ring,orra,3.02,18KT,Rose,Gold,82718.0,diamond,0.0,44.0,64650.0,Round,7.0,Women,none,https://cdn.orra.co.in/media/catalog/product/cache/10238651d5f95594b9023f998383bb67/o/r/org25k02_rg_3_copy_2_2.jpg,Tanishq_Jewelry_Dataset_Final/images/orra/ORG25K02_1.jpg,8294.0,0.0
O_ORG25K03,Luxe Minimal 18KT Diamond Ring,orra,2.45,18KT,Yellow,Gold,91031.0,diamond,0.0,42.0,80400.0,Round,7.0,Women,Minimal,https://cdn.orra.co.in/media/catalog/product/cache/10238651d5f95594b9023f998383bb67/o/r/org25k03_yg_3_copy_2_2.jpg,Tanishq_Jewelry_Dataset_Final/images/orra/ORG25K03_1.jpg,6748.5,0.0
O_ORG25K05,Glimpse Lightweight 18KT Diamond Ring,orra,4.12,18KT,Yellow,Gold,118043.0,diamond,0.0,70.0,95100.0,Round,7.0,Women,none,https://cdn.orra.co.in/media/catalog/product/cache/10238651d5f95594b9023f998383bb67/o/r/org25k05_yg_3_copy_2_2.jpg,Tanishq_Jewelry_Dataset_Final/images/orra/ORG25K05_1.jpg,11324.5,0.0
O_ORG25K06,Spark Classic 18KT Rose Gold Diamond Ring,orra,2.72,18KT,Rose,Gold,100290.0,diamond,0.0,47.0,90500.0,Round,7.0,Women,Classic,https://cdn.orra.co.in/media/catalog/product/cache/10238651d5f95594b9023f998383bb67/o/r/org25k06_rg_3_copy_2_2.jpg,Tanishq_Jewelry_Dataset_Final/images/orra/ORG25K06_1.jpg,7471.75,0.0
O_ORG25K08,Bright Daily 18KT Rose Gold Diamond Ring,orra,4.67,18KT,Rose,Gold,137742.0,diamond,0.0,61.0,112700.0,Round,7.0,Women,none,https://cdn.orra.co.in/media/catalog/product/cache/10238651d5f95594b9023f998383bb67/o/r/org25k08_rg_1_copy_4_2.jpg,Tanishq_Jewelry_Dataset_Final/images/orra/ORG25K08_1.jpg,12842.5,0.0
O_ORG25K09,Cluster Diamond 18KT Rose Gold Ring,orra,6.47,18KT,Rose,Gold,171517.0,diamond,0.0,136.0,133050.0,Round,7.0,Women,Cluster,https://cdn.orra.co.in/media/catalog/product/cache/10238651d5f95594b9023f998383bb67/o/r/org25k09_rg_3_copy_2_2.jpg,Tanishq_Jewelry_Dataset_Final/images/orra/ORG25K09_1.jpg,17792.5,0.0
O_ORG25K07,Flicker Subtle 18KT Diamond Ring,orra,3.44,18KT,Yellow,Gold,129621.0,diamond,0.0,70.0,117300.0,Round,7.0,Women,none,https://cdn.orra.co.in/media/catalog/product/cache/10238651d5f95594b9023f998383bb67/o/r/org25k07_yg_3_copy_2_2.jpg,Tanishq_Jewelry_Dataset_Final/images/orra/ORG25K07_1.jpg,9460.0,0.0
O_ERG25K02,Twin Heart Diamond Ring,orra,1.66,14KT,Rose,Gold,28457.0,diamond,0.0,15.0,17850.0,Round,6.0,Women,Heart,https://cdn.orra.co.in/media/catalog/product/cache/10238651d5f95594b9023f998383bb67/e/r/erg25k02_rg_1_2.jpg,Tanishq_Jewelry_Dataset_Final/images/orra/ERG25K02_1.jpg,4750.0,0.0
O_ERG25K04,Graceful Swirl Diamond Ring,orra,1.33,14KT,Yellow,Gold,24840.0,diamond,0.0,19.0,15750.0,Round,6.0,Women,none,https://cdn.orra.co.in/media/catalog/product/cache/10238651d5f95594b9023f998383bb67/e/r/erg25k04_g_1_1.jpg,Tanishq_Jewelry_Dataset_Final/images/orra/ERG25K04_1.jpg,4750.0,0.0
O_ERG25K01,Tender Heart Diamond Ring,orra,1.58,14KT,Rose,Gold,26307.0,diamond,0.0,23.0,15750.0,Round,6.0,Women,Heart,https://cdn.orra.co.in/media/catalog/product/cache/10238651d5f95594b9023f998383bb67/e/r/erg25k01_rg_1_2.jpg,Tanishq_Jewelry_Dataset_Final/images/orra/ERG25K01_1.jpg,4750.0,0.0
O_ERG25K03,Lucky Clover Diamond Ring,orra,1.36,14KT,Yellow,Gold,27250.0,diamond,0.0,21.0,18207.0,Round,6.0,Women,none,https://cdn.orra.co.in/media/catalog/product/cache/10238651d5f95594b9023f998383bb67/e/r/erg25k03_g_1_1.jpg,Tanishq_Jewelry_Dataset_Final/images/orra/ERG25K03_1.jpg,4750.0,0.0
O_ERG25K06,Elegant Infinity Diamond Ring,orra,1.23,14KT,Yellow,Gold,20096.0,diamond,0.0,7.0,10500.0,Round,6.0,Women,Infinity,https://cdn.orra.co.in/media/catalog/product/cache/10238651d5f95594b9023f998383bb67/e/r/erg25k06_g_1_2.jpg,Tanishq_Jewelry_Dataset_Final/images/orra/ERG25K06_1.jpg,4750.0,0.0
O_ERG25K05,Whisper of Romance Diamond Ring,orra,1.22,14KT,Rose,Gold,19834.0,diamond,0.0,10.0,10500.0,Round,6.0,Women,none,https://cdn.orra.co.in/media/catalog/product/cache/10238651d5f95594b9023f998383bb67/e/r/erg25k05_rg_1_2.jpg,Tanishq_Jewelry_Dataset_Final/images/orra/ERG25K05_1.jpg,4750.0,0.0
O_ERG25K08,Beautiful Nakshatra Diamond Ring,orra,1.22,14KT,Yellow,Gold,24123.0,diamond,0.0,7.0,16065.0,Round,6.0,Women,none,https://cdn.orra.co.in/media/catalog/product/cache/10238651d5f95594b9023f998383bb67/e/r/erg25k08_g_1_2.jpg,Tanishq_Jewelry_Dataset_Final/images/orra/ERG25K08_1.jpg,4750.0,0.0
O_ERG25K07,Geomrtric Elegance Diamond Ring,orra,1.27,14KT,Yellow,Gold,19426.0,diamond,0.0,11.0,9639.0,Round,6.0,Women,none,https://cdn.orra.co.in/media/catalog/product/cache/10238651d5f95594b9023f998383bb67/e/r/erg25k07_g_1_2.jpg,Tanishq_Jewelry_Dataset_Final/images/orra/ERG25K07_1.jpg,4750.0,0.0
O_ERG25K09,Romantic Heart Diamond Ring,orra,1.14,14KT,Rose,Gold,17612.0,diamond,0.0,13.0,8190.0,Round,6.0,Women,Heart,https://cdn.orra.co.in/media/catalog/product/cache/10238651d5f95594b9023f998383bb67/e/r/erg25k09_rg_1_2.jpg,Tanishq_Jewelry_Dataset_Final/images/orra/ERG25K09_1.jpg,4750.0,0.0
O_ERG25K10,Eternity Circle Diamond Ring,orra,1.07,14KT,Rose,Gold,21163.0,diamond,0.0,19.0,13090.0,Round,6.0,Women,Eternity,https://cdn.orra.co.in/media/catalog/product/cache/10238651d5f95594b9023f998383bb67/e/r/erg25k10_rg_1_1_1.jpg,Tanishq_Jewelry_Dataset_Final/images/orra/ERG25K10_1.jpg,4750.0,0.0
O_ERG25K11,Sleek Diamond Ring,orra,1.15,14KT,Rose,Gold,21159.0,diamond,0.0,16.0,12600.0,Round,6.0,Women,none,https://cdn.orra.co.in/media/catalog/product/cache/10238651d5f95594b9023f998383bb67/e/r/erg25k11_rg_1_2.jpg,Tanishq_Jewelry_Dataset_Final/images/orra/ERG25K11_1.jpg,4750.0,0.0
O_ERG25K13,Everyday Floral Diamond Ring,orra,1.41,14KT,Rose,Gold,26395.0,diamond,0.0,23.0,17010.0,Round,6.0,Women,Floral,https://cdn.orra.co.in/media/catalog/product/cache/10238651d5f95594b9023f998383bb67/e/r/erg25k13_rg_1_2.jpg,Tanishq_Jewelry_Dataset_Final/images/orra/ERG25K13_1.jpg,4750.0,0.0
O_ERG25K12,Circular Diamond Ring,orra,1.28,14KT,Rose,Gold,23055.0,diamond,0.0,19.0,13650.0,Round,6.0,Women,none,https://cdn.orra.co.in/media/catalog/product/cache/10238651d5f95594b9023f998383bb67/e/r/erg25k12_rg_1_2.jpg,Tanishq_Jewelry_Dataset_Final/images/orra/ERG25K12_1.jpg,4750.0,0.0
O_ERG25K14,Bloom Diamond Ring,orra,1.35,14KT,Yellow,Gold,22086.0,diamond,0.0,11.0,11970.0,Round,6.0,Women,none,https://cdn.orra.co.in/media/catalog/product/cache/10238651d5f95594b9023f998383bb67/e/r/erg25k14_g_1_2.jpg,Tanishq_Jewelry_Dataset_Final/images/orra/ERG25K14_1.jpg,4750.0,0.0
O_ERG25K15,Classic Spiral Diamond Ring,orra,1.14,14KT,Rose,Gold,22259.0,diamond,0.0,16.0,13755.0,Round,6.0,Women,Classic,https://cdn.orra.co.in/media/catalog/product/cache/10238651d5f95594b9023f998383bb67/e/r/erg25k15_rg_1_1.jpg,Tanishq_Jewelry_Dataset_Final/images/orra/ERG25K15_1.jpg,4750.0,0.0
O_ERG25K18,Delicate Leaves Diamond Ring,orra,1.56,14KT,Rose,Gold,28058.0,diamond,0.0,15.0,17850.0,Round,6.0,Women,none,https://cdn.orra.co.in/media/catalog/product/cache/10238651d5f95594b9023f998383bb67/e/r/erg25k18_rg_1_1_1.jpg,Tanishq_Jewelry_Dataset_Final/images/orra/ERG25K18_1.jpg,4750.0,0.0
O_ERG25K16,Charming Leaf Diamond Ring,orra,1.05,14KT,Rose,Gold,21453.0,diamond,0.0,15.0,13545.0,Round,6.0,Women,none,https://cdn.orra.co.in/media/catalog/product/cache/10238651d5f95594b9023f998383bb67/e/r/erg25k16_rg_1_2.jpg,Tanishq_Jewelry_Dataset_Final/images/orra/ERG25K16_1.jpg,4750.0,0.0
O_ERG25K17,Sharking Petals Diamond Ring,orra,0.85,14KT,Yellow,Gold,19261.0,diamond,0.0,13.0,12180.0,Round,6.0,Women,none,https://cdn.orra.co.in/media/catalog/product/cache/10238651d5f95594b9023f998383bb67/e/r/erg25k17_g_1_1_1.jpg,Tanishq_Jewelry_Dataset_Final/images/orra/ERG25K17_1.jpg,4750.0,0.0
O_ERG25K20,Effortlessly Elegant Diamond Ring,orra,1.25,14KT,Rose,Gold,25376.0,diamond,0.0,19.0,16800.0,Round,7.0,Women,none,https://cdn.orra.co.in/media/catalog/product/cache/10238651d5f95594b9023f998383bb67/e/r/erg25k20_rg_1_1.jpg,Tanishq_Jewelry_Dataset_Final/images/orra/ERG25K20_1.jpg,4750.0,0.0
O_ERG25K22,Versatile Diamond Ring,orra,1.62,14KT,Rose,Gold,30349.0,diamond,0.0,9.0,20230.0,Round,7.0,Women,none,https://cdn.orra.co.in/media/catalog/product/cache/10238651d5f95594b9023f998383bb67/e/r/erg25k22_rg_1_1.jpg,Tanishq_Jewelry_Dataset_Final/images/orra/ERG25K22_1.jpg,4750.0,0.0
O_ERG25K21,Graceful Drop Diamond Ring,orra,1.85,14KT,Yellow,Gold,31033.0,diamond,0.0,18.0,19040.0,Round,7.0,Women,none,https://cdn.orra.co.in/media/catalog/product/cache/10238651d5f95594b9023f998383bb67/e/r/erg25k21_g_1_1.jpg,Tanishq_Jewelry_Dataset_Final/images/orra/ERG25K21_1.jpg,4750.0,0.0
O_ERG25K23,Striking Diamond Ring,orra,1.52,14KT,Rose,Gold,22767.0,diamond,0.0,7.0,11900.0,Round,6.0,Women,none,https://cdn.orra.co.in/media/catalog/product/cache/10238651d5f95594b9023f998383bb67/e/r/erg25k23_rg_1_2.jpg,Tanishq_Jewelry_Dataset_Final/images/orra/ERG25K23_1.jpg,4750.0,0.0
O_ERG25K24,Delicate Bloom Diamond Ring,orra,1.77,14KT,Rose,Gold,30312.0,diamond,0.0,17.0,19040.0,Round,7.0,Women,none,https://cdn.orra.co.in/media/catalog/product/cache/10238651d5f95594b9023f998383bb67/e/r/erg25k24_rg_1_1.jpg,Tanishq_Jewelry_Dataset_Final/images/orra/ERG25K24_1.jpg,4750.0,0.0
O_ERG25K25,Modern Floral Diamond Ring,orra,1.28,14KT,Yellow,Gold,27923.0,diamond,0.0,23.0,19754.0,Round,7.0,Women,Floral,https://cdn.orra.co.in/media/catalog/product/cache/10238651d5f95594b9023f998383bb67/e/r/erg25k25_g_1_1.jpg,Tanishq_Jewelry_Dataset_Final/images/orra/ERG25K25_1.jpg,4750.0,0.0
O_ERG25K26,Modern Edge Diamond Ring,orra,1.23,14KT,Rose,Gold,25054.0,diamond,0.0,25.0,16660.0,Round,6.0,Women,none,https://cdn.orra.co.in/media/catalog/product/cache/10238651d5f95594b9023f998383bb67/e/r/erg25k26_rg_1_1_1.jpg,Tanishq_Jewelry_Dataset_Final/images/orra/ERG25K26_1.jpg,4750.0,0.0
O_ERG25K27,Minimal Diamond Ring,orra,1.45,14KT,Rose,Gold,25410.0,diamond,0.0,23.0,15225.0,Round,6.0,Women,Minimal,https://cdn.orra.co.in/media/catalog/product/cache/10238651d5f95594b9023f998383bb67/e/r/erg25k27_rg_1_2.jpg,Tanishq_Jewelry_Dataset_Final/images/orra/ERG25K27_1.jpg,4750.0,0.0
O_ERG25K29,Sleek Circle Ring,orra,1.47,14KT,Yellow,Gold,27974.0,diamond,0.0,21.0,18088.0,Round,6.0,Women,none,https://cdn.orra.co.in/media/catalog/product/cache/10238651d5f95594b9023f998383bb67/e/r/erg25k29_g_1_2.jpg,Tanishq_Jewelry_Dataset_Final/images/orra/ERG25K29_1.jpg,4750.0,0.0
O_ERG25K28,Swirly Floral Diamond Ring,orra,1.59,14KT,Rose,Gold,26318.0,diamond,0.0,25.0,15470.0,Round,7.0,Women,Floral,https://cdn.orra.co.in/media/catalog/product/cache/10238651d5f95594b9023f998383bb67/e/r/erg25k28_rg_1_1.jpg,Tanishq_Jewelry_Dataset_Final/images/orra/ERG25K28_1.jpg,4750.0,0.0
O_ERG25K30,Diamond Love Ring,orra,1.58,14KT,Rose,Gold,23907.0,diamond,0.0,39.0,12614.0,Round,6.0,Women,none,https://cdn.orra.co.in/media/catalog/product/cache/10238651d5f95594b9023f998383bb67/e/r/erg25k30_rg_3_.jpg,Tanishq_Jewelry_Dataset_Final/images/orra/ERG25K30_1.jpg,4750.0,0.0
O_ORG25K14,Brilliant Cluster Diamond Ring,orra,2.14,18KT,Yellow,Gold,49633.0,diamond,0.0,25.0,33915.0,Round,7.0,Women,Cluster,https://cdn.orra.co.in/media/catalog/product/cache/10238651d5f95594b9023f998383bb67/o/r/org25k14_yg_3__1.jpg,Tanishq_Jewelry_Dataset_Final/images/orra/ORG25K14_1.jpg,5893.25,0.0
O_ORG25K15,Shinning Glory Diamond Ring,orra,1.94,18KT,Yellow,Gold,47576.0,diamond,0.0,25.0,34510.0,Round,8.0,Women,none,https://cdn.orra.co.in/media/catalog/product/cache/10238651d5f95594b9023f998383bb67/o/r/org25k15_yg_3__1.jpg,Tanishq_Jewelry_Dataset_Final/images/orra/ORG25K15_1.jpg,4750.0,0.0
O_ORG25K13,Sparkling Cluster Diamond Ring,orra,1.89,18KT,Rose,Gold,46401.0,diamond,0.0,25.0,33915.0,Round,7.0,Women,Cluster,https://cdn.orra.co.in/media/catalog/product/cache/10238651d5f95594b9023f998383bb67/o/r/org25k13_rg_3__1.jpg,Tanishq_Jewelry_Dataset_Final/images/orra/ORG25K13_1.jpg,4750.0,0.0
O_YRG25K04,Timeless Elegance Solitaire Ring,orra,8.22,18KT,Rose,Gold,175108.0,diamond,0.0,1.0,97500.0,Round,10.0,Men,Solitaire,https://cdn.orra.co.in/media/catalog/product/cache/10238651d5f95594b9023f998383bb67/y/r/yrg25k04_rg_02__1.jpg,Tanishq_Jewelry_Dataset_Final/images/orra/YRG25K04_1.jpg,22605.0,0.0
O_YRG25K06,Modern Elegance Solitaire Ring,orra,6.51,18KT,Rose,Gold,191238.0,diamond,0.0,37.0,133950.0,Round,10.0,Men,Solitaire,https://cdn.orra.co.in/media/catalog/product/cache/10238651d5f95594b9023f998383bb67/y/r/yrg25k06_rg_02__3.jpg,Tanishq_Jewelry_Dataset_Final/images/orra/YRG25K06_1.jpg,17902.5,0.0
O_YRG25K05,Structured Solitaire Diamond Ring,orra,6.9,18KT,Yellow,Gold,217825.0,diamond,0.0,79.0,158250.0,Round,11.0,Men,Solitaire,https://cdn.orra.co.in/media/catalog/product/cache/10238651d5f95594b9023f998383bb67/y/r/yrg25k05_rg_02__3.jpg,Tanishq_Jewelry_Dataset_Final/images/orra/YRG25K05_1.jpg,18975.0,0.0
O_YRG25K09,Brilliant Solitaire Diamond Ring,orra,8.8,18KT,Rose,Gold,194437.0,diamond,0.0,1.0,112500.0,Round,11.0,Men,Solitaire,https://cdn.orra.co.in/media/catalog/product/cache/10238651d5f95594b9023f998383bb67/y/r/yrg25k09_rg_02__3.jpg,Tanishq_Jewelry_Dataset_Final/images/orra/YRG25K09_1.jpg,24200.0,0.0
O_YRG25K10,Stylish Solitaire Diamond Ring,orra,6.5,18KT,Yellow,Gold,170460.0,diamond,0.0,1.0,112500.0,Round,11.0,Men,Solitaire,https://cdn.orra.co.in/media/catalog/product/cache/10238651d5f95594b9023f998383bb67/y/r/yrg25k10_g_02__3.jpg,Tanishq_Jewelry_Dataset_Final/images/orra/YRG25K10_1.jpg,17875.0,0.0
O_YRG25K07,Textured Solitaire Diamond Ring,orra,4.99,18KT,Yellow,Gold,110497.0,diamond,0.0,1.0,64350.0,Round,11.0,Men,Solitaire,https://cdn.orra.co.in/media/catalog/product/cache/10238651d5f95594b9023f998383bb67/y/r/yrg25k07_g_02__1.jpg,Tanishq_Jewelry_Dataset_Final/images/orra/YRG25K07_1.jpg,13708.75,0.0
O_BRG25K03,Shimmering Enameled Diamond Ring,orra,1.99,14KT,Rose,Gold,40115.0,diamond,0.0,50.0,29750.0,Round,6.0,Women,none,https://cdn.orra.co.in/media/catalog/product/cache/10238651d5f95594b9023f998383bb67/b/r/brg25k03_rgw_3_2_2.jpg,Tanishq_Jewelry_Dataset_Final/images/orra/BRG25K03_1.jpg,4750.0,0.0
O_BRG25K09,Playful Twist Diamond Ring,orra,2.03,14KT,Rose,Gold,44039.0,diamond,0.0,29.0,26656.0,Round,7.0,Women,none,https://www.orra.co.in/media/catalog/product/b/r/brg25k09_rgp_1_2.jpg,Tanishq_Jewelry_Dataset_Final/images/orra/BRG25K09_1.jpg,5568.75,2.089
O_BRG25K12,Stacked Turquoise Diamond Ring,orra,1.83,14KT,Rose,Gold,25249.0,diamond,0.0,9.0,12376.0,Round,7.0,Women,none,https://cdn.orra.co.in/media/catalog/product/cache/10238651d5f95594b9023f998383bb67/b/r/brg25k12_rgblue_3_2_2.jpg,Tanishq_Jewelry_Dataset_Final/images/orra/BRG25K12_1.jpg,4750.0,0.0
O_BRG25K08,Unique Turquoise Diamond Ring,orra,1.21,14KT,Rose,Gold,19930.0,diamond,0.0,10.0,10750.0,"Baggutte, Round",6.0,Women,none,https://cdn.orra.co.in/media/catalog/product/cache/10238651d5f95594b9023f998383bb67/b/r/brg25k08_rgb_3_2_1.jpg,Tanishq_Jewelry_Dataset_Final/images/orra/BRG25K08_1.jpg,4750.0,0.0
O_BRG25K10,White Enameled Diamond V-Ring,orra,0.95,14KT,Yellow,Gold,14639.0,diamond,0.0,1.0,6000.0,none,6.0,Women,none,https://cdn.orra.co.in/media/catalog/product/cache/10238651d5f95594b9023f998383bb67/b/r/brg25k10_rgw_3_2_1.jpg,Tanishq_Jewelry_Dataset_Final/images/orra/BRG25K10_1.jpg,4750.0,0.0
O_BRG25K06,Dazzled Red Diamond Ring,orra,2.75,14KT,Rose,Gold,61997.0,diamond,0.0,43.0,46900.0,"Baggutte, Round",7.0,Women,none,https://cdn.orra.co.in/media/catalog/product/cache/10238651d5f95594b9023f998383bb67/b/r/brg25k06_rgr_2_2_3.jpg,Tanishq_Jewelry_Dataset_Final/images/orra/BRG25K06_1.jpg,7557.0,0.0
O_HRG25K01,Minimal Solitaire Diamond Ring,orra,6.38,18KT,Yellow,Gold,243572.0,diamond,0.0,1.0,192500.0,Round,10.0,Men,Solitaire,https://cdn.orra.co.in/media/catalog/product/cache/10238651d5f95594b9023f998383bb67/h/r/hrg25k01_g_02__2.jpg,Tanishq_Jewelry_Dataset_Final/images/orra/HRG25K01_1.jpg,17545.0,0.0
O_HRG25K03,Brilliant Solitaire Diamond Ring,orra,6.4,18KT,Yellow,Gold,244054.0,diamond,0.0,1.0,192500.0,Round,12.0,Men,Solitaire,https://cdn.orra.co.in/media/catalog/product/cache/10238651d5f95594b9023f998383bb67/h/r/hrg25k03_g_02_2__2.jpg,Tanishq_Jewelry_Dataset_Final/images/orra/HRG25K03_1.jpg,17600.0,0.0
O_HRG25K08,Modern and Edgy Solitaire Ring,orra,7.0,18KT,Yellow,Gold,265927.0,diamond,0.0,1.0,210000.0,Round,12.0,Men,Solitaire,https://cdn.orra.co.in/media/catalog/product/cache/10238651d5f95594b9023f998383bb67/h/r/hrg25k08_g_02__2.jpg,Tanishq_Jewelry_Dataset_Final/images/orra/HRG25K08_1.jpg,19250.0,0.0
O_HRG25K07,Contemporary Solitaire Diamond Ring,orra,6.7,18KT,Rose,Gold,267409.0,diamond,0.0,1.0,214500.0,Round,11.0,Men,Solitaire,https://cdn.orra.co.in/media/catalog/product/cache/10238651d5f95594b9023f998383bb67/h/r/hrg25k07_rg_02__2.jpg,Tanishq_Jewelry_Dataset_Final/images/orra/HRG25K07_1.jpg,18416.75,0.0
O_YRG25K02,Bold Solitaire Diamond Ring,orra,5.35,18KT,Rose,Gold,130441.0,diamond,0.0,17.0,81000.0,Round,11.0,Men,Solitaire,https://cdn.orra.co.in/media/catalog/product/cache/10238651d5f95594b9023f998383bb67/y/r/yrg25k02_rg_02__1.jpg,Tanishq_Jewelry_Dataset_Final/images/orra/YRG25K02_1.jpg,14712.5,0.0
O_YRG25K03,Sharp and Stylish Solitaire Ring,orra,4.04,18KT,Yellow,Gold,108747.0,diamond,0.0,15.0,72360.0,Round,10.0,Men,Solitaire,https://cdn.orra.co.in/media/catalog/product/cache/10238651d5f95594b9023f998383bb67/y/r/yrg25k03_g_02__3.jpg,Tanishq_Jewelry_Dataset_Final/images/orra/YRG25K03_1.jpg,11112.75,0.0
O_BRG25K01,Modern Playful Diamond Ring,orra,2.93,18KT,Rose,Gold,46815.0,diamond,0.0,18.0,21420.0,Round,7.0,Women,none,https://cdn.orra.co.in/media/catalog/product/cache/10238651d5f95594b9023f998383bb67/b/r/brg25k01_rg_3_2_1.jpg,Tanishq_Jewelry_Dataset_Final/images/orra/BRG25K01_1.jpg,8068.5,0.0
O_YRG25K01,Modern Solitaire Diamond Ring,orra,6.07,18KT,White+Rose,Gold,118137.0,diamond,0.0,1.0,59400.0,Round,10.0,Men,Solitaire,https://cdn.orra.co.in/media/catalog/product/cache/10238651d5f95594b9023f998383bb67/y/r/yrg25k01_rg_02__1.jpg,Tanishq_Jewelry_Dataset_Final/images/orra/YRG25K01_1.jpg,16700.75,0.0
O_BRG25K02,Feminine Enameled Diamond Ring,orra,1.66,14KT,Rose,Gold,29620.0,diamond,0.0,23.0,19040.0,Round,6.0,Women,none,https://cdn.orra.co.in/media/catalog/product/cache/10238651d5f95594b9023f998383bb67/b/r/brg25k02_rgb_2_1.jpg,Tanishq_Jewelry_Dataset_Final/images/orra/BRG25K02_1.jpg,4750.0,0.0
O_BRG25K11,Radiant Enameled Diamond Ring,orra,1.55,14KT,Rose,Gold,32133.0,diamond,0.0,19.0,22610.0,Round,6.0,Women,none,https://cdn.orra.co.in/media/catalog/product/cache/10238651d5f95594b9023f998383bb67/b/r/brg25k11_rgw_3_2_1.jpg,Tanishq_Jewelry_Dataset_Final/images/orra/BRG25K11_1.jpg,4750.0,0.0
O_BRG25K05,Chic Enameled Diamond Ring,orra,1.24,14KT,Rose,Gold,24897.0,diamond,0.0,3.0,16660.0,Round,6.0,Women,none,https://cdn.orra.co.in/media/catalog/product/cache/10238651d5f95594b9023f998383bb67/b/r/brg25k05_rgblack_3_2_1.jpg,Tanishq_Jewelry_Dataset_Final/images/orra/BRG25K05_1.jpg,4750.0,0.0
O_BRG25K15,Shiny Heart Diamond Ring,orra,3.11,14KT,Rose,Gold,56851.0,diamond,0.0,51.0,37900.0,"Baggutte, Round",7.0,Women,Heart,https://cdn.orra.co.in/media/catalog/product/cache/10238651d5f95594b9023f998383bb67/b/r/brg25k15_rg_3_2_3.jpg,Tanishq_Jewelry_Dataset_Final/images/orra/BRG25K15_1.jpg,8558.0,0.0
O_BRG25K14,Elegant Cluster Diamond Ring,orra,3.5,14KT,Rose,Gold,56108.0,diamond,0.0,49.0,33135.0,"Baggutte, Round",7.0,Women,Cluster,https://cdn.orra.co.in/media/catalog/product/cache/10238651d5f95594b9023f998383bb67/b/r/brg25k14_rg_3_2_3.jpg,Tanishq_Jewelry_Dataset_Final/images/orra/BRG25K14_1.jpg,9622.25,0.0
O_ERG25K32,Swirl Glow Rose Gold Ring,orra,3.12,18KT,Rose,Gold,61233.0,diamond,0.0,40.0,34748.0,Round,7.0,Women,none,https://cdn.orra.co.in/media/catalog/product/cache/10238651d5f95594b9023f998383bb67/e/r/erg25k32_rg_3_2_1.jpg,Tanishq_Jewelry_Dataset_Final/images/orra/ERG25K32_1.jpg,8585.5,0.0
O_ERG25K33,Casual Bloom Rose Gold Ring,orra,1.75,18KT,Rose,Gold,37664.0,diamond,0.0,13.0,23800.0,Round,8.0,Women,none,https://cdn.orra.co.in/media/catalog/product/cache/10238651d5f95594b9023f998383bb67/e/r/erg25k33_rg_3_2_1.jpg,Tanishq_Jewelry_Dataset_Final/images/orra/ERG25K33_1.jpg,4750.0,0.0
O_ERG25K31,Classic Bloom Rose Gold Ring,orra,2.88,18KT,Rose,Gold,55320.0,diamond,0.0,37.0,31416.0,Round,7.0,Women,Classic,https://cdn.orra.co.in/media/catalog/product/cache/10238651d5f95594b9023f998383bb67/e/r/erg25k31_rg_3_2_1.jpg,Tanishq_Jewelry_Dataset_Final/images/orra/ERG25K31_1.jpg,7911.75,0.0
O_ERG25K34,Golden Petal Womens Ring,orra,2.32,18KT,Yellow,Gold,42338.0,diamond,0.0,27.0,22540.0,Round,8.0,Women,none,https://cdn.orra.co.in/media/catalog/product/cache/10238651d5f95594b9023f998383bb67/e/r/erg25k34_yg_3_2_1.jpg,Tanishq_Jewelry_Dataset_Final/images/orra/ERG25K34_1.jpg,6385.5,0.0
O_ERG25K36,Spark Classic Yellow Gold Ring,orra,1.83,18KT,Yellow,Gold,48514.0,diamond,0.0,37.0,36266.0,Round,7.0,Women,Classic,https://cdn.orra.co.in/media/catalog/product/cache/10238651d5f95594b9023f998383bb67/e/r/erg25k36_yg_3_2_1.jpg,Tanishq_Jewelry_Dataset_Final/images/orra/ERG25K36_1.jpg,4750.0,0.0
O_ERG25K37,Bliss Everyday Womens Ring,orra,1.77,18KT,Yellow,Gold,40426.0,diamond,0.0,37.0,27300.0,Round,8.0,Women,none,https://cdn.orra.co.in/media/catalog/product/cache/10238651d5f95594b9023f998383bb67/e/r/erg25k37_yg_3_2_1.jpg,Tanishq_Jewelry_Dataset_Final/images/orra/ERG25K37_1.jpg,4750.0,0.0
O_ERG25K35,Blush Vine Yellow Gold Ring,orra,2.63,18KT,Yellow,Gold,51436.0,diamond,0.0,45.0,29840.0,Round,8.0,Women,none,https://cdn.orra.co.in/media/catalog/product/cache/10238651d5f95594b9023f998383bb67/e/r/erg25k35_yg_3_2_1.jpg,Tanishq_Jewelry_Dataset_Final/images/orra/ERG25K35_1.jpg,7229.75,0.0
O_ERG25K38,Bright Daily Rose Gold Womens Ring,orra,2.85,18KT,Rose,Gold,61699.0,diamond,0.0,19.0,39492.0,Round,7.0,Women,none,https://cdn.orra.co.in/media/catalog/product/cache/10238651d5f95594b9023f998383bb67/e/r/erg25k38_rg_3_2_1.jpg,Tanishq_Jewelry_Dataset_Final/images/orra/ERG25K38_1.jpg,7848.5,0.0
O_ORG25K42,Swirl Glow Womens Ring,orra,1.68,14KT,Rose,Gold,50327.0,diamond,0.0,9.0,42525.0,Round,6.0,Women,none,https://cdn.orra.co.in/media/catalog/product/cache/10238651d5f95594b9023f998383bb67/o/r/org25k42_rg_3_2_1.jpg,Tanishq_Jewelry_Dataset_Final/images/orra/ORG25K42_1.jpg,4750.0,0.0
O_ORG25K43,Floral Frost Yellow Gold Ring,orra,2.22,14KT,Yellow,Gold,66862.0,diamond,0.0,31.0,55485.0,Round,7.0,Women,Floral,https://cdn.orra.co.in/media/catalog/product/cache/10238651d5f95594b9023f998383bb67/o/r/org25k43_rg_3_2_1.jpg,Tanishq_Jewelry_Dataset_Final/images/orra/ORG25K43_1.jpg,6105.0,0.0
O_ORG25K46,Festive Swirl Rose Gold Ring,orra,3.53,14KT,Rose,Gold,86196.0,diamond,0.0,52.0,67230.0,Round,7.0,Women,none,https://cdn.orra.co.in/media/catalog/product/cache/10238651d5f95594b9023f998383bb67/o/r/org25k46_rg_3_2_1.jpg,Tanishq_Jewelry_Dataset_Final/images/orra/ORG25K46_1.jpg,9693.75,0.0
O_ORG25K47,Swirl Rose Gold Womens Ring,orra,3.62,18KT,Rose,Gold,117270.0,diamond,0.0,54.0,96390.0,Round,7.0,Women,none,https://cdn.orra.co.in/media/catalog/product/cache/10238651d5f95594b9023f998383bb67/o/r/org25k47_rg_3_2_1.jpg,Tanishq_Jewelry_Dataset_Final/images/orra/ORG25K47_1.jpg,9966.0,0.0
O_ORG25K48,Elegant Floral Yellow Gold Ring,orra,2.09,18KT,Yellow,Gold,66395.0,diamond,0.0,37.0,53850.0,Round,7.0,Women,Floral,https://cdn.orra.co.in/media/catalog/product/cache/10238651d5f95594b9023f998383bb67/o/r/org25k48_g_3_2_1.jpg,Tanishq_Jewelry_Dataset_Final/images/orra/ORG25K48_1.jpg,5753.0,0.0
O_ORG25K49,Royal Floral Rose Gold Ring,orra,3.3,18KT,Rose,Gold,93704.0,diamond,0.0,39.0,71550.0,Round,7.0,Women,Floral,https://cdn.orra.co.in/media/catalog/product/cache/10238651d5f95594b9023f998383bb67/o/r/org25k49_rg_1_2_1.jpg,Tanishq_Jewelry_Dataset_Final/images/orra/ORG25K49_1.jpg,9086.0,0.0
O_ORG25K51,Golden Petal Womens Ring,orra,5.07,18KT,Rose,Gold,137327.0,diamond,0.0,87.0,101250.0,Round,7.0,Women,none,https://cdn.orra.co.in/media/catalog/product/cache/10238651d5f95594b9023f998383bb67/o/r/org25k51_rg_3_2_1.jpg,Tanishq_Jewelry_Dataset_Final/images/orra/ORG25K51_1.jpg,13942.5,0.0
O_ORG25K54,Classic Geometric Rose Gold Ring,orra,2.38,18KT,Rose,Gold,80390.0,diamond,0.0,68.0,65610.0,Round,7.0,Women,Classic,https://cdn.orra.co.in/media/catalog/product/cache/10238651d5f95594b9023f998383bb67/o/r/org25k54_rg_3_2_1.jpg,Tanishq_Jewelry_Dataset_Final/images/orra/ORG25K54_1.jpg,6545.0,0.0
O_ORG25K55,Floral Petal Rose Gold Ring,orra,2.3,18KT,Rose,Gold,79738.0,diamond,0.0,19.0,66690.0,Round,7.0,Women,Floral,https://cdn.orra.co.in/media/catalog/product/cache/10238651d5f95594b9023f998383bb67/o/r/org25k55_rg_3_2_1.jpg,Tanishq_Jewelry_Dataset_Final/images/orra/ORG25K55_1.jpg,6311.25,0.0
O_ORG25K58,Regal Bloom Geometric Ring,orra,2.81,18KT,Rose,Gold,94133.0,diamond,0.0,33.0,77355.0,Round,8.0,Women,Geometric,https://cdn.orra.co.in/media/catalog/product/cache/10238651d5f95594b9023f998383bb67/o/r/org25k58_rg_3_2_1.jpg,Tanishq_Jewelry_Dataset_Final/images/orra/ORG25K58_1.jpg,7713.75,0.0
O_ORG25K56,Blush Gemetric Rose Gold Ring,orra,2.81,18KT,Rose,Gold,87170.0,diamond,0.0,37.0,69255.0,Round,8.0,Women,none,https://cdn.orra.co.in/media/catalog/product/cache/10238651d5f95594b9023f998383bb67/o/r/org25k56_rg_3_2_1.jpg,Tanishq_Jewelry_Dataset_Final/images/orra/ORG25K56_1.jpg,7713.75,0.0
O_ORG25K59,Casual Partywear Womens Ring,orra,2.81,18KT,Rose,Gold,96352.0,diamond,0.0,44.0,79920.0,Round,8.0,Women,none,https://cdn.orra.co.in/media/catalog/product/cache/10238651d5f95594b9023f998383bb67/o/r/org25k59_rg_3__1.jpg,Tanishq_Jewelry_Dataset_Final/images/orra/ORG25K59_1.jpg,7713.75,0.0
O_ORG25K57,Grandeur Geometric Rose Gold Ring,orra,2.34,18KT,Rose,Gold,89106.0,diamond,0.0,36.0,76680.0,Round,8.0,Women,Geometric,https://cdn.orra.co.in/media/catalog/product/cache/10238651d5f95594b9023f998383bb67/o/r/org25k57_rg_3_2_1.jpg,Tanishq_Jewelry_Dataset_Final/images/orra/ORG25K57_1.jpg,6426.75,0.0
O_ORG25K61,Geometric Charm Rose Gold Ring,orra,2.01,14KT,Rose,Gold,57495.0,diamond,0.0,16.0,47520.0,Round,7.0,Women,Geometric,https://cdn.orra.co.in/media/catalog/product/cache/10238651d5f95594b9023f998383bb67/o/r/org25k61_rg_3__1.jpg,Tanishq_Jewelry_Dataset_Final/images/orra/ORG25K61_1.jpg,5530.25,0.0
O_ORG25K62,Floral Joy Rose Gold Ring,orra,2.48,18KT,Rose,Gold,73947.0,diamond,0.0,35.0,57240.0,Round,7.0,Women,Floral,https://cdn.orra.co.in/media/catalog/product/cache/10238651d5f95594b9023f998383bb67/o/r/org25k62_rg_3__1.jpg,Tanishq_Jewelry_Dataset_Final/images/orra/ORG25K62_1.jpg,6817.25,0.0
O_WRG12131,18KT Yellow Gold Single Stone Mens Ring,orra,5.94,18KT,Yellow,Gold,93482.0,diamond,0.0,1.0,30000.0,Round,12.0,Men,none,https://cdn.orra.co.in/media/catalog/product/cache/10238651d5f95594b9023f998383bb67/w/r/wrg12131_yg_2__3.jpg,Tanishq_Jewelry_Dataset_Final/images/orra/WRG12131_1.jpg,16335.0,0.0
O_ORG25K50,18KT Rose Gold Drop Women Ring,orra,3.11,18KT,Rose,Gold,99945.0,diamond,0.0,11.0,76250.0,Round,7.0,Women,none,https://cdn.orra.co.in/media/catalog/product/cache/10238651d5f95594b9023f998383bb67/o/r/org25k50_rg_3_2_1.jpg,Tanishq_Jewelry_Dataset_Final/images/orra/ORG25K50_1.jpg,8552.5,0.0
O_ORG25K52,18KT Rose Gold Geometric Women Ring,orra,4.56,18KT,Rose,Gold,143173.0,diamond,0.0,10.0,108500.0,Round,7.0,Women,Geometric,https://cdn.orra.co.in/media/catalog/product/cache/10238651d5f95594b9023f998383bb67/o/r/org25k52_rg_3_2.jpg,Tanishq_Jewelry_Dataset_Final/images/orra/ORG25K52_1.jpg,12551.0,0.0
O_ORG25K65,18KT Rose Gold Floral Women Ring,orra,2.96,18KT,Rose,Gold,96243.0,diamond,0.0,40.0,74750.0,Round,7.0,Women,Floral,https://cdn.orra.co.in/media/catalog/product/cache/10238651d5f95594b9023f998383bb67/o/r/org25k65_rg_3__1.jpg,Tanishq_Jewelry_Dataset_Final/images/orra/ORG25K65_1.jpg,8151.0,0.0
O_WRG19066,14KT Rose Gold Composite Womens Ring,orra,2.83,14KT,Rose,Gold,80950.0,diamond,0.0,50.0,65700.0,Round,8.0,Women,none,https://cdn.orra.co.in/media/catalog/product/cache/10238651d5f95594b9023f998383bb67/w/r/wrg19066_rg_2_2__3.jpg,Tanishq_Jewelry_Dataset_Final/images/orra/WRG19066_1.jpg,7782.5,0.0
O_ERG25K41,Solis Enchant Diamond Ring,orra,1.95,18KT,Rose,Gold,40225.0,diamond,0.0,46.0,22610.0,Round,6.0,Women,none,https://cdn.orra.co.in/media/catalog/product/cache/10238651d5f95594b9023f998383bb67/e/r/erg25k41_rg_3__1.jpg,Tanishq_Jewelry_Dataset_Final/images/orra/ERG25K41_1.jpg,4750.0,0.0
O_ERG25K42,Eternal Diamond Ring For Men,orra,4.56,18KT,Yellow,Gold,85483.0,diamond,0.0,8.0,40000.0,Round,12.0,Men,none,https://cdn.orra.co.in/media/catalog/product/cache/10238651d5f95594b9023f998383bb67/e/r/erg25k42_yg_3_2.jpg,Tanishq_Jewelry_Dataset_Final/images/orra/ERG25K42_1.jpg,12529.0,0.0
O_ERG25K44,Solis Grace Solitaire Ring,orra,0.83,14KT,Rose,Gold,16234.0,diamond,0.0,1.0,7455.0,Round,8.0,Women,Solitaire,https://cdn.orra.co.in/media/catalog/product/cache/10238651d5f95594b9023f998383bb67/e/r/erg25k44_rg_1_.jpg,Tanishq_Jewelry_Dataset_Final/images/orra/ERG25K44_1.jpg,4750.0,0.0
O_ERG25K43,Clover Whisper Diamond Ring,orra,0.81,14KT,Rose,Gold,15821.0,diamond,0.0,7.0,7245.0,Round,8.0,Women,none,https://cdn.orra.co.in/media/catalog/product/cache/10238651d5f95594b9023f998383bb67/e/r/erg25k43_rg_3_.jpg,Tanishq_Jewelry_Dataset_Final/images/orra/ERG25K43_1.jpg,4750.0,0.0
O_ERG25K46,Solis Aura Diamond Ring,orra,0.78,14KT,Rose,Gold,18621.0,diamond,0.0,4.0,10920.0,Round,8.0,Women,none,https://cdn.orra.co.in/media/catalog/product/cache/10238651d5f95594b9023f998383bb67/e/r/erg25k46_rg_3_.jpg,Tanishq_Jewelry_Dataset_Final/images/orra/ERG25K46_1.jpg,4750.0,0.0
O_ERG25K45,Solis Twirl Diamond Ring,orra,1.06,14KT,Rose,Gold,19894.0,diamond,0.0,1.0,9960.0,Round,8.0,Women,none,https://cdn.orra.co.in/media/catalog/product/cache/10238651d5f95594b9023f998383bb67/e/r/erg25k45_rg_3_.jpg,Tanishq_Jewelry_Dataset_Final/images/orra/ERG25K45_1.jpg,4750.0,0.0
O_ERG25K47,Solis Linear Grace Diamond Ring,orra,0.83,14KT,Rose,Gold,19517.0,diamond,0.0,4.0,11655.0,Round,8.0,Women,none,https://cdn.orra.co.in/media/catalog/product/cache/10238651d5f95594b9023f998383bb67/e/r/erg25k47_rg_3_.jpg,Tanishq_Jewelry_Dataset_Final/images/orra/ERG25K47_1.jpg,4750.0,0.0
O_ERG25K48,Solis Twin Arc Diamond Ring,orra,1.8,14KT,Rose,Gold,27888.0,diamond,0.0,14.0,13230.0,Round,9.0,Women,none,https://cdn.orra.co.in/media/catalog/product/cache/10238651d5f95594b9023f998383bb67/e/r/erg25k48_rg_3_.jpg,Tanishq_Jewelry_Dataset_Final/images/orra/ERG25K48_1.jpg,4750.0,0.0
O_ERG25K51,Solis Glide Diamond Ring,orra,1.03,14KT,Rose,Gold,22739.0,diamond,0.0,3.0,13755.0,Round,8.0,Women,none,https://cdn.orra.co.in/media/catalog/product/cache/10238651d5f95594b9023f998383bb67/e/r/erg25k51_rg_3_.jpg,Tanishq_Jewelry_Dataset_Final/images/orra/ERG25K51_1.jpg,4750.0,0.0
O_ERG25K52,Solis Crest Diamond Ring,orra,1.03,14KT,Rose,Gold,23210.0,diamond,0.0,13.0,14490.0,Round,8.0,Women,none,https://cdn.orra.co.in/media/catalog/product/cache/10238651d5f95594b9023f998383bb67/e/r/erg25k52_rg_3_.jpg,Tanishq_Jewelry_Dataset_Final/images/orra/ERG25K52_1.jpg,4750.0,0.0
O_ERG25K49,Solis V Radiance Diamond Ring,orra,1.31,14KT,Rose,Gold,24523.0,diamond,0.0,3.0,13440.0,Round,8.0,Women,none,https://cdn.orra.co.in/media/catalog/product/cache/10238651d5f95594b9023f998383bb67/e/r/erg25k49_rg_3_.jpg,Tanishq_Jewelry_Dataset_Final/images/orra/ERG25K49_1.jpg,4750.0,0.0
O_ERG25K55,Solis Petal Cluster Diamond Ring,orra,1.37,14KT,Rose,Gold,27097.0,diamond,0.0,13.0,16065.0,Round,8.0,Women,Cluster,https://cdn.orra.co.in/media/catalog/product/cache/10238651d5f95594b9023f998383bb67/e/r/erg25k55_rg_3_.jpg,Tanishq_Jewelry_Dataset_Final/images/orra/ERG25K55_1.jpg,4750.0,0.0
O_ERG25K58,Solis Bloom Cluster Diamond Ring,orra,1.63,14KT,Rose,Gold,34119.0,diamond,0.0,19.0,21945.0,Round,8.0,Women,Cluster,https://cdn.orra.co.in/media/catalog/product/cache/10238651d5f95594b9023f998383bb67/e/r/erg25k58_rg_3_.jpg,Tanishq_Jewelry_Dataset_Final/images/orra/ERG25K58_1.jpg,4750.0,0.0
O_ERG25K60,Lattice Gleam Diamond Ring,orra,0.92,14KT,Rose,Gold,33986.0,diamond,0.0,8.0,28560.0,Round,8.0,Women,none,https://cdn.orra.co.in/media/catalog/product/cache/10238651d5f95594b9023f998383bb67/e/r/erg25k60_rg_3_.jpg,Tanishq_Jewelry_Dataset_Final/images/orra/ERG25K60_1.jpg,4750.0,0.0
O_ERG25K59,Solis Parallel Grace Diamond Band,orra,2.45,14KT,Rose,Gold,45897.0,diamond,0.0,10.0,27608.0,Round,9.0,Women,Band,https://cdn.orra.co.in/media/catalog/product/cache/10238651d5f95594b9023f998383bb67/e/r/erg25k59_rg_3_3.jpg,Tanishq_Jewelry_Dataset_Final/images/orra/ERG25K59_1.jpg,6723.75,0.0
O_ERG25K63,Eternal Glow Rose Gold Ring,orra,0.62,14KT,Rose,Gold,19383.0,diamond,0.0,29.0,13335.0,Round,8.0,Women,none,https://cdn.orra.co.in/media/catalog/product/cache/10238651d5f95594b9023f998383bb67/e/r/erg25k63_rg_3_.jpg,Tanishq_Jewelry_Dataset_Final/images/orra/ERG25K63_1.jpg,4750.0,0.0
O_ERG25K64,Radiant Frame Rose Gold Ring,orra,0.85,14KT,Rose,Gold,21619.0,diamond,0.0,33.0,13755.0,Round,8.0,Women,none,https://cdn.orra.co.in/media/catalog/product/cache/10238651d5f95594b9023f998383bb67/e/r/erg25k64_rg_3_.jpg,Tanishq_Jewelry_Dataset_Final/images/orra/ERG25K64_1.jpg,4750.0,0.0
O_ORG25I76-D400XFB,Radiant Petal Diamond Ring,orra,2.92,18KT,Rose,Gold,93677.0,diamond,0.48,19.0,59520.0,Round,7.0,Women,none,https://www.orra.co.in/media/catalog/product/o/r/org25i76_rg_3_.jpg,Tanishq_Jewelry_Dataset_Final/images/orra/ORG25I76-D400XFB_1.jpg,10223.85,0.0
O_ORG25K75,Celestial Bloom Diamond Ring,orra,4.5,18KT,Rose,Gold,130027.0,diamond,0.0,53.0,94962.0,Round,9.0,Women,none,https://cdn.orra.co.in/media/catalog/product/cache/10238651d5f95594b9023f998383bb67/o/r/org25k75_rg_3_.jpg,Tanishq_Jewelry_Dataset_Final/images/orra/ORG25K75_1.jpg,12372.25,0.0
O_ORG25K83,Elegant Cluster Diamond Cocktail Ring,orra,5.92,18KT,Rose,Gold,158240.0,diamond,0.0,149.0,110095.0,Round,9.0,Women,Cluster,https://cdn.orra.co.in/media/catalog/product/cache/10238651d5f95594b9023f998383bb67/o/r/org25k83_rg_3_.jpg,Tanishq_Jewelry_Dataset_Final/images/orra/ORG25K83_1.jpg,16285.5,0.0
O_ORG25K82,Grand Leaf Diamond Cocktail Ring,orra,7.4,18KT,Rose,Gold,194658.0,diamond,0.0,149.0,135880.0,Round,9.0,Women,Cocktail,https://cdn.orra.co.in/media/catalog/product/cache/10238651d5f95594b9023f998383bb67/o/r/org25k82_rg_3_.jpg,Tanishq_Jewelry_Dataset_Final/images/orra/ORG25K82_1.jpg,20347.25,0.0
O_ORG25I76,Radiant Petal Diamond Ring,orra,3.35,18KT,Rose,Gold,87409.0,diamond,0.0,19.0,59262.0,Round,8.0,Women,none,https://cdn.orra.co.in/media/catalog/product/cache/10238651d5f95594b9023f998383bb67/o/r/org25i76_rg_3_.jpg,Tanishq_Jewelry_Dataset_Final/images/orra/ORG25I76_1.jpg,9209.75,0.0
O_ORG25K84,Elysian Radiance Diamond Ring,orra,6.37,18KT,Rose,Gold,188941.0,diamond,0.0,305.0,139750.0,"Round, Baguette",9.0,Women,none,https://cdn.orra.co.in/media/catalog/product/cache/10238651d5f95594b9023f998383bb67/o/r/org25k84_rg_3__1.jpg,Tanishq_Jewelry_Dataset_Final/images/orra/ORG25K84_1.jpg,17517.5,0.0
O_ORG25K85,Radiant Geometric Diamond Cocktail Ring,orra,5.84,18KT,Rose,Gold,170443.0,diamond,0.0,147.0,128400.0,"Round, Baguette",9.0,Women,Cocktail,https://cdn.orra.co.in/media/catalog/product/cache/10238651d5f95594b9023f998383bb67/o/r/org25k85_rg_3_.jpg,Tanishq_Jewelry_Dataset_Final/images/orra/ORG25K85_1.jpg,16054.5,0.0
O_ORG25K98,Radiant Bloom Diamond Ring,orra,3.0,18KT,Rose,Gold,54628.0,diamond,0.0,33.0,24990.0,Round,9.0,Women,none,https://cdn.orra.co.in/media/catalog/product/cache/10238651d5f95594b9023f998383bb67/o/r/org25k98_rg_3_.jpg,Tanishq_Jewelry_Dataset_Final/images/orra/ORG25K98_1.jpg,8244.5,0.0
O_ORG25L02,Floral Aura Diamond Ring,orra,2.38,18KT,Rose,Gold,53507.0,diamond,0.0,43.0,32130.0,Round,9.0,Women,Floral,https://cdn.orra.co.in/media/catalog/product/cache/10238651d5f95594b9023f998383bb67/o/r/org25l02_rg_3__1.jpg,Tanishq_Jewelry_Dataset_Final/images/orra/ORG25L02_1.jpg,6536.75,0.0
O_ORG25K99,Solis Aria Diamond Ring,orra,2.39,18KT,Rose,Gold,51715.0,diamond,0.0,42.0,29750.0,Round,9.0,Women,none,https://cdn.orra.co.in/media/catalog/product/cache/10238651d5f95594b9023f998383bb67/o/r/org25k99_rg_3_.jpg,Tanishq_Jewelry_Dataset_Final/images/orra/ORG25K99_1.jpg,6575.25,0.0
O_ORG25L03,Radiant Aura Diamond Ring,orra,2.62,18KT,Yellow,Gold,60269.0,diamond,0.0,40.0,36771.0,Round,9.0,Women,none,https://cdn.orra.co.in/media/catalog/product/cache/10238651d5f95594b9023f998383bb67/o/r/org25l03_yg_3_.jpg,Tanishq_Jewelry_Dataset_Final/images/orra/ORG25L03_1.jpg,7213.25,0.0
O_ORG25L05,Halo Glow Diamond Ring,orra,3.59,18KT,Rose,Gold,73562.0,diamond,0.0,48.0,39389.0,Round,8.0,Women,Halo,https://cdn.orra.co.in/media/catalog/product/cache/10238651d5f95594b9023f998383bb67/o/r/org25l05_rg_3_.jpg,Tanishq_Jewelry_Dataset_Final/images/orra/ORG25L05_1.jpg,9875.25,0.0
O_ORG25L04,Ethereal Radiance Diamond Ring,orra,3.15,18KT,Rose,Gold,69241.0,diamond,0.0,59.0,38913.0,Round,9.0,Women,none,https://cdn.orra.co.in/media/catalog/product/cache/10238651d5f95594b9023f998383bb67/o/r/org25l04_rg_3_.jpg,Tanishq_Jewelry_Dataset_Final/images/orra/ORG25L04_1.jpg,8657.0,0.0
O_ORG25L06,Whispering Wave Diamond Ring,orra,2.59,18KT,Rose,Gold,62754.0,diamond,0.0,38.0,40460.0,Round,9.0,Women,none,https://cdn.orra.co.in/media/catalog/product/cache/10238651d5f95594b9023f998383bb67/o/r/org25l06_rg_3_.jpg,Tanishq_Jewelry_Dataset_Final/images/orra/ORG25L06_1.jpg,7130.75,0.0
O_ORG25L10,Twirling Petal Diamond Ring,orra,2.38,18KT,Rose,Gold,62680.0,diamond,0.0,62.0,45220.0,Round,9.0,Women,none,https://cdn.orra.co.in/media/catalog/product/cache/10238651d5f95594b9023f998383bb67/o/r/org25l10_rg_3_.jpg,Tanishq_Jewelry_Dataset_Final/images/orra/ORG25L10_1.jpg,6531.25,0.0
O_ORG25L15,Nine Stone Yellow Gold Ring For Men,orra,3.13,18KT,Yellow,Gold,75145.0,diamond,0.0,9.0,47385.0,Round,12.0,Men,none,https://cdn.orra.co.in/media/catalog/product/cache/10238651d5f95594b9023f998383bb67/o/r/org25l15_yg_3__2.jpg,Tanishq_Jewelry_Dataset_Final/images/orra/ORG25L15_1.jpg,8607.5,0.0
O_ORG25L14,Nine Stone Rose Gold Ring For Men,orra,3.14,18KT,Yellow,Gold,75233.0,diamond,0.0,9.0,47385.0,Round,12.0,Men,none,https://cdn.orra.co.in/media/catalog/product/cache/10238651d5f95594b9023f998383bb67/o/r/org25l14_yg_3_.jpg,Tanishq_Jewelry_Dataset_Final/images/orra/ORG25L14_1.jpg,8635.0,0.0
O_ORG25L16,Enchanting Yellow Gold Diamond Ring For Men,orra,2.34,18KT,Yellow,Gold,74759.0,diamond,0.0,12.0,56700.0,Round,12.0,Men,none,https://cdn.orra.co.in/media/catalog/product/cache/10238651d5f95594b9023f998383bb67/o/r/org25l16_yg_3_.jpg,Tanishq_Jewelry_Dataset_Final/images/orra/ORG25L16_1.jpg,6429.5,0.0
O_ORG25L17,Enchanting Rose Gold Diamond Ring For Men,orra,2.99,18KT,Yellow,Gold,81831.0,diamond,0.0,12.0,56700.0,Round,12.0,Men,none,https://cdn.orra.co.in/media/catalog/product/cache/10238651d5f95594b9023f998383bb67/o/r/org25l17_yg_3_.jpg,Tanishq_Jewelry_Dataset_Final/images/orra/ORG25L17_1.jpg,8222.5,0.0
O_ORG25L18,Majestic Diamond Ring For Men,orra,3.03,18KT,Yellow,Gold,93065.0,diamond,0.0,20.0,70200.0,Round,13.0,Men,none,https://cdn.orra.co.in/media/catalog/product/cache/10238651d5f95594b9023f998383bb67/o/r/org25l18_yg_3_.jpg,Tanishq_Jewelry_Dataset_Final/images/orra/ORG25L18_1.jpg,8327.0,0.0
O_ORG25L20,Imperial Glow Diamond Ring For Men,orra,5.24,18KT,Yellow,Gold,101816.0,diamond,0.0,58.0,50490.0,Round,12.0,Men,none,https://cdn.orra.co.in/media/catalog/product/cache/10238651d5f95594b9023f998383bb67/o/r/org25l20_yg_3_.jpg,Tanishq_Jewelry_Dataset_Final/images/orra/ORG25L20_1.jpg,14396.25,0.0
O_ORG25L19,Regal Geometry Rose Gold Ring For Men,orra,5.14,18KT,Rose,Gold,100254.0,diamond,0.0,16.0,51520.0,Round,13.0,Men,none,https://cdn.orra.co.in/media/catalog/product/cache/10238651d5f95594b9023f998383bb67/o/r/org25l19_rg_3_.jpg,Tanishq_Jewelry_Dataset_Final/images/orra/ORG25L19_1.jpg,14124.0,0.0
O_ORG25L21,Lumina Rose Gold Ring For Men,orra,6.8,18KT,Rose,Gold,126901.0,diamond,0.0,16.0,60480.0,Round,12.0,Men,none,https://cdn.orra.co.in/media/catalog/product/cache/10238651d5f95594b9023f998383bb67/o/r/org25l21_rg_3_.jpg,Tanishq_Jewelry_Dataset_Final/images/orra/ORG25L21_1.jpg,18711.0,0.0
O_ORG25L23,Celestial Grace Diamond Ring,orra,2.29,18KT,Rose,Gold,52000.0,diamond,0.0,31.0,31773.0,Round,9.0,Women,none,https://cdn.orra.co.in/media/catalog/product/cache/10238651d5f95594b9023f998383bb67/o/r/org25l23_rg_3_2.jpg,Tanishq_Jewelry_Dataset_Final/images/orra/ORG25L23_1.jpg,6297.5,0.0
O_ORG25L27,Floral Cluster Diamond Ring,orra,2.47,18KT,Rose,Gold,65255.0,diamond,0.0,19.0,44625.0,Round,9.0,Women,Cluster,https://cdn.orra.co.in/media/catalog/product/cache/10238651d5f95594b9023f998383bb67/o/r/org25l27_rg_3_.jpg,Tanishq_Jewelry_Dataset_Final/images/orra/ORG25L27_1.jpg,6787.0,0.0
O_ORG25L25,Trine Glow Diamond Ring,orra,2.43,14KT,Rose,Gold,39755.0,diamond,0.0,3.0,20661.0,Round,9.0,Women,none,https://cdn.orra.co.in/media/catalog/product/cache/10238651d5f95594b9023f998383bb67/o/r/org25l25_rg_3_.jpg,Tanishq_Jewelry_Dataset_Final/images/orra/ORG25L25_1.jpg,6685.25,0.0
O_ORG25L29,Radiant Leaf Mirage Diamond Ring,orra,7.09,18KT,Rose,Gold,194762.0,diamond,0.0,115.0,141330.0,"Round, Marquise, Baguette",9.0,Women,none,https://cdn.orra.co.in/media/catalog/product/cache/10238651d5f95594b9023f998383bb67/o/r/org25l29_rg_3_2_.jpg,Tanishq_Jewelry_Dataset_Final/images/orra/ORG25L29_1.jpg,19494.75,0.0
O_ORG25L26,Enchanted Swirl Diamond Ring,orra,2.46,18KT,Rose,Gold,54104.0,diamond,0.0,39.0,31892.0,Round,9.0,Women,none,https://cdn.orra.co.in/media/catalog/product/cache/10238651d5f95594b9023f998383bb67/o/r/org25l26_rg_3_.jpg,Tanishq_Jewelry_Dataset_Final/images/orra/ORG25L26_1.jpg,6759.5,0.0
O_ORG25L28,Grand Floral Bloom Diamond Ring,orra,6.3,18KT,Rose,Gold,190410.0,diamond,0.0,151.0,143295.0,Round,9.0,Women,Floral,https://cdn.orra.co.in/media/catalog/product/cache/10238651d5f95594b9023f998383bb67/o/r/org25l28_rg_2_3_.jpg,Tanishq_Jewelry_Dataset_Final/images/orra/ORG25L28_1.jpg,17322.25,0.0
O_ORG25L29-D300XJB,Radiant Leaf Mirage Diamond Ring,orra,6.81,18KT,Rose,Gold,238275.0,diamond,1.12,115.0,162885.0,"Round, Marquise, Baguette",9.0,Women,none,https://www.orra.co.in/media/catalog/product/o/r/org25l29_rg_3_2__1_1.jpg,Tanishq_Jewelry_Dataset_Final/images/orra/ORG25L29-D300XJB_1.jpg,23836.05,0.0
O_ORG25L30,Celestial Spiral Diamond Ring,orra,9.28,18KT,Rose,Gold,282184.0,diamond,0.0,189.0,214605.0,Round,9.0,Women,none,https://cdn.orra.co.in/media/catalog/product/cache/10238651d5f95594b9023f998383bb67/o/r/org25l30_rg_3_.jpg,Tanishq_Jewelry_Dataset_Final/images/orra/ORG25L30_1.jpg,25520.0,0.0
O_ORG25L33,Twirling Cluster Diamond Ring,orra,1.35,14KT,Rose,Gold,27765.0,diamond,0.0,19.0,17136.0,Round,8.0,Women,Cluster,https://cdn.orra.co.in/media/catalog/product/cache/10238651d5f95594b9023f998383bb67/o/r/org25l33_rg_3_.jpg,Tanishq_Jewelry_Dataset_Final/images/orra/ORG25L33_1.jpg,4750.0,0.0
O_ORG25L35,Eternal Spark Rose Gold Band,orra,2.54,18KT,Rose,Gold,82839.0,diamond,0.0,49.0,65450.0,Round,9.0,Women,Band,https://cdn.orra.co.in/media/catalog/product/cache/10238651d5f95594b9023f998383bb67/o/r/org25l35_rg_3_.jpg,Tanishq_Jewelry_Dataset_Final/images/orra/ORG25L35_1.jpg,6971.25,0.0
O_ORG25L34,Interlaced Radiance Diamond Ring,orra,1.97,14KT,Rose,Gold,34714.0,diamond,0.0,39.0,21063.0,Round,9.0,Women,none,https://cdn.orra.co.in/media/catalog/product/cache/10238651d5f95594b9023f998383bb67/o/r/org25l34_rg_3_.jpg,Tanishq_Jewelry_Dataset_Final/images/orra/ORG25L34_1.jpg,4750.0,0.0
O_ORG25L37,Celestial Grace Rose Gold Ring,orra,3.17,18KT,Rose,Gold,61964.0,diamond,0.0,68.0,30940.0,Round,9.0,Women,none,https://cdn.orra.co.in/media/catalog/product/cache/10238651d5f95594b9023f998383bb67/o/r/org25l37_rg_3_.jpg,Tanishq_Jewelry_Dataset_Final/images/orra/ORG25L37_1.jpg,8712.0,0.0
O_ORG25L32,Radiant Sunburst Diamond Ring,orra,6.52,18KT,Rose,Gold,176362.0,diamond,0.0,115.0,124585.0,Round,9.0,Women,none,https://cdn.orra.co.in/media/catalog/product/cache/10238651d5f95594b9023f998383bb67/o/r/org25l32_rg_3_.jpg,Tanishq_Jewelry_Dataset_Final/images/orra/ORG25L32_1.jpg,17935.5,0.0
O_ORG25L44,Petal Whisper Rose Gold Ring,orra,1.35,14KT,Rose,Gold,38035.0,diamond,0.0,19.0,29750.0,Round,9.0,Women,none,https://cdn.orra.co.in/media/catalog/product/cache/10238651d5f95594b9023f998383bb67/o/r/org25l44_rg_3_.jpg,Tanishq_Jewelry_Dataset_Final/images/orra/ORG25L44_1.jpg,4750.0,0.0
O_ORG25L45,Golden Bloom Vanki Ring,orra,2.62,18KT,Yellow,Gold,54482.0,diamond,0.0,19.0,29750.0,Round,9.0,Women,none,https://cdn.orra.co.in/media/catalog/product/cache/10238651d5f95594b9023f998383bb67/o/r/org25l45_yg_3_.jpg,Tanishq_Jewelry_Dataset_Final/images/orra/ORG25L45_1.jpg,7205.0,0.0
O_ORG25L43,Blooming Radiance Gold Ring,orra,1.54,14KT,Yellow,Gold,32367.0,diamond,0.0,15.0,21000.0,Round,9.0,Women,none,https://cdn.orra.co.in/media/catalog/product/cache/10238651d5f95594b9023f998383bb67/o/r/org25l43_yg_3_.jpg,Tanishq_Jewelry_Dataset_Final/images/orra/ORG25L43_1.jpg,4750.0,0.0
O_ORG25E27,Eclat Oval Diamond Ring,orra,4.26,18KT,Rose,Gold,91250.0,diamond,0.0,54.0,51408.0,Round,9.0,Women,none,https://cdn.orra.co.in/media/catalog/product/cache/10238651d5f95594b9023f998383bb67/o/r/org25e27_rg_3_.jpg,Tanishq_Jewelry_Dataset_Final/images/orra/ORG25E27_1.jpg,11726.0,0.0
O_ERG25E09,Eternal Glow Diamond Ring,orra,3.58,18KT,Yellow,Gold,73810.0,diamond,0.0,21.0,38750.0,Round,8.0,Women,none,https://cdn.orra.co.in/media/catalog/product/cache/10238651d5f95594b9023f998383bb67/e/r/erg25e09_yg_3_.jpg,Tanishq_Jewelry_Dataset_Final/images/orra/ERG25E09_1.jpg,9839.5,0.0
O_ORG25K77,Radiant Oval Diamond Cocktail Ring,orra,8.37,18KT,Rose,Gold,240785.0,diamond,0.0,115.0,176505.0,Round,9.0,Women,Cocktail,https://cdn.orra.co.in/media/catalog/product/cache/10238651d5f95594b9023f998383bb67/o/r/org25k77_rg_3_3.jpg,Tanishq_Jewelry_Dataset_Final/images/orra/ORG25K77_1.jpg,23006.5,0.0
O_ORG25K78,Dazzling Multi Row Diamond Cocktail Ring,orra,6.62,18KT,Yellow,Gold,196879.0,diamond,0.0,115.0,147135.0,Round,9.0,Women,Cocktail,https://cdn.orra.co.in/media/catalog/product/cache/10238651d5f95594b9023f998383bb67/o/r/org25k78_g_3_3.jpg,Tanishq_Jewelry_Dataset_Final/images/orra/ORG25K78_1.jpg,18205.0,0.0
O_ORG25K79,Bold Checkered Diamond Cocktail Ring,orra,6.83,18KT,Yellow,Gold,215656.0,diamond,0.0,83.0,167430.0,Round,9.0,Women,Cocktail,https://cdn.orra.co.in/media/catalog/product/cache/10238651d5f95594b9023f998383bb67/o/r/org25k79_g_3_3.jpg,Tanishq_Jewelry_Dataset_Final/images/orra/ORG25K79_1.jpg,18788.0,0.0
O_ORG25K81,Lattice Diamond Cocktail Ring,orra,7.77,18KT,Rose,Gold,274937.0,diamond,0.0,103.0,229845.0,Round,9.0,Women,Cocktail,https://cdn.orra.co.in/media/catalog/product/cache/10238651d5f95594b9023f998383bb67/o/r/org25k81_rg_3_3.jpg,Tanishq_Jewelry_Dataset_Final/images/orra/ORG25K81_1.jpg,21367.5,0.0
O_OER25ID8-D400X0B,Aurora Dual Band Diamond Hoops,orra,3.61,18KT,Rose,Gold,115505.0,diamond,0.59,58.0,73160.0,Round,3.0,Women,Band,https://www.orra.co.in/media/catalog/product/o/e/oer25id8_rg_3_.jpg,Tanishq_Jewelry_Dataset_Final/images/orra/OER25ID8-D400X0B_1.jpg,12649.35,0.0
O_ORG25L49,Sparkling Diamond Ring,orra,3.91,18KT,Rose,Gold,130766.0,diamond,0.0,5.0,102900.0,Round,9.0,Women,none,https://cdn.orra.co.in/media/catalog/product/cache/10238651d5f95594b9023f998383bb67/o/r/org25l49_rg_3_3.jpg,Tanishq_Jewelry_Dataset_Final/images/orra/ORG25L49_1.jpg,10749.75,0.0
O_ORG25L51-D600XJB,Starry Diamond Ring,orra,2.12,18KT,Rose,Gold,120363.0,diamond,0.76,7.0,106820.0,Round,9.0,Women,none,https://www.orra.co.in/media/catalog/product/o/r/org25l51_rg_3_1.jpg,Tanishq_Jewelry_Dataset_Final/images/orra/ORG25L51-D600XJB_1.jpg,7408.8,0.0
O_ORG25L51,Starry Diamond Ring,orra,3.3,18KT,Rose,Gold,128722.0,diamond,0.0,7.0,106820.0,Round,9.0,Women,none,https://cdn.orra.co.in/media/catalog/product/cache/10238651d5f95594b9023f998383bb67/o/r/org25l51_rg_3_3.jpg,Tanishq_Jewelry_Dataset_Final/images/orra/ORG25L51_1.jpg,9086.0,0.0
O_ORG25L62,Charming Diamond Ring,orra,1.97,18KT,Rose,Gold,49174.0,diamond,0.0,7.0,31250.0,Round,9.0,Women,none,https://cdn.orra.co.in/media/catalog/product/cache/10238651d5f95594b9023f998383bb67/o/r/org25l62_rg_3_3.jpg,Tanishq_Jewelry_Dataset_Final/images/orra/ORG25L62_1.jpg,4750.0,0.0
O_ORG25L61,Delicate Flower Diamond Ring,orra,1.94,18KT,Rose,Gold,37588.0,diamond,0.0,7.0,17500.0,Round,9.0,Women,none,https://cdn.orra.co.in/media/catalog/product/cache/10238651d5f95594b9023f998383bb67/o/r/org25l61_g_3_3.jpg,Tanishq_Jewelry_Dataset_Final/images/orra/ORG25L61_1.jpg,4750.0,0.0
O_PRG25K06,Stary Constellation Diamond Ring,orra,13.33,950PT,White,Platinum,151005.0,diamond,0.0,36.0,0.0,Round,13.0,Men,none,https://cdn.orra.co.in/media/catalog/product/cache/10238651d5f95594b9023f998383bb67/p/r/prg25k06_p_3_3.jpg,Tanishq_Jewelry_Dataset_Final/images/orra/PRG25K06_1.jpg,33322.5,0.0
O_PRG25K07,Timeless Sparkle Diamond Ring,orra,11.34,950PT,White,Platinum,119207.0,diamond,0.0,9.0,0.0,Round,12.0,Men,none,https://cdn.orra.co.in/media/catalog/product/cache/10238651d5f95594b9023f998383bb67/p/r/prg25k07_p_3_3.jpg,Tanishq_Jewelry_Dataset_Final/images/orra/PRG25K07_1.jpg,28345.0,0.0
O_PRG25K08,Everyday Radiance Diamond Ring,orra,16.96,950PT,White,Platinum,188647.0,diamond,0.0,34.0,0.0,Round,13.0,Men,none,https://cdn.orra.co.in/media/catalog/product/cache/10238651d5f95594b9023f998383bb67/p/r/prg25k08_p_3_2.jpg,Tanishq_Jewelry_Dataset_Final/images/orra/PRG25K08_1.jpg,42387.5,0.0
O_PRG25K09,Diamond Sparkle Ring,orra,13.67,950PT,White,Platinum,146907.0,diamond,0.0,35.0,0.0,Round,12.0,Men,none,https://cdn.orra.co.in/media/catalog/product/cache/10238651d5f95594b9023f998383bb67/p/r/prg25k09_p_3_3.jpg,Tanishq_Jewelry_Dataset_Final/images/orra/PRG25K09_1.jpg,34180.0,0.0
O_PRG25K10,Artistic Diamond Ring,orra,9.6,950PT,White,Platinum,85875.0,diamond,0.0,9.0,0.0,Round,13.0,Men,none,https://cdn.orra.co.in/media/catalog/product/cache/10238651d5f95594b9023f998383bb67/p/r/prg25k10_p_3_3.jpg,Tanishq_Jewelry_Dataset_Final/images/orra/PRG25K10_1.jpg,24010.0,0.0
O_PRG25K14,Centre Bloom Diamond Ring,orra,0.88,18KT,White+Rose,Gold,56448.0,diamond,0.0,7.0,18900.0,Round,9.0,Women,none,https://cdn.orra.co.in/media/catalog/product/cache/10238651d5f95594b9023f998383bb67/p/r/prg25k14_p_3_3.jpg,Tanishq_Jewelry_Dataset_Final/images/orra/PRG25K14_1.jpg,11780.0,0.0
O_PRG25K13,Luminous Diamond Ring,orra,11.5,950PT,White,Platinum,118469.0,diamond,0.0,24.0,0.0,Round,13.0,Men,none,https://cdn.orra.co.in/media/catalog/product/cache/10238651d5f95594b9023f998383bb67/p/r/prg25k13_p_3_3.jpg,Tanishq_Jewelry_Dataset_Final/images/orra/PRG25K13_1.jpg,28755.0,0.0
O_PRG25K11,Beautiful Platinum Diamond Ring,orra,10.4,950PT,White,Platinum,108239.0,diamond,0.0,6.0,0.0,Round,12.0,Men,none,https://cdn.orra.co.in/media/catalog/product/cache/10238651d5f95594b9023f998383bb67/p/r/prg25k11_p_3_3.jpg,Tanishq_Jewelry_Dataset_Final/images/orra/PRG25K11_1.jpg,26010.0,0.0
O_PRG25K12,Timeless Class Diamond Ring,orra,9.1,950PT,White,Platinum,83248.0,diamond,0.0,1.0,0.0,Round,13.0,Men,none,https://cdn.orra.co.in/media/catalog/product/cache/10238651d5f95594b9023f998383bb67/p/r/prg25k12_p_3_2.jpg,Tanishq_Jewelry_Dataset_Final/images/orra/PRG25K12_1.jpg,22745.0,0.0
O_PRG25K15,Soliatire Classic Ring,orra,6.02,950PT,White,Platinum,61834.0,diamond,0.0,1.0,0.0,Round,9.0,Women,Classic,https://cdn.orra.co.in/media/catalog/product/cache/10238651d5f95594b9023f998383bb67/p/r/prg25k15_p_3_2.jpg,Tanishq_Jewelry_Dataset_Final/images/orra/PRG25K15_1.jpg,15050.0,0.0
O_PRG25K17,Brilliance Platinum Diamond Ring,orra,4.25,950PT,White,Platinum,63689.0,diamond,0.0,17.0,0.0,Round,8.0,Women,none,https://cdn.orra.co.in/media/catalog/product/cache/10238651d5f95594b9023f998383bb67/p/r/prg25k17_p_3_3.jpg,Tanishq_Jewelry_Dataset_Final/images/orra/PRG25K17_1.jpg,10625.0,0.0
O_PRG25K18,Romance Locked Diamond Ring,orra,0.93,18KT,White+Rose,Gold,59740.0,diamond,0.0,1.0,15000.0,Round,9.0,Women,none,https://cdn.orra.co.in/media/catalog/product/cache/10238651d5f95594b9023f998383bb67/p/r/prg25k18_p_3_2_1.jpg,Tanishq_Jewelry_Dataset_Final/images/orra/PRG25K18_1.jpg,13700.0,0.0
O_PRG25K16,Timeless Love Diamond Ring,orra,3.3,950PT,White,Platinum,55248.0,diamond,0.0,28.0,0.0,Round,8.0,Women,none,https://cdn.orra.co.in/media/catalog/product/cache/10238651d5f95594b9023f998383bb67/p/r/prg25k16_p_3_2.jpg,Tanishq_Jewelry_Dataset_Final/images/orra/PRG25K16_1.jpg,8250.0,0.0
O_PRG25M05,Diamond Floral Cluster Ring,orra,4.58,950PT,White,Platinum,58632.0,diamond,0.0,7.0,0.0,Round,9.0,Women,Cluster,https://cdn.orra.co.in/media/catalog/product/cache/10238651d5f95594b9023f998383bb67/p/r/prg25m05_p_3_2.jpg,Tanishq_Jewelry_Dataset_Final/images/orra/PRG25M05_1.jpg,11450.0,0.0
O_PRG25M04,Minimal Platinum Ring,orra,8.5,950PT,White,Platinum,68748.0,none,0.0,0.0,0.0,none,12.0,Men,Minimal,https://cdn.orra.co.in/media/catalog/product/cache/10238651d5f95594b9023f998383bb67/p/r/prg25m04_p_3_6_1.jpg,Tanishq_Jewelry_Dataset_Final/images/orra/PRG25M04_1.jpg,21250.0,0.0
O_PRG25K20,Glitter & Glow Diamond Ring,orra,3.95,950PT,White,Platinum,50808.0,diamond,0.0,1.0,0.0,Round,8.0,Women,none,https://cdn.orra.co.in/media/catalog/product/cache/10238651d5f95594b9023f998383bb67/p/r/prg25k20_p_3_2.jpg,Tanishq_Jewelry_Dataset_Final/images/orra/PRG25K20_1.jpg,9870.0,0.0
O_PRG25M03,Radiant Halo Diamond Ring,orra,3.42,950PT,White,Platinum,55096.0,diamond,0.0,13.0,0.0,Round,8.0,Women,Halo,https://cdn.orra.co.in/media/catalog/product/cache/10238651d5f95594b9023f998383bb67/p/r/prg25m03_p_3_3.jpg,Tanishq_Jewelry_Dataset_Final/images/orra/PRG25M03_1.jpg,8557.5,0.0
O_PRG25M06,Diamond Classic Style Ring,orra,9.21,950PT,White,Platinum,91914.0,diamond,0.0,7.0,0.0,Round,13.0,Men,Classic,https://cdn.orra.co.in/media/catalog/product/cache/10238651d5f95594b9023f998383bb67/p/r/prg25m08_rg_3_3.jpg,Tanishq_Jewelry_Dataset_Final/images/orra/PRG25M06_1.jpg,23015.0,0.0
O_YRG25K40,Sleek Platinum Diamond Ring,orra,11.97,950PT,White,Platinum,130996.0,diamond,0.0,1.0,0.0,Round,12.0,Men,none,https://cdn.orra.co.in/media/catalog/product/cache/10238651d5f95594b9023f998383bb67/y/r/yrg25k40_p_3_3.jpg,Tanishq_Jewelry_Dataset_Final/images/orra/YRG25K40_1.jpg,29920.0,0.0
O_PRG25M08,Dual Sleek Diamond Ring,orra,5.0,18KT,White+Rose,Gold,96060.0,diamond,0.0,4.0,5940.0,Round,12.0,Men,none,https://cdn.orra.co.in/media/catalog/product/cache/10238651d5f95594b9023f998383bb67/p/r/prg25m08_rg_3_7.jpg,Tanishq_Jewelry_Dataset_Final/images/orra/PRG25M08_1.jpg,22452.5,0.0
O_YRG25K39,Modern Craft Diamond Ring,orra,9.54,950PT,White,Platinum,174570.0,diamond,0.0,1.0,0.0,Round,13.0,Men,none,https://cdn.orra.co.in/media/catalog/product/cache/10238651d5f95594b9023f998383bb67/y/r/yrg25k39_p_3_3.jpg,Tanishq_Jewelry_Dataset_Final/images/orra/YRG25K39_1.jpg,23860.0,0.0
O_YRG25K41,Elegance Radiant Diamond Ring,orra,6.91,950PT,White,Platinum,130120.0,diamond,0.0,18.0,0.0,Round,9.0,Women,none,https://cdn.orra.co.in/media/catalog/product/cache/10238651d5f95594b9023f998383bb67/y/r/yrg25k41_p_3_3.jpg,Tanishq_Jewelry_Dataset_Final/images/orra/YRG25K41_1.jpg,17262.5,0.0
O_YRG25K44,Dual Dream Diamond Ring,orra,0.63,18KT,White+Rose,Gold,81860.0,diamond,0.0,1.0,59400.0,Round,8.0,Women,none,https://cdn.orra.co.in/media/catalog/product/cache/10238651d5f95594b9023f998383bb67/y/r/yrg25k44_rg_3_3.jpg,Tanishq_Jewelry_Dataset_Final/images/orra/YRG25K44_1.jpg,7410.0,0.0
O_ORG25L47,Modern Classic Diamond Ring,orra,3.37,18KT,Rose,Gold,68143.0,diamond,0.0,5.0,32500.0,Round,9.0,Women,Classic,https://cdn.orra.co.in/media/catalog/product/cache/10238651d5f95594b9023f998383bb67/o/r/org25l47_rg_3_3.jpg,Tanishq_Jewelry_Dataset_Final/images/orra/ORG25L47_1.jpg,9267.5,0.0
O_YRG25K45,Platinum Bezel Diamond Ring,orra,7.65,950PT,White,Platinum,150223.0,diamond,0.0,1.0,0.0,Round,13.0,Men,Bezel,https://cdn.orra.co.in/media/catalog/product/cache/10238651d5f95594b9023f998383bb67/y/r/yrg25k45_p_3_3.jpg,Tanishq_Jewelry_Dataset_Final/images/orra/YRG25K45_1.jpg,19125.0,0.0
